product_id,product_name,피부타입,formula_group,skin_건성,skin_민감성,skin_복합성,skin_약건성,skin_중성,skin_지성,skin_트러블성,v3_count_humectant,v3_count_emollient,v3_count_occlusive,v3_count_barrier,v3_count_soothing,v3_count_active,v3_count_fragrance,v3_count_acid_exfoliant,v3_count_silicone,v3_count_peptide,v3_count_botanical_extract,v3_count_oil_butter,v4_sensory_count_light_ester,v4_sensory_count_volatile_silicone,v4_sensory_count_nonvolatile_silicone,v4_sensory_count_hydrocarbon_occlusive,v4_sensory_count_fatty_alcohol,v4_sensory_count_plant_oil,v4_sensory_count_wax_butter,v4_sensory_count_essential_oil,v4_has_niacinamide,v4_niacinamide_top10,v4_niacinamide_prominence,v4_has_panthenol,v4_panthenol_top10,v4_panthenol_prominence,v4_has_ceramide,v4_ceramide_prominence,v4_has_salicylic,v4_salicylic_prominence,v4_has_cholesterol,v4_has_fatty_acid,v4_acid_exact_count,v4_rule_dry_hydration_completeness,v4_rule_dry_barrier_lipid_completeness,v4_rule_sensitive_recovery_system,v4_rule_sensitive_fragrance_load,v4_rule_sensitive_acid_load,v4_rule_sensitive_essential_oil_load,v4_rule_oily_niacinamide_prominence,v4_rule_oily_heavy_load,v4_rule_oily_light_system,v4_rule_trouble_niacinamide_ceramide,v4_rule_trouble_salicylic_barrier,v4_rule_acid_without_barrier_compensation,v4_evidence_support_score,v4_evidence_caution_score,v4_evidence_conflict_score
A000000002848,바이오더마 세비엄 포어 리파이너,건성,f5f6b9ab23517e277ec36cdb5c3aeb67,1,0,0,0,0,0,0,8,1,6,0,0,1,1,1,6,0,3,1,0.0,2.0,3.0,1.0,0.0,1.0,0.0,0.0,0,0,0.0,0,0,0.0,0,0.0,1,0.4375,0,0,1,0.7033183981604875,0.0,0.0,0.0,0.0,0.0,0.0,0.0,0.0,0.0,0.0,0.0,0.7033183981604875,0.0,0.0
A000000002848,바이오더마 세비엄 포어 리파이너,약건성,f5f6b9ab23517e277ec36cdb5c3aeb67,0,0,0,1,0,0,0,8,1,6,0,0,1,1,1,6,0,3,1,0.0,2.0,3.0,1.0,0.0,1.0,0.0,0.0,0,0,0.0,0,0,0.0,0,0.0,1,0.4375,0,0,1,0.7033183981604875,0.0,0.0,0.0,0.0,0.0,0.0,0.0,0.0,0.0,0.0,0.0,0.7033183981604875,0.0,0.0
A000000002848,바이오더마 세비엄 포어 리파이너,지성,f5f6b9ab23517e277ec36cdb5c3aeb67,0,0,0,0,0,1,0,8,1,6,0,0,1,1,1,6,0,3,1,0.0,2.0,3.0,1.0,0.0,1.0,0.0,0.0,0,0,0.0,0,0,0.0,0,0.0,1,0.4375,0,0,1,0.0,0.0,0.0,0.0,0.0,0.0,0.0,0.25639747477898106,0.5471781855383192,0.0,0.0,0.0,0.0,0.0,0.0
A000000002848,바이오더마 세비엄 포어 리파이너,복합성,f5f6b9ab23517e277ec36cdb5c3aeb67,0,0,1,0,0,0,0,8,1,6,0,0,1,1,1,6,0,3,1,0.0,2.0,3.0,1.0,0.0,1.0,0.0,0.0,0,0,0.0,0,0,0.0,0,0.0,1,0.4375,0,0,1,0.0,0.0,0.0,0.0,0.0,0.0,0.0,0.0,0.0,0.0,0.0,0.0,0.0,0.0,0.0
A000000002848,바이오더마 세비엄 포어 리파이너,민감성,f5f6b9ab23517e277ec36cdb5c3aeb67,0,1,0,0,0,0,0,8,1,6,0,0,1,1,1,6,0,3,1,0.0,2.0,3.0,1.0,0.0,1.0,0.0,0.0,0,0,0.0,0,0,0.0,0,0.0,1,0.4375,0,0,1,0.0,0.0,0.0,0.6321205588285577,0.6321205588285577,0.0,0.0,0.0,0.0,0.0,0.0,0.6321205588285577,0.0,0.9153105691837515,0.0
A000000002848,바이오더마 세비엄 포어 리파이너,트러블성,f5f6b9ab23517e277ec36cdb5c3aeb67,0,0,0,0,0,0,1,8,1,6,0,0,1,1,1,6,0,3,1,0.0,2.0,3.0,1.0,0.0,1.0,0.0,0.0,0,0,0.0,0,0,0.0,0,0.0,1,0.4375,0,0,1,0.0,0.0,0.0,0.0,0.0,0.0,0.0,0.0,0.0,0.0,0.0,0.6321205588285577,0.0,0.12642411176571153,0.0
A000000002848,바이오더마 세비엄 포어 리파이너,중성,f5f6b9ab23517e277ec36cdb5c3aeb67,0,0,0,0,1,0,0,8,1,6,0,0,1,1,1,6,0,3,1,0.0,2.0,3.0,1.0,0.0,1.0,0.0,0.0,0,0,0.0,0,0,0.0,0,0.0,1,0.4375,0,0,1,0.0,0.0,0.0,0.0,0.0,0.0,0.0,0.0,0.0,0.0,0.0,0.0,0.0,0.0,0.0
A000000010471,라로슈포제 에빠끌라 MAT 세보 컨트롤링 모이스춰라이저,건성,5d2afbc766b629825e95fa18cc3ab152,1,0,0,0,0,0,0,3,1,2,0,0,2,1,2,2,0,0,0,0.0,0.0,2.0,0.0,0.0,0.0,0.0,0.0,0,0,0.0,0,0,0.0,0,0.0,1,0.26086956521739135,0,0,2,0.5397221511334217,0.0,0.0,0.0,0.0,0.0,0.0,0.0,0.0,0.0,0.0,0.0,0.5397221511334217,0.0,0.0
A000000010471,라로슈포제 에빠끌라 MAT 세보 컨트롤링 모이스춰라이저,약건성,5d2afbc766b629825e95fa18cc3ab152,0,0,0,1,0,0,0,3,1,2,0,0,2,1,2,2,0,0,0,0.0,0.0,2.0,0.0,0.0,0.0,0.0,0.0,0,0,0.0,0,0,0.0,0,0.0,1,0.26086956521739135,0,0,2,0.5397221511334217,0.0,0.0,0.0,0.0,0.0,0.0,0.0,0.0,0.0,0.0,0.0,0.5397221511334217,0.0,0.0
A000000010471,라로슈포제 에빠끌라 MAT 세보 컨트롤링 모이스춰라이저,지성,5d2afbc766b629825e95fa18cc3ab152,0,0,0,0,0,1,0,3,1,2,0,0,2,1,2,2,0,0,0,0.0,0.0,2.0,0.0,0.0,0.0,0.0,0.0,0,0,0.0,0,0,0.0,0,0.0,1,0.26086956521739135,0,0,2,0.0,0.0,0.0,0.0,0.0,0.0,0.0,0.0,0.21070685294285255,0.0,0.0,0.0,0.0,0.0,0.0
A000000010471,라로슈포제 에빠끌라 MAT 세보 컨트롤링 모이스춰라이저,복합성,5d2afbc766b629825e95fa18cc3ab152,0,0,1,0,0,0,0,3,1,2,0,0,2,1,2,2,0,0,0,0.0,0.0,2.0,0.0,0.0,0.0,0.0,0.0,0,0,0.0,0,0,0.0,0,0.0,1,0.26086956521739135,0,0,2,0.0,0.0,0.0,0.0,0.0,0.0,0.0,0.0,0.0,0.0,0.0,0.0,0.0,0.0,0.0
A000000010471,라로슈포제 에빠끌라 MAT 세보 컨트롤링 모이스춰라이저,민감성,5d2afbc766b629825e95fa18cc3ab152,0,1,0,0,0,0,0,3,1,2,0,0,2,1,2,2,0,0,0,0.0,0.0,2.0,0.0,0.0,0.0,0.0,0.0,0,0,0.0,0,0,0.0,0,0.0,1,0.26086956521739135,0,0,2,0.0,0.0,0.0,0.6321205588285577,0.8646647167633873,0.0,0.0,0.0,0.0,0.0,0.0,0.8646647167633873,0.0,1.0659991835255211,0.0
A000000010471,라로슈포제 에빠끌라 MAT 세보 컨트롤링 모이스춰라이저,트러블성,5d2afbc766b629825e95fa18cc3ab152,0,0,0,0,0,0,1,3,1,2,0,0,2,1,2,2,0,0,0,0.0,0.0,2.0,0.0,0.0,0.0,0.0,0.0,0,0,0.0,0,0,0.0,0,0.0,1,0.26086956521739135,0,0,2,0.0,0.0,0.0,0.0,0.0,0.0,0.0,0.0,0.0,0.0,0.0,0.8646647167633873,0.0,0.17293294335267748,0.0
A000000010471,라로슈포제 에빠끌라 MAT 세보 컨트롤링 모이스춰라이저,중성,5d2afbc766b629825e95fa18cc3ab152,0,0,0,0,1,0,0,3,1,2,0,0,2,1,2,2,0,0,0,0.0,0.0,2.0,0.0,0.0,0.0,0.0,0.0,0,0,0.0,0,0,0.0,0,0.0,1,0.26086956521739135,0,0,2,0.0,0.0,0.0,0.0,0.0,0.0,0.0,0.0,0.0,0.0,0.0,0.0,0.0,0.0,0.0
A000000117624,엠브리올리스 레 크렘 콘센트레,건성,ecf6b31760f72a7d225b68dbe9a3bf13,1,0,0,0,0,0,0,2,2,3,2,1,0,1,0,0,0,1,2,0.0,0.0,0.0,1.0,0.0,1.0,2.0,0.0,0,0,0.0,0,0,0.0,0,0.0,0,0.0,0,1,0,0.6205379320212862,0.3333333333333333,0.0,0.0,0.0,0.0,0.0,0.0,0.0,0.0,0.0,0.0,0.8338712653546194,0.0,0.0
A000000117624,엠브리올리스 레 크렘 콘센트레,약건성,ecf6b31760f72a7d225b68dbe9a3bf13,0,0,0,1,0,0,0,2,2,3,2,1,0,1,0,0,0,1,2,0.0,0.0,0.0,1.0,0.0,1.0,2.0,0.0,0,0,0.0,0,0,0.0,0,0.0,0,0.0,0,1,0,0.6205379320212862,0.3333333333333333,0.0,0.0,0.0,0.0,0.0,0.0,0.0,0.0,0.0,0.0,0.8338712653546194,0.0,0.0
A000000117624,엠브리올리스 레 크렘 콘센트레,지성,ecf6b31760f72a7d225b68dbe9a3bf13,0,0,0,0,0,1,0,2,2,3,2,1,0,1,0,0,0,1,2,0.0,0.0,0.0,1.0,0.0,1.0,2.0,0.0,0,0,0.0,0,0,0.0,0,0.0,0,0.0,0,1,0,0.0,0.0,0.0,0.0,0.0,0.0,0.0,0.4725636539698279,0.0,0.0,0.0,0.0,0.0,0.0,0.0
A000000117624,엠브리올리스 레 크렘 콘센트레,복합성,ecf6b31760f72a7d225b68dbe9a3bf13,0,0,1,0,0,0,0,2,2,3,2,1,0,1,0,0,0,1,2,0.0,0.0,0.0,1.0,0.0,1.0,2.0,0.0,0,0,0.0,0,0,0.0,0,0.0,0,0.0,0,1,0,0.0,0.0,0.0,0.0,0.0,0.0,0.0,0.0,0.0,0.0,0.0,0.0,0.0,0.0,0.0
A000000117624,엠브리올리스 레 크렘 콘센트레,민감성,ecf6b31760f72a7d225b68dbe9a3bf13,0,1,0,0,0,0,0,2,2,3,2,1,0,1,0,0,0,1,2,0.0,0.0,0.0,1.0,0.0,1.0,2.0,0.0,0,0,0.0,0,0,0.0,0,0.0,0,0.0,0,1,0,0.0,0.0,0.0,0.6321205588285577,0.0,0.0,0.0,0.0,0.0,0.0,0.0,0.0,0.0,0.5056964470628461,0.0
A000000117624,엠브리올리스 레 크렘 콘센트레,트러블성,ecf6b31760f72a7d225b68dbe9a3bf13,0,0,0,0,0,0,1,2,2,3,2,1,0,1,0,0,0,1,2,0.0,0.0,0.0,1.0,0.0,1.0,2.0,0.0,0,0,0.0,0,0,0.0,0,0.0,0,0.0,0,1,0,0.0,0.0,0.0,0.0,0.0,0.0,0.0,0.0,0.0,0.0,0.0,0.0,0.0,0.0,0.0
A000000117624,엠브리올리스 레 크렘 콘센트레,중성,ecf6b31760f72a7d225b68dbe9a3bf13,0,0,0,0,1,0,0,2,2,3,2,1,0,1,0,0,0,1,2,0.0,0.0,0.0,1.0,0.0,1.0,2.0,0.0,0,0,0.0,0,0,0.0,0,0.0,0,0.0,0,1,0,0.0,0.0,0.0,0.0,0.0,0.0,0.0,0.0,0.0,0.0,0.0,0.0,0.0,0.0,0.0
A000000126470,유세린 울트라 센서티브 리페어 크림,건성,c175992337185f80fea909d535efde56,1,0,0,0,0,0,0,5,3,1,1,2,0,0,0,0,0,1,2,0.0,0.0,0.0,0.0,0.0,1.0,1.0,0.0,0,0,0.0,1,1,0.8666666666666667,0,0.0,0,0.0,0,0,0,0.6282254714899979,0.0,0.0,0.0,0.0,0.0,0.0,0.0,0.0,0.0,0.0,0.0,0.6282254714899979,0.0,0.0
A000000126470,유세린 울트라 센서티브 리페어 크림,약건성,c175992337185f80fea909d535efde56,0,0,0,1,0,0,0,5,3,1,1,2,0,0,0,0,0,1,2,0.0,0.0,0.0,0.0,0.0,1.0,1.0,0.0,0,0,0.0,1,1,0.8666666666666667,0,0.0,0,0.0,0,0,0,0.6282254714899979,0.0,0.0,0.0,0.0,0.0,0.0,0.0,0.0,0.0,0.0,0.0,0.6282254714899979,0.0,0.0
A000000126470,유세린 울트라 센서티브 리페어 크림,지성,c175992337185f80fea909d535efde56,0,0,0,0,0,1,0,5,3,1,1,2,0,0,0,0,0,1,2,0.0,0.0,0.0,0.0,0.0,1.0,1.0,0.0,0,0,0.0,1,1,0.8666666666666667,0,0.0,0,0.0,0,0,0,0.0,0.0,0.0,0.0,0.0,0.0,0.0,0.25639747477898106,0.0,0.0,0.0,0.0,0.0,0.0,0.0
A000000126470,유세린 울트라 센서티브 리페어 크림,복합성,c175992337185f80fea909d535efde56,0,0,1,0,0,0,0,5,3,1,1,2,0,0,0,0,0,1,2,0.0,0.0,0.0,0.0,0.0,1.0,1.0,0.0,0,0,0.0,1,1,0.8666666666666667,0,0.0,0,0.0,0,0,0,0.0,0.0,0.0,0.0,0.0,0.0,0.0,0.0,0.0,0.0,0.0,0.0,0.0,0.0,0.0
A000000126470,유세린 울트라 센서티브 리페어 크림,민감성,c175992337185f80fea909d535efde56,0,1,0,0,0,0,0,5,3,1,1,2,0,0,0,0,0,1,2,0.0,0.0,0.0,0.0,0.0,1.0,1.0,0.0,0,0,0.0,1,1,0.8666666666666667,0,0.0,0,0.0,0,0,0,0.0,0.0,0.6288836021376135,0.0,0.0,0.0,0.0,0.0,0.0,0.0,0.0,0.0,0.3018641290260545,0.0,0.0
A000000126470,유세린 울트라 센서티브 리페어 크림,트러블성,c175992337185f80fea909d535efde56,0,0,0,0,0,0,1,5,3,1,1,2,0,0,0,0,0,1,2,0.0,0.0,0.0,0.0,0.0,1.0,1.0,0.0,0,0,0.0,1,1,0.8666666666666667,0,0.0,0,0.0,0,0,0,0.0,0.0,0.0,0.0,0.0,0.0,0.0,0.0,0.0,0.0,0.0,0.0,0.0,0.0,0.0
A000000126470,유세린 울트라 센서티브 리페어 크림,중성,c175992337185f80fea909d535efde56,0,0,0,0,1,0,0,5,3,1,1,2,0,0,0,0,0,1,2,0.0,0.0,0.0,0.0,0.0,1.0,1.0,0.0,0,0,0.0,1,1,0.8666666666666667,0,0.0,0,0.0,0,0,0,0.0,0.0,0.0,0.0,0.0,0.0,0.0,0.0,0.0,0.0,0.0,0.0,0.0,0.0,0.0
A000000134691,바이오더마 시카비오 포마드,건성,184c3fe1005e402999b9d15608e00ad3,1,0,0,0,0,0,0,6,1,1,0,3,1,0,0,0,1,2,1,0.0,0.0,0.0,1.0,0.0,1.0,0.0,0.0,0,0,0.0,0,0,0.0,0,0.0,0,0.0,0,0,0,0.5115520671723262,0.0,0.0,0.0,0.0,0.0,0.0,0.0,0.0,0.0,0.0,0.0,0.5115520671723262,0.0,0.0
A000000134691,바이오더마 시카비오 포마드,약건성,184c3fe1005e402999b9d15608e00ad3,0,0,0,1,0,0,0,6,1,1,0,3,1,0,0,0,1,2,1,0.0,0.0,0.0,1.0,0.0,1.0,0.0,0.0,0,0,0.0,0,0,0.0,0,0.0,0,0.0,0,0,0,0.5115520671723262,0.0,0.0,0.0,0.0,0.0,0.0,0.0,0.0,0.0,0.0,0.0,0.5115520671723262,0.0,0.0
A000000134691,바이오더마 시카비오 포마드,지성,184c3fe1005e402999b9d15608e00ad3,0,0,0,0,0,1,0,6,1,1,0,3,1,0,0,0,1,2,1,0.0,0.0,0.0,1.0,0.0,1.0,0.0,0.0,0,0,0.0,0,0,0.0,0,0.0,0,0.0,0,0,0,0.0,0.0,0.0,0.0,0.0,0.0,0.0,0.25639747477898106,0.0,0.0,0.0,0.0,0.0,0.0,0.0
A000000134691,바이오더마 시카비오 포마드,복합성,184c3fe1005e402999b9d15608e00ad3,0,0,1,0,0,0,0,6,1,1,0,3,1,0,0,0,1,2,1,0.0,0.0,0.0,1.0,0.0,1.0,0.0,0.0,0,0,0.0,0,0,0.0,0,0.0,0,0.0,0,0,0,0.0,0.0,0.0,0.0,0.0,0.0,0.0,0.0,0.0,0.0,0.0,0.0,0.0,0.0,0.0
A000000134691,바이오더마 시카비오 포마드,민감성,184c3fe1005e402999b9d15608e00ad3,0,1,0,0,0,0,0,6,1,1,0,3,1,0,0,0,1,2,1,0.0,0.0,0.0,1.0,0.0,1.0,0.0,0.0,0,0,0.0,0,0,0.0,0,0.0,0,0.0,0,0,0,0.0,0.0,0.0,0.0,0.0,0.0,0.0,0.0,0.0,0.0,0.0,0.0,0.0,0.0,0.0
A000000134691,바이오더마 시카비오 포마드,트러블성,184c3fe1005e402999b9d15608e00ad3,0,0,0,0,0,0,1,6,1,1,0,3,1,0,0,0,1,2,1,0.0,0.0,0.0,1.0,0.0,1.0,0.0,0.0,0,0,0.0,0,0,0.0,0,0.0,0,0.0,0,0,0,0.0,0.0,0.0,0.0,0.0,0.0,0.0,0.0,0.0,0.0,0.0,0.0,0.0,0.0,0.0
A000000134691,바이오더마 시카비오 포마드,중성,184c3fe1005e402999b9d15608e00ad3,0,0,0,0,1,0,0,6,1,1,0,3,1,0,0,0,1,2,1,0.0,0.0,0.0,1.0,0.0,1.0,0.0,0.0,0,0,0.0,0,0,0.0,0,0.0,0,0.0,0,0,0,0.0,0.0,0.0,0.0,0.0,0.0,0.0,0.0,0.0,0.0,0.0,0.0,0.0,0.0,0.0
A000000145285,닥터디퍼런트 비타리프트-A 크림,건성,edf958c15abf99d7644c454a15f3e150,1,0,0,0,0,0,0,4,3,2,5,0,3,0,0,0,0,0,2,1.0,0.0,0.0,0.0,0.0,1.0,1.0,0.0,0,0,0.0,0,0,0.0,1,0.30000000000000004,0,0.0,1,1,0,0.712450258048322,1.0,0.0,0.0,0.0,0.0,0.0,0.0,0.0,0.0,0.0,0.0,1.352450258048322,0.0,0.0
A000000145285,닥터디퍼런트 비타리프트-A 크림,약건성,edf958c15abf99d7644c454a15f3e150,0,0,0,1,0,0,0,4,3,2,5,0,3,0,0,0,0,0,2,1.0,0.0,0.0,0.0,0.0,1.0,1.0,0.0,0,0,0.0,0,0,0.0,1,0.30000000000000004,0,0.0,1,1,0,0.712450258048322,1.0,0.0,0.0,0.0,0.0,0.0,0.0,0.0,0.0,0.0,0.0,1.352450258048322,0.0,0.0
A000000145285,닥터디퍼런트 비타리프트-A 크림,지성,edf958c15abf99d7644c454a15f3e150,0,0,0,0,0,1,0,4,3,2,5,0,3,0,0,0,0,0,2,1.0,0.0,0.0,0.0,0.0,1.0,1.0,0.0,0,0,0.0,0,0,0.0,1,0.30000000000000004,0,0.0,1,1,0,0.0,0.0,0.0,0.0,0.0,0.0,0.0,0.25639747477898106,0.13115644676245553,0.0,0.0,0.0,0.0,0.0,0.0
A000000145285,닥터디퍼런트 비타리프트-A 크림,복합성,edf958c15abf99d7644c454a15f3e150,0,0,1,0,0,0,0,4,3,2,5,0,3,0,0,0,0,0,2,1.0,0.0,0.0,0.0,0.0,1.0,1.0,0.0,0,0,0.0,0,0,0.0,1,0.30000000000000004,0,0.0,1,1,0,0.0,0.0,0.0,0.0,0.0,0.0,0.0,0.0,0.0,0.0,0.0,0.0,0.0,0.0,0.0
A000000145285,닥터디퍼런트 비타리프트-A 크림,민감성,edf958c15abf99d7644c454a15f3e150,0,1,0,0,0,0,0,4,3,2,5,0,3,0,0,0,0,0,2,1.0,0.0,0.0,0.0,0.0,1.0,1.0,0.0,0,0,0.0,0,0,0.0,1,0.30000000000000004,0,0.0,1,1,0,0.0,0.0,0.0,0.0,0.0,0.0,0.0,0.0,0.0,0.0,0.0,0.0,0.0,0.0,0.0
A000000145285,닥터디퍼런트 비타리프트-A 크림,트러블성,edf958c15abf99d7644c454a15f3e150,0,0,0,0,0,0,1,4,3,2,5,0,3,0,0,0,0,0,2,1.0,0.0,0.0,0.0,0.0,1.0,1.0,0.0,0,0,0.0,0,0,0.0,1,0.30000000000000004,0,0.0,1,1,0,0.0,0.0,0.0,0.0,0.0,0.0,0.0,0.0,0.0,0.0,0.0,0.0,0.0,0.0,0.0
A000000145285,닥터디퍼런트 비타리프트-A 크림,중성,edf958c15abf99d7644c454a15f3e150,0,0,0,0,1,0,0,4,3,2,5,0,3,0,0,0,0,0,2,1.0,0.0,0.0,0.0,0.0,1.0,1.0,0.0,0,0,0.0,0,0,0.0,1,0.30000000000000004,0,0.0,1,1,0,0.0,0.0,0.0,0.0,0.0,0.0,0.0,0.0,0.0,0.0,0.0,0.0,0.0,0.0,0.0
A000000145331,닥터디퍼런트 세콜지 311 보습 장벽 크림,건성,5b49062d4bbc43bfda2f50c7f75c1347,1,0,0,0,0,0,0,8,3,0,8,0,1,0,0,0,0,1,1,0.0,0.0,0.0,0.0,2.0,1.0,0.0,0.0,0,0,0.0,0,0,0.0,1,0.6511627906976745,0,0.0,1,1,0,0.0,1.0,0.0,0.0,0.0,0.0,0.0,0.0,0.0,0.0,0.0,0.0,0.64,0.0,0.0
A000000145331,닥터디퍼런트 세콜지 311 보습 장벽 크림,약건성,5b49062d4bbc43bfda2f50c7f75c1347,0,0,0,1,0,0,0,8,3,0,8,0,1,0,0,0,0,1,1,0.0,0.0,0.0,0.0,2.0,1.0,0.0,0.0,0,0,0.0,0,0,0.0,1,0.6511627906976745,0,0.0,1,1,0,0.0,1.0,0.0,0.0,0.0,0.0,0.0,0.0,0.0,0.0,0.0,0.0,0.64,0.0,0.0
A000000145331,닥터디퍼런트 세콜지 311 보습 장벽 크림,지성,5b49062d4bbc43bfda2f50c7f75c1347,0,0,0,0,0,1,0,8,3,0,8,0,1,0,0,0,0,1,1,0.0,0.0,0.0,0.0,2.0,1.0,0.0,0.0,0,0,0.0,0,0,0.0,1,0.6511627906976745,0,0.0,1,1,0,0.0,0.0,0.0,0.0,0.0,0.0,0.0,0.25639747477898106,0.0,0.0,0.0,0.0,0.0,0.0,0.0
A000000145331,닥터디퍼런트 세콜지 311 보습 장벽 크림,복합성,5b49062d4bbc43bfda2f50c7f75c1347,0,0,1,0,0,0,0,8,3,0,8,0,1,0,0,0,0,1,1,0.0,0.0,0.0,0.0,2.0,1.0,0.0,0.0,0,0,0.0,0,0,0.0,1,0.6511627906976745,0,0.0,1,1,0,0.0,0.0,0.0,0.0,0.0,0.0,0.0,0.0,0.0,0.0,0.0,0.0,0.0,0.0,0.0
A000000145331,닥터디퍼런트 세콜지 311 보습 장벽 크림,민감성,5b49062d4bbc43bfda2f50c7f75c1347,0,1,0,0,0,0,0,8,3,0,8,0,1,0,0,0,0,1,1,0.0,0.0,0.0,0.0,2.0,1.0,0.0,0.0,0,0,0.0,0,0,0.0,1,0.6511627906976745,0,0.0,1,1,0,0.0,0.0,0.0,0.0,0.0,0.0,0.0,0.0,0.0,0.0,0.0,0.0,0.0,0.0,0.0
A000000145331,닥터디퍼런트 세콜지 311 보습 장벽 크림,트러블성,5b49062d4bbc43bfda2f50c7f75c1347,0,0,0,0,0,0,1,8,3,0,8,0,1,0,0,0,0,1,1,0.0,0.0,0.0,0.0,2.0,1.0,0.0,0.0,0,0,0.0,0,0,0.0,1,0.6511627906976745,0,0.0,1,1,0,0.0,0.0,0.0,0.0,0.0,0.0,0.0,0.0,0.0,0.0,0.0,0.0,0.0,0.0,0.0
A000000145331,닥터디퍼런트 세콜지 311 보습 장벽 크림,중성,5b49062d4bbc43bfda2f50c7f75c1347,0,0,0,0,1,0,0,8,3,0,8,0,1,0,0,0,0,1,1,0.0,0.0,0.0,0.0,2.0,1.0,0.0,0.0,0,0,0.0,0,0,0.0,1,0.6511627906976745,0,0.0,1,1,0,0.0,0.0,0.0,0.0,0.0,0.0,0.0,0.0,0.0,0.0,0.0,0.0,0.0,0.0,0.0
A000000145333,닥터디퍼런트 113 세콜지 모이스처라이저,건성,10ebec6646b5d8153b6a0a7e1e78e6e7,1,0,0,0,0,0,0,8,3,0,8,0,2,0,0,0,0,1,1,0.0,0.0,0.0,0.0,2.0,1.0,0.0,0.0,1,1,0.9302325581395349,0,0,0.0,1,0.13953488372093026,0,0.0,1,1,0,0.0,1.0,0.0,0.0,0.0,0.0,0.0,0.0,0.0,0.0,0.0,0.0,0.64,0.0,0.0
A000000145333,닥터디퍼런트 113 세콜지 모이스처라이저,약건성,10ebec6646b5d8153b6a0a7e1e78e6e7,0,0,0,1,0,0,0,8,3,0,8,0,2,0,0,0,0,1,1,0.0,0.0,0.0,0.0,2.0,1.0,0.0,0.0,1,1,0.9302325581395349,0,0,0.0,1,0.13953488372093026,0,0.0,1,1,0,0.0,1.0,0.0,0.0,0.0,0.0,0.0,0.0,0.0,0.0,0.0,0.0,0.64,0.0,0.0
A000000145333,닥터디퍼런트 113 세콜지 모이스처라이저,지성,10ebec6646b5d8153b6a0a7e1e78e6e7,0,0,0,0,0,1,0,8,3,0,8,0,2,0,0,0,0,1,1,0.0,0.0,0.0,0.0,2.0,1.0,0.0,0.0,1,1,0.9302325581395349,0,0,0.0,1,0.13953488372093026,0,0.0,1,1,0,0.0,0.0,0.0,0.0,0.0,0.0,0.9302325581395349,0.25639747477898106,0.0,0.0,0.0,0.0,0.7441860465116279,0.0,0.0
A000000145333,닥터디퍼런트 113 세콜지 모이스처라이저,복합성,10ebec6646b5d8153b6a0a7e1e78e6e7,0,0,1,0,0,0,0,8,3,0,8,0,2,0,0,0,0,1,1,0.0,0.0,0.0,0.0,2.0,1.0,0.0,0.0,1,1,0.9302325581395349,0,0,0.0,1,0.13953488372093026,0,0.0,1,1,0,0.0,0.0,0.0,0.0,0.0,0.0,0.0,0.0,0.0,0.0,0.0,0.0,0.0,0.0,0.0
A000000145333,닥터디퍼런트 113 세콜지 모이스처라이저,민감성,10ebec6646b5d8153b6a0a7e1e78e6e7,0,1,0,0,0,0,0,8,3,0,8,0,2,0,0,0,0,1,1,0.0,0.0,0.0,0.0,2.0,1.0,0.0,0.0,1,1,0.9302325581395349,0,0,0.0,1,0.13953488372093026,0,0.0,1,1,0,0.0,0.0,0.0,0.0,0.0,0.0,0.0,0.0,0.0,0.0,0.0,0.0,0.0,0.0,0.0
A000000145333,닥터디퍼런트 113 세콜지 모이스처라이저,트러블성,10ebec6646b5d8153b6a0a7e1e78e6e7,0,0,0,0,0,0,1,8,3,0,8,0,2,0,0,0,0,1,1,0.0,0.0,0.0,0.0,2.0,1.0,0.0,0.0,1,1,0.9302325581395349,0,0,0.0,1,0.13953488372093026,0,0.0,1,1,0,0.0,0.0,0.0,0.0,0.0,0.0,0.0,0.0,0.0,1.0,0.0,0.0,0.7,0.0,0.0
A000000145333,닥터디퍼런트 113 세콜지 모이스처라이저,중성,10ebec6646b5d8153b6a0a7e1e78e6e7,0,0,0,0,1,0,0,8,3,0,8,0,2,0,0,0,0,1,1,0.0,0.0,0.0,0.0,2.0,1.0,0.0,0.0,1,1,0.9302325581395349,0,0,0.0,1,0.13953488372093026,0,0.0,1,1,0,0.0,0.0,0.0,0.0,0.0,0.0,0.0,0.0,0.0,0.0,0.0,0.0,0.0,0.0,0.0
A000000147109,유세린 우레아 리페어 크림,건성,606b903e94dea9a2f582583291df63ad,1,0,0,0,0,0,0,4,3,0,3,0,2,0,1,0,0,0,0,0.0,0.0,0.0,0.0,1.0,0.0,0.0,0.0,0,0,0.0,0,0,0.0,1,0.125,0,0.0,1,0,1,0.0,0.6666666666666666,0.0,0.0,0.0,0.0,0.0,0.0,0.0,0.0,0.0,0.0,0.42666666666666664,0.0,0.0
A000000147109,유세린 우레아 리페어 크림,약건성,606b903e94dea9a2f582583291df63ad,0,0,0,1,0,0,0,4,3,0,3,0,2,0,1,0,0,0,0,0.0,0.0,0.0,0.0,1.0,0.0,0.0,0.0,0,0,0.0,0,0,0.0,1,0.125,0,0.0,1,0,1,0.0,0.6666666666666666,0.0,0.0,0.0,0.0,0.0,0.0,0.0,0.0,0.0,0.0,0.42666666666666664,0.0,0.0
A000000147109,유세린 우레아 리페어 크림,지성,606b903e94dea9a2f582583291df63ad,0,0,0,0,0,1,0,4,3,0,3,0,2,0,1,0,0,0,0,0.0,0.0,0.0,0.0,1.0,0.0,0.0,0.0,0,0,0.0,0,0,0.0,1,0.125,0,0.0,1,0,1,0.0,0.0,0.0,0.0,0.0,0.0,0.0,0.09836733507184164,0.0,0.0,0.0,0.0,0.0,0.0,0.0
A000000147109,유세린 우레아 리페어 크림,복합성,606b903e94dea9a2f582583291df63ad,0,0,1,0,0,0,0,4,3,0,3,0,2,0,1,0,0,0,0,0.0,0.0,0.0,0.0,1.0,0.0,0.0,0.0,0,0,0.0,0,0,0.0,1,0.125,0,0.0,1,0,1,0.0,0.0,0.0,0.0,0.0,0.0,0.0,0.0,0.0,0.0,0.0,0.0,0.0,0.0,0.0
A000000147109,유세린 우레아 리페어 크림,민감성,606b903e94dea9a2f582583291df63ad,0,1,0,0,0,0,0,4,3,0,3,0,2,0,1,0,0,0,0,0.0,0.0,0.0,0.0,1.0,0.0,0.0,0.0,0,0,0.0,0,0,0.0,1,0.125,0,0.0,1,0,1,0.0,0.0,0.0,0.0,0.6321205588285577,0.0,0.0,0.0,0.0,0.0,0.0,0.141045161524531,0.0,0.31139904266010004,0.0
A000000147109,유세린 우레아 리페어 크림,트러블성,606b903e94dea9a2f582583291df63ad,0,0,0,0,0,0,1,4,3,0,3,0,2,0,1,0,0,0,0,0.0,0.0,0.0,0.0,1.0,0.0,0.0,0.0,0,0,0.0,0,0,0.0,1,0.125,0,0.0,1,0,1,0.0,0.0,0.0,0.0,0.0,0.0,0.0,0.0,0.0,0.0,0.0,0.141045161524531,0.0,0.028209032304906203,0.0
A000000147109,유세린 우레아 리페어 크림,중성,606b903e94dea9a2f582583291df63ad,0,0,0,0,1,0,0,4,3,0,3,0,2,0,1,0,0,0,0,0.0,0.0,0.0,0.0,1.0,0.0,0.0,0.0,0,0,0.0,0,0,0.0,1,0.125,0,0.0,1,0,1,0.0,0.0,0.0,0.0,0.0,0.0,0.0,0.0,0.0,0.0,0.0,0.0,0.0,0.0,0.0
A000000149064,휘게 릴리프 캐모마일 크림,건성,4dff62b487add9f2aca9377834319720,1,0,0,0,0,0,0,10,3,2,1,7,1,0,0,1,0,4,1,2.0,0.0,1.0,0.0,0.0,1.0,0.0,0.0,0,0,0.0,0,0,0.0,0,0.0,0,0.0,0,0,0,0.7794543503800425,0.0,0.0,0.0,0.0,0.0,0.0,0.0,0.0,0.0,0.0,0.0,0.7794543503800425,0.0,0.0
A000000149064,휘게 릴리프 캐모마일 크림,약건성,4dff62b487add9f2aca9377834319720,0,0,0,1,0,0,0,10,3,2,1,7,1,0,0,1,0,4,1,2.0,0.0,1.0,0.0,0.0,1.0,0.0,0.0,0,0,0.0,0,0,0.0,0,0.0,0,0.0,0,0,0,0.7794543503800425,0.0,0.0,0.0,0.0,0.0,0.0,0.0,0.0,0.0,0.0,0.0,0.7794543503800425,0.0,0.0
A000000149064,휘게 릴리프 캐모마일 크림,지성,4dff62b487add9f2aca9377834319720,0,0,0,0,0,1,0,10,3,2,1,7,1,0,0,1,0,4,1,2.0,0.0,1.0,0.0,0.0,1.0,0.0,0.0,0,0,0.0,0,0,0.0,0,0.0,0,0.0,0,0,0,0.0,0.0,0.0,0.0,0.0,0.0,0.0,0.09836733507184164,0.3418632997053081,0.0,0.0,0.0,0.0,0.0,0.0
A000000149064,휘게 릴리프 캐모마일 크림,복합성,4dff62b487add9f2aca9377834319720,0,0,1,0,0,0,0,10,3,2,1,7,1,0,0,1,0,4,1,2.0,0.0,1.0,0.0,0.0,1.0,0.0,0.0,0,0,0.0,0,0,0.0,0,0.0,0,0.0,0,0,0,0.0,0.0,0.0,0.0,0.0,0.0,0.0,0.0,0.0,0.0,0.0,0.0,0.0,0.0,0.0
A000000149064,휘게 릴리프 캐모마일 크림,민감성,4dff62b487add9f2aca9377834319720,0,1,0,0,0,0,0,10,3,2,1,7,1,0,0,1,0,4,1,2.0,0.0,1.0,0.0,0.0,1.0,0.0,0.0,0,0,0.0,0,0,0.0,0,0.0,0,0.0,0,0,0,0.0,0.0,0.0,0.0,0.0,0.0,0.0,0.0,0.0,0.0,0.0,0.0,0.0,0.0,0.0
A000000149064,휘게 릴리프 캐모마일 크림,트러블성,4dff62b487add9f2aca9377834319720,0,0,0,0,0,0,1,10,3,2,1,7,1,0,0,1,0,4,1,2.0,0.0,1.0,0.0,0.0,1.0,0.0,0.0,0,0,0.0,0,0,0.0,0,0.0,0,0.0,0,0,0,0.0,0.0,0.0,0.0,0.0,0.0,0.0,0.0,0.0,0.0,0.0,0.0,0.0,0.0,0.0
A000000149064,휘게 릴리프 캐모마일 크림,중성,4dff62b487add9f2aca9377834319720,0,0,0,0,1,0,0,10,3,2,1,7,1,0,0,1,0,4,1,2.0,0.0,1.0,0.0,0.0,1.0,0.0,0.0,0,0,0.0,0,0,0.0,0,0.0,0,0.0,0,0,0,0.0,0.0,0.0,0.0,0.0,0.0,0.0,0.0,0.0,0.0,0.0,0.0,0.0,0.0,0.0
A000000149138,이즈앤트리 히아루론산 아쿠아 젤 크림,건성,4a6cc215e2465aca73c5f3d35e3f7448,1,0,0,0,0,0,0,14,2,0,0,6,0,0,0,1,0,9,0,1.0,0.0,0.0,0.0,1.0,0.0,0.0,0.0,0,0,0.0,0,0,0.0,0,0.0,0,0.0,0,0,0,0.0,0.0,0.0,0.0,0.0,0.0,0.0,0.0,0.0,0.0,0.0,0.0,0.0,0.0,0.0
A000000149138,이즈앤트리 히아루론산 아쿠아 젤 크림,약건성,4a6cc215e2465aca73c5f3d35e3f7448,0,0,0,1,0,0,0,14,2,0,0,6,0,0,0,1,0,9,0,1.0,0.0,0.0,0.0,1.0,0.0,0.0,0.0,0,0,0.0,0,0,0.0,0,0.0,0,0.0,0,0,0,0.0,0.0,0.0,0.0,0.0,0.0,0.0,0.0,0.0,0.0,0.0,0.0,0.0,0.0,0.0
A000000149138,이즈앤트리 히아루론산 아쿠아 젤 크림,지성,4a6cc215e2465aca73c5f3d35e3f7448,0,0,0,0,0,1,0,14,2,0,0,6,0,0,0,1,0,9,0,1.0,0.0,0.0,0.0,1.0,0.0,0.0,0.0,0,0,0.0,0,0,0.0,0,0.0,0,0.0,0,0,0,0.0,0.0,0.0,0.0,0.0,0.0,0.0,0.09836733507184164,0.13115644676245553,0.0,0.0,0.0,0.0,0.0,0.0
A000000149138,이즈앤트리 히아루론산 아쿠아 젤 크림,복합성,4a6cc215e2465aca73c5f3d35e3f7448,0,0,1,0,0,0,0,14,2,0,0,6,0,0,0,1,0,9,0,1.0,0.0,0.0,0.0,1.0,0.0,0.0,0.0,0,0,0.0,0,0,0.0,0,0.0,0,0.0,0,0,0,0.0,0.0,0.0,0.0,0.0,0.0,0.0,0.0,0.0,0.0,0.0,0.0,0.0,0.0,0.0
A000000149138,이즈앤트리 히아루론산 아쿠아 젤 크림,민감성,4a6cc215e2465aca73c5f3d35e3f7448,0,1,0,0,0,0,0,14,2,0,0,6,0,0,0,1,0,9,0,1.0,0.0,0.0,0.0,1.0,0.0,0.0,0.0,0,0,0.0,0,0,0.0,0,0.0,0,0.0,0,0,0,0.0,0.0,0.0,0.0,0.0,0.0,0.0,0.0,0.0,0.0,0.0,0.0,0.0,0.0,0.0
A000000149138,이즈앤트리 히아루론산 아쿠아 젤 크림,트러블성,4a6cc215e2465aca73c5f3d35e3f7448,0,0,0,0,0,0,1,14,2,0,0,6,0,0,0,1,0,9,0,1.0,0.0,0.0,0.0,1.0,0.0,0.0,0.0,0,0,0.0,0,0,0.0,0,0.0,0,0.0,0,0,0,0.0,0.0,0.0,0.0,0.0,0.0,0.0,0.0,0.0,0.0,0.0,0.0,0.0,0.0,0.0
A000000149138,이즈앤트리 히아루론산 아쿠아 젤 크림,중성,4a6cc215e2465aca73c5f3d35e3f7448,0,0,0,0,1,0,0,14,2,0,0,6,0,0,0,1,0,9,0,1.0,0.0,0.0,0.0,1.0,0.0,0.0,0.0,0,0,0.0,0,0,0.0,0,0.0,0,0.0,0,0,0,0.0,0.0,0.0,0.0,0.0,0.0,0.0,0.0,0.0,0.0,0.0,0.0,0.0,0.0,0.0
A000000149717,바이오더마 세비엄 센서티브,건성,d2051a7369c35d86a53bed5b49ecb9c5,1,0,0,0,0,0,0,4,2,1,0,0,2,1,0,1,0,2,0,1.0,0.0,1.0,0.0,2.0,0.0,0.0,0.0,0,0,0.0,0,0,0.0,0,0.0,0,0.0,0,0,0,0.5679046526399114,0.0,0.0,0.0,0.0,0.0,0.0,0.0,0.0,0.0,0.0,0.0,0.5679046526399114,0.0,0.0
A000000149717,바이오더마 세비엄 센서티브,약건성,d2051a7369c35d86a53bed5b49ecb9c5,0,0,0,1,0,0,0,4,2,1,0,0,2,1,0,1,0,2,0,1.0,0.0,1.0,0.0,2.0,0.0,0.0,0.0,0,0,0.0,0,0,0.0,0,0.0,0,0.0,0,0,0,0.5679046526399114,0.0,0.0,0.0,0.0,0.0,0.0,0.0,0.0,0.0,0.0,0.0,0.5679046526399114,0.0,0.0
A000000149717,바이오더마 세비엄 센서티브,지성,d2051a7369c35d86a53bed5b49ecb9c5,0,0,0,0,0,1,0,4,2,1,0,0,2,1,0,1,0,2,0,1.0,0.0,1.0,0.0,2.0,0.0,0.0,0.0,0,0,0.0,0,0,0.0,0,0.0,0,0.0,0,0,0,0.0,0.0,0.0,0.0,0.0,0.0,0.0,0.15803013970713942,0.26231289352491105,0.0,0.0,0.0,0.0,0.0,0.0
A000000149717,바이오더마 세비엄 센서티브,복합성,d2051a7369c35d86a53bed5b49ecb9c5,0,0,1,0,0,0,0,4,2,1,0,0,2,1,0,1,0,2,0,1.0,0.0,1.0,0.0,2.0,0.0,0.0,0.0,0,0,0.0,0,0,0.0,0,0.0,0,0.0,0,0,0,0.0,0.0,0.0,0.0,0.0,0.0,0.0,0.0,0.0,0.0,0.0,0.0,0.0,0.0,0.0
A000000149717,바이오더마 세비엄 센서티브,민감성,d2051a7369c35d86a53bed5b49ecb9c5,0,1,0,0,0,0,0,4,2,1,0,0,2,1,0,1,0,2,0,1.0,0.0,1.0,0.0,2.0,0.0,0.0,0.0,0,0,0.0,0,0,0.0,0,0.0,0,0.0,0,0,0,0.0,0.0,0.0,0.6321205588285577,0.0,0.0,0.0,0.0,0.0,0.0,0.0,0.0,0.0,0.5056964470628461,0.0
A000000149717,바이오더마 세비엄 센서티브,트러블성,d2051a7369c35d86a53bed5b49ecb9c5,0,0,0,0,0,0,1,4,2,1,0,0,2,1,0,1,0,2,0,1.0,0.0,1.0,0.0,2.0,0.0,0.0,0.0,0,0,0.0,0,0,0.0,0,0.0,0,0.0,0,0,0,0.0,0.0,0.0,0.0,0.0,0.0,0.0,0.0,0.0,0.0,0.0,0.0,0.0,0.0,0.0
A000000149717,바이오더마 세비엄 센서티브,중성,d2051a7369c35d86a53bed5b49ecb9c5,0,0,0,0,1,0,0,4,2,1,0,0,2,1,0,1,0,2,0,1.0,0.0,1.0,0.0,2.0,0.0,0.0,0.0,0,0,0.0,0,0,0.0,0,0.0,0,0.0,0,0,0,0.0,0.0,0.0,0.0,0.0,0.0,0.0,0.0,0.0,0.0,0.0,0.0,0.0,0.0,0.0
A000000150145,더랩바이블랑두 저분자 히알루론산 카밍 크림,건성,ef93f7e6703d0c2a81eeaa9844d2844a,1,0,0,0,0,0,0,8,4,5,1,1,0,0,0,2,0,3,3,0.0,0.0,2.0,1.0,1.0,2.0,2.0,0.0,0,0,0.0,0,0,0.0,0,0.0,0,0.0,0,0,0,0.9039091212065504,0.0,0.0,0.0,0.0,0.0,0.0,0.0,0.0,0.0,0.0,0.0,0.9039091212065504,0.0,0.0
A000000150145,더랩바이블랑두 저분자 히알루론산 카밍 크림,약건성,ef93f7e6703d0c2a81eeaa9844d2844a,0,0,0,1,0,0,0,8,4,5,1,1,0,0,0,2,0,3,3,0.0,0.0,2.0,1.0,1.0,2.0,2.0,0.0,0,0,0.0,0,0,0.0,0,0.0,0,0.0,0,0,0,0.9039091212065504,0.0,0.0,0.0,0.0,0.0,0.0,0.0,0.0,0.0,0.0,0.0,0.9039091212065504,0.0,0.0
A000000150145,더랩바이블랑두 저분자 히알루론산 카밍 크림,지성,ef93f7e6703d0c2a81eeaa9844d2844a,0,0,0,0,0,1,0,8,4,5,1,1,0,0,0,2,0,3,3,0.0,0.0,2.0,1.0,1.0,2.0,2.0,0.0,0,0,0.0,0,0,0.0,0,0.0,0,0.0,0,0,0,0.0,0.0,0.0,0.0,0.0,0.0,0.0,0.6305937936769672,0.21070685294285255,0.0,0.0,0.0,0.0,0.0,0.0
A000000150145,더랩바이블랑두 저분자 히알루론산 카밍 크림,복합성,ef93f7e6703d0c2a81eeaa9844d2844a,0,0,1,0,0,0,0,8,4,5,1,1,0,0,0,2,0,3,3,0.0,0.0,2.0,1.0,1.0,2.0,2.0,0.0,0,0,0.0,0,0,0.0,0,0.0,0,0.0,0,0,0,0.0,0.0,0.0,0.0,0.0,0.0,0.0,0.0,0.0,0.0,0.0,0.0,0.0,0.0,0.0
A000000150145,더랩바이블랑두 저분자 히알루론산 카밍 크림,민감성,ef93f7e6703d0c2a81eeaa9844d2844a,0,1,0,0,0,0,0,8,4,5,1,1,0,0,0,2,0,3,3,0.0,0.0,2.0,1.0,1.0,2.0,2.0,0.0,0,0,0.0,0,0,0.0,0,0.0,0,0.0,0,0,0,0.0,0.0,0.0,0.0,0.0,0.0,0.0,0.0,0.0,0.0,0.0,0.0,0.0,0.0,0.0
A000000150145,더랩바이블랑두 저분자 히알루론산 카밍 크림,트러블성,ef93f7e6703d0c2a81eeaa9844d2844a,0,0,0,0,0,0,1,8,4,5,1,1,0,0,0,2,0,3,3,0.0,0.0,2.0,1.0,1.0,2.0,2.0,0.0,0,0,0.0,0,0,0.0,0,0.0,0,0.0,0,0,0,0.0,0.0,0.0,0.0,0.0,0.0,0.0,0.0,0.0,0.0,0.0,0.0,0.0,0.0,0.0
A000000150145,더랩바이블랑두 저분자 히알루론산 카밍 크림,중성,ef93f7e6703d0c2a81eeaa9844d2844a,0,0,0,0,1,0,0,8,4,5,1,1,0,0,0,2,0,3,3,0.0,0.0,2.0,1.0,1.0,2.0,2.0,0.0,0,0,0.0,0,0,0.0,0,0.0,0,0.0,0,0,0,0.0,0.0,0.0,0.0,0.0,0.0,0.0,0.0,0.0,0.0,0.0,0.0,0.0,0.0,0.0
A000000150817,아크네스 스팟 클리어 크림 패치,건성,be59868ab04730c0f9eacc219f424e69,1,0,0,0,0,0,0,11,1,1,5,4,1,0,0,0,0,4,1,0.0,0.0,0.0,0.0,0.0,1.0,0.0,0.0,0,0,0.0,1,0,0.6190476190476191,0,0.0,0,0.0,1,0,0,0.5323436418518266,0.3333333333333333,0.0,0.0,0.0,0.0,0.0,0.0,0.0,0.0,0.0,0.0,0.74567697518516,0.0,0.0
A000000150817,아크네스 스팟 클리어 크림 패치,약건성,be59868ab04730c0f9eacc219f424e69,0,0,0,1,0,0,0,11,1,1,5,4,1,0,0,0,0,4,1,0.0,0.0,0.0,0.0,0.0,1.0,0.0,0.0,0,0,0.0,1,0,0.6190476190476191,0,0.0,0,0.0,1,0,0,0.5323436418518266,0.3333333333333333,0.0,0.0,0.0,0.0,0.0,0.0,0.0,0.0,0.0,0.0,0.74567697518516,0.0,0.0
A000000150817,아크네스 스팟 클리어 크림 패치,지성,be59868ab04730c0f9eacc219f424e69,0,0,0,0,0,1,0,11,1,1,5,4,1,0,0,0,0,4,1,0.0,0.0,0.0,0.0,0.0,1.0,0.0,0.0,0,0,0.0,1,0,0.6190476190476191,0,0.0,0,0.0,1,0,0,0.0,0.0,0.0,0.0,0.0,0.0,0.0,0.09836733507184164,0.0,0.0,0.0,0.0,0.0,0.0,0.0
A000000150817,아크네스 스팟 클리어 크림 패치,복합성,be59868ab04730c0f9eacc219f424e69,0,0,1,0,0,0,0,11,1,1,5,4,1,0,0,0,0,4,1,0.0,0.0,0.0,0.0,0.0,1.0,0.0,0.0,0,0,0.0,1,0,0.6190476190476191,0,0.0,0,0.0,1,0,0,0.0,0.0,0.0,0.0,0.0,0.0,0.0,0.0,0.0,0.0,0.0,0.0,0.0,0.0,0.0
A000000150817,아크네스 스팟 클리어 크림 패치,민감성,be59868ab04730c0f9eacc219f424e69,0,1,0,0,0,0,0,11,1,1,5,4,1,0,0,0,0,4,1,0.0,0.0,0.0,0.0,0.0,1.0,0.0,0.0,0,0,0.0,1,0,0.6190476190476191,0,0.0,0,0.0,1,0,0,0.0,0.0,0.92587011952055,0.0,0.0,0.0,0.0,0.0,0.0,0.0,0.0,0.0,0.444417657369864,0.0,0.0
A000000150817,아크네스 스팟 클리어 크림 패치,트러블성,be59868ab04730c0f9eacc219f424e69,0,0,0,0,0,0,1,11,1,1,5,4,1,0,0,0,0,4,1,0.0,0.0,0.0,0.0,0.0,1.0,0.0,0.0,0,0,0.0,1,0,0.6190476190476191,0,0.0,0,0.0,1,0,0,0.0,0.0,0.0,0.0,0.0,0.0,0.0,0.0,0.0,0.0,0.0,0.0,0.0,0.0,0.0
A000000150817,아크네스 스팟 클리어 크림 패치,중성,be59868ab04730c0f9eacc219f424e69,0,0,0,0,1,0,0,11,1,1,5,4,1,0,0,0,0,4,1,0.0,0.0,0.0,0.0,0.0,1.0,0.0,0.0,0,0,0.0,1,0,0.6190476190476191,0,0.0,0,0.0,1,0,0,0.0,0.0,0.0,0.0,0.0,0.0,0.0,0.0,0.0,0.0,0.0,0.0,0.0,0.0,0.0
A000000155291,웰라쥬 리얼 시카카밍 95 크림,건성,91d400ef9846a44568e204eb2c12a16c,1,0,0,0,0,0,0,9,5,2,5,7,2,0,0,1,0,2,0,1.0,0.0,1.0,1.0,1.0,0.0,0.0,0.0,0,0,0.0,1,0,0.5833333333333333,0,0.0,0,0.0,0,1,0,0.8199885217475857,0.3333333333333333,0.0,0.0,0.0,0.0,0.0,0.0,0.0,0.0,0.0,0.0,1.0333218550809191,0.0,0.0
A000000155291,웰라쥬 리얼 시카카밍 95 크림,약건성,91d400ef9846a44568e204eb2c12a16c,0,0,0,1,0,0,0,9,5,2,5,7,2,0,0,1,0,2,0,1.0,0.0,1.0,1.0,1.0,0.0,0.0,0.0,0,0,0.0,1,0,0.5833333333333333,0,0.0,0,0.0,0,1,0,0.8199885217475857,0.3333333333333333,0.0,0.0,0.0,0.0,0.0,0.0,0.0,0.0,0.0,0.0,1.0333218550809191,0.0,0.0
A000000155291,웰라쥬 리얼 시카카밍 95 크림,지성,91d400ef9846a44568e204eb2c12a16c,0,0,0,0,0,1,0,9,5,2,5,7,2,0,0,1,0,2,0,1.0,0.0,1.0,1.0,1.0,0.0,0.0,0.0,0,0,0.0,1,0,0.5833333333333333,0,0.0,0,0.0,0,1,0,0.0,0.0,0.0,0.0,0.0,0.0,0.0,0.25639747477898106,0.26231289352491105,0.0,0.0,0.0,0.0,0.0,0.0
A000000155291,웰라쥬 리얼 시카카밍 95 크림,복합성,91d400ef9846a44568e204eb2c12a16c,0,0,1,0,0,0,0,9,5,2,5,7,2,0,0,1,0,2,0,1.0,0.0,1.0,1.0,1.0,0.0,0.0,0.0,0,0,0.0,1,0,0.5833333333333333,0,0.0,0,0.0,0,1,0,0.0,0.0,0.0,0.0,0.0,0.0,0.0,0.0,0.0,0.0,0.0,0.0,0.0,0.0,0.0
A000000155291,웰라쥬 리얼 시카카밍 95 크림,민감성,91d400ef9846a44568e204eb2c12a16c,0,1,0,0,0,0,0,9,5,2,5,7,2,0,0,1,0,2,0,1.0,0.0,1.0,1.0,1.0,0.0,0.0,0.0,0,0,0.0,1,0,0.5833333333333333,0,0.0,0,0.0,0,1,0,0.0,0.0,0.9619709111476769,0.0,0.0,0.0,0.0,0.0,0.0,0.0,0.0,0.0,0.4617460373508849,0.0,0.0
A000000155291,웰라쥬 리얼 시카카밍 95 크림,트러블성,91d400ef9846a44568e204eb2c12a16c,0,0,0,0,0,0,1,9,5,2,5,7,2,0,0,1,0,2,0,1.0,0.0,1.0,1.0,1.0,0.0,0.0,0.0,0,0,0.0,1,0,0.5833333333333333,0,0.0,0,0.0,0,1,0,0.0,0.0,0.0,0.0,0.0,0.0,0.0,0.0,0.0,0.0,0.0,0.0,0.0,0.0,0.0
A000000155291,웰라쥬 리얼 시카카밍 95 크림,중성,91d400ef9846a44568e204eb2c12a16c,0,0,0,0,1,0,0,9,5,2,5,7,2,0,0,1,0,2,0,1.0,0.0,1.0,1.0,1.0,0.0,0.0,0.0,0,0,0.0,1,0,0.5833333333333333,0,0.0,0,0.0,0,1,0,0.0,0.0,0.0,0.0,0.0,0.0,0.0,0.0,0.0,0.0,0.0,0.0,0.0,0.0,0.0
A000000156230,에스네이처 아쿠아 스쿠알란 수분크림,건성,5306082f15faea4ec55cf711bafcc3ac,1,0,0,0,0,0,0,19,1,1,2,2,2,0,0,0,1,0,0,0.0,0.0,0.0,0.0,0.0,0.0,0.0,0.0,0,0,0.0,1,1,0.8076923076923077,0,0.0,0,0.0,0,0,0,0.5366402610252968,0.0,0.0,0.0,0.0,0.0,0.0,0.0,0.0,0.0,0.0,0.0,0.5366402610252968,0.0,0.0
A000000156230,에스네이처 아쿠아 스쿠알란 수분크림,약건성,5306082f15faea4ec55cf711bafcc3ac,0,0,0,1,0,0,0,19,1,1,2,2,2,0,0,0,1,0,0,0.0,0.0,0.0,0.0,0.0,0.0,0.0,0.0,0,0,0.0,1,1,0.8076923076923077,0,0.0,0,0.0,0,0,0,0.5366402610252968,0.0,0.0,0.0,0.0,0.0,0.0,0.0,0.0,0.0,0.0,0.0,0.5366402610252968,0.0,0.0
A000000156230,에스네이처 아쿠아 스쿠알란 수분크림,지성,5306082f15faea4ec55cf711bafcc3ac,0,0,0,0,0,1,0,19,1,1,2,2,2,0,0,0,1,0,0,0.0,0.0,0.0,0.0,0.0,0.0,0.0,0.0,0,0,0.0,1,1,0.8076923076923077,0,0.0,0,0.0,0,0,0,0.0,0.0,0.0,0.0,0.0,0.0,0.0,0.0,0.0,0.0,0.0,0.0,0.0,0.0,0.0
A000000156230,에스네이처 아쿠아 스쿠알란 수분크림,복합성,5306082f15faea4ec55cf711bafcc3ac,0,0,1,0,0,0,0,19,1,1,2,2,2,0,0,0,1,0,0,0.0,0.0,0.0,0.0,0.0,0.0,0.0,0.0,0,0,0.0,1,1,0.8076923076923077,0,0.0,0,0.0,0,0,0,0.0,0.0,0.0,0.0,0.0,0.0,0.0,0.0,0.0,0.0,0.0,0.0,0.0,0.0,0.0
A000000156230,에스네이처 아쿠아 스쿠알란 수분크림,민감성,5306082f15faea4ec55cf711bafcc3ac,0,1,0,0,0,0,0,19,1,1,2,2,2,0,0,0,1,0,0,0.0,0.0,0.0,0.0,0.0,0.0,0.0,0.0,0,0,0.0,1,1,0.8076923076923077,0,0.0,0,0.0,0,0,0,0.0,0.0,0.736546115786664,0.0,0.0,0.0,0.0,0.0,0.0,0.0,0.0,0.0,0.35354213557759867,0.0,0.0
A000000156230,에스네이처 아쿠아 스쿠알란 수분크림,트러블성,5306082f15faea4ec55cf711bafcc3ac,0,0,0,0,0,0,1,19,1,1,2,2,2,0,0,0,1,0,0,0.0,0.0,0.0,0.0,0.0,0.0,0.0,0.0,0,0,0.0,1,1,0.8076923076923077,0,0.0,0,0.0,0,0,0,0.0,0.0,0.0,0.0,0.0,0.0,0.0,0.0,0.0,0.0,0.0,0.0,0.0,0.0,0.0
A000000156230,에스네이처 아쿠아 스쿠알란 수분크림,중성,5306082f15faea4ec55cf711bafcc3ac,0,0,0,0,1,0,0,19,1,1,2,2,2,0,0,0,1,0,0,0.0,0.0,0.0,0.0,0.0,0.0,0.0,0.0,0,0,0.0,1,1,0.8076923076923077,0,0.0,0,0.0,0,0,0,0.0,0.0,0.0,0.0,0.0,0.0,0.0,0.0,0.0,0.0,0.0,0.0,0.0,0.0,0.0
A000000158038,아비브 부활초 크림 뉴트리션,건성,dd5feebbabfdcb541c26f3ebb90d7a85,1,0,0,0,0,0,0,6,8,4,3,2,2,0,0,1,0,3,2,0.0,0.0,1.0,0.0,3.0,1.0,3.0,0.0,0,0,0.0,1,0,0.6153846153846154,0,0.0,0,0.0,0,1,0,0.9020330481400168,0.3333333333333333,0.0,0.0,0.0,0.0,0.0,0.0,0.0,0.0,0.0,0.0,1.11536638147335,0.0,0.0
A000000158038,아비브 부활초 크림 뉴트리션,약건성,dd5feebbabfdcb541c26f3ebb90d7a85,0,0,0,1,0,0,0,6,8,4,3,2,2,0,0,1,0,3,2,0.0,0.0,1.0,0.0,3.0,1.0,3.0,0.0,0,0,0.0,1,0,0.6153846153846154,0,0.0,0,0.0,0,1,0,0.9020330481400168,0.3333333333333333,0.0,0.0,0.0,0.0,0.0,0.0,0.0,0.0,0.0,0.0,1.11536638147335,0.0,0.0
A000000158038,아비브 부활초 크림 뉴트리션,지성,dd5feebbabfdcb541c26f3ebb90d7a85,0,0,0,0,0,1,0,6,8,4,3,2,2,0,0,1,0,3,2,0.0,0.0,1.0,0.0,3.0,1.0,3.0,0.0,0,0,0.0,1,0,0.6153846153846154,0,0.0,0,0.0,0,1,0,0.0,0.0,0.0,0.0,0.0,0.0,0.0,0.5301380279427682,0.13115644676245553,0.0,0.0,0.0,0.0,0.0,0.0
A000000158038,아비브 부활초 크림 뉴트리션,복합성,dd5feebbabfdcb541c26f3ebb90d7a85,0,0,1,0,0,0,0,6,8,4,3,2,2,0,0,1,0,3,2,0.0,0.0,1.0,0.0,3.0,1.0,3.0,0.0,0,0,0.0,1,0,0.6153846153846154,0,0.0,0,0.0,0,1,0,0.0,0.0,0.0,0.0,0.0,0.0,0.0,0.0,0.0,0.0,0.0,0.0,0.0,0.0,0.0
A000000158038,아비브 부활초 크림 뉴트리션,민감성,dd5feebbabfdcb541c26f3ebb90d7a85,0,1,0,0,0,0,0,6,8,4,3,2,2,0,0,1,0,3,2,0.0,0.0,1.0,0.0,3.0,1.0,3.0,0.0,0,0,0.0,1,0,0.6153846153846154,0,0.0,0,0.0,0,1,0,0.0,0.0,0.7889498396298451,0.0,0.0,0.0,0.0,0.0,0.0,0.0,0.0,0.0,0.37869592302232563,0.0,0.0
A000000158038,아비브 부활초 크림 뉴트리션,트러블성,dd5feebbabfdcb541c26f3ebb90d7a85,0,0,0,0,0,0,1,6,8,4,3,2,2,0,0,1,0,3,2,0.0,0.0,1.0,0.0,3.0,1.0,3.0,0.0,0,0,0.0,1,0,0.6153846153846154,0,0.0,0,0.0,0,1,0,0.0,0.0,0.0,0.0,0.0,0.0,0.0,0.0,0.0,0.0,0.0,0.0,0.0,0.0,0.0
A000000158038,아비브 부활초 크림 뉴트리션,중성,dd5feebbabfdcb541c26f3ebb90d7a85,0,0,0,0,1,0,0,6,8,4,3,2,2,0,0,1,0,3,2,0.0,0.0,1.0,0.0,3.0,1.0,3.0,0.0,0,0,0.0,1,0,0.6153846153846154,0,0.0,0,0.0,0,1,0,0.0,0.0,0.0,0.0,0.0,0.0,0.0,0.0,0.0,0.0,0.0,0.0,0.0,0.0,0.0
A000000161804,라로슈포제 똘러리앙 덤알레르고 플루이드,건성,8e18bc3696df145d9205378cb742a302,1,0,0,0,0,0,0,5,2,2,2,0,1,0,0,0,1,2,1,0.0,0.0,0.0,0.0,0.0,0.0,1.0,0.0,0,0,0.0,0,0,0.0,0,0.0,0,0.0,0,0,0,0.6869035566079709,0.0,0.0,0.0,0.0,0.0,0.0,0.0,0.0,0.0,0.0,0.0,0.6869035566079709,0.0,0.0
A000000161804,라로슈포제 똘러리앙 덤알레르고 플루이드,약건성,8e18bc3696df145d9205378cb742a302,0,0,0,1,0,0,0,5,2,2,2,0,1,0,0,0,1,2,1,0.0,0.0,0.0,0.0,0.0,0.0,1.0,0.0,0,0,0.0,0,0,0.0,0,0.0,0,0.0,0,0,0,0.6869035566079709,0.0,0.0,0.0,0.0,0.0,0.0,0.0,0.0,0.0,0.0,0.0,0.6869035566079709,0.0,0.0
A000000161804,라로슈포제 똘러리앙 덤알레르고 플루이드,지성,8e18bc3696df145d9205378cb742a302,0,0,0,0,0,1,0,5,2,2,2,0,1,0,0,0,1,2,1,0.0,0.0,0.0,0.0,0.0,0.0,1.0,0.0,0,0,0.0,0,0,0.0,0,0.0,0,0.0,0,0,0,0.0,0.0,0.0,0.0,0.0,0.0,0.0,0.15803013970713942,0.0,0.0,0.0,0.0,0.0,0.0,0.0
A000000161804,라로슈포제 똘러리앙 덤알레르고 플루이드,복합성,8e18bc3696df145d9205378cb742a302,0,0,1,0,0,0,0,5,2,2,2,0,1,0,0,0,1,2,1,0.0,0.0,0.0,0.0,0.0,0.0,1.0,0.0,0,0,0.0,0,0,0.0,0,0.0,0,0.0,0,0,0,0.0,0.0,0.0,0.0,0.0,0.0,0.0,0.0,0.0,0.0,0.0,0.0,0.0,0.0,0.0
A000000161804,라로슈포제 똘러리앙 덤알레르고 플루이드,민감성,8e18bc3696df145d9205378cb742a302,0,1,0,0,0,0,0,5,2,2,2,0,1,0,0,0,1,2,1,0.0,0.0,0.0,0.0,0.0,0.0,1.0,0.0,0,0,0.0,0,0,0.0,0,0.0,0,0.0,0,0,0,0.0,0.0,0.0,0.0,0.0,0.0,0.0,0.0,0.0,0.0,0.0,0.0,0.0,0.0,0.0
A000000161804,라로슈포제 똘러리앙 덤알레르고 플루이드,트러블성,8e18bc3696df145d9205378cb742a302,0,0,0,0,0,0,1,5,2,2,2,0,1,0,0,0,1,2,1,0.0,0.0,0.0,0.0,0.0,0.0,1.0,0.0,0,0,0.0,0,0,0.0,0,0.0,0,0.0,0,0,0,0.0,0.0,0.0,0.0,0.0,0.0,0.0,0.0,0.0,0.0,0.0,0.0,0.0,0.0,0.0
A000000161804,라로슈포제 똘러리앙 덤알레르고 플루이드,중성,8e18bc3696df145d9205378cb742a302,0,0,0,0,1,0,0,5,2,2,2,0,1,0,0,0,1,2,1,0.0,0.0,0.0,0.0,0.0,0.0,1.0,0.0,0,0,0.0,0,0,0.0,0,0.0,0,0.0,0,0,0,0.0,0.0,0.0,0.0,0.0,0.0,0.0,0.0,0.0,0.0,0.0,0.0,0.0,0.0,0.0
A000000161805,라로슈포제 똘러리앙 덤알레르고 크림,건성,8a2b7105b50c22c1118c4622f11a6a00,1,0,0,0,0,0,0,4,4,4,2,0,1,0,0,2,1,2,1,0.0,0.0,2.0,0.0,1.0,0.0,1.0,0.0,0,0,0.0,0,0,0.0,0,0.0,0,0.0,0,0,0,0.8196032043147743,0.0,0.0,0.0,0.0,0.0,0.0,0.0,0.0,0.0,0.0,0.0,0.8196032043147743,0.0,0.0
A000000161805,라로슈포제 똘러리앙 덤알레르고 크림,약건성,8a2b7105b50c22c1118c4622f11a6a00,0,0,0,1,0,0,0,4,4,4,2,0,1,0,0,2,1,2,1,0.0,0.0,2.0,0.0,1.0,0.0,1.0,0.0,0,0,0.0,0,0,0.0,0,0.0,0,0.0,0,0,0,0.8196032043147743,0.0,0.0,0.0,0.0,0.0,0.0,0.0,0.0,0.0,0.0,0.0,0.8196032043147743,0.0,0.0
A000000161805,라로슈포제 똘러리앙 덤알레르고 크림,지성,8a2b7105b50c22c1118c4622f11a6a00,0,0,0,0,0,1,0,4,4,4,2,0,1,0,0,2,1,2,1,0.0,0.0,2.0,0.0,1.0,0.0,1.0,0.0,0,0,0.0,0,0,0.0,0,0.0,0,0.0,0,0,0,0.0,0.0,0.0,0.0,0.0,0.0,0.0,0.25639747477898106,0.21070685294285255,0.0,0.0,0.0,0.0,0.0,0.0
A000000161805,라로슈포제 똘러리앙 덤알레르고 크림,복합성,8a2b7105b50c22c1118c4622f11a6a00,0,0,1,0,0,0,0,4,4,4,2,0,1,0,0,2,1,2,1,0.0,0.0,2.0,0.0,1.0,0.0,1.0,0.0,0,0,0.0,0,0,0.0,0,0.0,0,0.0,0,0,0,0.0,0.0,0.0,0.0,0.0,0.0,0.0,0.0,0.0,0.0,0.0,0.0,0.0,0.0,0.0
A000000161805,라로슈포제 똘러리앙 덤알레르고 크림,민감성,8a2b7105b50c22c1118c4622f11a6a00,0,1,0,0,0,0,0,4,4,4,2,0,1,0,0,2,1,2,1,0.0,0.0,2.0,0.0,1.0,0.0,1.0,0.0,0,0,0.0,0,0,0.0,0,0.0,0,0.0,0,0,0,0.0,0.0,0.0,0.0,0.0,0.0,0.0,0.0,0.0,0.0,0.0,0.0,0.0,0.0,0.0
A000000161805,라로슈포제 똘러리앙 덤알레르고 크림,트러블성,8a2b7105b50c22c1118c4622f11a6a00,0,0,0,0,0,0,1,4,4,4,2,0,1,0,0,2,1,2,1,0.0,0.0,2.0,0.0,1.0,0.0,1.0,0.0,0,0,0.0,0,0,0.0,0,0.0,0,0.0,0,0,0,0.0,0.0,0.0,0.0,0.0,0.0,0.0,0.0,0.0,0.0,0.0,0.0,0.0,0.0,0.0
A000000161805,라로슈포제 똘러리앙 덤알레르고 크림,중성,8a2b7105b50c22c1118c4622f11a6a00,0,0,0,0,1,0,0,4,4,4,2,0,1,0,0,2,1,2,1,0.0,0.0,2.0,0.0,1.0,0.0,1.0,0.0,0,0,0.0,0,0,0.0,0,0.0,0,0.0,0,0,0,0.0,0.0,0.0,0.0,0.0,0.0,0.0,0.0,0.0,0.0,0.0,0.0,0.0,0.0,0.0
A000000163496,라운드랩 포 맨 자작나무 수분 크림,건성,eb8517b2ee16423e57fadbc0639151d4,1,0,0,0,0,0,0,8,1,2,2,3,2,0,0,3,0,11,0,1.0,1.0,1.0,0.0,0.0,0.0,0.0,0.0,0,0,0.0,0,0,0.0,0,0.0,0,0.0,0,1,0,0.6139669184310501,0.3333333333333333,0.0,0.0,0.0,0.0,0.0,0.0,0.0,0.0,0.0,0.0,0.8273002517643835,0.0,0.0
A000000163496,라운드랩 포 맨 자작나무 수분 크림,약건성,eb8517b2ee16423e57fadbc0639151d4,0,0,0,1,0,0,0,8,1,2,2,3,2,0,0,3,0,11,0,1.0,1.0,1.0,0.0,0.0,0.0,0.0,0.0,0,0,0.0,0,0,0.0,0,0.0,0,0.0,0,1,0,0.6139669184310501,0.3333333333333333,0.0,0.0,0.0,0.0,0.0,0.0,0.0,0.0,0.0,0.0,0.8273002517643835,0.0,0.0
A000000163496,라운드랩 포 맨 자작나무 수분 크림,지성,eb8517b2ee16423e57fadbc0639151d4,0,0,0,0,0,1,0,8,1,2,2,3,2,0,0,3,0,11,0,1.0,1.0,1.0,0.0,0.0,0.0,0.0,0.0,0,0,0.0,0,0,0.0,0,0.0,0,0.0,0,1,0,0.0,0.0,0.0,0.0,0.0,0.0,0.0,0.0,0.4730197464677636,0.0,0.0,0.0,0.0,0.0,0.0
A000000163496,라운드랩 포 맨 자작나무 수분 크림,복합성,eb8517b2ee16423e57fadbc0639151d4,0,0,1,0,0,0,0,8,1,2,2,3,2,0,0,3,0,11,0,1.0,1.0,1.0,0.0,0.0,0.0,0.0,0.0,0,0,0.0,0,0,0.0,0,0.0,0,0.0,0,1,0,0.0,0.0,0.0,0.0,0.0,0.0,0.0,0.0,0.0,0.0,0.0,0.0,0.0,0.0,0.0
A000000163496,라운드랩 포 맨 자작나무 수분 크림,민감성,eb8517b2ee16423e57fadbc0639151d4,0,1,0,0,0,0,0,8,1,2,2,3,2,0,0,3,0,11,0,1.0,1.0,1.0,0.0,0.0,0.0,0.0,0.0,0,0,0.0,0,0,0.0,0,0.0,0,0.0,0,1,0,0.0,0.0,0.0,0.0,0.0,0.0,0.0,0.0,0.0,0.0,0.0,0.0,0.0,0.0,0.0
A000000163496,라운드랩 포 맨 자작나무 수분 크림,트러블성,eb8517b2ee16423e57fadbc0639151d4,0,0,0,0,0,0,1,8,1,2,2,3,2,0,0,3,0,11,0,1.0,1.0,1.0,0.0,0.0,0.0,0.0,0.0,0,0,0.0,0,0,0.0,0,0.0,0,0.0,0,1,0,0.0,0.0,0.0,0.0,0.0,0.0,0.0,0.0,0.0,0.0,0.0,0.0,0.0,0.0,0.0
A000000163496,라운드랩 포 맨 자작나무 수분 크림,중성,eb8517b2ee16423e57fadbc0639151d4,0,0,0,0,1,0,0,8,1,2,2,3,2,0,0,3,0,11,0,1.0,1.0,1.0,0.0,0.0,0.0,0.0,0.0,0,0,0.0,0,0,0.0,0,0.0,0,0.0,0,1,0,0.0,0.0,0.0,0.0,0.0,0.0,0.0,0.0,0.0,0.0,0.0,0.0,0.0,0.0,0.0
A000000163687,비플레인 시카테롤 크림,건성,bb2482b2f0fcd6a438c306a5ff09323b,1,0,0,0,0,0,0,8,2,0,2,7,2,0,0,0,0,2,0,3.0,0.0,0.0,0.0,0.0,0.0,0.0,0.0,1,1,0.8,1,0,0.5,0,0.0,0,0.0,0,0,0,0.0,0.0,0.0,0.0,0.0,0.0,0.0,0.0,0.0,0.0,0.0,0.0,0.0,0.0,0.0
A000000163687,비플레인 시카테롤 크림,약건성,bb2482b2f0fcd6a438c306a5ff09323b,0,0,0,1,0,0,0,8,2,0,2,7,2,0,0,0,0,2,0,3.0,0.0,0.0,0.0,0.0,0.0,0.0,0.0,1,1,0.8,1,0,0.5,0,0.0,0,0.0,0,0,0,0.0,0.0,0.0,0.0,0.0,0.0,0.0,0.0,0.0,0.0,0.0,0.0,0.0,0.0,0.0
A000000163687,비플레인 시카테롤 크림,지성,bb2482b2f0fcd6a438c306a5ff09323b,0,0,0,0,0,1,0,8,2,0,2,7,2,0,0,0,0,2,0,3.0,0.0,0.0,0.0,0.0,0.0,0.0,0.0,1,1,0.8,1,0,0.5,0,0.0,0,0.0,0,0,0,0.0,0.0,0.0,0.0,0.0,0.0,0.8,0.0,0.2589566132838567,0.0,0.0,0.0,0.6400000000000001,0.0,0.0
A000000163687,비플레인 시카테롤 크림,복합성,bb2482b2f0fcd6a438c306a5ff09323b,0,0,1,0,0,0,0,8,2,0,2,7,2,0,0,0,0,2,0,3.0,0.0,0.0,0.0,0.0,0.0,0.0,0.0,1,1,0.8,1,0,0.5,0,0.0,0,0.0,0,0,0,0.0,0.0,0.0,0.0,0.0,0.0,0.0,0.0,0.0,0.0,0.0,0.0,0.0,0.0,0.0
A000000163687,비플레인 시카테롤 크림,민감성,bb2482b2f0fcd6a438c306a5ff09323b,0,1,0,0,0,0,0,8,2,0,2,7,2,0,0,0,0,2,0,3.0,0.0,0.0,0.0,0.0,0.0,0.0,0.0,1,1,0.8,1,0,0.5,0,0.0,0,0.0,0,0,0,0.0,0.0,0.849495512377433,0.0,0.0,0.0,0.0,0.0,0.0,0.0,0.0,0.0,0.4077578459411678,0.0,0.0
A000000163687,비플레인 시카테롤 크림,트러블성,bb2482b2f0fcd6a438c306a5ff09323b,0,0,0,0,0,0,1,8,2,0,2,7,2,0,0,0,0,2,0,3.0,0.0,0.0,0.0,0.0,0.0,0.0,0.0,1,1,0.8,1,0,0.5,0,0.0,0,0.0,0,0,0,0.0,0.0,0.0,0.0,0.0,0.0,0.0,0.0,0.0,0.0,0.0,0.0,0.0,0.0,0.0
A000000163687,비플레인 시카테롤 크림,중성,bb2482b2f0fcd6a438c306a5ff09323b,0,0,0,0,1,0,0,8,2,0,2,7,2,0,0,0,0,2,0,3.0,0.0,0.0,0.0,0.0,0.0,0.0,0.0,1,1,0.8,1,0,0.5,0,0.0,0,0.0,0,0,0,0.0,0.0,0.0,0.0,0.0,0.0,0.0,0.0,0.0,0.0,0.0,0.0,0.0,0.0,0.0
A000000164614,어바웃미 숲 진정 수분 크림,건성,9f223052412881c2ded5bb55c29f74df,1,0,0,0,0,0,0,6,1,4,0,5,2,0,0,3,0,11,3,0.0,1.0,2.0,1.0,0.0,3.0,0.0,0.0,1,1,0.875,0,0,0.0,0,0.0,0,0.0,0,0,0,0.665072194029554,0.0,0.0,0.0,0.0,0.0,0.0,0.0,0.0,0.0,0.0,0.0,0.665072194029554,0.0,0.0
A000000164614,어바웃미 숲 진정 수분 크림,약건성,9f223052412881c2ded5bb55c29f74df,0,0,0,1,0,0,0,6,1,4,0,5,2,0,0,3,0,11,3,0.0,1.0,2.0,1.0,0.0,3.0,0.0,0.0,1,1,0.875,0,0,0.0,0,0.0,0,0.0,0,0,0,0.665072194029554,0.0,0.0,0.0,0.0,0.0,0.0,0.0,0.0,0.0,0.0,0.0,0.665072194029554,0.0,0.0
A000000164614,어바웃미 숲 진정 수분 크림,지성,9f223052412881c2ded5bb55c29f74df,0,0,0,0,0,1,0,6,1,4,0,5,2,0,0,3,0,11,3,0.0,1.0,2.0,1.0,0.0,3.0,0.0,0.0,1,1,0.875,0,0,0.0,0,0.0,0,0.0,0,0,0,0.0,0.0,0.0,0.0,0.0,0.0,0.875,0.35224759967003194,0.4214137058857051,0.0,0.0,0.0,0.7000000000000001,0.0,0.0
A000000164614,어바웃미 숲 진정 수분 크림,복합성,9f223052412881c2ded5bb55c29f74df,0,0,1,0,0,0,0,6,1,4,0,5,2,0,0,3,0,11,3,0.0,1.0,2.0,1.0,0.0,3.0,0.0,0.0,1,1,0.875,0,0,0.0,0,0.0,0,0.0,0,0,0,0.0,0.0,0.0,0.0,0.0,0.0,0.0,0.0,0.0,0.0,0.0,0.0,0.0,0.0,0.0
A000000164614,어바웃미 숲 진정 수분 크림,민감성,9f223052412881c2ded5bb55c29f74df,0,1,0,0,0,0,0,6,1,4,0,5,2,0,0,3,0,11,3,0.0,1.0,2.0,1.0,0.0,3.0,0.0,0.0,1,1,0.875,0,0,0.0,0,0.0,0,0.0,0,0,0,0.0,0.0,0.0,0.0,0.0,0.0,0.0,0.0,0.0,0.0,0.0,0.0,0.0,0.0,0.0
A000000164614,어바웃미 숲 진정 수분 크림,트러블성,9f223052412881c2ded5bb55c29f74df,0,0,0,0,0,0,1,6,1,4,0,5,2,0,0,3,0,11,3,0.0,1.0,2.0,1.0,0.0,3.0,0.0,0.0,1,1,0.875,0,0,0.0,0,0.0,0,0.0,0,0,0,0.0,0.0,0.0,0.0,0.0,0.0,0.0,0.0,0.0,0.0,0.0,0.0,0.0,0.0,0.0
A000000164614,어바웃미 숲 진정 수분 크림,중성,9f223052412881c2ded5bb55c29f74df,0,0,0,0,1,0,0,6,1,4,0,5,2,0,0,3,0,11,3,0.0,1.0,2.0,1.0,0.0,3.0,0.0,0.0,1,1,0.875,0,0,0.0,0,0.0,0,0.0,0,0,0,0.0,0.0,0.0,0.0,0.0,0.0,0.0,0.0,0.0,0.0,0.0,0.0,0.0,0.0,0.0
A000000166586,라운드랩 자작나무 수분 크림,건성,de88ee72ff23b352851568d1493337e4,1,0,0,0,0,0,0,8,4,1,1,3,1,0,0,0,0,12,0,1.0,0.0,0.0,0.0,0.0,0.0,0.0,0.0,0,0,0.0,1,1,0.7567567567567568,0,0.0,0,0.0,0,0,0,0.6815445438106533,0.0,0.0,0.0,0.0,0.0,0.0,0.0,0.0,0.0,0.0,0.0,0.6815445438106533,0.0,0.0
A000000166586,라운드랩 자작나무 수분 크림,약건성,de88ee72ff23b352851568d1493337e4,0,0,0,1,0,0,0,8,4,1,1,3,1,0,0,0,0,12,0,1.0,0.0,0.0,0.0,0.0,0.0,0.0,0.0,0,0,0.0,1,1,0.7567567567567568,0,0.0,0,0.0,0,0,0,0.6815445438106533,0.0,0.0,0.0,0.0,0.0,0.0,0.0,0.0,0.0,0.0,0.0,0.6815445438106533,0.0,0.0
A000000166586,라운드랩 자작나무 수분 크림,지성,de88ee72ff23b352851568d1493337e4,0,0,0,0,0,1,0,8,4,1,1,3,1,0,0,0,0,12,0,1.0,0.0,0.0,0.0,0.0,0.0,0.0,0.0,0,0,0.0,1,1,0.7567567567567568,0,0.0,0,0.0,0,0,0,0.0,0.0,0.0,0.0,0.0,0.0,0.0,0.0,0.13115644676245553,0.0,0.0,0.0,0.0,0.0,0.0
A000000166586,라운드랩 자작나무 수분 크림,복합성,de88ee72ff23b352851568d1493337e4,0,0,1,0,0,0,0,8,4,1,1,3,1,0,0,0,0,12,0,1.0,0.0,0.0,0.0,0.0,0.0,0.0,0.0,0,0,0.0,1,1,0.7567567567567568,0,0.0,0,0.0,0,0,0,0.0,0.0,0.0,0.0,0.0,0.0,0.0,0.0,0.0,0.0,0.0,0.0,0.0,0.0,0.0
A000000166586,라운드랩 자작나무 수분 크림,민감성,de88ee72ff23b352851568d1493337e4,0,1,0,0,0,0,0,8,4,1,1,3,1,0,0,0,0,12,0,1.0,0.0,0.0,0.0,0.0,0.0,0.0,0.0,0,0,0.0,1,1,0.7567567567567568,0,0.0,0,0.0,0,0,0,0.0,0.0,0.6736273621134925,0.0,0.0,0.0,0.0,0.0,0.0,0.0,0.0,0.0,0.3233411338144764,0.0,0.0
A000000166586,라운드랩 자작나무 수분 크림,트러블성,de88ee72ff23b352851568d1493337e4,0,0,0,0,0,0,1,8,4,1,1,3,1,0,0,0,0,12,0,1.0,0.0,0.0,0.0,0.0,0.0,0.0,0.0,0,0,0.0,1,1,0.7567567567567568,0,0.0,0,0.0,0,0,0,0.0,0.0,0.0,0.0,0.0,0.0,0.0,0.0,0.0,0.0,0.0,0.0,0.0,0.0,0.0
A000000166586,라운드랩 자작나무 수분 크림,중성,de88ee72ff23b352851568d1493337e4,0,0,0,0,1,0,0,8,4,1,1,3,1,0,0,0,0,12,0,1.0,0.0,0.0,0.0,0.0,0.0,0.0,0.0,0,0,0.0,1,1,0.7567567567567568,0,0.0,0,0.0,0,0,0,0.0,0.0,0.0,0.0,0.0,0.0,0.0,0.0,0.0,0.0,0.0,0.0,0.0,0.0,0.0
A000000171829,바이오더마 아토덤 인텐시브 밤,건성,8012526939a4d9b8a907117d2b2e1f96,1,0,0,0,0,0,0,6,2,1,5,0,1,0,0,0,0,1,3,0.0,0.0,0.0,1.0,1.0,3.0,0.0,0.0,0,0,0.0,0,0,0.0,1,0.2857142857142857,0,0.0,1,0,0,0.5991278621635413,0.6666666666666666,0.0,0.0,0.0,0.0,0.0,0.0,0.0,0.0,0.0,0.0,1.025794528830208,0.0,0.0
A000000171829,바이오더마 아토덤 인텐시브 밤,약건성,8012526939a4d9b8a907117d2b2e1f96,0,0,0,1,0,0,0,6,2,1,5,0,1,0,0,0,0,1,3,0.0,0.0,0.0,1.0,1.0,3.0,0.0,0.0,0,0,0.0,0,0,0.0,1,0.2857142857142857,0,0.0,1,0,0,0.5991278621635413,0.6666666666666666,0.0,0.0,0.0,0.0,0.0,0.0,0.0,0.0,0.0,0.0,1.025794528830208,0.0,0.0
A000000171829,바이오더마 아토덤 인텐시브 밤,지성,8012526939a4d9b8a907117d2b2e1f96,0,0,0,0,0,1,0,6,2,1,5,0,1,0,0,0,0,1,3,0.0,0.0,0.0,1.0,1.0,3.0,0.0,0.0,0,0,0.0,0,0,0.0,1,0.2857142857142857,0,0.0,1,0,0,0.0,0.0,0.0,0.0,0.0,0.0,0.0,0.4506149347418736,0.0,0.0,0.0,0.0,0.0,0.0,0.0
A000000171829,바이오더마 아토덤 인텐시브 밤,복합성,8012526939a4d9b8a907117d2b2e1f96,0,0,1,0,0,0,0,6,2,1,5,0,1,0,0,0,0,1,3,0.0,0.0,0.0,1.0,1.0,3.0,0.0,0.0,0,0,0.0,0,0,0.0,1,0.2857142857142857,0,0.0,1,0,0,0.0,0.0,0.0,0.0,0.0,0.0,0.0,0.0,0.0,0.0,0.0,0.0,0.0,0.0,0.0
A000000171829,바이오더마 아토덤 인텐시브 밤,민감성,8012526939a4d9b8a907117d2b2e1f96,0,1,0,0,0,0,0,6,2,1,5,0,1,0,0,0,0,1,3,0.0,0.0,0.0,1.0,1.0,3.0,0.0,0.0,0,0,0.0,0,0,0.0,1,0.2857142857142857,0,0.0,1,0,0,0.0,0.0,0.0,0.0,0.0,0.0,0.0,0.0,0.0,0.0,0.0,0.0,0.0,0.0,0.0
A000000171829,바이오더마 아토덤 인텐시브 밤,트러블성,8012526939a4d9b8a907117d2b2e1f96,0,0,0,0,0,0,1,6,2,1,5,0,1,0,0,0,0,1,3,0.0,0.0,0.0,1.0,1.0,3.0,0.0,0.0,0,0,0.0,0,0,0.0,1,0.2857142857142857,0,0.0,1,0,0,0.0,0.0,0.0,0.0,0.0,0.0,0.0,0.0,0.0,0.0,0.0,0.0,0.0,0.0,0.0
A000000171829,바이오더마 아토덤 인텐시브 밤,중성,8012526939a4d9b8a907117d2b2e1f96,0,0,0,0,1,0,0,6,2,1,5,0,1,0,0,0,0,1,3,0.0,0.0,0.0,1.0,1.0,3.0,0.0,0.0,0,0,0.0,0,0,0.0,1,0.2857142857142857,0,0.0,1,0,0,0.0,0.0,0.0,0.0,0.0,0.0,0.0,0.0,0.0,0.0,0.0,0.0,0.0,0.0,0.0
A000000172040,메이크프렘 인테카 수딩크림,건성,e974e261d6fafafcd56798cc97f38912,1,0,0,0,0,0,0,10,2,2,1,3,2,0,0,1,0,0,1,0.0,0.0,1.0,1.0,0.0,1.0,0.0,0.0,1,1,0.7586206896551724,0,0,0.0,0,0.0,0,0.0,0,0,0,0.7276813370984301,0.0,0.0,0.0,0.0,0.0,0.0,0.0,0.0,0.0,0.0,0.0,0.7276813370984301,0.0,0.0
A000000172040,메이크프렘 인테카 수딩크림,약건성,e974e261d6fafafcd56798cc97f38912,0,0,0,1,0,0,0,10,2,2,1,3,2,0,0,1,0,0,1,0.0,0.0,1.0,1.0,0.0,1.0,0.0,0.0,1,1,0.7586206896551724,0,0,0.0,0,0.0,0,0.0,0,0,0,0.7276813370984301,0.0,0.0,0.0,0.0,0.0,0.0,0.0,0.0,0.0,0.0,0.0,0.7276813370984301,0.0,0.0
A000000172040,메이크프렘 인테카 수딩크림,지성,e974e261d6fafafcd56798cc97f38912,0,0,0,0,0,1,0,10,2,2,1,3,2,0,0,1,0,0,1,0.0,0.0,1.0,1.0,0.0,1.0,0.0,0.0,1,1,0.7586206896551724,0,0,0.0,0,0.0,0,0.0,0,0,0,0.0,0.0,0.0,0.0,0.0,0.0,0.7586206896551724,0.25639747477898106,0.13115644676245553,0.0,0.0,0.0,0.6068965517241379,0.0,0.0
A000000172040,메이크프렘 인테카 수딩크림,복합성,e974e261d6fafafcd56798cc97f38912,0,0,1,0,0,0,0,10,2,2,1,3,2,0,0,1,0,0,1,0.0,0.0,1.0,1.0,0.0,1.0,0.0,0.0,1,1,0.7586206896551724,0,0,0.0,0,0.0,0,0.0,0,0,0,0.0,0.0,0.0,0.0,0.0,0.0,0.0,0.0,0.0,0.0,0.0,0.0,0.0,0.0,0.0
A000000172040,메이크프렘 인테카 수딩크림,민감성,e974e261d6fafafcd56798cc97f38912,0,1,0,0,0,0,0,10,2,2,1,3,2,0,0,1,0,0,1,0.0,0.0,1.0,1.0,0.0,1.0,0.0,0.0,1,1,0.7586206896551724,0,0,0.0,0,0.0,0,0.0,0,0,0,0.0,0.0,0.6736273621134925,0.0,0.0,0.0,0.0,0.0,0.0,0.0,0.0,0.0,0.3233411338144764,0.0,0.0
A000000172040,메이크프렘 인테카 수딩크림,트러블성,e974e261d6fafafcd56798cc97f38912,0,0,0,0,0,0,1,10,2,2,1,3,2,0,0,1,0,0,1,0.0,0.0,1.0,1.0,0.0,1.0,0.0,0.0,1,1,0.7586206896551724,0,0,0.0,0,0.0,0,0.0,0,0,0,0.0,0.0,0.0,0.0,0.0,0.0,0.0,0.0,0.0,0.0,0.0,0.0,0.0,0.0,0.0
A000000172040,메이크프렘 인테카 수딩크림,중성,e974e261d6fafafcd56798cc97f38912,0,0,0,0,1,0,0,10,2,2,1,3,2,0,0,1,0,0,1,0.0,0.0,1.0,1.0,0.0,1.0,0.0,0.0,1,1,0.7586206896551724,0,0,0.0,0,0.0,0,0.0,0,0,0,0.0,0.0,0.0,0.0,0.0,0.0,0.0,0.0,0.0,0.0,0.0,0.0,0.0,0.0,0.0
A000000172453,닥터지 레드 블레미쉬 클리어 모이스처 크림,건성,58d5fc2a6e5b15ca4a667b48b7edbecd,1,0,0,0,0,0,0,8,6,3,6,7,1,0,0,2,0,1,1,1.0,1.0,1.0,1.0,2.0,1.0,0.0,0.0,1,1,0.8979591836734694,1,0,0.24489795918367352,1,0.1428571428571429,0,0.0,0,1,0,0.8823301093419439,0.6666666666666666,0.0,0.0,0.0,0.0,0.0,0.0,0.0,0.0,0.0,0.0,1.3089967760086105,0.0,0.0
A000000172453,닥터지 레드 블레미쉬 클리어 모이스처 크림,약건성,58d5fc2a6e5b15ca4a667b48b7edbecd,0,0,0,1,0,0,0,8,6,3,6,7,1,0,0,2,0,1,1,1.0,1.0,1.0,1.0,2.0,1.0,0.0,0.0,1,1,0.8979591836734694,1,0,0.24489795918367352,1,0.1428571428571429,0,0.0,0,1,0,0.8823301093419439,0.6666666666666666,0.0,0.0,0.0,0.0,0.0,0.0,0.0,0.0,0.0,0.0,1.3089967760086105,0.0,0.0
A000000172453,닥터지 레드 블레미쉬 클리어 모이스처 크림,지성,58d5fc2a6e5b15ca4a667b48b7edbecd,0,0,0,0,0,1,0,8,6,3,6,7,1,0,0,2,0,1,1,1.0,1.0,1.0,1.0,2.0,1.0,0.0,0.0,1,1,0.8979591836734694,1,0,0.24489795918367352,1,0.1428571428571429,0,0.0,0,1,0,0.0,0.0,0.0,0.0,0.0,0.0,0.8979591836734694,0.4144276144861205,0.4730197464677636,0.0,0.0,0.0,0.7183673469387756,0.0,0.0
A000000172453,닥터지 레드 블레미쉬 클리어 모이스처 크림,복합성,58d5fc2a6e5b15ca4a667b48b7edbecd,0,0,1,0,0,0,0,8,6,3,6,7,1,0,0,2,0,1,1,1.0,1.0,1.0,1.0,2.0,1.0,0.0,0.0,1,1,0.8979591836734694,1,0,0.24489795918367352,1,0.1428571428571429,0,0.0,0,1,0,0.0,0.0,0.0,0.0,0.0,0.0,0.0,0.0,0.0,0.0,0.0,0.0,0.0,0.0,0.0
A000000172453,닥터지 레드 블레미쉬 클리어 모이스처 크림,민감성,58d5fc2a6e5b15ca4a667b48b7edbecd,0,1,0,0,0,0,0,8,6,3,6,7,1,0,0,2,0,1,1,1.0,1.0,1.0,1.0,2.0,1.0,0.0,0.0,1,1,0.8979591836734694,1,0,0.24489795918367352,1,0.1428571428571429,0,0.0,0,1,0,0.0,0.0,0.9731238037003707,0.0,0.0,0.0,0.0,0.0,0.0,0.0,0.0,0.0,0.4670994257761779,0.0,0.0
A000000172453,닥터지 레드 블레미쉬 클리어 모이스처 크림,트러블성,58d5fc2a6e5b15ca4a667b48b7edbecd,0,0,0,0,0,0,1,8,6,3,6,7,1,0,0,2,0,1,1,1.0,1.0,1.0,1.0,2.0,1.0,0.0,0.0,1,1,0.8979591836734694,1,0,0.24489795918367352,1,0.1428571428571429,0,0.0,0,1,0,0.0,0.0,0.0,0.0,0.0,0.0,0.0,0.0,0.0,1.0,0.0,0.0,0.7,0.0,0.0
A000000172453,닥터지 레드 블레미쉬 클리어 모이스처 크림,중성,58d5fc2a6e5b15ca4a667b48b7edbecd,0,0,0,0,1,0,0,8,6,3,6,7,1,0,0,2,0,1,1,1.0,1.0,1.0,1.0,2.0,1.0,0.0,0.0,1,1,0.8979591836734694,1,0,0.24489795918367352,1,0.1428571428571429,0,0.0,0,1,0,0.0,0.0,0.0,0.0,0.0,0.0,0.0,0.0,0.0,0.0,0.0,0.0,0.0,0.0,0.0
A000000173140,달바 세럼 올인원 멀티밤,건성,0617fcbd7614d072bd47e2462a4e7fc4,1,0,0,0,0,0,0,4,3,4,1,3,4,6,0,0,0,20,15,0.0,0.0,0.0,1.0,0.0,14.0,3.0,0.0,0,0,0.0,0,0,0.0,1,0.24193548387096775,0,0.0,0,0,0,0.7908676697926291,0.3333333333333333,0.0,0.0,0.0,0.0,0.0,0.0,0.0,0.0,0.0,0.0,1.0042010031259625,0.0,0.0
A000000173140,달바 세럼 올인원 멀티밤,약건성,0617fcbd7614d072bd47e2462a4e7fc4,0,0,0,1,0,0,0,4,3,4,1,3,4,6,0,0,0,20,15,0.0,0.0,0.0,1.0,0.0,14.0,3.0,0.0,0,0,0.0,0,0,0.0,1,0.24193548387096775,0,0.0,0,0,0,0.7908676697926291,0.3333333333333333,0.0,0.0,0.0,0.0,0.0,0.0,0.0,0.0,0.0,0.0,1.0042010031259625,0.0,0.0
A000000173140,달바 세럼 올인원 멀티밤,지성,0617fcbd7614d072bd47e2462a4e7fc4,0,0,0,0,0,1,0,4,3,4,1,3,4,6,0,0,0,20,15,0.0,0.0,0.0,1.0,0.0,14.0,3.0,0.0,0,0,0.0,0,0,0.0,1,0.24193548387096775,0,0.0,0,0,0,0.0,0.0,0.0,0.0,0.0,0.0,0.0,0.6453554021237848,0.0,0.0,0.0,0.0,0.0,0.0,0.0
A000000173140,달바 세럼 올인원 멀티밤,복합성,0617fcbd7614d072bd47e2462a4e7fc4,0,0,1,0,0,0,0,4,3,4,1,3,4,6,0,0,0,20,15,0.0,0.0,0.0,1.0,0.0,14.0,3.0,0.0,0,0,0.0,0,0,0.0,1,0.24193548387096775,0,0.0,0,0,0,0.0,0.0,0.0,0.0,0.0,0.0,0.0,0.0,0.0,0.0,0.0,0.0,0.0,0.0,0.0
A000000173140,달바 세럼 올인원 멀티밤,민감성,0617fcbd7614d072bd47e2462a4e7fc4,0,1,0,0,0,0,0,4,3,4,1,3,4,6,0,0,0,20,15,0.0,0.0,0.0,1.0,0.0,14.0,3.0,0.0,0,0,0.0,0,0,0.0,1,0.24193548387096775,0,0.0,0,0,0,0.0,0.0,0.0,0.9975212478233336,0.0,0.0,0.0,0.0,0.0,0.0,0.0,0.0,0.0,0.7980169982586669,0.0
A000000173140,달바 세럼 올인원 멀티밤,트러블성,0617fcbd7614d072bd47e2462a4e7fc4,0,0,0,0,0,0,1,4,3,4,1,3,4,6,0,0,0,20,15,0.0,0.0,0.0,1.0,0.0,14.0,3.0,0.0,0,0,0.0,0,0,0.0,1,0.24193548387096775,0,0.0,0,0,0,0.0,0.0,0.0,0.0,0.0,0.0,0.0,0.0,0.0,0.0,0.0,0.0,0.0,0.0,0.0
A000000173140,달바 세럼 올인원 멀티밤,중성,0617fcbd7614d072bd47e2462a4e7fc4,0,0,0,0,1,0,0,4,3,4,1,3,4,6,0,0,0,20,15,0.0,0.0,0.0,1.0,0.0,14.0,3.0,0.0,0,0,0.0,0,0,0.0,1,0.24193548387096775,0,0.0,0,0,0,0.0,0.0,0.0,0.0,0.0,0.0,0.0,0.0,0.0,0.0,0.0,0.0,0.0,0.0,0.0
A000000173180,비욘드 엔젤아쿠아 보습장벽크림,건성,d198c66d441569463f5e8621c6f2b897,1,0,0,0,0,0,0,11,8,3,2,8,2,0,0,1,0,14,2,1.0,0.0,1.0,1.0,2.0,1.0,1.0,0.0,1,0,0.7647058823529411,1,1,0.9019607843137255,0,0.0,0,0.0,0,1,0,0.9057844301680322,0.3333333333333333,0.0,0.0,0.0,0.0,0.0,0.0,0.0,0.0,0.0,0.0,1.1191177635013656,0.0,0.0
A000000173180,비욘드 엔젤아쿠아 보습장벽크림,약건성,d198c66d441569463f5e8621c6f2b897,0,0,0,1,0,0,0,11,8,3,2,8,2,0,0,1,0,14,2,1.0,0.0,1.0,1.0,2.0,1.0,1.0,0.0,1,0,0.7647058823529411,1,1,0.9019607843137255,0,0.0,0,0.0,0,1,0,0.9057844301680322,0.3333333333333333,0.0,0.0,0.0,0.0,0.0,0.0,0.0,0.0,0.0,0.0,1.1191177635013656,0.0,0.0
A000000173180,비욘드 엔젤아쿠아 보습장벽크림,지성,d198c66d441569463f5e8621c6f2b897,0,0,0,0,0,1,0,11,8,3,2,8,2,0,0,1,0,14,2,1.0,0.0,1.0,1.0,2.0,1.0,1.0,0.0,1,0,0.7647058823529411,1,1,0.9019607843137255,0,0.0,0,0.0,0,1,0,0.0,0.0,0.0,0.0,0.0,0.0,0.7647058823529411,0.5724577541932598,0.26231289352491105,0.0,0.0,0.0,0.611764705882353,0.0,0.0
A000000173180,비욘드 엔젤아쿠아 보습장벽크림,복합성,d198c66d441569463f5e8621c6f2b897,0,0,1,0,0,0,0,11,8,3,2,8,2,0,0,1,0,14,2,1.0,0.0,1.0,1.0,2.0,1.0,1.0,0.0,1,0,0.7647058823529411,1,1,0.9019607843137255,0,0.0,0,0.0,0,1,0,0.0,0.0,0.0,0.0,0.0,0.0,0.0,0.0,0.0,0.0,0.0,0.0,0.0,0.0,0.0
A000000173180,비욘드 엔젤아쿠아 보습장벽크림,민감성,d198c66d441569463f5e8621c6f2b897,0,1,0,0,0,0,0,11,8,3,2,8,2,0,0,1,0,14,2,1.0,0.0,1.0,1.0,2.0,1.0,1.0,0.0,1,0,0.7647058823529411,1,1,0.9019607843137255,0,0.0,0,0.0,0,1,0,0.0,0.0,0.8529506986669436,0.0,0.0,0.0,0.0,0.0,0.0,0.0,0.0,0.0,0.40941633536013294,0.0,0.0
A000000173180,비욘드 엔젤아쿠아 보습장벽크림,트러블성,d198c66d441569463f5e8621c6f2b897,0,0,0,0,0,0,1,11,8,3,2,8,2,0,0,1,0,14,2,1.0,0.0,1.0,1.0,2.0,1.0,1.0,0.0,1,0,0.7647058823529411,1,1,0.9019607843137255,0,0.0,0,0.0,0,1,0,0.0,0.0,0.0,0.0,0.0,0.0,0.0,0.0,0.0,0.0,0.0,0.0,0.0,0.0,0.0
A000000173180,비욘드 엔젤아쿠아 보습장벽크림,중성,d198c66d441569463f5e8621c6f2b897,0,0,0,0,1,0,0,11,8,3,2,8,2,0,0,1,0,14,2,1.0,0.0,1.0,1.0,2.0,1.0,1.0,0.0,1,0,0.7647058823529411,1,1,0.9019607843137255,0,0.0,0,0.0,0,1,0,0.0,0.0,0.0,0.0,0.0,0.0,0.0,0.0,0.0,0.0,0.0,0.0,0.0,0.0,0.0
A000000174316,라로슈포제 시카플라스트 밤B5,건성,99add072facd538a5708ec2364350f93,1,0,0,0,0,0,0,5,2,4,1,3,1,0,0,2,0,1,1,0.0,0.0,2.0,1.0,0.0,0.0,1.0,0.0,0,0,0.0,1,1,0.84375,0,0.0,0,0.0,0,0,0,0.7625091142151981,0.0,0.0,0.0,0.0,0.0,0.0,0.0,0.0,0.0,0.0,0.0,0.7625091142151981,0.0,0.0
A000000174316,라로슈포제 시카플라스트 밤B5,약건성,99add072facd538a5708ec2364350f93,0,0,0,1,0,0,0,5,2,4,1,3,1,0,0,2,0,1,1,0.0,0.0,2.0,1.0,0.0,0.0,1.0,0.0,0,0,0.0,1,1,0.84375,0,0.0,0,0.0,0,0,0,0.7625091142151981,0.0,0.0,0.0,0.0,0.0,0.0,0.0,0.0,0.0,0.0,0.0,0.7625091142151981,0.0,0.0
A000000174316,라로슈포제 시카플라스트 밤B5,지성,99add072facd538a5708ec2364350f93,0,0,0,0,0,1,0,5,2,4,1,3,1,0,0,2,0,1,1,0.0,0.0,2.0,1.0,0.0,0.0,1.0,0.0,0,0,0.0,1,1,0.84375,0,0.0,0,0.0,0,0,0,0.0,0.0,0.0,0.0,0.0,0.0,0.0,0.31606027941427883,0.21070685294285255,0.0,0.0,0.0,0.0,0.0,0.0
A000000174316,라로슈포제 시카플라스트 밤B5,복합성,99add072facd538a5708ec2364350f93,0,0,1,0,0,0,0,5,2,4,1,3,1,0,0,2,0,1,1,0.0,0.0,2.0,1.0,0.0,0.0,1.0,0.0,0,0,0.0,1,1,0.84375,0,0.0,0,0.0,0,0,0,0.0,0.0,0.0,0.0,0.0,0.0,0.0,0.0,0.0,0.0,0.0,0.0,0.0,0.0,0.0
A000000174316,라로슈포제 시카플라스트 밤B5,민감성,99add072facd538a5708ec2364350f93,0,1,0,0,0,0,0,5,2,4,1,3,1,0,0,2,0,1,1,0.0,0.0,2.0,1.0,0.0,0.0,1.0,0.0,0,0,0.0,1,1,0.84375,0,0.0,0,0.0,0,0,0,0.0,0.0,0.6736273621134925,0.0,0.0,0.0,0.0,0.0,0.0,0.0,0.0,0.0,0.3233411338144764,0.0,0.0
A000000174316,라로슈포제 시카플라스트 밤B5,트러블성,99add072facd538a5708ec2364350f93,0,0,0,0,0,0,1,5,2,4,1,3,1,0,0,2,0,1,1,0.0,0.0,2.0,1.0,0.0,0.0,1.0,0.0,0,0,0.0,1,1,0.84375,0,0.0,0,0.0,0,0,0,0.0,0.0,0.0,0.0,0.0,0.0,0.0,0.0,0.0,0.0,0.0,0.0,0.0,0.0,0.0
A000000174316,라로슈포제 시카플라스트 밤B5,중성,99add072facd538a5708ec2364350f93,0,0,0,0,1,0,0,5,2,4,1,3,1,0,0,2,0,1,1,0.0,0.0,2.0,1.0,0.0,0.0,1.0,0.0,0,0,0.0,1,1,0.84375,0,0.0,0,0.0,0,0,0,0.0,0.0,0.0,0.0,0.0,0.0,0.0,0.0,0.0,0.0,0.0,0.0,0.0,0.0,0.0
A000000178512,웰라쥬 리얼 히알루로닉 100 크림,건성,c84e18861cfe4e1081057e64c5fca3cc,1,0,0,0,0,0,0,16,4,4,8,3,3,0,0,1,0,9,1,2.0,0.0,1.0,0.0,1.0,0.0,2.0,0.0,1,0,0.467741935483871,1,0,0.7580645161290323,1,0.4516129032258065,0,0.0,1,1,0,0.9061453826512312,1.0,0.0,0.0,0.0,0.0,0.0,0.0,0.0,0.0,0.0,0.0,1.5461453826512312,0.0,0.0
A000000178512,웰라쥬 리얼 히알루로닉 100 크림,약건성,c84e18861cfe4e1081057e64c5fca3cc,0,0,0,1,0,0,0,16,4,4,8,3,3,0,0,1,0,9,1,2.0,0.0,1.0,0.0,1.0,0.0,2.0,0.0,1,0,0.467741935483871,1,0,0.7580645161290323,1,0.4516129032258065,0,0.0,1,1,0,0.9061453826512312,1.0,0.0,0.0,0.0,0.0,0.0,0.0,0.0,0.0,0.0,0.0,1.5461453826512312,0.0,0.0
A000000178512,웰라쥬 리얼 히알루로닉 100 크림,지성,c84e18861cfe4e1081057e64c5fca3cc,0,0,0,0,0,1,0,16,4,4,8,3,3,0,0,1,0,9,1,2.0,0.0,1.0,0.0,1.0,0.0,2.0,0.0,1,0,0.467741935483871,1,0,0.7580645161290323,1,0.4516129032258065,0,0.0,1,1,0,0.0,0.0,0.0,0.0,0.0,0.0,0.467741935483871,0.3145335142626885,0.3418632997053081,0.0,0.0,0.0,0.37419354838709684,0.0,0.0
A000000178512,웰라쥬 리얼 히알루로닉 100 크림,복합성,c84e18861cfe4e1081057e64c5fca3cc,0,0,1,0,0,0,0,16,4,4,8,3,3,0,0,1,0,9,1,2.0,0.0,1.0,0.0,1.0,0.0,2.0,0.0,1,0,0.467741935483871,1,0,0.7580645161290323,1,0.4516129032258065,0,0.0,1,1,0,0.0,0.0,0.0,0.0,0.0,0.0,0.0,0.0,0.0,0.0,0.0,0.0,0.0,0.0,0.0
A000000178512,웰라쥬 리얼 히알루로닉 100 크림,민감성,c84e18861cfe4e1081057e64c5fca3cc,0,1,0,0,0,0,0,16,4,4,8,3,3,0,0,1,0,9,1,2.0,0.0,1.0,0.0,1.0,0.0,2.0,0.0,1,0,0.467741935483871,1,0,0.7580645161290323,1,0.4516129032258065,0,0.0,1,1,0,0.0,0.0,0.9136363664164119,0.0,0.0,0.0,0.0,0.0,0.0,0.0,0.0,0.0,0.4385454558798777,0.0,0.0
A000000178512,웰라쥬 리얼 히알루로닉 100 크림,트러블성,c84e18861cfe4e1081057e64c5fca3cc,0,0,0,0,0,0,1,16,4,4,8,3,3,0,0,1,0,9,1,2.0,0.0,1.0,0.0,1.0,0.0,2.0,0.0,1,0,0.467741935483871,1,0,0.7580645161290323,1,0.4516129032258065,0,0.0,1,1,0,0.0,0.0,0.0,0.0,0.0,0.0,0.0,0.0,0.0,1.0,0.0,0.0,0.7,0.0,0.0
A000000178512,웰라쥬 리얼 히알루로닉 100 크림,중성,c84e18861cfe4e1081057e64c5fca3cc,0,0,0,0,1,0,0,16,4,4,8,3,3,0,0,1,0,9,1,2.0,0.0,1.0,0.0,1.0,0.0,2.0,0.0,1,0,0.467741935483871,1,0,0.7580645161290323,1,0.4516129032258065,0,0.0,1,1,0,0.0,0.0,0.0,0.0,0.0,0.0,0.0,0.0,0.0,0.0,0.0,0.0,0.0,0.0,0.0
A000000180543,코스알엑스 더 레티놀 0.1 크림,건성,5219dc798e93cb3957779126ff229c12,1,0,0,0,0,0,0,10,4,3,4,2,7,0,0,2,0,1,5,0.0,0.0,1.0,0.0,1.0,4.0,2.0,0.0,0,0,0.0,1,1,0.86,0,0.0,0,0.0,0,1,0,0.8652467155861164,0.3333333333333333,0.0,0.0,0.0,0.0,0.0,0.0,0.0,0.0,0.0,0.0,1.0785800489194497,0.0,0.0
A000000180543,코스알엑스 더 레티놀 0.1 크림,약건성,5219dc798e93cb3957779126ff229c12,0,0,0,1,0,0,0,10,4,3,4,2,7,0,0,2,0,1,5,0.0,0.0,1.0,0.0,1.0,4.0,2.0,0.0,0,0,0.0,1,1,0.86,0,0.0,0,0.0,0,1,0,0.8652467155861164,0.3333333333333333,0.0,0.0,0.0,0.0,0.0,0.0,0.0,0.0,0.0,0.0,1.0785800489194497,0.0,0.0
A000000180543,코스알엑스 더 레티놀 0.1 크림,지성,5219dc798e93cb3957779126ff229c12,0,0,0,0,0,1,0,10,4,3,4,2,7,0,0,2,0,1,5,0.0,0.0,1.0,0.0,1.0,4.0,2.0,0.0,0,0,0.0,1,1,0.86,0,0.0,0,0.0,0,1,0,0.0,0.0,0.0,0.0,0.0,0.0,0.0,0.5306996934535353,0.13115644676245553,0.0,0.0,0.0,0.0,0.0,0.0
A000000180543,코스알엑스 더 레티놀 0.1 크림,복합성,5219dc798e93cb3957779126ff229c12,0,0,1,0,0,0,0,10,4,3,4,2,7,0,0,2,0,1,5,0.0,0.0,1.0,0.0,1.0,4.0,2.0,0.0,0,0,0.0,1,1,0.86,0,0.0,0,0.0,0,1,0,0.0,0.0,0.0,0.0,0.0,0.0,0.0,0.0,0.0,0.0,0.0,0.0,0.0,0.0,0.0
A000000180543,코스알엑스 더 레티놀 0.1 크림,민감성,5219dc798e93cb3957779126ff229c12,0,1,0,0,0,0,0,10,4,3,4,2,7,0,0,2,0,1,5,0.0,0.0,1.0,0.0,1.0,4.0,2.0,0.0,0,0,0.0,1,1,0.86,0,0.0,0,0.0,0,1,0,0.0,0.0,0.8176156913504861,0.0,0.0,0.0,0.0,0.0,0.0,0.0,0.0,0.0,0.3924555318482333,0.0,0.0
A000000180543,코스알엑스 더 레티놀 0.1 크림,트러블성,5219dc798e93cb3957779126ff229c12,0,0,0,0,0,0,1,10,4,3,4,2,7,0,0,2,0,1,5,0.0,0.0,1.0,0.0,1.0,4.0,2.0,0.0,0,0,0.0,1,1,0.86,0,0.0,0,0.0,0,1,0,0.0,0.0,0.0,0.0,0.0,0.0,0.0,0.0,0.0,0.0,0.0,0.0,0.0,0.0,0.0
A000000180543,코스알엑스 더 레티놀 0.1 크림,중성,5219dc798e93cb3957779126ff229c12,0,0,0,0,1,0,0,10,4,3,4,2,7,0,0,2,0,1,5,0.0,0.0,1.0,0.0,1.0,4.0,2.0,0.0,0,0,0.0,1,1,0.86,0,0.0,0,0.0,0,1,0,0.0,0.0,0.0,0.0,0.0,0.0,0.0,0.0,0.0,0.0,0.0,0.0,0.0,0.0,0.0
A000000182685,에스트라 테라크네365 수딩 액티브 모이스처라이저,건성,dcd485baefe706dd00b47e6eb6812b7e,1,0,0,0,0,0,0,2,3,1,0,1,3,0,1,1,0,0,0,0.0,0.0,1.0,0.0,2.0,0.0,0.0,0.0,1,1,0.8235294117647058,0,0,0.0,0,0.0,1,0.2941176470588235,0,0,1,0.5298325815428023,0.0,0.0,0.0,0.0,0.0,0.0,0.0,0.0,0.0,0.0,0.0,0.5298325815428023,0.0,0.0
A000000182685,에스트라 테라크네365 수딩 액티브 모이스처라이저,약건성,dcd485baefe706dd00b47e6eb6812b7e,0,0,0,1,0,0,0,2,3,1,0,1,3,0,1,1,0,0,0,0.0,0.0,1.0,0.0,2.0,0.0,0.0,0.0,1,1,0.8235294117647058,0,0,0.0,0,0.0,1,0.2941176470588235,0,0,1,0.5298325815428023,0.0,0.0,0.0,0.0,0.0,0.0,0.0,0.0,0.0,0.0,0.0,0.5298325815428023,0.0,0.0
A000000182685,에스트라 테라크네365 수딩 액티브 모이스처라이저,지성,dcd485baefe706dd00b47e6eb6812b7e,0,0,0,0,0,1,0,2,3,1,0,1,3,0,1,1,0,0,0,0.0,0.0,1.0,0.0,2.0,0.0,0.0,0.0,1,1,0.8235294117647058,0,0,0.0,0,0.0,1,0.2941176470588235,0,0,1,0.0,0.0,0.0,0.0,0.0,0.0,0.8235294117647058,0.15803013970713942,0.13115644676245553,0.0,0.0,0.0,0.6588235294117647,0.0,0.0
A000000182685,에스트라 테라크네365 수딩 액티브 모이스처라이저,복합성,dcd485baefe706dd00b47e6eb6812b7e,0,0,1,0,0,0,0,2,3,1,0,1,3,0,1,1,0,0,0,0.0,0.0,1.0,0.0,2.0,0.0,0.0,0.0,1,1,0.8235294117647058,0,0,0.0,0,0.0,1,0.2941176470588235,0,0,1,0.0,0.0,0.0,0.0,0.0,0.0,0.0,0.0,0.0,0.0,0.0,0.0,0.0,0.0,0.0
A000000182685,에스트라 테라크네365 수딩 액티브 모이스처라이저,민감성,dcd485baefe706dd00b47e6eb6812b7e,0,1,0,0,0,0,0,2,3,1,0,1,3,0,1,1,0,0,0,0.0,0.0,1.0,0.0,2.0,0.0,0.0,0.0,1,1,0.8235294117647058,0,0,0.0,0,0.0,1,0.2941176470588235,0,0,1,0.0,0.0,0.0,0.0,0.6321205588285577,0.0,0.0,0.0,0.0,0.0,0.0,0.6321205588285577,0.0,0.4096141221209054,0.0
A000000182685,에스트라 테라크네365 수딩 액티브 모이스처라이저,트러블성,dcd485baefe706dd00b47e6eb6812b7e,0,0,0,0,0,0,1,2,3,1,0,1,3,0,1,1,0,0,0,0.0,0.0,1.0,0.0,2.0,0.0,0.0,0.0,1,1,0.8235294117647058,0,0,0.0,0,0.0,1,0.2941176470588235,0,0,1,0.0,0.0,0.0,0.0,0.0,0.0,0.0,0.0,0.0,0.0,0.0,0.6321205588285577,0.0,0.12642411176571153,0.0
A000000182685,에스트라 테라크네365 수딩 액티브 모이스처라이저,중성,dcd485baefe706dd00b47e6eb6812b7e,0,0,0,0,1,0,0,2,3,1,0,1,3,0,1,1,0,0,0,0.0,0.0,1.0,0.0,2.0,0.0,0.0,0.0,1,1,0.8235294117647058,0,0,0.0,0,0.0,1,0.2941176470588235,0,0,1,0.0,0.0,0.0,0.0,0.0,0.0,0.0,0.0,0.0,0.0,0.0,0.0,0.0,0.0,0.0
A000000182795,프리메라 알파인 베리 워터리 크림,건성,4907956cce914d27196305452b4d9df7,1,0,0,0,0,0,0,3,8,5,3,1,2,3,0,2,0,2,2,1.0,1.0,1.0,1.0,1.0,1.0,1.0,0.0,1,1,0.8157894736842105,0,0,0.0,0,0.0,0,0.0,0,1,0,0.8289431589622296,0.3333333333333333,0.0,0.0,0.0,0.0,0.0,0.0,0.0,0.0,0.0,0.0,1.042276492295563,0.0,0.0
A000000182795,프리메라 알파인 베리 워터리 크림,약건성,4907956cce914d27196305452b4d9df7,0,0,0,1,0,0,0,3,8,5,3,1,2,3,0,2,0,2,2,1.0,1.0,1.0,1.0,1.0,1.0,1.0,0.0,1,1,0.8157894736842105,0,0,0.0,0,0.0,0,0.0,0,1,0,0.8289431589622296,0.3333333333333333,0.0,0.0,0.0,0.0,0.0,0.0,0.0,0.0,0.0,0.0,1.042276492295563,0.0,0.0
A000000182795,프리메라 알파인 베리 워터리 크림,지성,4907956cce914d27196305452b4d9df7,0,0,0,0,0,1,0,3,8,5,3,1,2,3,0,2,0,2,2,1.0,1.0,1.0,1.0,1.0,1.0,1.0,0.0,1,1,0.8157894736842105,0,0,0.0,0,0.0,0,0.0,0,1,0,0.0,0.0,0.0,0.0,0.0,0.0,0.8157894736842105,0.5127949495579621,0.4730197464677636,0.0,0.0,0.0,0.6526315789473685,0.0,0.0
A000000182795,프리메라 알파인 베리 워터리 크림,복합성,4907956cce914d27196305452b4d9df7,0,0,1,0,0,0,0,3,8,5,3,1,2,3,0,2,0,2,2,1.0,1.0,1.0,1.0,1.0,1.0,1.0,0.0,1,1,0.8157894736842105,0,0,0.0,0,0.0,0,0.0,0,1,0,0.0,0.0,0.0,0.0,0.0,0.0,0.0,0.0,0.0,0.0,0.0,0.0,0.0,0.0,0.0
A000000182795,프리메라 알파인 베리 워터리 크림,민감성,4907956cce914d27196305452b4d9df7,0,1,0,0,0,0,0,3,8,5,3,1,2,3,0,2,0,2,2,1.0,1.0,1.0,1.0,1.0,1.0,1.0,0.0,1,1,0.8157894736842105,0,0,0.0,0,0.0,0,0.0,0,1,0,0.0,0.0,0.6736273621134925,0.950212931632136,0.0,0.0,0.0,0.0,0.0,0.0,0.0,0.0,0.3233411338144764,0.7601703453057089,0.24579434134328995
A000000182795,프리메라 알파인 베리 워터리 크림,트러블성,4907956cce914d27196305452b4d9df7,0,0,0,0,0,0,1,3,8,5,3,1,2,3,0,2,0,2,2,1.0,1.0,1.0,1.0,1.0,1.0,1.0,0.0,1,1,0.8157894736842105,0,0,0.0,0,0.0,0,0.0,0,1,0,0.0,0.0,0.0,0.0,0.0,0.0,0.0,0.0,0.0,0.0,0.0,0.0,0.0,0.0,0.0
A000000182795,프리메라 알파인 베리 워터리 크림,중성,4907956cce914d27196305452b4d9df7,0,0,0,0,1,0,0,3,8,5,3,1,2,3,0,2,0,2,2,1.0,1.0,1.0,1.0,1.0,1.0,1.0,0.0,1,1,0.8157894736842105,0,0,0.0,0,0.0,0,0.0,0,1,0,0.0,0.0,0.0,0.0,0.0,0.0,0.0,0.0,0.0,0.0,0.0,0.0,0.0,0.0,0.0
A000000183498,에뛰드 순정 수분 베리어 크림,건성,b81ab5963d48beff820bb907433094b7,1,0,0,0,0,0,0,5,3,1,1,4,1,0,0,1,0,2,0,0.0,0.0,1.0,0.0,2.0,0.0,0.0,0.0,0,0,0.0,1,1,0.8148148148148149,0,0.0,0,0.0,0,0,0,0.6282254714899979,0.0,0.0,0.0,0.0,0.0,0.0,0.0,0.0,0.0,0.0,0.0,0.6282254714899979,0.0,0.0
A000000183498,에뛰드 순정 수분 베리어 크림,약건성,b81ab5963d48beff820bb907433094b7,0,0,0,1,0,0,0,5,3,1,1,4,1,0,0,1,0,2,0,0.0,0.0,1.0,0.0,2.0,0.0,0.0,0.0,0,0,0.0,1,1,0.8148148148148149,0,0.0,0,0.0,0,0,0,0.6282254714899979,0.0,0.0,0.0,0.0,0.0,0.0,0.0,0.0,0.0,0.0,0.0,0.6282254714899979,0.0,0.0
A000000183498,에뛰드 순정 수분 베리어 크림,지성,b81ab5963d48beff820bb907433094b7,0,0,0,0,0,1,0,5,3,1,1,4,1,0,0,1,0,2,0,0.0,0.0,1.0,0.0,2.0,0.0,0.0,0.0,0,0,0.0,1,1,0.8148148148148149,0,0.0,0,0.0,0,0,0,0.0,0.0,0.0,0.0,0.0,0.0,0.0,0.15803013970713942,0.13115644676245553,0.0,0.0,0.0,0.0,0.0,0.0
A000000183498,에뛰드 순정 수분 베리어 크림,복합성,b81ab5963d48beff820bb907433094b7,0,0,1,0,0,0,0,5,3,1,1,4,1,0,0,1,0,2,0,0.0,0.0,1.0,0.0,2.0,0.0,0.0,0.0,0,0,0.0,1,1,0.8148148148148149,0,0.0,0,0.0,0,0,0,0.0,0.0,0.0,0.0,0.0,0.0,0.0,0.0,0.0,0.0,0.0,0.0,0.0,0.0,0.0
A000000183498,에뛰드 순정 수분 베리어 크림,민감성,b81ab5963d48beff820bb907433094b7,0,1,0,0,0,0,0,5,3,1,1,4,1,0,0,1,0,2,0,0.0,0.0,1.0,0.0,2.0,0.0,0.0,0.0,0,0,0.0,1,1,0.8148148148148149,0,0.0,0,0.0,0,0,0,0.0,0.0,0.6981030652663972,0.0,0.0,0.0,0.0,0.0,0.0,0.0,0.0,0.0,0.33508947132787065,0.0,0.0
A000000183498,에뛰드 순정 수분 베리어 크림,트러블성,b81ab5963d48beff820bb907433094b7,0,0,0,0,0,0,1,5,3,1,1,4,1,0,0,1,0,2,0,0.0,0.0,1.0,0.0,2.0,0.0,0.0,0.0,0,0,0.0,1,1,0.8148148148148149,0,0.0,0,0.0,0,0,0,0.0,0.0,0.0,0.0,0.0,0.0,0.0,0.0,0.0,0.0,0.0,0.0,0.0,0.0,0.0
A000000183498,에뛰드 순정 수분 베리어 크림,중성,b81ab5963d48beff820bb907433094b7,0,0,0,0,1,0,0,5,3,1,1,4,1,0,0,1,0,2,0,0.0,0.0,1.0,0.0,2.0,0.0,0.0,0.0,0,0,0.0,1,1,0.8148148148148149,0,0.0,0,0.0,0,0,0,0.0,0.0,0.0,0.0,0.0,0.0,0.0,0.0,0.0,0.0,0.0,0.0,0.0,0.0,0.0
A000000183713,토리든 밸런스풀 시카 진정 크림,건성,41e14398f0a362ce2ca453f35662a2d1,1,0,0,0,0,0,0,7,2,0,1,7,2,0,1,0,1,6,0,0.0,0.0,0.0,0.0,1.0,0.0,0.0,0.0,0,0,0.0,1,1,0.8837209302325582,0,0.0,1,0.2558139534883721,0,0,1,0.0,0.0,0.0,0.0,0.0,0.0,0.0,0.0,0.0,0.0,0.0,0.0,0.0,0.0,0.0
A000000183713,토리든 밸런스풀 시카 진정 크림,약건성,41e14398f0a362ce2ca453f35662a2d1,0,0,0,1,0,0,0,7,2,0,1,7,2,0,1,0,1,6,0,0.0,0.0,0.0,0.0,1.0,0.0,0.0,0.0,0,0,0.0,1,1,0.8837209302325582,0,0.0,1,0.2558139534883721,0,0,1,0.0,0.0,0.0,0.0,0.0,0.0,0.0,0.0,0.0,0.0,0.0,0.0,0.0,0.0,0.0
A000000183713,토리든 밸런스풀 시카 진정 크림,지성,41e14398f0a362ce2ca453f35662a2d1,0,0,0,0,0,1,0,7,2,0,1,7,2,0,1,0,1,6,0,0.0,0.0,0.0,0.0,1.0,0.0,0.0,0.0,0,0,0.0,1,1,0.8837209302325582,0,0.0,1,0.2558139534883721,0,0,1,0.0,0.0,0.0,0.0,0.0,0.0,0.0,0.09836733507184164,0.0,0.0,0.0,0.0,0.0,0.0,0.0
A000000183713,토리든 밸런스풀 시카 진정 크림,복합성,41e14398f0a362ce2ca453f35662a2d1,0,0,1,0,0,0,0,7,2,0,1,7,2,0,1,0,1,6,0,0.0,0.0,0.0,0.0,1.0,0.0,0.0,0.0,0,0,0.0,1,1,0.8837209302325582,0,0.0,1,0.2558139534883721,0,0,1,0.0,0.0,0.0,0.0,0.0,0.0,0.0,0.0,0.0,0.0,0.0,0.0,0.0,0.0,0.0
A000000183713,토리든 밸런스풀 시카 진정 크림,민감성,41e14398f0a362ce2ca453f35662a2d1,0,1,0,0,0,0,0,7,2,0,1,7,2,0,1,0,1,6,0,0.0,0.0,0.0,0.0,1.0,0.0,0.0,0.0,0,0,0.0,1,1,0.8837209302325582,0,0.0,1,0.2558139534883721,0,0,1,0.0,0.0,0.7253229449904468,0.0,0.6321205588285577,0.0,0.0,0.0,0.0,0.0,0.0,0.3834004995642036,0.34815501359541445,0.3598701102680346,0.12529058313295088
A000000183713,토리든 밸런스풀 시카 진정 크림,트러블성,41e14398f0a362ce2ca453f35662a2d1,0,0,0,0,0,0,1,7,2,0,1,7,2,0,1,0,1,6,0,0.0,0.0,0.0,0.0,1.0,0.0,0.0,0.0,0,0,0.0,1,1,0.8837209302325582,0,0.0,1,0.2558139534883721,0,0,1,0.0,0.0,0.0,0.0,0.0,0.0,0.0,0.0,0.0,0.0,0.6272713450233213,0.3834004995642036,0.12545426900466425,0.07668009991284072,0.009619845881770051
A000000183713,토리든 밸런스풀 시카 진정 크림,중성,41e14398f0a362ce2ca453f35662a2d1,0,0,0,0,1,0,0,7,2,0,1,7,2,0,1,0,1,6,0,0.0,0.0,0.0,0.0,1.0,0.0,0.0,0.0,0,0,0.0,1,1,0.8837209302325582,0,0.0,1,0.2558139534883721,0,0,1,0.0,0.0,0.0,0.0,0.0,0.0,0.0,0.0,0.0,0.0,0.0,0.0,0.0,0.0,0.0
A000000185456,나인위시스 비건 화이트 톤업 크림,건성,5033721a00eb770d2d7115409cd20030,1,0,0,0,0,0,0,13,1,4,0,3,2,0,0,5,0,15,1,0.0,2.0,2.0,0.0,0.0,1.0,0.0,0.0,1,0,0.7659574468085106,0,0,0.0,0,0.0,0,0.0,0,0,0,0.6950357023750527,0.0,0.0,0.0,0.0,0.0,0.0,0.0,0.0,0.0,0.0,0.0,0.6950357023750527,0.0,0.0
A000000185456,나인위시스 비건 화이트 톤업 크림,약건성,5033721a00eb770d2d7115409cd20030,0,0,0,1,0,0,0,13,1,4,0,3,2,0,0,5,0,15,1,0.0,2.0,2.0,0.0,0.0,1.0,0.0,0.0,1,0,0.7659574468085106,0,0,0.0,0,0.0,0,0.0,0,0,0,0.6950357023750527,0.0,0.0,0.0,0.0,0.0,0.0,0.0,0.0,0.0,0.0,0.0,0.6950357023750527,0.0,0.0
A000000185456,나인위시스 비건 화이트 톤업 크림,지성,5033721a00eb770d2d7115409cd20030,0,0,0,0,0,1,0,13,1,4,0,3,2,0,0,5,0,15,1,0.0,2.0,2.0,0.0,0.0,1.0,0.0,0.0,1,0,0.7659574468085106,0,0,0.0,0,0.0,0,0.0,0,0,0,0.0,0.0,0.0,0.0,0.0,0.0,0.7659574468085106,0.09836733507184164,0.49892842519731495,0.0,0.0,0.0,0.6127659574468085,0.0,0.0
A000000185456,나인위시스 비건 화이트 톤업 크림,복합성,5033721a00eb770d2d7115409cd20030,0,0,1,0,0,0,0,13,1,4,0,3,2,0,0,5,0,15,1,0.0,2.0,2.0,0.0,0.0,1.0,0.0,0.0,1,0,0.7659574468085106,0,0,0.0,0,0.0,0,0.0,0,0,0,0.0,0.0,0.0,0.0,0.0,0.0,0.0,0.0,0.0,0.0,0.0,0.0,0.0,0.0,0.0
A000000185456,나인위시스 비건 화이트 톤업 크림,민감성,5033721a00eb770d2d7115409cd20030,0,1,0,0,0,0,0,13,1,4,0,3,2,0,0,5,0,15,1,0.0,2.0,2.0,0.0,0.0,1.0,0.0,0.0,1,0,0.7659574468085106,0,0,0.0,0,0.0,0,0.0,0,0,0,0.0,0.0,0.0,0.0,0.0,0.0,0.0,0.0,0.0,0.0,0.0,0.0,0.0,0.0,0.0
A000000185456,나인위시스 비건 화이트 톤업 크림,트러블성,5033721a00eb770d2d7115409cd20030,0,0,0,0,0,0,1,13,1,4,0,3,2,0,0,5,0,15,1,0.0,2.0,2.0,0.0,0.0,1.0,0.0,0.0,1,0,0.7659574468085106,0,0,0.0,0,0.0,0,0.0,0,0,0,0.0,0.0,0.0,0.0,0.0,0.0,0.0,0.0,0.0,0.0,0.0,0.0,0.0,0.0,0.0
A000000185456,나인위시스 비건 화이트 톤업 크림,중성,5033721a00eb770d2d7115409cd20030,0,0,0,0,1,0,0,13,1,4,0,3,2,0,0,5,0,15,1,0.0,2.0,2.0,0.0,0.0,1.0,0.0,0.0,1,0,0.7659574468085106,0,0,0.0,0,0.0,0,0.0,0,0,0,0.0,0.0,0.0,0.0,0.0,0.0,0.0,0.0,0.0,0.0,0.0,0.0,0.0,0.0,0.0
A000000187127,피지오겔 레드수딩 시카밸런스 크림,건성,bc4dbf71d7a0f34d3d62f27255b47cfa,1,0,0,0,0,0,0,7,4,4,5,6,1,0,0,1,0,0,0,0.0,0.0,1.0,2.0,0.0,0.0,0.0,0.0,1,1,0.7407407407407407,1,1,0.7037037037037037,1,0.33333333333333337,0,0.0,0,0,0,0.8772678946529621,0.3333333333333333,0.0,0.0,0.0,0.0,0.0,0.0,0.0,0.0,0.0,0.0,1.0906012279862953,0.0,0.0
A000000187127,피지오겔 레드수딩 시카밸런스 크림,약건성,bc4dbf71d7a0f34d3d62f27255b47cfa,0,0,0,1,0,0,0,7,4,4,5,6,1,0,0,1,0,0,0,0.0,0.0,1.0,2.0,0.0,0.0,0.0,0.0,1,1,0.7407407407407407,1,1,0.7037037037037037,1,0.33333333333333337,0,0.0,0,0,0,0.8772678946529621,0.3333333333333333,0.0,0.0,0.0,0.0,0.0,0.0,0.0,0.0,0.0,0.0,1.0906012279862953,0.0,0.0
A000000187127,피지오겔 레드수딩 시카밸런스 크림,지성,bc4dbf71d7a0f34d3d62f27255b47cfa,0,0,0,0,0,1,0,7,4,4,5,6,1,0,0,1,0,0,0,0.0,0.0,1.0,2.0,0.0,0.0,0.0,0.0,1,1,0.7407407407407407,1,1,0.7037037037037037,1,0.33333333333333337,0,0.0,0,0,0,0.0,0.0,0.0,0.0,0.0,0.0,0.7407407407407407,0.21616617919084682,0.13115644676245553,0.0,0.0,0.0,0.5925925925925926,0.0,0.0
A000000187127,피지오겔 레드수딩 시카밸런스 크림,복합성,bc4dbf71d7a0f34d3d62f27255b47cfa,0,0,1,0,0,0,0,7,4,4,5,6,1,0,0,1,0,0,0,0.0,0.0,1.0,2.0,0.0,0.0,0.0,0.0,1,1,0.7407407407407407,1,1,0.7037037037037037,1,0.33333333333333337,0,0.0,0,0,0,0.0,0.0,0.0,0.0,0.0,0.0,0.0,0.0,0.0,0.0,0.0,0.0,0.0,0.0,0.0
A000000187127,피지오겔 레드수딩 시카밸런스 크림,민감성,bc4dbf71d7a0f34d3d62f27255b47cfa,0,1,0,0,0,0,0,7,4,4,5,6,1,0,0,1,0,0,0,0.0,0.0,1.0,2.0,0.0,0.0,0.0,0.0,1,1,0.7407407407407407,1,1,0.7037037037037037,1,0.33333333333333337,0,0.0,0,0,0,0.0,0.0,0.9554496404959314,0.0,0.0,0.0,0.0,0.0,0.0,0.0,0.0,0.0,0.4586158274380471,0.0,0.0
A000000187127,피지오겔 레드수딩 시카밸런스 크림,트러블성,bc4dbf71d7a0f34d3d62f27255b47cfa,0,0,0,0,0,0,1,7,4,4,5,6,1,0,0,1,0,0,0,0.0,0.0,1.0,2.0,0.0,0.0,0.0,0.0,1,1,0.7407407407407407,1,1,0.7037037037037037,1,0.33333333333333337,0,0.0,0,0,0,0.0,0.0,0.0,0.0,0.0,0.0,0.0,0.0,0.0,1.0,0.0,0.0,0.7,0.0,0.0
A000000187127,피지오겔 레드수딩 시카밸런스 크림,중성,bc4dbf71d7a0f34d3d62f27255b47cfa,0,0,0,0,1,0,0,7,4,4,5,6,1,0,0,1,0,0,0,0.0,0.0,1.0,2.0,0.0,0.0,0.0,0.0,1,1,0.7407407407407407,1,1,0.7037037037037037,1,0.33333333333333337,0,0.0,0,0,0,0.0,0.0,0.0,0.0,0.0,0.0,0.0,0.0,0.0,0.0,0.0,0.0,0.0,0.0,0.0
A000000188751,몰바니 아티초크 카밍 케어 수딩 크림,건성,47f29ca0f515b636122e24685015c131,1,0,0,0,0,0,0,11,4,1,5,5,3,1,0,0,0,12,1,0.0,0.0,0.0,0.0,1.0,1.0,0.0,0.0,1,1,0.9183673469387755,1,0,0.4285714285714286,0,0.0,0,0.0,0,0,0,0.6921034564890339,0.0,0.0,0.0,0.0,0.0,0.0,0.0,0.0,0.0,0.0,0.0,0.6921034564890339,0.0,0.0
A000000188751,몰바니 아티초크 카밍 케어 수딩 크림,약건성,47f29ca0f515b636122e24685015c131,0,0,0,1,0,0,0,11,4,1,5,5,3,1,0,0,0,12,1,0.0,0.0,0.0,0.0,1.0,1.0,0.0,0.0,1,1,0.9183673469387755,1,0,0.4285714285714286,0,0.0,0,0.0,0,0,0,0.6921034564890339,0.0,0.0,0.0,0.0,0.0,0.0,0.0,0.0,0.0,0.0,0.0,0.6921034564890339,0.0,0.0
A000000188751,몰바니 아티초크 카밍 케어 수딩 크림,지성,47f29ca0f515b636122e24685015c131,0,0,0,0,0,1,0,11,4,1,5,5,3,1,0,0,0,12,1,0.0,0.0,0.0,0.0,1.0,1.0,0.0,0.0,1,1,0.9183673469387755,1,0,0.4285714285714286,0,0.0,0,0.0,0,0,0,0.0,0.0,0.0,0.0,0.0,0.0,0.9183673469387755,0.1967346701436833,0.0,0.0,0.0,0.0,0.7346938775510204,0.0,0.0
A000000188751,몰바니 아티초크 카밍 케어 수딩 크림,복합성,47f29ca0f515b636122e24685015c131,0,0,1,0,0,0,0,11,4,1,5,5,3,1,0,0,0,12,1,0.0,0.0,0.0,0.0,1.0,1.0,0.0,0.0,1,1,0.9183673469387755,1,0,0.4285714285714286,0,0.0,0,0.0,0,0,0,0.0,0.0,0.0,0.0,0.0,0.0,0.0,0.0,0.0,0.0,0.0,0.0,0.0,0.0,0.0
A000000188751,몰바니 아티초크 카밍 케어 수딩 크림,민감성,47f29ca0f515b636122e24685015c131,0,1,0,0,0,0,0,11,4,1,5,5,3,1,0,0,0,12,1,0.0,0.0,0.0,0.0,1.0,1.0,0.0,0.0,1,1,0.9183673469387755,1,0,0.4285714285714286,0,0.0,0,0.0,0,0,0,0.0,0.0,0.9444993100863363,0.6321205588285577,0.0,0.0,0.0,0.0,0.0,0.0,0.0,0.0,0.4533596688414414,0.5056964470628461,0.22926237377470543
A000000188751,몰바니 아티초크 카밍 케어 수딩 크림,트러블성,47f29ca0f515b636122e24685015c131,0,0,0,0,0,0,1,11,4,1,5,5,3,1,0,0,0,12,1,0.0,0.0,0.0,0.0,1.0,1.0,0.0,0.0,1,1,0.9183673469387755,1,0,0.4285714285714286,0,0.0,0,0.0,0,0,0,0.0,0.0,0.0,0.0,0.0,0.0,0.0,0.0,0.0,0.0,0.0,0.0,0.0,0.0,0.0
A000000188751,몰바니 아티초크 카밍 케어 수딩 크림,중성,47f29ca0f515b636122e24685015c131,0,0,0,0,1,0,0,11,4,1,5,5,3,1,0,0,0,12,1,0.0,0.0,0.0,0.0,1.0,1.0,0.0,0.0,1,1,0.9183673469387755,1,0,0.4285714285714286,0,0.0,0,0.0,0,0,0,0.0,0.0,0.0,0.0,0.0,0.0,0.0,0.0,0.0,0.0,0.0,0.0,0.0,0.0,0.0
A000000188831,조선미녀 조선미녀크림,건성,4468e9962c10c149d49e75a8e2ff58c7,1,0,0,0,0,0,0,7,3,2,3,0,2,0,0,0,0,7,2,0.0,0.0,0.0,1.0,0.0,2.0,0.0,0.0,1,1,0.8888888888888888,0,0,0.0,1,0.2222222222222222,0,0.0,0,0,0,0.7625760058436418,0.3333333333333333,0.0,0.0,0.0,0.0,0.0,0.0,0.0,0.0,0.0,0.0,0.9759093391769751,0.0,0.0
A000000188831,조선미녀 조선미녀크림,약건성,4468e9962c10c149d49e75a8e2ff58c7,0,0,0,1,0,0,0,7,3,2,3,0,2,0,0,0,0,7,2,0.0,0.0,0.0,1.0,0.0,2.0,0.0,0.0,1,1,0.8888888888888888,0,0,0.0,1,0.2222222222222222,0,0.0,0,0,0,0.7625760058436418,0.3333333333333333,0.0,0.0,0.0,0.0,0.0,0.0,0.0,0.0,0.0,0.0,0.9759093391769751,0.0,0.0
A000000188831,조선미녀 조선미녀크림,지성,4468e9962c10c149d49e75a8e2ff58c7,0,0,0,0,0,1,0,7,3,2,3,0,2,0,0,0,0,7,2,0.0,0.0,0.0,1.0,0.0,2.0,0.0,0.0,1,1,0.8888888888888888,0,0,0.0,1,0.2222222222222222,0,0.0,0,0,0,0.0,0.0,0.0,0.0,0.0,0.0,0.8888888888888888,0.31606027941427883,0.0,0.0,0.0,0.0,0.7111111111111111,0.0,0.0
A000000188831,조선미녀 조선미녀크림,복합성,4468e9962c10c149d49e75a8e2ff58c7,0,0,1,0,0,0,0,7,3,2,3,0,2,0,0,0,0,7,2,0.0,0.0,0.0,1.0,0.0,2.0,0.0,0.0,1,1,0.8888888888888888,0,0,0.0,1,0.2222222222222222,0,0.0,0,0,0,0.0,0.0,0.0,0.0,0.0,0.0,0.0,0.0,0.0,0.0,0.0,0.0,0.0,0.0,0.0
A000000188831,조선미녀 조선미녀크림,민감성,4468e9962c10c149d49e75a8e2ff58c7,0,1,0,0,0,0,0,7,3,2,3,0,2,0,0,0,0,7,2,0.0,0.0,0.0,1.0,0.0,2.0,0.0,0.0,1,1,0.8888888888888888,0,0,0.0,1,0.2222222222222222,0,0.0,0,0,0,0.0,0.0,0.0,0.0,0.0,0.0,0.0,0.0,0.0,0.0,0.0,0.0,0.0,0.0,0.0
A000000188831,조선미녀 조선미녀크림,트러블성,4468e9962c10c149d49e75a8e2ff58c7,0,0,0,0,0,0,1,7,3,2,3,0,2,0,0,0,0,7,2,0.0,0.0,0.0,1.0,0.0,2.0,0.0,0.0,1,1,0.8888888888888888,0,0,0.0,1,0.2222222222222222,0,0.0,0,0,0,0.0,0.0,0.0,0.0,0.0,0.0,0.0,0.0,0.0,1.0,0.0,0.0,0.7,0.0,0.0
A000000188831,조선미녀 조선미녀크림,중성,4468e9962c10c149d49e75a8e2ff58c7,0,0,0,0,1,0,0,7,3,2,3,0,2,0,0,0,0,7,2,0.0,0.0,0.0,1.0,0.0,2.0,0.0,0.0,1,1,0.8888888888888888,0,0,0.0,1,0.2222222222222222,0,0.0,0,0,0,0.0,0.0,0.0,0.0,0.0,0.0,0.0,0.0,0.0,0.0,0.0,0.0,0.0,0.0,0.0
A000000189000,라운드랩 약콩 판테놀 크림,건성,14356172de42e93a52b3acec475a270b,1,0,0,0,0,0,0,6,7,2,9,1,1,0,0,1,0,1,1,1.0,0.0,1.0,0.0,3.0,1.0,0.0,0.0,0,0,0.0,1,0,0.7105263157894737,1,0.6578947368421053,0,0.0,1,1,0,0.8093014804619484,1.0,0.0,0.0,0.0,0.0,0.0,0.0,0.0,0.0,0.0,0.0,1.4493014804619484,0.0,0.0
A000000189000,라운드랩 약콩 판테놀 크림,약건성,14356172de42e93a52b3acec475a270b,0,0,0,1,0,0,0,6,7,2,9,1,1,0,0,1,0,1,1,1.0,0.0,1.0,0.0,3.0,1.0,0.0,0.0,0,0,0.0,1,0,0.7105263157894737,1,0.6578947368421053,0,0.0,1,1,0,0.8093014804619484,1.0,0.0,0.0,0.0,0.0,0.0,0.0,0.0,0.0,0.0,0.0,1.4493014804619484,0.0,0.0
A000000189000,라운드랩 약콩 판테놀 크림,지성,14356172de42e93a52b3acec475a270b,0,0,0,0,0,1,0,6,7,2,9,1,1,0,0,1,0,1,1,1.0,0.0,1.0,0.0,3.0,1.0,0.0,0.0,0,0,0.0,1,0,0.7105263157894737,1,0.6578947368421053,0,0.0,1,1,0,0.0,0.0,0.0,0.0,0.0,0.0,0.0,0.2925847950347342,0.26231289352491105,0.0,0.0,0.0,0.0,0.0,0.0
A000000189000,라운드랩 약콩 판테놀 크림,복합성,14356172de42e93a52b3acec475a270b,0,0,1,0,0,0,0,6,7,2,9,1,1,0,0,1,0,1,1,1.0,0.0,1.0,0.0,3.0,1.0,0.0,0.0,0,0,0.0,1,0,0.7105263157894737,1,0.6578947368421053,0,0.0,1,1,0,0.0,0.0,0.0,0.0,0.0,0.0,0.0,0.0,0.0,0.0,0.0,0.0,0.0,0.0,0.0
A000000189000,라운드랩 약콩 판테놀 크림,민감성,14356172de42e93a52b3acec475a270b,0,1,0,0,0,0,0,6,7,2,9,1,1,0,0,1,0,1,1,1.0,0.0,1.0,0.0,3.0,1.0,0.0,0.0,0,0,0.0,1,0,0.7105263157894737,1,0.6578947368421053,0,0.0,1,1,0,0.0,0.0,0.7300508444902565,0.0,0.0,0.0,0.0,0.0,0.0,0.0,0.0,0.0,0.3504244053553231,0.0,0.0
A000000189000,라운드랩 약콩 판테놀 크림,트러블성,14356172de42e93a52b3acec475a270b,0,0,0,0,0,0,1,6,7,2,9,1,1,0,0,1,0,1,1,1.0,0.0,1.0,0.0,3.0,1.0,0.0,0.0,0,0,0.0,1,0,0.7105263157894737,1,0.6578947368421053,0,0.0,1,1,0,0.0,0.0,0.0,0.0,0.0,0.0,0.0,0.0,0.0,0.0,0.0,0.0,0.0,0.0,0.0
A000000189000,라운드랩 약콩 판테놀 크림,중성,14356172de42e93a52b3acec475a270b,0,0,0,0,1,0,0,6,7,2,9,1,1,0,0,1,0,1,1,1.0,0.0,1.0,0.0,3.0,1.0,0.0,0.0,0,0,0.0,1,0,0.7105263157894737,1,0.6578947368421053,0,0.0,1,1,0,0.0,0.0,0.0,0.0,0.0,0.0,0.0,0.0,0.0,0.0,0.0,0.0,0.0,0.0,0.0
A000000189056,에스트라 리제덤365 밀도탄력 캡슐크림,건성,50ebcf79b9dc4602ebec0d3700a4119f,1,0,0,0,0,0,0,5,7,3,4,0,4,0,0,2,0,1,1,2.0,0.0,2.0,1.0,3.0,1.0,0.0,0.0,1,1,0.8541666666666666,0,0,0.0,0,0.0,0,0.0,1,1,0,0.8486065099772955,0.6666666666666666,0.0,0.0,0.0,0.0,0.0,0.0,0.0,0.0,0.0,0.0,1.275273176643962,0.0,0.0
A000000189056,에스트라 리제덤365 밀도탄력 캡슐크림,약건성,50ebcf79b9dc4602ebec0d3700a4119f,0,0,0,1,0,0,0,5,7,3,4,0,4,0,0,2,0,1,1,2.0,0.0,2.0,1.0,3.0,1.0,0.0,0.0,1,1,0.8541666666666666,0,0,0.0,0,0.0,0,0.0,1,1,0,0.8486065099772955,0.6666666666666666,0.0,0.0,0.0,0.0,0.0,0.0,0.0,0.0,0.0,0.0,1.275273176643962,0.0,0.0
A000000189056,에스트라 리제덤365 밀도탄력 캡슐크림,지성,50ebcf79b9dc4602ebec0d3700a4119f,0,0,0,0,0,1,0,5,7,3,4,0,4,0,0,2,0,1,1,2.0,0.0,2.0,1.0,3.0,1.0,0.0,0.0,1,1,0.8541666666666666,0,0,0.0,0,0.0,0,0.0,1,1,0,0.0,0.0,0.0,0.0,0.0,0.0,0.8541666666666666,0.45061493474187364,0.4214137058857051,0.0,0.0,0.0,0.6833333333333333,0.0,0.0
A000000189056,에스트라 리제덤365 밀도탄력 캡슐크림,복합성,50ebcf79b9dc4602ebec0d3700a4119f,0,0,1,0,0,0,0,5,7,3,4,0,4,0,0,2,0,1,1,2.0,0.0,2.0,1.0,3.0,1.0,0.0,0.0,1,1,0.8541666666666666,0,0,0.0,0,0.0,0,0.0,1,1,0,0.0,0.0,0.0,0.0,0.0,0.0,0.0,0.0,0.0,0.0,0.0,0.0,0.0,0.0,0.0
A000000189056,에스트라 리제덤365 밀도탄력 캡슐크림,민감성,50ebcf79b9dc4602ebec0d3700a4119f,0,1,0,0,0,0,0,5,7,3,4,0,4,0,0,2,0,1,1,2.0,0.0,2.0,1.0,3.0,1.0,0.0,0.0,1,1,0.8541666666666666,0,0,0.0,0,0.0,0,0.0,1,1,0,0.0,0.0,0.0,0.0,0.0,0.0,0.0,0.0,0.0,0.0,0.0,0.0,0.0,0.0,0.0
A000000189056,에스트라 리제덤365 밀도탄력 캡슐크림,트러블성,50ebcf79b9dc4602ebec0d3700a4119f,0,0,0,0,0,0,1,5,7,3,4,0,4,0,0,2,0,1,1,2.0,0.0,2.0,1.0,3.0,1.0,0.0,0.0,1,1,0.8541666666666666,0,0,0.0,0,0.0,0,0.0,1,1,0,0.0,0.0,0.0,0.0,0.0,0.0,0.0,0.0,0.0,0.0,0.0,0.0,0.0,0.0,0.0
A000000189056,에스트라 리제덤365 밀도탄력 캡슐크림,중성,50ebcf79b9dc4602ebec0d3700a4119f,0,0,0,0,1,0,0,5,7,3,4,0,4,0,0,2,0,1,1,2.0,0.0,2.0,1.0,3.0,1.0,0.0,0.0,1,1,0.8541666666666666,0,0,0.0,0,0.0,0,0.0,1,1,0,0.0,0.0,0.0,0.0,0.0,0.0,0.0,0.0,0.0,0.0,0.0,0.0,0.0,0.0,0.0
A000000189248,바이오힐보 판테셀 리페어시카 크림,건성,13cd436f5d08d7d3b60b8b47db5c64bb,1,0,0,0,0,0,0,7,4,0,4,7,13,0,0,0,12,2,1,2.0,0.0,0.0,0.0,1.0,1.0,0.0,0.0,0,0,0.0,1,1,0.9807692307692307,0,0.0,0,0.0,0,1,0,0.0,0.3333333333333333,0.0,0.0,0.0,0.0,0.0,0.0,0.0,0.0,0.0,0.0,0.21333333333333332,0.0,0.0
A000000189248,바이오힐보 판테셀 리페어시카 크림,약건성,13cd436f5d08d7d3b60b8b47db5c64bb,0,0,0,1,0,0,0,7,4,0,4,7,13,0,0,0,12,2,1,2.0,0.0,0.0,0.0,1.0,1.0,0.0,0.0,0,0,0.0,1,1,0.9807692307692307,0,0.0,0,0.0,0,1,0,0.0,0.3333333333333333,0.0,0.0,0.0,0.0,0.0,0.0,0.0,0.0,0.0,0.0,0.21333333333333332,0.0,0.0
A000000189248,바이오힐보 판테셀 리페어시카 크림,지성,13cd436f5d08d7d3b60b8b47db5c64bb,0,0,0,0,0,1,0,7,4,0,4,7,13,0,0,0,12,2,1,2.0,0.0,0.0,0.0,1.0,1.0,0.0,0.0,0,0,0.0,1,1,0.9807692307692307,0,0.0,0,0.0,0,1,0,0.0,0.0,0.0,0.0,0.0,0.0,0.0,0.1967346701436833,0.21070685294285255,0.0,0.0,0.0,0.0,0.0,0.0
A000000189248,바이오힐보 판테셀 리페어시카 크림,복합성,13cd436f5d08d7d3b60b8b47db5c64bb,0,0,1,0,0,0,0,7,4,0,4,7,13,0,0,0,12,2,1,2.0,0.0,0.0,0.0,1.0,1.0,0.0,0.0,0,0,0.0,1,1,0.9807692307692307,0,0.0,0,0.0,0,1,0,0.0,0.0,0.0,0.0,0.0,0.0,0.0,0.0,0.0,0.0,0.0,0.0,0.0,0.0,0.0
A000000189248,바이오힐보 판테셀 리페어시카 크림,민감성,13cd436f5d08d7d3b60b8b47db5c64bb,0,1,0,0,0,0,0,7,4,0,4,7,13,0,0,0,12,2,1,2.0,0.0,0.0,0.0,1.0,1.0,0.0,0.0,0,0,0.0,1,1,0.9807692307692307,0,0.0,0,0.0,0,1,0,0.0,0.0,0.9429971128281471,0.0,0.0,0.0,0.0,0.0,0.0,0.0,0.0,0.0,0.4526386141575106,0.0,0.0
A000000189248,바이오힐보 판테셀 리페어시카 크림,트러블성,13cd436f5d08d7d3b60b8b47db5c64bb,0,0,0,0,0,0,1,7,4,0,4,7,13,0,0,0,12,2,1,2.0,0.0,0.0,0.0,1.0,1.0,0.0,0.0,0,0,0.0,1,1,0.9807692307692307,0,0.0,0,0.0,0,1,0,0.0,0.0,0.0,0.0,0.0,0.0,0.0,0.0,0.0,0.0,0.0,0.0,0.0,0.0,0.0
A000000189248,바이오힐보 판테셀 리페어시카 크림,중성,13cd436f5d08d7d3b60b8b47db5c64bb,0,0,0,0,1,0,0,7,4,0,4,7,13,0,0,0,12,2,1,2.0,0.0,0.0,0.0,1.0,1.0,0.0,0.0,0,0,0.0,1,1,0.9807692307692307,0,0.0,0,0.0,0,1,0,0.0,0.0,0.0,0.0,0.0,0.0,0.0,0.0,0.0,0.0,0.0,0.0,0.0,0.0,0.0
A000000189587,헤라 하이드로 리플렉팅 마이크로 크림,건성,606ac2108f52c75c38dcb8f6b6c370e2,1,0,0,0,0,0,0,8,3,0,2,2,5,1,0,0,1,5,1,0.0,0.0,0.0,0.0,2.0,1.0,0.0,0.0,1,0,0.5714285714285714,0,0,0.0,1,0.30612244897959184,0,0.0,0,0,0,0.0,0.3333333333333333,0.0,0.0,0.0,0.0,0.0,0.0,0.0,0.0,0.0,0.0,0.21333333333333332,0.0,0.0
A000000189587,헤라 하이드로 리플렉팅 마이크로 크림,약건성,606ac2108f52c75c38dcb8f6b6c370e2,0,0,0,1,0,0,0,8,3,0,2,2,5,1,0,0,1,5,1,0.0,0.0,0.0,0.0,2.0,1.0,0.0,0.0,1,0,0.5714285714285714,0,0,0.0,1,0.30612244897959184,0,0.0,0,0,0,0.0,0.3333333333333333,0.0,0.0,0.0,0.0,0.0,0.0,0.0,0.0,0.0,0.0,0.21333333333333332,0.0,0.0
A000000189587,헤라 하이드로 리플렉팅 마이크로 크림,지성,606ac2108f52c75c38dcb8f6b6c370e2,0,0,0,0,0,1,0,8,3,0,2,2,5,1,0,0,1,5,1,0.0,0.0,0.0,0.0,2.0,1.0,0.0,0.0,1,0,0.5714285714285714,0,0,0.0,1,0.30612244897959184,0,0.0,0,0,0,0.0,0.0,0.0,0.0,0.0,0.0,0.5714285714285714,0.25639747477898106,0.0,0.0,0.0,0.0,0.45714285714285713,0.0,0.0
A000000189587,헤라 하이드로 리플렉팅 마이크로 크림,복합성,606ac2108f52c75c38dcb8f6b6c370e2,0,0,1,0,0,0,0,8,3,0,2,2,5,1,0,0,1,5,1,0.0,0.0,0.0,0.0,2.0,1.0,0.0,0.0,1,0,0.5714285714285714,0,0,0.0,1,0.30612244897959184,0,0.0,0,0,0,0.0,0.0,0.0,0.0,0.0,0.0,0.0,0.0,0.0,0.0,0.0,0.0,0.0,0.0,0.0
A000000189587,헤라 하이드로 리플렉팅 마이크로 크림,민감성,606ac2108f52c75c38dcb8f6b6c370e2,0,1,0,0,0,0,0,8,3,0,2,2,5,1,0,0,1,5,1,0.0,0.0,0.0,0.0,2.0,1.0,0.0,0.0,1,0,0.5714285714285714,0,0,0.0,1,0.30612244897959184,0,0.0,0,0,0,0.0,0.0,0.736546115786664,0.6321205588285577,0.0,0.0,0.0,0.0,0.0,0.0,0.0,0.0,0.35354213557759867,0.5056964470628461,0.1787850018486027
A000000189587,헤라 하이드로 리플렉팅 마이크로 크림,트러블성,606ac2108f52c75c38dcb8f6b6c370e2,0,0,0,0,0,0,1,8,3,0,2,2,5,1,0,0,1,5,1,0.0,0.0,0.0,0.0,2.0,1.0,0.0,0.0,1,0,0.5714285714285714,0,0,0.0,1,0.30612244897959184,0,0.0,0,0,0,0.0,0.0,0.0,0.0,0.0,0.0,0.0,0.0,0.0,1.0,0.0,0.0,0.7,0.0,0.0
A000000189587,헤라 하이드로 리플렉팅 마이크로 크림,중성,606ac2108f52c75c38dcb8f6b6c370e2,0,0,0,0,1,0,0,8,3,0,2,2,5,1,0,0,1,5,1,0.0,0.0,0.0,0.0,2.0,1.0,0.0,0.0,1,0,0.5714285714285714,0,0,0.0,1,0.30612244897959184,0,0.0,0,0,0,0.0,0.0,0.0,0.0,0.0,0.0,0.0,0.0,0.0,0.0,0.0,0.0,0.0,0.0,0.0
A000000191715,아벤느 클리낭스 아쿠아크림-인-젤 수분 크림,건성,055178fb6ec5b6b9d6963c19fd2e1b1e,1,0,0,0,0,0,0,4,2,0,0,0,2,1,0,0,0,1,0,1.0,0.0,0.0,0.0,0.0,0.0,0.0,0.0,1,1,0.75,0,0,0.0,0,0.0,0,0.0,0,0,0,0.0,0.0,0.0,0.0,0.0,0.0,0.0,0.0,0.0,0.0,0.0,0.0,0.0,0.0,0.0
A000000191715,아벤느 클리낭스 아쿠아크림-인-젤 수분 크림,약건성,055178fb6ec5b6b9d6963c19fd2e1b1e,0,0,0,1,0,0,0,4,2,0,0,0,2,1,0,0,0,1,0,1.0,0.0,0.0,0.0,0.0,0.0,0.0,0.0,1,1,0.75,0,0,0.0,0,0.0,0,0.0,0,0,0,0.0,0.0,0.0,0.0,0.0,0.0,0.0,0.0,0.0,0.0,0.0,0.0,0.0,0.0,0.0
A000000191715,아벤느 클리낭스 아쿠아크림-인-젤 수분 크림,지성,055178fb6ec5b6b9d6963c19fd2e1b1e,0,0,0,0,0,1,0,4,2,0,0,0,2,1,0,0,0,1,0,1.0,0.0,0.0,0.0,0.0,0.0,0.0,0.0,1,1,0.75,0,0,0.0,0,0.0,0,0.0,0,0,0,0.0,0.0,0.0,0.0,0.0,0.0,0.75,0.0,0.13115644676245553,0.0,0.0,0.0,0.6000000000000001,0.0,0.0
A000000191715,아벤느 클리낭스 아쿠아크림-인-젤 수분 크림,복합성,055178fb6ec5b6b9d6963c19fd2e1b1e,0,0,1,0,0,0,0,4,2,0,0,0,2,1,0,0,0,1,0,1.0,0.0,0.0,0.0,0.0,0.0,0.0,0.0,1,1,0.75,0,0,0.0,0,0.0,0,0.0,0,0,0,0.0,0.0,0.0,0.0,0.0,0.0,0.0,0.0,0.0,0.0,0.0,0.0,0.0,0.0,0.0
A000000191715,아벤느 클리낭스 아쿠아크림-인-젤 수분 크림,민감성,055178fb6ec5b6b9d6963c19fd2e1b1e,0,1,0,0,0,0,0,4,2,0,0,0,2,1,0,0,0,1,0,1.0,0.0,0.0,0.0,0.0,0.0,0.0,0.0,1,1,0.75,0,0,0.0,0,0.0,0,0.0,0,0,0,0.0,0.0,0.0,0.6321205588285577,0.0,0.0,0.0,0.0,0.0,0.0,0.0,0.0,0.0,0.5056964470628461,0.0
A000000191715,아벤느 클리낭스 아쿠아크림-인-젤 수분 크림,트러블성,055178fb6ec5b6b9d6963c19fd2e1b1e,0,0,0,0,0,0,1,4,2,0,0,0,2,1,0,0,0,1,0,1.0,0.0,0.0,0.0,0.0,0.0,0.0,0.0,1,1,0.75,0,0,0.0,0,0.0,0,0.0,0,0,0,0.0,0.0,0.0,0.0,0.0,0.0,0.0,0.0,0.0,0.0,0.0,0.0,0.0,0.0,0.0
A000000191715,아벤느 클리낭스 아쿠아크림-인-젤 수분 크림,중성,055178fb6ec5b6b9d6963c19fd2e1b1e,0,0,0,0,1,0,0,4,2,0,0,0,2,1,0,0,0,1,0,1.0,0.0,0.0,0.0,0.0,0.0,0.0,0.0,1,1,0.75,0,0,0.0,0,0.0,0,0.0,0,0,0,0.0,0.0,0.0,0.0,0.0,0.0,0.0,0.0,0.0,0.0,0.0,0.0,0.0,0.0,0.0
A000000192105,CKD 레티노콜라겐 저분자 300 괄사 목주름 크림,건성,b78506b53e7342858334521cdaf2b8d9,1,0,0,0,0,0,0,10,4,3,4,1,5,2,0,2,1,9,3,0.0,1.0,1.0,1.0,1.0,1.0,0.0,2.0,1,1,0.9295774647887324,0,0,0.0,1,0.43661971830985913,0,0.0,0,1,0,0.8652467155861164,0.6666666666666666,0.0,0.0,0.0,0.0,0.0,0.0,0.0,0.0,0.0,0.0,1.291913382252783,0.0,0.0
A000000192105,CKD 레티노콜라겐 저분자 300 괄사 목주름 크림,약건성,b78506b53e7342858334521cdaf2b8d9,0,0,0,1,0,0,0,10,4,3,4,1,5,2,0,2,1,9,3,0.0,1.0,1.0,1.0,1.0,1.0,0.0,2.0,1,1,0.9295774647887324,0,0,0.0,1,0.43661971830985913,0,0.0,0,1,0,0.8652467155861164,0.6666666666666666,0.0,0.0,0.0,0.0,0.0,0.0,0.0,0.0,0.0,0.0,1.291913382252783,0.0,0.0
A000000192105,CKD 레티노콜라겐 저분자 300 괄사 목주름 크림,지성,b78506b53e7342858334521cdaf2b8d9,0,0,0,0,0,1,0,10,4,3,4,1,5,2,0,2,1,9,3,0.0,1.0,1.0,1.0,1.0,1.0,0.0,2.0,1,1,0.9295774647887324,0,0,0.0,1,0.43661971830985913,0,0.0,0,1,0,0.0,0.0,0.0,0.0,0.0,0.0,0.9295774647887324,0.3547648098508227,0.3418632997053081,0.0,0.0,0.0,0.7436619718309859,0.0,0.0
A000000192105,CKD 레티노콜라겐 저분자 300 괄사 목주름 크림,복합성,b78506b53e7342858334521cdaf2b8d9,0,0,1,0,0,0,0,10,4,3,4,1,5,2,0,2,1,9,3,0.0,1.0,1.0,1.0,1.0,1.0,0.0,2.0,1,1,0.9295774647887324,0,0,0.0,1,0.43661971830985913,0,0.0,0,1,0,0.0,0.0,0.0,0.0,0.0,0.0,0.0,0.0,0.0,0.0,0.0,0.0,0.0,0.0,0.0
A000000192105,CKD 레티노콜라겐 저분자 300 괄사 목주름 크림,민감성,b78506b53e7342858334521cdaf2b8d9,0,1,0,0,0,0,0,10,4,3,4,1,5,2,0,2,1,9,3,0.0,1.0,1.0,1.0,1.0,1.0,0.0,2.0,1,1,0.9295774647887324,0,0,0.0,1,0.43661971830985913,0,0.0,0,1,0,0.0,0.0,0.6981030652663972,0.8646647167633873,0.0,0.8646647167633873,0.0,0.0,0.0,0.0,0.0,0.0,0.33508947132787065,0.9407552118385654,0.3152371665839238
A000000192105,CKD 레티노콜라겐 저분자 300 괄사 목주름 크림,트러블성,b78506b53e7342858334521cdaf2b8d9,0,0,0,0,0,0,1,10,4,3,4,1,5,2,0,2,1,9,3,0.0,1.0,1.0,1.0,1.0,1.0,0.0,2.0,1,1,0.9295774647887324,0,0,0.0,1,0.43661971830985913,0,0.0,0,1,0,0.0,0.0,0.0,0.0,0.0,0.0,0.0,0.0,0.0,1.0,0.0,0.0,0.7,0.0,0.0
A000000192105,CKD 레티노콜라겐 저분자 300 괄사 목주름 크림,중성,b78506b53e7342858334521cdaf2b8d9,0,0,0,0,1,0,0,10,4,3,4,1,5,2,0,2,1,9,3,0.0,1.0,1.0,1.0,1.0,1.0,0.0,2.0,1,1,0.9295774647887324,0,0,0.0,1,0.43661971830985913,0,0.0,0,1,0,0.0,0.0,0.0,0.0,0.0,0.0,0.0,0.0,0.0,0.0,0.0,0.0,0.0,0.0,0.0
A000000192300,몰바니 볼륨 인크리징 프로틴 크림,건성,c8d01a19306a01d3cc199f83a069df16,1,0,0,0,0,0,0,5,3,1,2,1,3,0,1,2,0,5,0,2.0,1.0,0.0,0.0,1.0,0.0,0.0,0.0,1,1,0.8648648648648649,0,0,0.0,0,0.0,1,0.08108108108108103,0,0,1,0.6282254714899979,0.0,0.0,0.0,0.0,0.0,0.0,0.0,0.0,0.0,0.0,0.0,0.6282254714899979,0.0,0.0
A000000192300,몰바니 볼륨 인크리징 프로틴 크림,약건성,c8d01a19306a01d3cc199f83a069df16,0,0,0,1,0,0,0,5,3,1,2,1,3,0,1,2,0,5,0,2.0,1.0,0.0,0.0,1.0,0.0,0.0,0.0,1,1,0.8648648648648649,0,0,0.0,0,0.0,1,0.08108108108108103,0,0,1,0.6282254714899979,0.0,0.0,0.0,0.0,0.0,0.0,0.0,0.0,0.0,0.0,0.0,0.6282254714899979,0.0,0.0
A000000192300,몰바니 볼륨 인크리징 프로틴 크림,지성,c8d01a19306a01d3cc199f83a069df16,0,0,0,0,0,1,0,5,3,1,2,1,3,0,1,2,0,5,0,2.0,1.0,0.0,0.0,1.0,0.0,0.0,0.0,1,1,0.8648648648648649,0,0,0.0,0,0.0,1,0.08108108108108103,0,0,1,0.0,0.0,0.0,0.0,0.0,0.0,0.8648648648648649,0.09836733507184164,0.4214137058857051,0.0,0.0,0.0,0.6918918918918919,0.0,0.0
A000000192300,몰바니 볼륨 인크리징 프로틴 크림,복합성,c8d01a19306a01d3cc199f83a069df16,0,0,1,0,0,0,0,5,3,1,2,1,3,0,1,2,0,5,0,2.0,1.0,0.0,0.0,1.0,0.0,0.0,0.0,1,1,0.8648648648648649,0,0,0.0,0,0.0,1,0.08108108108108103,0,0,1,0.0,0.0,0.0,0.0,0.0,0.0,0.0,0.0,0.0,0.0,0.0,0.0,0.0,0.0,0.0
A000000192300,몰바니 볼륨 인크리징 프로틴 크림,민감성,c8d01a19306a01d3cc199f83a069df16,0,1,0,0,0,0,0,5,3,1,2,1,3,0,1,2,0,5,0,2.0,1.0,0.0,0.0,1.0,0.0,0.0,0.0,1,1,0.8648648648648649,0,0,0.0,0,0.0,1,0.08108108108108103,0,0,1,0.0,0.0,0.6288836021376135,0.0,0.6321205588285577,0.0,0.0,0.0,0.0,0.0,0.0,0.23254415793482963,0.3018641290260545,0.3296988419421598,0.09952425376376887
A000000192300,몰바니 볼륨 인크리징 프로틴 크림,트러블성,c8d01a19306a01d3cc199f83a069df16,0,0,0,0,0,0,1,5,3,1,2,1,3,0,1,2,0,5,0,2.0,1.0,0.0,0.0,1.0,0.0,0.0,0.0,1,1,0.8648648648648649,0,0,0.0,0,0.0,1,0.08108108108108103,0,0,1,0.0,0.0,0.0,0.0,0.0,0.0,0.0,0.0,0.0,0.0,0.7950600976206501,0.23254415793482963,0.15901201952413002,0.04650883158696593,0.007395463236351102
A000000192300,몰바니 볼륨 인크리징 프로틴 크림,중성,c8d01a19306a01d3cc199f83a069df16,0,0,0,0,1,0,0,5,3,1,2,1,3,0,1,2,0,5,0,2.0,1.0,0.0,0.0,1.0,0.0,0.0,0.0,1,1,0.8648648648648649,0,0,0.0,0,0.0,1,0.08108108108108103,0,0,1,0.0,0.0,0.0,0.0,0.0,0.0,0.0,0.0,0.0,0.0,0.0,0.0,0.0,0.0,0.0
A000000192405,더하르나이 시카이드 크림,건성,25b619ca6b7890da2d39c05329a509f4,1,0,0,0,0,0,0,13,3,3,3,7,9,0,0,2,8,5,1,0.0,1.0,1.0,0.0,1.0,0.0,1.0,0.0,0,0,0.0,1,0,0.1428571428571429,1,0.6607142857142857,0,0.0,0,0,0,0.8413688126351678,0.3333333333333333,0.0,0.0,0.0,0.0,0.0,0.0,0.0,0.0,0.0,0.0,1.054702145968501,0.0,0.0
A000000192405,더하르나이 시카이드 크림,약건성,25b619ca6b7890da2d39c05329a509f4,0,0,0,1,0,0,0,13,3,3,3,7,9,0,0,2,8,5,1,0.0,1.0,1.0,0.0,1.0,0.0,1.0,0.0,0,0,0.0,1,0,0.1428571428571429,1,0.6607142857142857,0,0.0,0,0,0,0.8413688126351678,0.3333333333333333,0.0,0.0,0.0,0.0,0.0,0.0,0.0,0.0,0.0,0.0,1.054702145968501,0.0,0.0
A000000192405,더하르나이 시카이드 크림,지성,25b619ca6b7890da2d39c05329a509f4,0,0,0,0,0,1,0,13,3,3,3,7,9,0,0,2,8,5,1,0.0,1.0,1.0,0.0,1.0,0.0,1.0,0.0,0,0,0.0,1,0,0.1428571428571429,1,0.6607142857142857,0,0.0,0,0,0,0.0,0.0,0.0,0.0,0.0,0.0,0.0,0.25639747477898106,0.3418632997053081,0.0,0.0,0.0,0.0,0.0,0.0
A000000192405,더하르나이 시카이드 크림,복합성,25b619ca6b7890da2d39c05329a509f4,0,0,1,0,0,0,0,13,3,3,3,7,9,0,0,2,8,5,1,0.0,1.0,1.0,0.0,1.0,0.0,1.0,0.0,0,0,0.0,1,0,0.1428571428571429,1,0.6607142857142857,0,0.0,0,0,0,0.0,0.0,0.0,0.0,0.0,0.0,0.0,0.0,0.0,0.0,0.0,0.0,0.0,0.0,0.0
A000000192405,더하르나이 시카이드 크림,민감성,25b619ca6b7890da2d39c05329a509f4,0,1,0,0,0,0,0,13,3,3,3,7,9,0,0,2,8,5,1,0.0,1.0,1.0,0.0,1.0,0.0,1.0,0.0,0,0,0.0,1,0,0.1428571428571429,1,0.6607142857142857,0,0.0,0,0,0,0.0,0.0,0.9099353508104996,0.0,0.0,0.0,0.0,0.0,0.0,0.0,0.0,0.0,0.4367689683890398,0.0,0.0
A000000192405,더하르나이 시카이드 크림,트러블성,25b619ca6b7890da2d39c05329a509f4,0,0,0,0,0,0,1,13,3,3,3,7,9,0,0,2,8,5,1,0.0,1.0,1.0,0.0,1.0,0.0,1.0,0.0,0,0,0.0,1,0,0.1428571428571429,1,0.6607142857142857,0,0.0,0,0,0,0.0,0.0,0.0,0.0,0.0,0.0,0.0,0.0,0.0,0.0,0.0,0.0,0.0,0.0,0.0
A000000192405,더하르나이 시카이드 크림,중성,25b619ca6b7890da2d39c05329a509f4,0,0,0,0,1,0,0,13,3,3,3,7,9,0,0,2,8,5,1,0.0,1.0,1.0,0.0,1.0,0.0,1.0,0.0,0,0,0.0,1,0,0.1428571428571429,1,0.6607142857142857,0,0.0,0,0,0,0.0,0.0,0.0,0.0,0.0,0.0,0.0,0.0,0.0,0.0,0.0,0.0,0.0,0.0,0.0
A000000192520,로벡틴 아쿠아 히알루로닉 수딩 크림,건성,f55b5847c697b39fb0e8d346e86ed380,1,0,0,0,0,0,0,4,2,1,1,2,2,0,0,0,0,3,5,0.0,0.0,0.0,1.0,0.0,5.0,0.0,0.0,1,1,0.8333333333333334,0,0,0.0,1,0.7333333333333334,0,0.0,0,0,0,0.5679046526399114,0.3333333333333333,0.0,0.0,0.0,0.0,0.0,0.0,0.0,0.0,0.0,0.0,0.7812379859732448,0.0,0.0
A000000192520,로벡틴 아쿠아 히알루로닉 수딩 크림,약건성,f55b5847c697b39fb0e8d346e86ed380,0,0,0,1,0,0,0,4,2,1,1,2,2,0,0,0,0,3,5,0.0,0.0,0.0,1.0,0.0,5.0,0.0,0.0,1,1,0.8333333333333334,0,0,0.0,1,0.7333333333333334,0,0.0,0,0,0,0.5679046526399114,0.3333333333333333,0.0,0.0,0.0,0.0,0.0,0.0,0.0,0.0,0.0,0.0,0.7812379859732448,0.0,0.0
A000000192520,로벡틴 아쿠아 히알루로닉 수딩 크림,지성,f55b5847c697b39fb0e8d346e86ed380,0,0,0,0,0,1,0,4,2,1,1,2,2,0,0,0,0,3,5,0.0,0.0,0.0,1.0,0.0,5.0,0.0,0.0,1,1,0.8333333333333334,0,0,0.0,1,0.7333333333333334,0,0.0,0,0,0,0.0,0.0,0.0,0.0,0.0,0.0,0.8333333333333334,0.38750889005116473,0.0,0.0,0.0,0.0,0.6666666666666667,0.0,0.0
A000000192520,로벡틴 아쿠아 히알루로닉 수딩 크림,복합성,f55b5847c697b39fb0e8d346e86ed380,0,0,1,0,0,0,0,4,2,1,1,2,2,0,0,0,0,3,5,0.0,0.0,0.0,1.0,0.0,5.0,0.0,0.0,1,1,0.8333333333333334,0,0,0.0,1,0.7333333333333334,0,0.0,0,0,0,0.0,0.0,0.0,0.0,0.0,0.0,0.0,0.0,0.0,0.0,0.0,0.0,0.0,0.0,0.0
A000000192520,로벡틴 아쿠아 히알루로닉 수딩 크림,민감성,f55b5847c697b39fb0e8d346e86ed380,0,1,0,0,0,0,0,4,2,1,1,2,2,0,0,0,0,3,5,0.0,0.0,0.0,1.0,0.0,5.0,0.0,0.0,1,1,0.8333333333333334,0,0,0.0,1,0.7333333333333334,0,0.0,0,0,0,0.0,0.0,0.6288836021376135,0.0,0.0,0.0,0.0,0.0,0.0,0.0,0.0,0.0,0.3018641290260545,0.0,0.0
A000000192520,로벡틴 아쿠아 히알루로닉 수딩 크림,트러블성,f55b5847c697b39fb0e8d346e86ed380,0,0,0,0,0,0,1,4,2,1,1,2,2,0,0,0,0,3,5,0.0,0.0,0.0,1.0,0.0,5.0,0.0,0.0,1,1,0.8333333333333334,0,0,0.0,1,0.7333333333333334,0,0.0,0,0,0,0.0,0.0,0.0,0.0,0.0,0.0,0.0,0.0,0.0,1.0,0.0,0.0,0.7,0.0,0.0
A000000192520,로벡틴 아쿠아 히알루로닉 수딩 크림,중성,f55b5847c697b39fb0e8d346e86ed380,0,0,0,0,1,0,0,4,2,1,1,2,2,0,0,0,0,3,5,0.0,0.0,0.0,1.0,0.0,5.0,0.0,0.0,1,1,0.8333333333333334,0,0,0.0,1,0.7333333333333334,0,0.0,0,0,0,0.0,0.0,0.0,0.0,0.0,0.0,0.0,0.0,0.0,0.0,0.0,0.0,0.0,0.0,0.0
A000000192782,에스네이처 아쿠아 스쿠알란 수분크림,건성,5306082f15faea4ec55cf711bafcc3ac,1,0,0,0,0,0,0,19,1,1,2,2,2,0,0,0,1,0,0,0.0,0.0,0.0,0.0,0.0,0.0,0.0,0.0,0,0,0.0,1,1,0.8076923076923077,0,0.0,0,0.0,0,0,0,0.5366402610252968,0.0,0.0,0.0,0.0,0.0,0.0,0.0,0.0,0.0,0.0,0.0,0.5366402610252968,0.0,0.0
A000000192782,에스네이처 아쿠아 스쿠알란 수분크림,약건성,5306082f15faea4ec55cf711bafcc3ac,0,0,0,1,0,0,0,19,1,1,2,2,2,0,0,0,1,0,0,0.0,0.0,0.0,0.0,0.0,0.0,0.0,0.0,0,0,0.0,1,1,0.8076923076923077,0,0.0,0,0.0,0,0,0,0.5366402610252968,0.0,0.0,0.0,0.0,0.0,0.0,0.0,0.0,0.0,0.0,0.0,0.5366402610252968,0.0,0.0
A000000192782,에스네이처 아쿠아 스쿠알란 수분크림,지성,5306082f15faea4ec55cf711bafcc3ac,0,0,0,0,0,1,0,19,1,1,2,2,2,0,0,0,1,0,0,0.0,0.0,0.0,0.0,0.0,0.0,0.0,0.0,0,0,0.0,1,1,0.8076923076923077,0,0.0,0,0.0,0,0,0,0.0,0.0,0.0,0.0,0.0,0.0,0.0,0.0,0.0,0.0,0.0,0.0,0.0,0.0,0.0
A000000192782,에스네이처 아쿠아 스쿠알란 수분크림,복합성,5306082f15faea4ec55cf711bafcc3ac,0,0,1,0,0,0,0,19,1,1,2,2,2,0,0,0,1,0,0,0.0,0.0,0.0,0.0,0.0,0.0,0.0,0.0,0,0,0.0,1,1,0.8076923076923077,0,0.0,0,0.0,0,0,0,0.0,0.0,0.0,0.0,0.0,0.0,0.0,0.0,0.0,0.0,0.0,0.0,0.0,0.0,0.0
A000000192782,에스네이처 아쿠아 스쿠알란 수분크림,민감성,5306082f15faea4ec55cf711bafcc3ac,0,1,0,0,0,0,0,19,1,1,2,2,2,0,0,0,1,0,0,0.0,0.0,0.0,0.0,0.0,0.0,0.0,0.0,0,0,0.0,1,1,0.8076923076923077,0,0.0,0,0.0,0,0,0,0.0,0.0,0.736546115786664,0.0,0.0,0.0,0.0,0.0,0.0,0.0,0.0,0.0,0.35354213557759867,0.0,0.0
A000000192782,에스네이처 아쿠아 스쿠알란 수분크림,트러블성,5306082f15faea4ec55cf711bafcc3ac,0,0,0,0,0,0,1,19,1,1,2,2,2,0,0,0,1,0,0,0.0,0.0,0.0,0.0,0.0,0.0,0.0,0.0,0,0,0.0,1,1,0.8076923076923077,0,0.0,0,0.0,0,0,0,0.0,0.0,0.0,0.0,0.0,0.0,0.0,0.0,0.0,0.0,0.0,0.0,0.0,0.0,0.0
A000000192782,에스네이처 아쿠아 스쿠알란 수분크림,중성,5306082f15faea4ec55cf711bafcc3ac,0,0,0,0,1,0,0,19,1,1,2,2,2,0,0,0,1,0,0,0.0,0.0,0.0,0.0,0.0,0.0,0.0,0.0,0,0,0.0,1,1,0.8076923076923077,0,0.0,0,0.0,0,0,0,0.0,0.0,0.0,0.0,0.0,0.0,0.0,0.0,0.0,0.0,0.0,0.0,0.0,0.0,0.0
A000000198166,라네즈 워터뱅크 모이스춰 크림,건성,094e54964374b9f27c48ae6f1997d4ea,1,0,0,0,0,0,0,8,6,4,7,3,2,1,0,3,1,1,0,1.0,1.0,2.0,0.0,1.0,0.0,0.0,0.0,0,0,0.0,1,0,0.5405405405405406,1,0.18918918918918914,0,0.0,1,1,0,0.9143888573289132,1.0,0.0,0.0,0.0,0.0,0.0,0.0,0.0,0.0,0.0,0.0,1.554388857328913,0.0,0.0
A000000198166,라네즈 워터뱅크 모이스춰 크림,약건성,094e54964374b9f27c48ae6f1997d4ea,0,0,0,1,0,0,0,8,6,4,7,3,2,1,0,3,1,1,0,1.0,1.0,2.0,0.0,1.0,0.0,0.0,0.0,0,0,0.0,1,0,0.5405405405405406,1,0.18918918918918914,0,0.0,1,1,0,0.9143888573289132,1.0,0.0,0.0,0.0,0.0,0.0,0.0,0.0,0.0,0.0,0.0,1.554388857328913,0.0,0.0
A000000198166,라네즈 워터뱅크 모이스춰 크림,지성,094e54964374b9f27c48ae6f1997d4ea,0,0,0,0,0,1,0,8,6,4,7,3,2,1,0,3,1,1,0,1.0,1.0,2.0,0.0,1.0,0.0,0.0,0.0,0,0,0.0,1,0,0.5405405405405406,1,0.18918918918918914,0,0.0,1,1,0,0.0,0.0,0.0,0.0,0.0,0.0,0.0,0.09836733507184164,0.5525701526481607,0.0,0.0,0.0,0.0,0.0,0.0
A000000198166,라네즈 워터뱅크 모이스춰 크림,복합성,094e54964374b9f27c48ae6f1997d4ea,0,0,1,0,0,0,0,8,6,4,7,3,2,1,0,3,1,1,0,1.0,1.0,2.0,0.0,1.0,0.0,0.0,0.0,0,0,0.0,1,0,0.5405405405405406,1,0.18918918918918914,0,0.0,1,1,0,0.0,0.0,0.0,0.0,0.0,0.0,0.0,0.0,0.0,0.0,0.0,0.0,0.0,0.0,0.0
A000000198166,라네즈 워터뱅크 모이스춰 크림,민감성,094e54964374b9f27c48ae6f1997d4ea,0,1,0,0,0,0,0,8,6,4,7,3,2,1,0,3,1,1,0,1.0,1.0,2.0,0.0,1.0,0.0,0.0,0.0,0,0,0.0,1,0,0.5405405405405406,1,0.18918918918918914,0,0.0,1,1,0,0.0,0.0,0.9099353508104996,0.6321205588285577,0.0,0.0,0.0,0.0,0.0,0.0,0.0,0.0,0.4367689683890398,0.5056964470628461,0.22087251550164197
A000000198166,라네즈 워터뱅크 모이스춰 크림,트러블성,094e54964374b9f27c48ae6f1997d4ea,0,0,0,0,0,0,1,8,6,4,7,3,2,1,0,3,1,1,0,1.0,1.0,2.0,0.0,1.0,0.0,0.0,0.0,0,0,0.0,1,0,0.5405405405405406,1,0.18918918918918914,0,0.0,1,1,0,0.0,0.0,0.0,0.0,0.0,0.0,0.0,0.0,0.0,0.0,0.0,0.0,0.0,0.0,0.0
A000000198166,라네즈 워터뱅크 모이스춰 크림,중성,094e54964374b9f27c48ae6f1997d4ea,0,0,0,0,1,0,0,8,6,4,7,3,2,1,0,3,1,1,0,1.0,1.0,2.0,0.0,1.0,0.0,0.0,0.0,0,0,0.0,1,0,0.5405405405405406,1,0.18918918918918914,0,0.0,1,1,0,0.0,0.0,0.0,0.0,0.0,0.0,0.0,0.0,0.0,0.0,0.0,0.0,0.0,0.0,0.0
A000000198320,에스트라 아토베리어365 크림,건성,a57e4febad5eca8f519ae0838d1c052a,1,0,0,0,0,0,0,4,6,4,8,1,2,0,0,2,0,0,0,2.0,0.0,2.0,1.0,2.0,0.0,0.0,0.0,1,0,0.4390243902439024,0,0,0.0,1,0.41463414634146345,0,0.0,1,1,0,0.845787730267586,1.0,0.0,0.0,0.0,0.0,0.0,0.0,0.0,0.0,0.0,0.0,1.4857877302675861,0.0,0.0
A000000198320,에스트라 아토베리어365 크림,약건성,a57e4febad5eca8f519ae0838d1c052a,0,0,0,1,0,0,0,4,6,4,8,1,2,0,0,2,0,0,0,2.0,0.0,2.0,1.0,2.0,0.0,0.0,0.0,1,0,0.4390243902439024,0,0,0.0,1,0.41463414634146345,0,0.0,1,1,0,0.845787730267586,1.0,0.0,0.0,0.0,0.0,0.0,0.0,0.0,0.0,0.0,0.0,1.4857877302675861,0.0,0.0
A000000198320,에스트라 아토베리어365 크림,지성,a57e4febad5eca8f519ae0838d1c052a,0,0,0,0,0,1,0,4,6,4,8,1,2,0,0,2,0,0,0,2.0,0.0,2.0,1.0,2.0,0.0,0.0,0.0,1,0,0.4390243902439024,0,0,0.0,1,0.41463414634146345,0,0.0,1,1,0,0.0,0.0,0.0,0.0,0.0,0.0,0.4390243902439024,0.31606027941427883,0.4214137058857051,0.0,0.0,0.0,0.35121951219512193,0.0,0.0
A000000198320,에스트라 아토베리어365 크림,복합성,a57e4febad5eca8f519ae0838d1c052a,0,0,1,0,0,0,0,4,6,4,8,1,2,0,0,2,0,0,0,2.0,0.0,2.0,1.0,2.0,0.0,0.0,0.0,1,0,0.4390243902439024,0,0,0.0,1,0.41463414634146345,0,0.0,1,1,0,0.0,0.0,0.0,0.0,0.0,0.0,0.0,0.0,0.0,0.0,0.0,0.0,0.0,0.0,0.0
A000000198320,에스트라 아토베리어365 크림,민감성,a57e4febad5eca8f519ae0838d1c052a,0,1,0,0,0,0,0,4,6,4,8,1,2,0,0,2,0,0,0,2.0,0.0,2.0,1.0,2.0,0.0,0.0,0.0,1,0,0.4390243902439024,0,0,0.0,1,0.41463414634146345,0,0.0,1,1,0,0.0,0.0,0.7282730793448764,0.0,0.0,0.0,0.0,0.0,0.0,0.0,0.0,0.0,0.34957107808554067,0.0,0.0
A000000198320,에스트라 아토베리어365 크림,트러블성,a57e4febad5eca8f519ae0838d1c052a,0,0,0,0,0,0,1,4,6,4,8,1,2,0,0,2,0,0,0,2.0,0.0,2.0,1.0,2.0,0.0,0.0,0.0,1,0,0.4390243902439024,0,0,0.0,1,0.41463414634146345,0,0.0,1,1,0,0.0,0.0,0.0,0.0,0.0,0.0,0.0,0.0,0.0,1.0,0.0,0.0,0.7,0.0,0.0
A000000198320,에스트라 아토베리어365 크림,중성,a57e4febad5eca8f519ae0838d1c052a,0,0,0,0,1,0,0,4,6,4,8,1,2,0,0,2,0,0,0,2.0,0.0,2.0,1.0,2.0,0.0,0.0,0.0,1,0,0.4390243902439024,0,0,0.0,1,0.41463414634146345,0,0.0,1,1,0,0.0,0.0,0.0,0.0,0.0,0.0,0.0,0.0,0.0,0.0,0.0,0.0,0.0,0.0,0.0
A000000198721,아비브 어성초 크림 카밍,건성,be6ada8f31aaa1ca79c99bec843e2ddd,1,0,0,0,0,0,0,15,2,5,4,5,2,0,0,6,0,6,0,1.0,1.0,4.0,0.0,0.0,0.0,0.0,0.0,1,1,0.9111111111111111,1,0,0.6222222222222222,1,0.022222222222222254,0,0.0,0,0,0,0.832189200533356,0.3333333333333333,0.0,0.0,0.0,0.0,0.0,0.0,0.0,0.0,0.0,0.0,1.0455225338666894,0.0,0.0
A000000198721,아비브 어성초 크림 카밍,약건성,be6ada8f31aaa1ca79c99bec843e2ddd,0,0,0,1,0,0,0,15,2,5,4,5,2,0,0,6,0,6,0,1.0,1.0,4.0,0.0,0.0,0.0,0.0,0.0,1,1,0.9111111111111111,1,0,0.6222222222222222,1,0.022222222222222254,0,0.0,0,0,0,0.832189200533356,0.3333333333333333,0.0,0.0,0.0,0.0,0.0,0.0,0.0,0.0,0.0,0.0,1.0455225338666894,0.0,0.0
A000000198721,아비브 어성초 크림 카밍,지성,be6ada8f31aaa1ca79c99bec843e2ddd,0,0,0,0,0,1,0,15,2,5,4,5,2,0,0,6,0,6,0,1.0,1.0,4.0,0.0,0.0,0.0,0.0,0.0,1,1,0.9111111111111111,1,0,0.6222222222222222,1,0.022222222222222254,0,0.0,0,0,0,0.0,0.0,0.0,0.0,0.0,0.0,0.9111111111111111,0.0,0.6300848719597706,0.0,0.0,0.0,0.7288888888888889,0.0,0.0
A000000198721,아비브 어성초 크림 카밍,복합성,be6ada8f31aaa1ca79c99bec843e2ddd,0,0,1,0,0,0,0,15,2,5,4,5,2,0,0,6,0,6,0,1.0,1.0,4.0,0.0,0.0,0.0,0.0,0.0,1,1,0.9111111111111111,1,0,0.6222222222222222,1,0.022222222222222254,0,0.0,0,0,0,0.0,0.0,0.0,0.0,0.0,0.0,0.0,0.0,0.0,0.0,0.0,0.0,0.0,0.0,0.0
A000000198721,아비브 어성초 크림 카밍,민감성,be6ada8f31aaa1ca79c99bec843e2ddd,0,1,0,0,0,0,0,15,2,5,4,5,2,0,0,6,0,6,0,1.0,1.0,4.0,0.0,0.0,0.0,0.0,0.0,1,1,0.9111111111111111,1,0,0.6222222222222222,1,0.022222222222222254,0,0.0,0,0,0,0.0,0.0,0.92587011952055,0.0,0.0,0.0,0.0,0.0,0.0,0.0,0.0,0.0,0.444417657369864,0.0,0.0
A000000198721,아비브 어성초 크림 카밍,트러블성,be6ada8f31aaa1ca79c99bec843e2ddd,0,0,0,0,0,0,1,15,2,5,4,5,2,0,0,6,0,6,0,1.0,1.0,4.0,0.0,0.0,0.0,0.0,0.0,1,1,0.9111111111111111,1,0,0.6222222222222222,1,0.022222222222222254,0,0.0,0,0,0,0.0,0.0,0.0,0.0,0.0,0.0,0.0,0.0,0.0,1.0,0.0,0.0,0.7,0.0,0.0
A000000198721,아비브 어성초 크림 카밍,중성,be6ada8f31aaa1ca79c99bec843e2ddd,0,0,0,0,1,0,0,15,2,5,4,5,2,0,0,6,0,6,0,1.0,1.0,4.0,0.0,0.0,0.0,0.0,0.0,1,1,0.9111111111111111,1,0,0.6222222222222222,1,0.022222222222222254,0,0.0,0,0,0,0.0,0.0,0.0,0.0,0.0,0.0,0.0,0.0,0.0,0.0,0.0,0.0,0.0,0.0,0.0
A000000199155,라운드랩 포 맨 소나무 진정 시카 크림,건성,fc2e1d33125f7ea51ddac13e58bbd873,1,0,0,0,0,0,0,7,2,1,0,7,1,0,1,1,0,15,0,0.0,0.0,1.0,0.0,1.0,0.0,0.0,0.0,0,0,0.0,0,0,0.0,0,0.0,1,0.29268292682926833,0,0,1,0.6078606286093751,0.0,0.0,0.0,0.0,0.0,0.0,0.0,0.0,0.0,0.0,0.0,0.6078606286093751,0.0,0.0
A000000199155,라운드랩 포 맨 소나무 진정 시카 크림,약건성,fc2e1d33125f7ea51ddac13e58bbd873,0,0,0,1,0,0,0,7,2,1,0,7,1,0,1,1,0,15,0,0.0,0.0,1.0,0.0,1.0,0.0,0.0,0.0,0,0,0.0,0,0,0.0,0,0.0,1,0.29268292682926833,0,0,1,0.6078606286093751,0.0,0.0,0.0,0.0,0.0,0.0,0.0,0.0,0.0,0.0,0.0,0.6078606286093751,0.0,0.0
A000000199155,라운드랩 포 맨 소나무 진정 시카 크림,지성,fc2e1d33125f7ea51ddac13e58bbd873,0,0,0,0,0,1,0,7,2,1,0,7,1,0,1,1,0,15,0,0.0,0.0,1.0,0.0,1.0,0.0,0.0,0.0,0,0,0.0,0,0,0.0,0,0.0,1,0.29268292682926833,0,0,1,0.0,0.0,0.0,0.0,0.0,0.0,0.0,0.09836733507184164,0.13115644676245553,0.0,0.0,0.0,0.0,0.0,0.0
A000000199155,라운드랩 포 맨 소나무 진정 시카 크림,복합성,fc2e1d33125f7ea51ddac13e58bbd873,0,0,1,0,0,0,0,7,2,1,0,7,1,0,1,1,0,15,0,0.0,0.0,1.0,0.0,1.0,0.0,0.0,0.0,0,0,0.0,0,0,0.0,0,0.0,1,0.29268292682926833,0,0,1,0.0,0.0,0.0,0.0,0.0,0.0,0.0,0.0,0.0,0.0,0.0,0.0,0.0,0.0,0.0
A000000199155,라운드랩 포 맨 소나무 진정 시카 크림,민감성,fc2e1d33125f7ea51ddac13e58bbd873,0,1,0,0,0,0,0,7,2,1,0,7,1,0,1,1,0,15,0,0.0,0.0,1.0,0.0,1.0,0.0,0.0,0.0,0,0,0.0,0,0,0.0,0,0.0,1,0.29268292682926833,0,0,1,0.0,0.0,0.0,0.0,0.6321205588285577,0.0,0.0,0.0,0.0,0.0,0.0,0.6321205588285577,0.0,0.4096141221209054,0.0
A000000199155,라운드랩 포 맨 소나무 진정 시카 크림,트러블성,fc2e1d33125f7ea51ddac13e58bbd873,0,0,0,0,0,0,1,7,2,1,0,7,1,0,1,1,0,15,0,0.0,0.0,1.0,0.0,1.0,0.0,0.0,0.0,0,0,0.0,0,0,0.0,0,0.0,1,0.29268292682926833,0,0,1,0.0,0.0,0.0,0.0,0.0,0.0,0.0,0.0,0.0,0.0,0.0,0.6321205588285577,0.0,0.12642411176571153,0.0
A000000199155,라운드랩 포 맨 소나무 진정 시카 크림,중성,fc2e1d33125f7ea51ddac13e58bbd873,0,0,0,0,1,0,0,7,2,1,0,7,1,0,1,1,0,15,0,0.0,0.0,1.0,0.0,1.0,0.0,0.0,0.0,0,0,0.0,0,0,0.0,0,0.0,1,0.29268292682926833,0,0,1,0.0,0.0,0.0,0.0,0.0,0.0,0.0,0.0,0.0,0.0,0.0,0.0,0.0,0.0,0.0
A000000199257,로우퀘스트 베리어 리커버리 크림,건성,3d9f63bd1f8a9a60fc32c20ee7158d65,1,0,0,0,0,0,0,9,8,5,5,4,1,0,0,1,0,8,7,0.0,0.0,1.0,1.0,2.0,6.0,2.0,0.0,0,0,0.0,1,1,0.9642857142857143,1,0.5714285714285714,0,0.0,0,0,0,0.9495804370327536,0.3333333333333333,0.0,0.0,0.0,0.0,0.0,0.0,0.0,0.0,0.0,0.0,1.162913770366087,0.0,0.0
A000000199257,로우퀘스트 베리어 리커버리 크림,약건성,3d9f63bd1f8a9a60fc32c20ee7158d65,0,0,0,1,0,0,0,9,8,5,5,4,1,0,0,1,0,8,7,0.0,0.0,1.0,1.0,2.0,6.0,2.0,0.0,0,0,0.0,1,1,0.9642857142857143,1,0.5714285714285714,0,0.0,0,0,0,0.9495804370327536,0.3333333333333333,0.0,0.0,0.0,0.0,0.0,0.0,0.0,0.0,0.0,0.0,1.162913770366087,0.0,0.0
A000000199257,로우퀘스트 베리어 리커버리 크림,지성,3d9f63bd1f8a9a60fc32c20ee7158d65,0,0,0,0,0,1,0,9,8,5,5,4,1,0,0,1,0,8,7,0.0,0.0,1.0,1.0,2.0,6.0,2.0,0.0,0,0,0.0,1,1,0.9642857142857143,1,0.5714285714285714,0,0.0,0,0,0,0.0,0.0,0.0,0.0,0.0,0.0,0.0,0.7697796915131597,0.13115644676245553,0.0,0.0,0.0,0.0,0.0,0.0
A000000199257,로우퀘스트 베리어 리커버리 크림,복합성,3d9f63bd1f8a9a60fc32c20ee7158d65,0,0,1,0,0,0,0,9,8,5,5,4,1,0,0,1,0,8,7,0.0,0.0,1.0,1.0,2.0,6.0,2.0,0.0,0,0,0.0,1,1,0.9642857142857143,1,0.5714285714285714,0,0.0,0,0,0,0.0,0.0,0.0,0.0,0.0,0.0,0.0,0.0,0.0,0.0,0.0,0.0,0.0,0.0,0.0
A000000199257,로우퀘스트 베리어 리커버리 크림,민감성,3d9f63bd1f8a9a60fc32c20ee7158d65,0,1,0,0,0,0,0,9,8,5,5,4,1,0,0,1,0,8,7,0.0,0.0,1.0,1.0,2.0,6.0,2.0,0.0,0,0,0.0,1,1,0.9642857142857143,1,0.5714285714285714,0,0.0,0,0,0,0.0,0.0,0.92587011952055,0.0,0.0,0.0,0.0,0.0,0.0,0.0,0.0,0.0,0.444417657369864,0.0,0.0
A000000199257,로우퀘스트 베리어 리커버리 크림,트러블성,3d9f63bd1f8a9a60fc32c20ee7158d65,0,0,0,0,0,0,1,9,8,5,5,4,1,0,0,1,0,8,7,0.0,0.0,1.0,1.0,2.0,6.0,2.0,0.0,0,0,0.0,1,1,0.9642857142857143,1,0.5714285714285714,0,0.0,0,0,0,0.0,0.0,0.0,0.0,0.0,0.0,0.0,0.0,0.0,0.0,0.0,0.0,0.0,0.0,0.0
A000000199257,로우퀘스트 베리어 리커버리 크림,중성,3d9f63bd1f8a9a60fc32c20ee7158d65,0,0,0,0,1,0,0,9,8,5,5,4,1,0,0,1,0,8,7,0.0,0.0,1.0,1.0,2.0,6.0,2.0,0.0,0,0,0.0,1,1,0.9642857142857143,1,0.5714285714285714,0,0.0,0,0,0,0.0,0.0,0.0,0.0,0.0,0.0,0.0,0.0,0.0,0.0,0.0,0.0,0.0,0.0,0.0
A000000199701,바이오힐보 프로바이오덤 3D리프팅 크림,건성,b44d16cbfa1c3ab92addb4e9b992051d,1,0,0,0,0,0,0,10,8,3,2,2,19,1,0,1,17,2,3,1.0,0.0,1.0,1.0,2.0,2.0,1.0,0.0,0,0,0.0,1,0,0.7051282051282051,0,0.0,0,0.0,0,0,0,0.9026401992841566,0.0,0.0,0.0,0.0,0.0,0.0,0.0,0.0,0.0,0.0,0.0,0.9026401992841566,0.0,0.0
A000000199701,바이오힐보 프로바이오덤 3D리프팅 크림,약건성,b44d16cbfa1c3ab92addb4e9b992051d,0,0,0,1,0,0,0,10,8,3,2,2,19,1,0,1,17,2,3,1.0,0.0,1.0,1.0,2.0,2.0,1.0,0.0,0,0,0.0,1,0,0.7051282051282051,0,0.0,0,0.0,0,0,0,0.9026401992841566,0.0,0.0,0.0,0.0,0.0,0.0,0.0,0.0,0.0,0.0,0.0,0.9026401992841566,0.0,0.0
A000000199701,바이오힐보 프로바이오덤 3D리프팅 크림,지성,b44d16cbfa1c3ab92addb4e9b992051d,0,0,0,0,0,1,0,10,8,3,2,2,19,1,0,1,17,2,3,1.0,0.0,1.0,1.0,2.0,2.0,1.0,0.0,0,0,0.0,1,0,0.7051282051282051,0,0.0,0,0.0,0,0,0,0.0,0.0,0.0,0.0,0.0,0.0,0.0,0.6321205588285577,0.26231289352491105,0.0,0.0,0.0,0.0,0.0,0.0
A000000199701,바이오힐보 프로바이오덤 3D리프팅 크림,복합성,b44d16cbfa1c3ab92addb4e9b992051d,0,0,1,0,0,0,0,10,8,3,2,2,19,1,0,1,17,2,3,1.0,0.0,1.0,1.0,2.0,2.0,1.0,0.0,0,0,0.0,1,0,0.7051282051282051,0,0.0,0,0.0,0,0,0,0.0,0.0,0.0,0.0,0.0,0.0,0.0,0.0,0.0,0.0,0.0,0.0,0.0,0.0,0.0
A000000199701,바이오힐보 프로바이오덤 3D리프팅 크림,민감성,b44d16cbfa1c3ab92addb4e9b992051d,0,1,0,0,0,0,0,10,8,3,2,2,19,1,0,1,17,2,3,1.0,0.0,1.0,1.0,2.0,2.0,1.0,0.0,0,0,0.0,1,0,0.7051282051282051,0,0.0,0,0.0,0,0,0,0.0,0.0,0.736546115786664,0.6321205588285577,0.0,0.0,0.0,0.0,0.0,0.0,0.0,0.0,0.35354213557759867,0.5056964470628461,0.1787850018486027
A000000199701,바이오힐보 프로바이오덤 3D리프팅 크림,트러블성,b44d16cbfa1c3ab92addb4e9b992051d,0,0,0,0,0,0,1,10,8,3,2,2,19,1,0,1,17,2,3,1.0,0.0,1.0,1.0,2.0,2.0,1.0,0.0,0,0,0.0,1,0,0.7051282051282051,0,0.0,0,0.0,0,0,0,0.0,0.0,0.0,0.0,0.0,0.0,0.0,0.0,0.0,0.0,0.0,0.0,0.0,0.0,0.0
A000000199701,바이오힐보 프로바이오덤 3D리프팅 크림,중성,b44d16cbfa1c3ab92addb4e9b992051d,0,0,0,0,1,0,0,10,8,3,2,2,19,1,0,1,17,2,3,1.0,0.0,1.0,1.0,2.0,2.0,1.0,0.0,0,0,0.0,1,0,0.7051282051282051,0,0.0,0,0.0,0,0,0,0.0,0.0,0.0,0.0,0.0,0.0,0.0,0.0,0.0,0.0,0.0,0.0,0.0,0.0,0.0
A000000199714,닥터지 더모이스처 배리어 D 인텐스 크림,건성,5fcafc5d7f5da0a1e6e50114a5083f96,1,0,0,0,0,0,0,18,4,3,9,3,3,0,1,2,0,1,0,0.0,1.0,1.0,0.0,3.0,0.0,0.0,0.0,0,0,0.0,1,0,0.8387096774193549,1,0.7258064516129032,0,0.0,1,1,1,0.8750631281926325,1.0,0.0,0.0,0.0,0.0,0.0,0.0,0.0,0.0,0.0,0.0,1.5150631281926326,0.0,0.0
A000000199714,닥터지 더모이스처 배리어 D 인텐스 크림,약건성,5fcafc5d7f5da0a1e6e50114a5083f96,0,0,0,1,0,0,0,18,4,3,9,3,3,0,1,2,0,1,0,0.0,1.0,1.0,0.0,3.0,0.0,0.0,0.0,0,0,0.0,1,0,0.8387096774193549,1,0.7258064516129032,0,0.0,1,1,1,0.8750631281926325,1.0,0.0,0.0,0.0,0.0,0.0,0.0,0.0,0.0,0.0,0.0,1.5150631281926326,0.0,0.0
A000000199714,닥터지 더모이스처 배리어 D 인텐스 크림,지성,5fcafc5d7f5da0a1e6e50114a5083f96,0,0,0,0,0,1,0,18,4,3,9,3,3,0,1,2,0,1,0,0.0,1.0,1.0,0.0,3.0,0.0,0.0,0.0,0,0,0.0,1,0,0.8387096774193549,1,0.7258064516129032,0,0.0,1,1,1,0.0,0.0,0.0,0.0,0.0,0.0,0.0,0.19421745996289255,0.3418632997053081,0.0,0.0,0.0,0.0,0.0,0.0
A000000199714,닥터지 더모이스처 배리어 D 인텐스 크림,복합성,5fcafc5d7f5da0a1e6e50114a5083f96,0,0,1,0,0,0,0,18,4,3,9,3,3,0,1,2,0,1,0,0.0,1.0,1.0,0.0,3.0,0.0,0.0,0.0,0,0,0.0,1,0,0.8387096774193549,1,0.7258064516129032,0,0.0,1,1,1,0.0,0.0,0.0,0.0,0.0,0.0,0.0,0.0,0.0,0.0,0.0,0.0,0.0,0.0,0.0
A000000199714,닥터지 더모이스처 배리어 D 인텐스 크림,민감성,5fcafc5d7f5da0a1e6e50114a5083f96,0,1,0,0,0,0,0,18,4,3,9,3,3,0,1,2,0,1,0,0.0,1.0,1.0,0.0,3.0,0.0,0.0,0.0,0,0,0.0,1,0,0.8387096774193549,1,0.7258064516129032,0,0.0,1,1,1,0.0,0.0,0.9158666162139576,0.0,0.6321205588285577,0.0,0.0,0.0,0.0,0.0,0.0,0.0070222250997782135,0.4396159757826996,0.2845944553751495,0.1251122692020923
A000000199714,닥터지 더모이스처 배리어 D 인텐스 크림,트러블성,5fcafc5d7f5da0a1e6e50114a5083f96,0,0,0,0,0,0,1,18,4,3,9,3,3,0,1,2,0,1,0,0.0,1.0,1.0,0.0,3.0,0.0,0.0,0.0,0,0,0.0,1,0,0.8387096774193549,1,0.7258064516129032,0,0.0,1,1,1,0.0,0.0,0.0,0.0,0.0,0.0,0.0,0.0,0.0,0.0,0.0,0.0070222250997782135,0.0,0.0014044450199556429,0.0
A000000199714,닥터지 더모이스처 배리어 D 인텐스 크림,중성,5fcafc5d7f5da0a1e6e50114a5083f96,0,0,0,0,1,0,0,18,4,3,9,3,3,0,1,2,0,1,0,0.0,1.0,1.0,0.0,3.0,0.0,0.0,0.0,0,0,0.0,1,0,0.8387096774193549,1,0.7258064516129032,0,0.0,1,1,1,0.0,0.0,0.0,0.0,0.0,0.0,0.0,0.0,0.0,0.0,0.0,0.0,0.0,0.0,0.0
A000000199889,리얼베리어 익스트림 크림 라이트,건성,fe9d1e84af2b4501283c54a4187e8ceb,1,0,0,0,0,0,0,16,3,1,4,6,1,0,0,1,0,0,8,0.0,1.0,0.0,0.0,1.0,8.0,0.0,0.0,0,0,0.0,1,1,0.8936170212765957,0,0.0,0,0.0,0,1,0,0.6725415330517697,0.3333333333333333,0.0,0.0,0.0,0.0,0.0,0.0,0.0,0.0,0.0,0.0,0.885874866385103,0.0,0.0
A000000199889,리얼베리어 익스트림 크림 라이트,약건성,fe9d1e84af2b4501283c54a4187e8ceb,0,0,0,1,0,0,0,16,3,1,4,6,1,0,0,1,0,0,8,0.0,1.0,0.0,0.0,1.0,8.0,0.0,0.0,0,0,0.0,1,1,0.8936170212765957,0,0.0,0,0.0,0,1,0,0.6725415330517697,0.3333333333333333,0.0,0.0,0.0,0.0,0.0,0.0,0.0,0.0,0.0,0.0,0.885874866385103,0.0,0.0
A000000199889,리얼베리어 익스트림 크림 라이트,지성,fe9d1e84af2b4501283c54a4187e8ceb,0,0,0,0,0,1,0,16,3,1,4,6,1,0,0,1,0,0,8,0.0,1.0,0.0,0.0,1.0,8.0,0.0,0.0,0,0,0.0,1,1,0.8936170212765957,0,0.0,0,0.0,0,1,0,0.0,0.0,0.0,0.0,0.0,0.0,0.0,0.3437884253496581,0.21070685294285255,0.0,0.0,0.0,0.0,0.0,0.0
A000000199889,리얼베리어 익스트림 크림 라이트,복합성,fe9d1e84af2b4501283c54a4187e8ceb,0,0,1,0,0,0,0,16,3,1,4,6,1,0,0,1,0,0,8,0.0,1.0,0.0,0.0,1.0,8.0,0.0,0.0,0,0,0.0,1,1,0.8936170212765957,0,0.0,0,0.0,0,1,0,0.0,0.0,0.0,0.0,0.0,0.0,0.0,0.0,0.0,0.0,0.0,0.0,0.0,0.0,0.0
A000000199889,리얼베리어 익스트림 크림 라이트,민감성,fe9d1e84af2b4501283c54a4187e8ceb,0,1,0,0,0,0,0,16,3,1,4,6,1,0,0,1,0,0,8,0.0,1.0,0.0,0.0,1.0,8.0,0.0,0.0,0,0,0.0,1,1,0.8936170212765957,0,0.0,0,0.0,0,1,0,0.0,0.0,0.9366044669328256,0.0,0.0,0.0,0.0,0.0,0.0,0.0,0.0,0.0,0.44957014412775625,0.0,0.0
A000000199889,리얼베리어 익스트림 크림 라이트,트러블성,fe9d1e84af2b4501283c54a4187e8ceb,0,0,0,0,0,0,1,16,3,1,4,6,1,0,0,1,0,0,8,0.0,1.0,0.0,0.0,1.0,8.0,0.0,0.0,0,0,0.0,1,1,0.8936170212765957,0,0.0,0,0.0,0,1,0,0.0,0.0,0.0,0.0,0.0,0.0,0.0,0.0,0.0,0.0,0.0,0.0,0.0,0.0,0.0
A000000199889,리얼베리어 익스트림 크림 라이트,중성,fe9d1e84af2b4501283c54a4187e8ceb,0,0,0,0,1,0,0,16,3,1,4,6,1,0,0,1,0,0,8,0.0,1.0,0.0,0.0,1.0,8.0,0.0,0.0,0,0,0.0,1,1,0.8936170212765957,0,0.0,0,0.0,0,1,0,0.0,0.0,0.0,0.0,0.0,0.0,0.0,0.0,0.0,0.0,0.0,0.0,0.0,0.0,0.0
A000000200133,아벤느 똘레랑스 하이드레이팅 플루이드,건성,e535b23bef067b4853dfab1caba3bb08,1,0,0,0,0,0,0,2,1,0,0,0,0,0,0,0,0,0,0,0.0,0.0,0.0,0.0,0.0,0.0,0.0,0.0,0,0,0.0,0,0,0.0,0,0.0,0,0.0,0,0,0,0.0,0.0,0.0,0.0,0.0,0.0,0.0,0.0,0.0,0.0,0.0,0.0,0.0,0.0,0.0
A000000200133,아벤느 똘레랑스 하이드레이팅 플루이드,약건성,e535b23bef067b4853dfab1caba3bb08,0,0,0,1,0,0,0,2,1,0,0,0,0,0,0,0,0,0,0,0.0,0.0,0.0,0.0,0.0,0.0,0.0,0.0,0,0,0.0,0,0,0.0,0,0.0,0,0.0,0,0,0,0.0,0.0,0.0,0.0,0.0,0.0,0.0,0.0,0.0,0.0,0.0,0.0,0.0,0.0,0.0
A000000200133,아벤느 똘레랑스 하이드레이팅 플루이드,지성,e535b23bef067b4853dfab1caba3bb08,0,0,0,0,0,1,0,2,1,0,0,0,0,0,0,0,0,0,0,0.0,0.0,0.0,0.0,0.0,0.0,0.0,0.0,0,0,0.0,0,0,0.0,0,0.0,0,0.0,0,0,0,0.0,0.0,0.0,0.0,0.0,0.0,0.0,0.0,0.0,0.0,0.0,0.0,0.0,0.0,0.0
A000000200133,아벤느 똘레랑스 하이드레이팅 플루이드,복합성,e535b23bef067b4853dfab1caba3bb08,0,0,1,0,0,0,0,2,1,0,0,0,0,0,0,0,0,0,0,0.0,0.0,0.0,0.0,0.0,0.0,0.0,0.0,0,0,0.0,0,0,0.0,0,0.0,0,0.0,0,0,0,0.0,0.0,0.0,0.0,0.0,0.0,0.0,0.0,0.0,0.0,0.0,0.0,0.0,0.0,0.0
A000000200133,아벤느 똘레랑스 하이드레이팅 플루이드,민감성,e535b23bef067b4853dfab1caba3bb08,0,1,0,0,0,0,0,2,1,0,0,0,0,0,0,0,0,0,0,0.0,0.0,0.0,0.0,0.0,0.0,0.0,0.0,0,0,0.0,0,0,0.0,0,0.0,0,0.0,0,0,0,0.0,0.0,0.0,0.0,0.0,0.0,0.0,0.0,0.0,0.0,0.0,0.0,0.0,0.0,0.0
A000000200133,아벤느 똘레랑스 하이드레이팅 플루이드,트러블성,e535b23bef067b4853dfab1caba3bb08,0,0,0,0,0,0,1,2,1,0,0,0,0,0,0,0,0,0,0,0.0,0.0,0.0,0.0,0.0,0.0,0.0,0.0,0,0,0.0,0,0,0.0,0,0.0,0,0.0,0,0,0,0.0,0.0,0.0,0.0,0.0,0.0,0.0,0.0,0.0,0.0,0.0,0.0,0.0,0.0,0.0
A000000200133,아벤느 똘레랑스 하이드레이팅 플루이드,중성,e535b23bef067b4853dfab1caba3bb08,0,0,0,0,1,0,0,2,1,0,0,0,0,0,0,0,0,0,0,0.0,0.0,0.0,0.0,0.0,0.0,0.0,0.0,0,0,0.0,0,0,0.0,0,0.0,0,0.0,0,0,0,0.0,0.0,0.0,0.0,0.0,0.0,0.0,0.0,0.0,0.0,0.0,0.0,0.0,0.0,0.0
A000000200356,닥터디퍼런트 비타리프트 에이 포르테,건성,edf958c15abf99d7644c454a15f3e150,1,0,0,0,0,0,0,4,3,2,5,0,3,0,0,0,0,0,2,1.0,0.0,0.0,0.0,0.0,1.0,1.0,0.0,0,0,0.0,0,0,0.0,1,0.30000000000000004,0,0.0,1,1,0,0.712450258048322,1.0,0.0,0.0,0.0,0.0,0.0,0.0,0.0,0.0,0.0,0.0,1.352450258048322,0.0,0.0
A000000200356,닥터디퍼런트 비타리프트 에이 포르테,약건성,edf958c15abf99d7644c454a15f3e150,0,0,0,1,0,0,0,4,3,2,5,0,3,0,0,0,0,0,2,1.0,0.0,0.0,0.0,0.0,1.0,1.0,0.0,0,0,0.0,0,0,0.0,1,0.30000000000000004,0,0.0,1,1,0,0.712450258048322,1.0,0.0,0.0,0.0,0.0,0.0,0.0,0.0,0.0,0.0,0.0,1.352450258048322,0.0,0.0
A000000200356,닥터디퍼런트 비타리프트 에이 포르테,지성,edf958c15abf99d7644c454a15f3e150,0,0,0,0,0,1,0,4,3,2,5,0,3,0,0,0,0,0,2,1.0,0.0,0.0,0.0,0.0,1.0,1.0,0.0,0,0,0.0,0,0,0.0,1,0.30000000000000004,0,0.0,1,1,0,0.0,0.0,0.0,0.0,0.0,0.0,0.0,0.25639747477898106,0.13115644676245553,0.0,0.0,0.0,0.0,0.0,0.0
A000000200356,닥터디퍼런트 비타리프트 에이 포르테,복합성,edf958c15abf99d7644c454a15f3e150,0,0,1,0,0,0,0,4,3,2,5,0,3,0,0,0,0,0,2,1.0,0.0,0.0,0.0,0.0,1.0,1.0,0.0,0,0,0.0,0,0,0.0,1,0.30000000000000004,0,0.0,1,1,0,0.0,0.0,0.0,0.0,0.0,0.0,0.0,0.0,0.0,0.0,0.0,0.0,0.0,0.0,0.0
A000000200356,닥터디퍼런트 비타리프트 에이 포르테,민감성,edf958c15abf99d7644c454a15f3e150,0,1,0,0,0,0,0,4,3,2,5,0,3,0,0,0,0,0,2,1.0,0.0,0.0,0.0,0.0,1.0,1.0,0.0,0,0,0.0,0,0,0.0,1,0.30000000000000004,0,0.0,1,1,0,0.0,0.0,0.0,0.0,0.0,0.0,0.0,0.0,0.0,0.0,0.0,0.0,0.0,0.0,0.0
A000000200356,닥터디퍼런트 비타리프트 에이 포르테,트러블성,edf958c15abf99d7644c454a15f3e150,0,0,0,0,0,0,1,4,3,2,5,0,3,0,0,0,0,0,2,1.0,0.0,0.0,0.0,0.0,1.0,1.0,0.0,0,0,0.0,0,0,0.0,1,0.30000000000000004,0,0.0,1,1,0,0.0,0.0,0.0,0.0,0.0,0.0,0.0,0.0,0.0,0.0,0.0,0.0,0.0,0.0,0.0
A000000200356,닥터디퍼런트 비타리프트 에이 포르테,중성,edf958c15abf99d7644c454a15f3e150,0,0,0,0,1,0,0,4,3,2,5,0,3,0,0,0,0,0,2,1.0,0.0,0.0,0.0,0.0,1.0,1.0,0.0,0,0,0.0,0,0,0.0,1,0.30000000000000004,0,0.0,1,1,0,0.0,0.0,0.0,0.0,0.0,0.0,0.0,0.0,0.0,0.0,0.0,0.0,0.0,0.0,0.0
A000000200666,토리든 셀메이징 저분자 콜라겐 탄력 크림,건성,4f72fde8ec3ffffd8a30cd23dfca3f21,1,0,0,0,0,0,0,17,4,1,1,2,3,0,0,1,1,1,0,1.0,0.0,1.0,0.0,1.0,0.0,0.0,0.0,1,1,0.9298245614035088,1,0,0.7543859649122807,0,0.0,0,0.0,0,0,0,0.6972971345704341,0.0,0.0,0.0,0.0,0.0,0.0,0.0,0.0,0.0,0.0,0.0,0.6972971345704341,0.0,0.0
A000000200666,토리든 셀메이징 저분자 콜라겐 탄력 크림,약건성,4f72fde8ec3ffffd8a30cd23dfca3f21,0,0,0,1,0,0,0,17,4,1,1,2,3,0,0,1,1,1,0,1.0,0.0,1.0,0.0,1.0,0.0,0.0,0.0,1,1,0.9298245614035088,1,0,0.7543859649122807,0,0.0,0,0.0,0,0,0,0.6972971345704341,0.0,0.0,0.0,0.0,0.0,0.0,0.0,0.0,0.0,0.0,0.0,0.6972971345704341,0.0,0.0
A000000200666,토리든 셀메이징 저분자 콜라겐 탄력 크림,지성,4f72fde8ec3ffffd8a30cd23dfca3f21,0,0,0,0,0,1,0,17,4,1,1,2,3,0,0,1,1,1,0,1.0,0.0,1.0,0.0,1.0,0.0,0.0,0.0,1,1,0.9298245614035088,1,0,0.7543859649122807,0,0.0,0,0.0,0,0,0,0.0,0.0,0.0,0.0,0.0,0.0,0.9298245614035088,0.09836733507184164,0.26231289352491105,0.0,0.0,0.0,0.7438596491228071,0.0,0.0
A000000200666,토리든 셀메이징 저분자 콜라겐 탄력 크림,복합성,4f72fde8ec3ffffd8a30cd23dfca3f21,0,0,1,0,0,0,0,17,4,1,1,2,3,0,0,1,1,1,0,1.0,0.0,1.0,0.0,1.0,0.0,0.0,0.0,1,1,0.9298245614035088,1,0,0.7543859649122807,0,0.0,0,0.0,0,0,0,0.0,0.0,0.0,0.0,0.0,0.0,0.0,0.0,0.0,0.0,0.0,0.0,0.0,0.0,0.0
A000000200666,토리든 셀메이징 저분자 콜라겐 탄력 크림,민감성,4f72fde8ec3ffffd8a30cd23dfca3f21,0,1,0,0,0,0,0,17,4,1,1,2,3,0,0,1,1,1,0,1.0,0.0,1.0,0.0,1.0,0.0,0.0,0.0,1,1,0.9298245614035088,1,0,0.7543859649122807,0,0.0,0,0.0,0,0,0,0.0,0.0,0.6288836021376135,0.0,0.0,0.0,0.0,0.0,0.0,0.0,0.0,0.0,0.3018641290260545,0.0,0.0
A000000200666,토리든 셀메이징 저분자 콜라겐 탄력 크림,트러블성,4f72fde8ec3ffffd8a30cd23dfca3f21,0,0,0,0,0,0,1,17,4,1,1,2,3,0,0,1,1,1,0,1.0,0.0,1.0,0.0,1.0,0.0,0.0,0.0,1,1,0.9298245614035088,1,0,0.7543859649122807,0,0.0,0,0.0,0,0,0,0.0,0.0,0.0,0.0,0.0,0.0,0.0,0.0,0.0,0.0,0.0,0.0,0.0,0.0,0.0
A000000200666,토리든 셀메이징 저분자 콜라겐 탄력 크림,중성,4f72fde8ec3ffffd8a30cd23dfca3f21,0,0,0,0,1,0,0,17,4,1,1,2,3,0,0,1,1,1,0,1.0,0.0,1.0,0.0,1.0,0.0,0.0,0.0,1,1,0.9298245614035088,1,0,0.7543859649122807,0,0.0,0,0.0,0,0,0,0.0,0.0,0.0,0.0,0.0,0.0,0.0,0.0,0.0,0.0,0.0,0.0,0.0,0.0,0.0
A000000200725,아벤느 시칼파트 플러스 SOS 리페어 크림,건성,68591b1b3cc34d35742803d57ec9f797,1,0,0,0,0,0,0,2,1,3,0,0,0,0,0,0,0,0,2,0.0,0.0,0.0,1.0,0.0,2.0,2.0,0.0,0,0,0.0,0,0,0.0,0,0.0,0,0.0,0,0,0,0.5298325815428024,0.0,0.0,0.0,0.0,0.0,0.0,0.0,0.0,0.0,0.0,0.0,0.5298325815428024,0.0,0.0
A000000200725,아벤느 시칼파트 플러스 SOS 리페어 크림,약건성,68591b1b3cc34d35742803d57ec9f797,0,0,0,1,0,0,0,2,1,3,0,0,0,0,0,0,0,0,2,0.0,0.0,0.0,1.0,0.0,2.0,2.0,0.0,0,0,0.0,0,0,0.0,0,0.0,0,0.0,0,0,0,0.5298325815428024,0.0,0.0,0.0,0.0,0.0,0.0,0.0,0.0,0.0,0.0,0.0,0.5298325815428024,0.0,0.0
A000000200725,아벤느 시칼파트 플러스 SOS 리페어 크림,지성,68591b1b3cc34d35742803d57ec9f797,0,0,0,0,0,1,0,2,1,3,0,0,0,0,0,0,0,0,2,0.0,0.0,0.0,1.0,0.0,2.0,2.0,0.0,0,0,0.0,0,0,0.0,0,0.0,0,0.0,0,0,0,0.0,0.0,0.0,0.0,0.0,0.0,0.0,0.5322264586051256,0.0,0.0,0.0,0.0,0.0,0.0,0.0
A000000200725,아벤느 시칼파트 플러스 SOS 리페어 크림,복합성,68591b1b3cc34d35742803d57ec9f797,0,0,1,0,0,0,0,2,1,3,0,0,0,0,0,0,0,0,2,0.0,0.0,0.0,1.0,0.0,2.0,2.0,0.0,0,0,0.0,0,0,0.0,0,0.0,0,0.0,0,0,0,0.0,0.0,0.0,0.0,0.0,0.0,0.0,0.0,0.0,0.0,0.0,0.0,0.0,0.0,0.0
A000000200725,아벤느 시칼파트 플러스 SOS 리페어 크림,민감성,68591b1b3cc34d35742803d57ec9f797,0,1,0,0,0,0,0,2,1,3,0,0,0,0,0,0,0,0,2,0.0,0.0,0.0,1.0,0.0,2.0,2.0,0.0,0,0,0.0,0,0,0.0,0,0.0,0,0.0,0,0,0,0.0,0.0,0.0,0.0,0.0,0.0,0.0,0.0,0.0,0.0,0.0,0.0,0.0,0.0,0.0
A000000200725,아벤느 시칼파트 플러스 SOS 리페어 크림,트러블성,68591b1b3cc34d35742803d57ec9f797,0,0,0,0,0,0,1,2,1,3,0,0,0,0,0,0,0,0,2,0.0,0.0,0.0,1.0,0.0,2.0,2.0,0.0,0,0,0.0,0,0,0.0,0,0.0,0,0.0,0,0,0,0.0,0.0,0.0,0.0,0.0,0.0,0.0,0.0,0.0,0.0,0.0,0.0,0.0,0.0,0.0
A000000200725,아벤느 시칼파트 플러스 SOS 리페어 크림,중성,68591b1b3cc34d35742803d57ec9f797,0,0,0,0,1,0,0,2,1,3,0,0,0,0,0,0,0,0,2,0.0,0.0,0.0,1.0,0.0,2.0,2.0,0.0,0,0,0.0,0,0,0.0,0,0.0,0,0.0,0,0,0,0.0,0.0,0.0,0.0,0.0,0.0,0.0,0.0,0.0,0.0,0.0,0.0,0.0,0.0,0.0
A000000200804,마몽드 플로라 글로우 로즈 스무딩 크림,건성,f8555c9822284f26fd7d121e54dc0921,1,0,0,0,0,0,0,9,3,1,0,0,2,1,1,1,0,1,3,1.0,1.0,0.0,0.0,1.0,3.0,0.0,0.0,0,0,0.0,0,0,0.0,0,0.0,0,0.0,0,0,1,0.6622572148235878,0.0,0.0,0.0,0.0,0.0,0.0,0.0,0.0,0.0,0.0,0.0,0.6622572148235878,0.0,0.0
A000000200804,마몽드 플로라 글로우 로즈 스무딩 크림,약건성,f8555c9822284f26fd7d121e54dc0921,0,0,0,1,0,0,0,9,3,1,0,0,2,1,1,1,0,1,3,1.0,1.0,0.0,0.0,1.0,3.0,0.0,0.0,0,0,0.0,0,0,0.0,0,0.0,0,0.0,0,0,1,0.6622572148235878,0.0,0.0,0.0,0.0,0.0,0.0,0.0,0.0,0.0,0.0,0.0,0.6622572148235878,0.0,0.0
A000000200804,마몽드 플로라 글로우 로즈 스무딩 크림,지성,f8555c9822284f26fd7d121e54dc0921,0,0,0,0,0,1,0,9,3,1,0,0,2,1,1,1,0,1,3,1.0,1.0,0.0,0.0,1.0,3.0,0.0,0.0,0,0,0.0,0,0,0.0,0,0.0,0,0.0,0,0,1,0.0,0.0,0.0,0.0,0.0,0.0,0.0,0.2925847950347342,0.3418632997053081,0.0,0.0,0.0,0.0,0.0,0.0
A000000200804,마몽드 플로라 글로우 로즈 스무딩 크림,복합성,f8555c9822284f26fd7d121e54dc0921,0,0,1,0,0,0,0,9,3,1,0,0,2,1,1,1,0,1,3,1.0,1.0,0.0,0.0,1.0,3.0,0.0,0.0,0,0,0.0,0,0,0.0,0,0.0,0,0.0,0,0,1,0.0,0.0,0.0,0.0,0.0,0.0,0.0,0.0,0.0,0.0,0.0,0.0,0.0,0.0,0.0
A000000200804,마몽드 플로라 글로우 로즈 스무딩 크림,민감성,f8555c9822284f26fd7d121e54dc0921,0,1,0,0,0,0,0,9,3,1,0,0,2,1,1,1,0,1,3,1.0,1.0,0.0,0.0,1.0,3.0,0.0,0.0,0,0,0.0,0,0,0.0,0,0.0,0,0.0,0,0,1,0.0,0.0,0.0,0.6321205588285577,0.6321205588285577,0.0,0.0,0.0,0.0,0.0,0.0,0.6321205588285577,0.0,0.9153105691837515,0.0
A000000200804,마몽드 플로라 글로우 로즈 스무딩 크림,트러블성,f8555c9822284f26fd7d121e54dc0921,0,0,0,0,0,0,1,9,3,1,0,0,2,1,1,1,0,1,3,1.0,1.0,0.0,0.0,1.0,3.0,0.0,0.0,0,0,0.0,0,0,0.0,0,0.0,0,0.0,0,0,1,0.0,0.0,0.0,0.0,0.0,0.0,0.0,0.0,0.0,0.0,0.0,0.6321205588285577,0.0,0.12642411176571153,0.0
A000000200804,마몽드 플로라 글로우 로즈 스무딩 크림,중성,f8555c9822284f26fd7d121e54dc0921,0,0,0,0,1,0,0,9,3,1,0,0,2,1,1,1,0,1,3,1.0,1.0,0.0,0.0,1.0,3.0,0.0,0.0,0,0,0.0,0,0,0.0,0,0.0,0,0.0,0,0,1,0.0,0.0,0.0,0.0,0.0,0.0,0.0,0.0,0.0,0.0,0.0,0.0,0.0,0.0,0.0
A000000202893,에스네이처 아쿠아 오아시스 수분 젤크림,건성,34fcc78def05e74a58fd58aa0d24b4af,1,0,0,0,0,0,0,12,0,2,0,1,0,0,0,2,0,1,0,0.0,1.0,1.0,0.0,0.0,0.0,0.0,0.0,0,0,0.0,0,0,0.0,0,0.0,0,0.0,0,0,0,0.0,0.0,0.0,0.0,0.0,0.0,0.0,0.0,0.0,0.0,0.0,0.0,0.0,0.0,0.0
A000000202893,에스네이처 아쿠아 오아시스 수분 젤크림,약건성,34fcc78def05e74a58fd58aa0d24b4af,0,0,0,1,0,0,0,12,0,2,0,1,0,0,0,2,0,1,0,0.0,1.0,1.0,0.0,0.0,0.0,0.0,0.0,0,0,0.0,0,0,0.0,0,0.0,0,0.0,0,0,0,0.0,0.0,0.0,0.0,0.0,0.0,0.0,0.0,0.0,0.0,0.0,0.0,0.0,0.0,0.0
A000000202893,에스네이처 아쿠아 오아시스 수분 젤크림,지성,34fcc78def05e74a58fd58aa0d24b4af,0,0,0,0,0,1,0,12,0,2,0,1,0,0,0,2,0,1,0,0.0,1.0,1.0,0.0,0.0,0.0,0.0,0.0,0,0,0.0,0,0,0.0,0,0.0,0,0.0,0,0,0,0.0,0.0,0.0,0.0,0.0,0.0,0.0,0.0,0.3418632997053081,0.0,0.0,0.0,0.0,0.0,0.0
A000000202893,에스네이처 아쿠아 오아시스 수분 젤크림,복합성,34fcc78def05e74a58fd58aa0d24b4af,0,0,1,0,0,0,0,12,0,2,0,1,0,0,0,2,0,1,0,0.0,1.0,1.0,0.0,0.0,0.0,0.0,0.0,0,0,0.0,0,0,0.0,0,0.0,0,0.0,0,0,0,0.0,0.0,0.0,0.0,0.0,0.0,0.0,0.0,0.0,0.0,0.0,0.0,0.0,0.0,0.0
A000000202893,에스네이처 아쿠아 오아시스 수분 젤크림,민감성,34fcc78def05e74a58fd58aa0d24b4af,0,1,0,0,0,0,0,12,0,2,0,1,0,0,0,2,0,1,0,0.0,1.0,1.0,0.0,0.0,0.0,0.0,0.0,0,0,0.0,0,0,0.0,0,0.0,0,0.0,0,0,0,0.0,0.0,0.0,0.0,0.0,0.0,0.0,0.0,0.0,0.0,0.0,0.0,0.0,0.0,0.0
A000000202893,에스네이처 아쿠아 오아시스 수분 젤크림,트러블성,34fcc78def05e74a58fd58aa0d24b4af,0,0,0,0,0,0,1,12,0,2,0,1,0,0,0,2,0,1,0,0.0,1.0,1.0,0.0,0.0,0.0,0.0,0.0,0,0,0.0,0,0,0.0,0,0.0,0,0.0,0,0,0,0.0,0.0,0.0,0.0,0.0,0.0,0.0,0.0,0.0,0.0,0.0,0.0,0.0,0.0,0.0
A000000202893,에스네이처 아쿠아 오아시스 수분 젤크림,중성,34fcc78def05e74a58fd58aa0d24b4af,0,0,0,0,1,0,0,12,0,2,0,1,0,0,0,2,0,1,0,0.0,1.0,1.0,0.0,0.0,0.0,0.0,0.0,0,0,0.0,0,0,0.0,0,0.0,0,0.0,0,0,0,0.0,0.0,0.0,0.0,0.0,0.0,0.0,0.0,0.0,0.0,0.0,0.0,0.0,0.0,0.0
A000000203831,스킨푸드 블루 캐모마일 히알루로닉 수분크림,건성,4654418d796d0139c278bed1fadd2c5a,1,0,0,0,0,0,0,12,2,0,1,3,3,0,0,0,0,0,0,1.0,0.0,0.0,0.0,0.0,0.0,0.0,0.0,1,1,0.8787878787878788,1,0,0.696969696969697,0,0.0,0,0.0,0,0,0,0.0,0.0,0.0,0.0,0.0,0.0,0.0,0.0,0.0,0.0,0.0,0.0,0.0,0.0,0.0
A000000203831,스킨푸드 블루 캐모마일 히알루로닉 수분크림,약건성,4654418d796d0139c278bed1fadd2c5a,0,0,0,1,0,0,0,12,2,0,1,3,3,0,0,0,0,0,0,1.0,0.0,0.0,0.0,0.0,0.0,0.0,0.0,1,1,0.8787878787878788,1,0,0.696969696969697,0,0.0,0,0.0,0,0,0,0.0,0.0,0.0,0.0,0.0,0.0,0.0,0.0,0.0,0.0,0.0,0.0,0.0,0.0,0.0
A000000203831,스킨푸드 블루 캐모마일 히알루로닉 수분크림,지성,4654418d796d0139c278bed1fadd2c5a,0,0,0,0,0,1,0,12,2,0,1,3,3,0,0,0,0,0,0,1.0,0.0,0.0,0.0,0.0,0.0,0.0,0.0,1,1,0.8787878787878788,1,0,0.696969696969697,0,0.0,0,0.0,0,0,0,0.0,0.0,0.0,0.0,0.0,0.0,0.8787878787878788,0.0,0.13115644676245553,0.0,0.0,0.0,0.7030303030303031,0.0,0.0
A000000203831,스킨푸드 블루 캐모마일 히알루로닉 수분크림,복합성,4654418d796d0139c278bed1fadd2c5a,0,0,1,0,0,0,0,12,2,0,1,3,3,0,0,0,0,0,0,1.0,0.0,0.0,0.0,0.0,0.0,0.0,0.0,1,1,0.8787878787878788,1,0,0.696969696969697,0,0.0,0,0.0,0,0,0,0.0,0.0,0.0,0.0,0.0,0.0,0.0,0.0,0.0,0.0,0.0,0.0,0.0,0.0,0.0
A000000203831,스킨푸드 블루 캐모마일 히알루로닉 수분크림,민감성,4654418d796d0139c278bed1fadd2c5a,0,1,0,0,0,0,0,12,2,0,1,3,3,0,0,0,0,0,0,1.0,0.0,0.0,0.0,0.0,0.0,0.0,0.0,1,1,0.8787878787878788,1,0,0.696969696969697,0,0.0,0,0.0,0,0,0,0.0,0.0,0.6736273621134925,0.0,0.0,0.0,0.0,0.0,0.0,0.0,0.0,0.0,0.3233411338144764,0.0,0.0
A000000203831,스킨푸드 블루 캐모마일 히알루로닉 수분크림,트러블성,4654418d796d0139c278bed1fadd2c5a,0,0,0,0,0,0,1,12,2,0,1,3,3,0,0,0,0,0,0,1.0,0.0,0.0,0.0,0.0,0.0,0.0,0.0,1,1,0.8787878787878788,1,0,0.696969696969697,0,0.0,0,0.0,0,0,0,0.0,0.0,0.0,0.0,0.0,0.0,0.0,0.0,0.0,0.0,0.0,0.0,0.0,0.0,0.0
A000000203831,스킨푸드 블루 캐모마일 히알루로닉 수분크림,중성,4654418d796d0139c278bed1fadd2c5a,0,0,0,0,1,0,0,12,2,0,1,3,3,0,0,0,0,0,0,1.0,0.0,0.0,0.0,0.0,0.0,0.0,0.0,1,1,0.8787878787878788,1,0,0.696969696969697,0,0.0,0,0.0,0,0,0,0.0,0.0,0.0,0.0,0.0,0.0,0.0,0.0,0.0,0.0,0.0,0.0,0.0,0.0,0.0
A000000204308,바이오힐보 프로바이오덤 콜라겐 리모델링 크림,건성,c7c3ce873d886a1a859d9ca71a5f8457,1,0,0,0,0,0,0,10,3,3,5,2,17,1,2,4,12,5,0,0.0,0.0,3.0,0.0,3.0,0.0,0.0,0.0,0,0,0.0,1,0,0.7424242424242424,1,0.5,1,0.28787878787878785,0,1,2,0.8349109058491542,0.6666666666666666,0.0,0.0,0.0,0.0,0.0,0.0,0.0,0.0,0.0,0.0,1.261577572515821,0.0,0.0
A000000204308,바이오힐보 프로바이오덤 콜라겐 리모델링 크림,약건성,c7c3ce873d886a1a859d9ca71a5f8457,0,0,0,1,0,0,0,10,3,3,5,2,17,1,2,4,12,5,0,0.0,0.0,3.0,0.0,3.0,0.0,0.0,0.0,0,0,0.0,1,0,0.7424242424242424,1,0.5,1,0.28787878787878785,0,1,2,0.8349109058491542,0.6666666666666666,0.0,0.0,0.0,0.0,0.0,0.0,0.0,0.0,0.0,0.0,1.261577572515821,0.0,0.0
A000000204308,바이오힐보 프로바이오덤 콜라겐 리모델링 크림,지성,c7c3ce873d886a1a859d9ca71a5f8457,0,0,0,0,0,1,0,10,3,3,5,2,17,1,2,4,12,5,0,0.0,0.0,3.0,0.0,3.0,0.0,0.0,0.0,0,0,0.0,1,0,0.7424242424242424,1,0.5,1,0.28787878787878785,0,1,2,0.0,0.0,0.0,0.0,0.0,0.0,0.0,0.19421745996289255,0.2589566132838567,0.0,0.0,0.0,0.0,0.0,0.0
A000000204308,바이오힐보 프로바이오덤 콜라겐 리모델링 크림,복합성,c7c3ce873d886a1a859d9ca71a5f8457,0,0,1,0,0,0,0,10,3,3,5,2,17,1,2,4,12,5,0,0.0,0.0,3.0,0.0,3.0,0.0,0.0,0.0,0,0,0.0,1,0,0.7424242424242424,1,0.5,1,0.28787878787878785,0,1,2,0.0,0.0,0.0,0.0,0.0,0.0,0.0,0.0,0.0,0.0,0.0,0.0,0.0,0.0,0.0
A000000204308,바이오힐보 프로바이오덤 콜라겐 리모델링 크림,민감성,c7c3ce873d886a1a859d9ca71a5f8457,0,1,0,0,0,0,0,10,3,3,5,2,17,1,2,4,12,5,0,0.0,0.0,3.0,0.0,3.0,0.0,0.0,0.0,0,0,0.0,1,0,0.7424242424242424,1,0.5,1,0.28787878787878785,0,1,2,0.0,0.0,0.8340667228748998,0.6321205588285577,0.8646647167633873,0.0,0.0,0.0,0.0,0.0,0.0,0.07097600208565653,0.40035202697995187,0.9072614405899749,0.36322395674094765
A000000204308,바이오힐보 프로바이오덤 콜라겐 리모델링 크림,트러블성,c7c3ce873d886a1a859d9ca71a5f8457,0,0,0,0,0,0,1,10,3,3,5,2,17,1,2,4,12,5,0,0.0,0.0,3.0,0.0,3.0,0.0,0.0,0.0,0,0,0.0,1,0,0.7424242424242424,1,0.5,1,0.28787878787878785,0,1,2,0.0,0.0,0.0,0.0,0.0,0.0,0.0,0.0,0.0,0.0,0.9580788074976406,0.07097600208565653,0.19161576149952814,0.014195200417131307,0.0027200241375670347
A000000204308,바이오힐보 프로바이오덤 콜라겐 리모델링 크림,중성,c7c3ce873d886a1a859d9ca71a5f8457,0,0,0,0,1,0,0,10,3,3,5,2,17,1,2,4,12,5,0,0.0,0.0,3.0,0.0,3.0,0.0,0.0,0.0,0,0,0.0,1,0,0.7424242424242424,1,0.5,1,0.28787878787878785,0,1,2,0.0,0.0,0.0,0.0,0.0,0.0,0.0,0.0,0.0,0.0,0.0,0.0,0.0,0.0,0.0
A000000204949,센텔리안24 마데카 크림 타임 리버스,건성,f588029a4c0bb098cf3d5f29947b01ba,1,0,0,0,0,0,0,15,8,6,5,15,8,3,0,2,1,9,19,1.0,1.0,1.0,1.0,2.0,12.0,3.0,7.0,1,1,0.9345794392523364,1,0,0.6542056074766356,1,0.36448598130841126,0,0.0,0,0,0,0.9748823722849063,0.3333333333333333,0.0,0.0,0.0,0.0,0.0,0.0,0.0,0.0,0.0,0.0,1.1882157056182396,0.0,0.0
A000000204949,센텔리안24 마데카 크림 타임 리버스,약건성,f588029a4c0bb098cf3d5f29947b01ba,0,0,0,1,0,0,0,15,8,6,5,15,8,3,0,2,1,9,19,1.0,1.0,1.0,1.0,2.0,12.0,3.0,7.0,1,1,0.9345794392523364,1,0,0.6542056074766356,1,0.36448598130841126,0,0.0,0,0,0,0.9748823722849063,0.3333333333333333,0.0,0.0,0.0,0.0,0.0,0.0,0.0,0.0,0.0,0.0,1.1882157056182396,0.0,0.0
A000000204949,센텔리안24 마데카 크림 타임 리버스,지성,f588029a4c0bb098cf3d5f29947b01ba,0,0,0,0,0,1,0,15,8,6,5,15,8,3,0,2,1,9,19,1.0,1.0,1.0,1.0,2.0,12.0,3.0,7.0,1,1,0.9345794392523364,1,0,0.6542056074766356,1,0.36448598130841126,0,0.0,0,0,0,0.0,0.0,0.0,0.0,0.0,0.0,0.9345794392523364,0.8029938242781463,0.4730197464677636,0.0,0.0,0.0,0.7476635514018692,0.0,0.0
A000000204949,센텔리안24 마데카 크림 타임 리버스,복합성,f588029a4c0bb098cf3d5f29947b01ba,0,0,1,0,0,0,0,15,8,6,5,15,8,3,0,2,1,9,19,1.0,1.0,1.0,1.0,2.0,12.0,3.0,7.0,1,1,0.9345794392523364,1,0,0.6542056074766356,1,0.36448598130841126,0,0.0,0,0,0,0.0,0.0,0.0,0.0,0.0,0.0,0.0,0.0,0.0,0.0,0.0,0.0,0.0,0.0,0.0
A000000204949,센텔리안24 마데카 크림 타임 리버스,민감성,f588029a4c0bb098cf3d5f29947b01ba,0,1,0,0,0,0,0,15,8,6,5,15,8,3,0,2,1,9,19,1.0,1.0,1.0,1.0,2.0,12.0,3.0,7.0,1,1,0.9345794392523364,1,0,0.6542056074766356,1,0.36448598130841126,0,0.0,0,0,0,0.0,0.0,0.9716743381598422,0.950212931632136,0.0,0.9990881180344455,0.0,0.0,0.0,0.0,0.0,0.0,0.46640368231672424,1.0479077232996292,0.48874802087508207
A000000204949,센텔리안24 마데카 크림 타임 리버스,트러블성,f588029a4c0bb098cf3d5f29947b01ba,0,0,0,0,0,0,1,15,8,6,5,15,8,3,0,2,1,9,19,1.0,1.0,1.0,1.0,2.0,12.0,3.0,7.0,1,1,0.9345794392523364,1,0,0.6542056074766356,1,0.36448598130841126,0,0.0,0,0,0,0.0,0.0,0.0,0.0,0.0,0.0,0.0,0.0,0.0,1.0,0.0,0.0,0.7,0.0,0.0
A000000204949,센텔리안24 마데카 크림 타임 리버스,중성,f588029a4c0bb098cf3d5f29947b01ba,0,0,0,0,1,0,0,15,8,6,5,15,8,3,0,2,1,9,19,1.0,1.0,1.0,1.0,2.0,12.0,3.0,7.0,1,1,0.9345794392523364,1,0,0.6542056074766356,1,0.36448598130841126,0,0.0,0,0,0,0.0,0.0,0.0,0.0,0.0,0.0,0.0,0.0,0.0,0.0,0.0,0.0,0.0,0.0,0.0
A000000206053,넘버즈인 1번 판토텐산 액티브 수딩크림,건성,ab985fb3d31793bf4ba1e7a109d1b4c2,1,0,0,0,0,0,0,6,3,4,2,7,3,0,0,4,0,21,2,2.0,1.0,3.0,0.0,0.0,2.0,0.0,0.0,1,1,0.9482758620689655,1,0,0.39655172413793105,0,0.0,0,0.0,0,0,0,0.8343493120799612,0.0,0.0,0.0,0.0,0.0,0.0,0.0,0.0,0.0,0.0,0.0,0.8343493120799612,0.0,0.0
A000000206053,넘버즈인 1번 판토텐산 액티브 수딩크림,약건성,ab985fb3d31793bf4ba1e7a109d1b4c2,0,0,0,1,0,0,0,6,3,4,2,7,3,0,0,4,0,21,2,2.0,1.0,3.0,0.0,0.0,2.0,0.0,0.0,1,1,0.9482758620689655,1,0,0.39655172413793105,0,0.0,0,0.0,0,0,0,0.8343493120799612,0.0,0.0,0.0,0.0,0.0,0.0,0.0,0.0,0.0,0.0,0.0,0.8343493120799612,0.0,0.0
A000000206053,넘버즈인 1번 판토텐산 액티브 수딩크림,지성,ab985fb3d31793bf4ba1e7a109d1b4c2,0,0,0,0,0,1,0,6,3,4,2,7,3,0,0,4,0,21,2,2.0,1.0,3.0,0.0,0.0,2.0,0.0,0.0,1,1,0.9482758620689655,1,0,0.39655172413793105,0,0.0,0,0.0,0,0,0,0.0,0.0,0.0,0.0,0.0,0.0,0.9482758620689655,0.15803013970713942,0.6803703191695618,0.0,0.0,0.0,0.7586206896551725,0.0,0.0
A000000206053,넘버즈인 1번 판토텐산 액티브 수딩크림,복합성,ab985fb3d31793bf4ba1e7a109d1b4c2,0,0,1,0,0,0,0,6,3,4,2,7,3,0,0,4,0,21,2,2.0,1.0,3.0,0.0,0.0,2.0,0.0,0.0,1,1,0.9482758620689655,1,0,0.39655172413793105,0,0.0,0,0.0,0,0,0,0.0,0.0,0.0,0.0,0.0,0.0,0.0,0.0,0.0,0.0,0.0,0.0,0.0,0.0,0.0
A000000206053,넘버즈인 1번 판토텐산 액티브 수딩크림,민감성,ab985fb3d31793bf4ba1e7a109d1b4c2,0,1,0,0,0,0,0,6,3,4,2,7,3,0,0,4,0,21,2,2.0,1.0,3.0,0.0,0.0,2.0,0.0,0.0,1,1,0.9482758620689655,1,0,0.39655172413793105,0,0.0,0,0.0,0,0,0,0.0,0.0,0.849495512377433,0.0,0.0,0.0,0.0,0.0,0.0,0.0,0.0,0.0,0.4077578459411678,0.0,0.0
A000000206053,넘버즈인 1번 판토텐산 액티브 수딩크림,트러블성,ab985fb3d31793bf4ba1e7a109d1b4c2,0,0,0,0,0,0,1,6,3,4,2,7,3,0,0,4,0,21,2,2.0,1.0,3.0,0.0,0.0,2.0,0.0,0.0,1,1,0.9482758620689655,1,0,0.39655172413793105,0,0.0,0,0.0,0,0,0,0.0,0.0,0.0,0.0,0.0,0.0,0.0,0.0,0.0,0.0,0.0,0.0,0.0,0.0,0.0
A000000206053,넘버즈인 1번 판토텐산 액티브 수딩크림,중성,ab985fb3d31793bf4ba1e7a109d1b4c2,0,0,0,0,1,0,0,6,3,4,2,7,3,0,0,4,0,21,2,2.0,1.0,3.0,0.0,0.0,2.0,0.0,0.0,1,1,0.9482758620689655,1,0,0.39655172413793105,0,0.0,0,0.0,0,0,0,0.0,0.0,0.0,0.0,0.0,0.0,0.0,0.0,0.0,0.0,0.0,0.0,0.0,0.0,0.0
A000000206212,메디큐브 제로 모공 원데이 크림,건성,d2daf04be52c1c5b1bf3faa9e3483aff,1,0,0,0,0,0,0,13,6,3,2,4,4,1,1,2,1,9,0,1.0,1.0,1.0,1.0,2.0,0.0,0.0,0.0,1,1,0.9,1,1,0.9833333333333333,0,0.0,1,0.5833333333333333,0,0,1,0.8997958135565509,0.0,0.0,0.0,0.0,0.0,0.0,0.0,0.0,0.0,0.0,0.0,0.8997958135565509,0.0,0.0
A000000206212,메디큐브 제로 모공 원데이 크림,약건성,d2daf04be52c1c5b1bf3faa9e3483aff,0,0,0,1,0,0,0,13,6,3,2,4,4,1,1,2,1,9,0,1.0,1.0,1.0,1.0,2.0,0.0,0.0,0.0,1,1,0.9,1,1,0.9833333333333333,0,0.0,1,0.5833333333333333,0,0,1,0.8997958135565509,0.0,0.0,0.0,0.0,0.0,0.0,0.0,0.0,0.0,0.0,0.0,0.8997958135565509,0.0,0.0
A000000206212,메디큐브 제로 모공 원데이 크림,지성,d2daf04be52c1c5b1bf3faa9e3483aff,0,0,0,0,0,1,0,13,6,3,2,4,4,1,1,2,1,9,0,1.0,1.0,1.0,1.0,2.0,0.0,0.0,0.0,1,1,0.9,1,1,0.9833333333333333,0,0.0,1,0.5833333333333333,0,0,1,0.0,0.0,0.0,0.0,0.0,0.0,0.9,0.31606027941427883,0.4730197464677636,0.0,0.0,0.0,0.7200000000000001,0.0,0.0
A000000206212,메디큐브 제로 모공 원데이 크림,복합성,d2daf04be52c1c5b1bf3faa9e3483aff,0,0,1,0,0,0,0,13,6,3,2,4,4,1,1,2,1,9,0,1.0,1.0,1.0,1.0,2.0,0.0,0.0,0.0,1,1,0.9,1,1,0.9833333333333333,0,0.0,1,0.5833333333333333,0,0,1,0.0,0.0,0.0,0.0,0.0,0.0,0.0,0.0,0.0,0.0,0.0,0.0,0.0,0.0,0.0
A000000206212,메디큐브 제로 모공 원데이 크림,민감성,d2daf04be52c1c5b1bf3faa9e3483aff,0,1,0,0,0,0,0,13,6,3,2,4,4,1,1,2,1,9,0,1.0,1.0,1.0,1.0,2.0,0.0,0.0,0.0,1,1,0.9,1,1,0.9833333333333333,0,0.0,1,0.5833333333333333,0,0,1,0.0,0.0,0.8176156913504861,0.6321205588285577,0.6321205588285577,0.0,0.0,0.0,0.0,0.0,0.0,0.23254415793482963,0.3924555318482333,0.8353952890050059,0.32785550244996814
A000000206212,메디큐브 제로 모공 원데이 크림,트러블성,d2daf04be52c1c5b1bf3faa9e3483aff,0,0,0,0,0,0,1,13,6,3,2,4,4,1,1,2,1,9,0,1.0,1.0,1.0,1.0,2.0,0.0,0.0,0.0,1,1,0.9,1,1,0.9833333333333333,0,0.0,1,0.5833333333333333,0,0,1,0.0,0.0,0.0,0.0,0.0,0.0,0.0,0.0,0.0,0.0,0.7950600976206501,0.23254415793482963,0.15901201952413002,0.04650883158696593,0.007395463236351102
A000000206212,메디큐브 제로 모공 원데이 크림,중성,d2daf04be52c1c5b1bf3faa9e3483aff,0,0,0,0,1,0,0,13,6,3,2,4,4,1,1,2,1,9,0,1.0,1.0,1.0,1.0,2.0,0.0,0.0,0.0,1,1,0.9,1,1,0.9833333333333333,0,0.0,1,0.5833333333333333,0,0,1,0.0,0.0,0.0,0.0,0.0,0.0,0.0,0.0,0.0,0.0,0.0,0.0,0.0,0.0,0.0
A000000206312,피캄 센텔라 트러블 스팟,건성,4fd368552d80a71e539a69c186b4461e,1,0,0,0,0,0,0,7,1,1,1,7,6,0,4,0,0,8,0,0.0,0.0,0.0,0.0,0.0,0.0,0.0,0.0,1,1,0.9024390243902439,1,1,0.9512195121951219,0,0.0,1,0.7317073170731707,0,0,4,0.5190083465571096,0.0,0.0,0.0,0.0,0.0,0.0,0.0,0.0,0.0,0.0,0.0,0.5190083465571096,0.0,0.0
A000000206312,피캄 센텔라 트러블 스팟,약건성,4fd368552d80a71e539a69c186b4461e,0,0,0,1,0,0,0,7,1,1,1,7,6,0,4,0,0,8,0,0.0,0.0,0.0,0.0,0.0,0.0,0.0,0.0,1,1,0.9024390243902439,1,1,0.9512195121951219,0,0.0,1,0.7317073170731707,0,0,4,0.5190083465571096,0.0,0.0,0.0,0.0,0.0,0.0,0.0,0.0,0.0,0.0,0.0,0.5190083465571096,0.0,0.0
A000000206312,피캄 센텔라 트러블 스팟,지성,4fd368552d80a71e539a69c186b4461e,0,0,0,0,0,1,0,7,1,1,1,7,6,0,4,0,0,8,0,0.0,0.0,0.0,0.0,0.0,0.0,0.0,0.0,1,1,0.9024390243902439,1,1,0.9512195121951219,0,0.0,1,0.7317073170731707,0,0,4,0.0,0.0,0.0,0.0,0.0,0.0,0.9024390243902439,0.0,0.0,0.0,0.0,0.0,0.7219512195121952,0.0,0.0
A000000206312,피캄 센텔라 트러블 스팟,복합성,4fd368552d80a71e539a69c186b4461e,0,0,1,0,0,0,0,7,1,1,1,7,6,0,4,0,0,8,0,0.0,0.0,0.0,0.0,0.0,0.0,0.0,0.0,1,1,0.9024390243902439,1,1,0.9512195121951219,0,0.0,1,0.7317073170731707,0,0,4,0.0,0.0,0.0,0.0,0.0,0.0,0.0,0.0,0.0,0.0,0.0,0.0,0.0,0.0,0.0
A000000206312,피캄 센텔라 트러블 스팟,민감성,4fd368552d80a71e539a69c186b4461e,0,1,0,0,0,0,0,7,1,1,1,7,6,0,4,0,0,8,0,0.0,0.0,0.0,0.0,0.0,0.0,0.0,0.0,1,1,0.9024390243902439,1,1,0.9512195121951219,0,0.0,1,0.7317073170731707,0,0,4,0.0,0.0,0.7253229449904468,0.0,0.9816843611112658,0.0,0.0,0.0,0.0,0.0,0.0,0.595421663174391,0.34815501359541445,0.5588789264127253,0.194576500223413
A000000206312,피캄 센텔라 트러블 스팟,트러블성,4fd368552d80a71e539a69c186b4461e,0,0,0,0,0,0,1,7,1,1,1,7,6,0,4,0,0,8,0,0.0,0.0,0.0,0.0,0.0,0.0,0.0,0.0,1,1,0.9024390243902439,1,1,0.9512195121951219,0,0.0,1,0.7317073170731707,0,0,4,0.0,0.0,0.0,0.0,0.0,0.0,0.0,0.0,0.0,0.0,0.6272713450233213,0.595421663174391,0.12545426900466425,0.11908433263487822,0.01493963790061693
A000000206312,피캄 센텔라 트러블 스팟,중성,4fd368552d80a71e539a69c186b4461e,0,0,0,0,1,0,0,7,1,1,1,7,6,0,4,0,0,8,0,0.0,0.0,0.0,0.0,0.0,0.0,0.0,0.0,1,1,0.9024390243902439,1,1,0.9512195121951219,0,0.0,1,0.7317073170731707,0,0,4,0.0,0.0,0.0,0.0,0.0,0.0,0.0,0.0,0.0,0.0,0.0,0.0,0.0,0.0,0.0
A000000206904,라로슈포제 시카플라스트 밤 B5,건성,99add072facd538a5708ec2364350f93,1,0,0,0,0,0,0,5,2,4,1,3,1,0,0,2,0,1,1,0.0,0.0,2.0,1.0,0.0,0.0,1.0,0.0,0,0,0.0,1,1,0.84375,0,0.0,0,0.0,0,0,0,0.7625091142151981,0.0,0.0,0.0,0.0,0.0,0.0,0.0,0.0,0.0,0.0,0.0,0.7625091142151981,0.0,0.0
A000000206904,라로슈포제 시카플라스트 밤 B5,약건성,99add072facd538a5708ec2364350f93,0,0,0,1,0,0,0,5,2,4,1,3,1,0,0,2,0,1,1,0.0,0.0,2.0,1.0,0.0,0.0,1.0,0.0,0,0,0.0,1,1,0.84375,0,0.0,0,0.0,0,0,0,0.7625091142151981,0.0,0.0,0.0,0.0,0.0,0.0,0.0,0.0,0.0,0.0,0.0,0.7625091142151981,0.0,0.0
A000000206904,라로슈포제 시카플라스트 밤 B5,지성,99add072facd538a5708ec2364350f93,0,0,0,0,0,1,0,5,2,4,1,3,1,0,0,2,0,1,1,0.0,0.0,2.0,1.0,0.0,0.0,1.0,0.0,0,0,0.0,1,1,0.84375,0,0.0,0,0.0,0,0,0,0.0,0.0,0.0,0.0,0.0,0.0,0.0,0.31606027941427883,0.21070685294285255,0.0,0.0,0.0,0.0,0.0,0.0
A000000206904,라로슈포제 시카플라스트 밤 B5,복합성,99add072facd538a5708ec2364350f93,0,0,1,0,0,0,0,5,2,4,1,3,1,0,0,2,0,1,1,0.0,0.0,2.0,1.0,0.0,0.0,1.0,0.0,0,0,0.0,1,1,0.84375,0,0.0,0,0.0,0,0,0,0.0,0.0,0.0,0.0,0.0,0.0,0.0,0.0,0.0,0.0,0.0,0.0,0.0,0.0,0.0
A000000206904,라로슈포제 시카플라스트 밤 B5,민감성,99add072facd538a5708ec2364350f93,0,1,0,0,0,0,0,5,2,4,1,3,1,0,0,2,0,1,1,0.0,0.0,2.0,1.0,0.0,0.0,1.0,0.0,0,0,0.0,1,1,0.84375,0,0.0,0,0.0,0,0,0,0.0,0.0,0.6736273621134925,0.0,0.0,0.0,0.0,0.0,0.0,0.0,0.0,0.0,0.3233411338144764,0.0,0.0
A000000206904,라로슈포제 시카플라스트 밤 B5,트러블성,99add072facd538a5708ec2364350f93,0,0,0,0,0,0,1,5,2,4,1,3,1,0,0,2,0,1,1,0.0,0.0,2.0,1.0,0.0,0.0,1.0,0.0,0,0,0.0,1,1,0.84375,0,0.0,0,0.0,0,0,0,0.0,0.0,0.0,0.0,0.0,0.0,0.0,0.0,0.0,0.0,0.0,0.0,0.0,0.0,0.0
A000000206904,라로슈포제 시카플라스트 밤 B5,중성,99add072facd538a5708ec2364350f93,0,0,0,0,1,0,0,5,2,4,1,3,1,0,0,2,0,1,1,0.0,0.0,2.0,1.0,0.0,0.0,1.0,0.0,0,0,0.0,1,1,0.84375,0,0.0,0,0.0,0,0,0,0.0,0.0,0.0,0.0,0.0,0.0,0.0,0.0,0.0,0.0,0.0,0.0,0.0,0.0,0.0
A000000208331,바이오더마 시카비오 크림,건성,ae18032c1a7c50f1726c48979f2eadbe,1,0,0,0,0,0,0,8,2,1,1,0,2,0,0,0,1,0,4,0.0,0.0,0.0,0.0,0.0,4.0,0.0,0.0,0,0,0.0,0,0,0.0,0,0.0,0,0.0,0,0,0,0.6139669184310501,0.0,0.0,0.0,0.0,0.0,0.0,0.0,0.0,0.0,0.0,0.0,0.6139669184310501,0.0,0.0
A000000208331,바이오더마 시카비오 크림,약건성,ae18032c1a7c50f1726c48979f2eadbe,0,0,0,1,0,0,0,8,2,1,1,0,2,0,0,0,1,0,4,0.0,0.0,0.0,0.0,0.0,4.0,0.0,0.0,0,0,0.0,0,0,0.0,0,0.0,0,0.0,0,0,0,0.6139669184310501,0.0,0.0,0.0,0.0,0.0,0.0,0.0,0.0,0.0,0.0,0.0,0.6139669184310501,0.0,0.0
A000000208331,바이오더마 시카비오 크림,지성,ae18032c1a7c50f1726c48979f2eadbe,0,0,0,0,0,1,0,8,2,1,1,0,2,0,0,0,1,0,4,0.0,0.0,0.0,0.0,0.0,4.0,0.0,0.0,0,0,0.0,0,0,0.0,0,0.0,0,0.0,0,0,0,0.0,0.0,0.0,0.0,0.0,0.0,0.0,0.21616617919084682,0.0,0.0,0.0,0.0,0.0,0.0,0.0
A000000208331,바이오더마 시카비오 크림,복합성,ae18032c1a7c50f1726c48979f2eadbe,0,0,1,0,0,0,0,8,2,1,1,0,2,0,0,0,1,0,4,0.0,0.0,0.0,0.0,0.0,4.0,0.0,0.0,0,0,0.0,0,0,0.0,0,0.0,0,0.0,0,0,0,0.0,0.0,0.0,0.0,0.0,0.0,0.0,0.0,0.0,0.0,0.0,0.0,0.0,0.0,0.0
A000000208331,바이오더마 시카비오 크림,민감성,ae18032c1a7c50f1726c48979f2eadbe,0,1,0,0,0,0,0,8,2,1,1,0,2,0,0,0,1,0,4,0.0,0.0,0.0,0.0,0.0,4.0,0.0,0.0,0,0,0.0,0,0,0.0,0,0.0,0,0.0,0,0,0,0.0,0.0,0.0,0.0,0.0,0.0,0.0,0.0,0.0,0.0,0.0,0.0,0.0,0.0,0.0
A000000208331,바이오더마 시카비오 크림,트러블성,ae18032c1a7c50f1726c48979f2eadbe,0,0,0,0,0,0,1,8,2,1,1,0,2,0,0,0,1,0,4,0.0,0.0,0.0,0.0,0.0,4.0,0.0,0.0,0,0,0.0,0,0,0.0,0,0.0,0,0.0,0,0,0,0.0,0.0,0.0,0.0,0.0,0.0,0.0,0.0,0.0,0.0,0.0,0.0,0.0,0.0,0.0
A000000208331,바이오더마 시카비오 크림,중성,ae18032c1a7c50f1726c48979f2eadbe,0,0,0,0,1,0,0,8,2,1,1,0,2,0,0,0,1,0,4,0.0,0.0,0.0,0.0,0.0,4.0,0.0,0.0,0,0,0.0,0,0,0.0,0,0.0,0,0.0,0,0,0,0.0,0.0,0.0,0.0,0.0,0.0,0.0,0.0,0.0,0.0,0.0,0.0,0.0,0.0,0.0
A000000208491,이지듀 EGF 글루타치온 기미잡티 크림,건성,3b3bb7524d39020e7c615db9ae6f649b,1,0,0,0,0,0,0,11,5,3,4,3,10,2,0,3,5,8,8,0.0,0.0,3.0,0.0,2.0,7.0,0.0,1.0,1,1,0.9726027397260274,1,0,0.4246575342465754,1,0.34246575342465757,0,0.0,0,0,0,0.8857307374061457,0.3333333333333333,0.0,0.0,0.0,0.0,0.0,0.0,0.0,0.0,0.0,0.0,1.099064070739479,0.0,0.0
A000000208491,이지듀 EGF 글루타치온 기미잡티 크림,약건성,3b3bb7524d39020e7c615db9ae6f649b,0,0,0,1,0,0,0,11,5,3,4,3,10,2,0,3,5,8,8,0.0,0.0,3.0,0.0,2.0,7.0,0.0,1.0,1,1,0.9726027397260274,1,0,0.4246575342465754,1,0.34246575342465757,0,0.0,0,0,0,0.8857307374061457,0.3333333333333333,0.0,0.0,0.0,0.0,0.0,0.0,0.0,0.0,0.0,0.0,1.099064070739479,0.0,0.0
A000000208491,이지듀 EGF 글루타치온 기미잡티 크림,지성,3b3bb7524d39020e7c615db9ae6f649b,0,0,0,0,0,1,0,11,5,3,4,3,10,2,0,3,5,8,8,0.0,0.0,3.0,0.0,2.0,7.0,0.0,1.0,1,1,0.9726027397260274,1,0,0.4246575342465754,1,0.34246575342465757,0,0.0,0,0,0,0.0,0.0,0.0,0.0,0.0,0.0,0.9726027397260274,0.40048079385155977,0.2589566132838567,0.0,0.0,0.0,0.7780821917808219,0.0,0.0
A000000208491,이지듀 EGF 글루타치온 기미잡티 크림,복합성,3b3bb7524d39020e7c615db9ae6f649b,0,0,1,0,0,0,0,11,5,3,4,3,10,2,0,3,5,8,8,0.0,0.0,3.0,0.0,2.0,7.0,0.0,1.0,1,1,0.9726027397260274,1,0,0.4246575342465754,1,0.34246575342465757,0,0.0,0,0,0,0.0,0.0,0.0,0.0,0.0,0.0,0.0,0.0,0.0,0.0,0.0,0.0,0.0,0.0,0.0
A000000208491,이지듀 EGF 글루타치온 기미잡티 크림,민감성,3b3bb7524d39020e7c615db9ae6f649b,0,1,0,0,0,0,0,11,5,3,4,3,10,2,0,3,5,8,8,0.0,0.0,3.0,0.0,2.0,7.0,0.0,1.0,1,1,0.9726027397260274,1,0,0.4246575342465754,1,0.34246575342465757,0,0.0,0,0,0,0.0,0.0,0.875787346839594,0.8646647167633873,0.0,0.6321205588285577,0.0,0.0,0.0,0.0,0.0,0.0,0.4203779264830051,0.8737824943533345,0.3673188731734029
A000000208491,이지듀 EGF 글루타치온 기미잡티 크림,트러블성,3b3bb7524d39020e7c615db9ae6f649b,0,0,0,0,0,0,1,11,5,3,4,3,10,2,0,3,5,8,8,0.0,0.0,3.0,0.0,2.0,7.0,0.0,1.0,1,1,0.9726027397260274,1,0,0.4246575342465754,1,0.34246575342465757,0,0.0,0,0,0,0.0,0.0,0.0,0.0,0.0,0.0,0.0,0.0,0.0,1.0,0.0,0.0,0.7,0.0,0.0
A000000208491,이지듀 EGF 글루타치온 기미잡티 크림,중성,3b3bb7524d39020e7c615db9ae6f649b,0,0,0,0,1,0,0,11,5,3,4,3,10,2,0,3,5,8,8,0.0,0.0,3.0,0.0,2.0,7.0,0.0,1.0,1,1,0.9726027397260274,1,0,0.4246575342465754,1,0.34246575342465757,0,0.0,0,0,0,0.0,0.0,0.0,0.0,0.0,0.0,0.0,0.0,0.0,0.0,0.0,0.0,0.0,0.0,0.0
A000000209747,제로이드 수딩 크림,건성,9487e028a95e10580769138fcdc6bea8,1,0,0,0,0,0,0,6,3,1,1,0,1,0,0,1,0,0,1,0.0,0.0,1.0,0.0,1.0,1.0,0.0,0.0,0,0,0.0,0,0,0.0,0,0.0,0,0.0,0,1,0,0.6417545631434803,0.3333333333333333,0.0,0.0,0.0,0.0,0.0,0.0,0.0,0.0,0.0,0.0,0.8550878964768136,0.0,0.0
A000000209747,제로이드 수딩 크림,약건성,9487e028a95e10580769138fcdc6bea8,0,0,0,1,0,0,0,6,3,1,1,0,1,0,0,1,0,0,1,0.0,0.0,1.0,0.0,1.0,1.0,0.0,0.0,0,0,0.0,0,0,0.0,0,0.0,0,0.0,0,1,0,0.6417545631434803,0.3333333333333333,0.0,0.0,0.0,0.0,0.0,0.0,0.0,0.0,0.0,0.0,0.8550878964768136,0.0,0.0
A000000209747,제로이드 수딩 크림,지성,9487e028a95e10580769138fcdc6bea8,0,0,0,0,0,1,0,6,3,1,1,0,1,0,0,1,0,0,1,0.0,0.0,1.0,0.0,1.0,1.0,0.0,0.0,0,0,0.0,0,0,0.0,0,0.0,0,0.0,0,1,0,0.0,0.0,0.0,0.0,0.0,0.0,0.0,0.1967346701436833,0.13115644676245553,0.0,0.0,0.0,0.0,0.0,0.0
A000000209747,제로이드 수딩 크림,복합성,9487e028a95e10580769138fcdc6bea8,0,0,1,0,0,0,0,6,3,1,1,0,1,0,0,1,0,0,1,0.0,0.0,1.0,0.0,1.0,1.0,0.0,0.0,0,0,0.0,0,0,0.0,0,0.0,0,0.0,0,1,0,0.0,0.0,0.0,0.0,0.0,0.0,0.0,0.0,0.0,0.0,0.0,0.0,0.0,0.0,0.0
A000000209747,제로이드 수딩 크림,민감성,9487e028a95e10580769138fcdc6bea8,0,1,0,0,0,0,0,6,3,1,1,0,1,0,0,1,0,0,1,0.0,0.0,1.0,0.0,1.0,1.0,0.0,0.0,0,0,0.0,0,0,0.0,0,0.0,0,0.0,0,1,0,0.0,0.0,0.0,0.0,0.0,0.0,0.0,0.0,0.0,0.0,0.0,0.0,0.0,0.0,0.0
A000000209747,제로이드 수딩 크림,트러블성,9487e028a95e10580769138fcdc6bea8,0,0,0,0,0,0,1,6,3,1,1,0,1,0,0,1,0,0,1,0.0,0.0,1.0,0.0,1.0,1.0,0.0,0.0,0,0,0.0,0,0,0.0,0,0.0,0,0.0,0,1,0,0.0,0.0,0.0,0.0,0.0,0.0,0.0,0.0,0.0,0.0,0.0,0.0,0.0,0.0,0.0
A000000209747,제로이드 수딩 크림,중성,9487e028a95e10580769138fcdc6bea8,0,0,0,0,1,0,0,6,3,1,1,0,1,0,0,1,0,0,1,0.0,0.0,1.0,0.0,1.0,1.0,0.0,0.0,0,0,0.0,0,0,0.0,0,0.0,0,0.0,0,1,0,0.0,0.0,0.0,0.0,0.0,0.0,0.0,0.0,0.0,0.0,0.0,0.0,0.0,0.0,0.0
A000000209906,제로이드 더마뉴얼 리페어 크림,건성,01b57dbe6cb5c5787ed48b930429d88f,1,0,0,0,0,0,0,6,3,3,2,2,1,0,0,3,0,0,0,0.0,2.0,1.0,0.0,1.0,0.0,0.0,0.0,1,1,0.6086956521739131,1,1,0.782608695652174,0,0.0,0,0.0,0,1,0,0.8050967745903763,0.3333333333333333,0.0,0.0,0.0,0.0,0.0,0.0,0.0,0.0,0.0,0.0,1.0184301079237097,0.0,0.0
A000000209906,제로이드 더마뉴얼 리페어 크림,약건성,01b57dbe6cb5c5787ed48b930429d88f,0,0,0,1,0,0,0,6,3,3,2,2,1,0,0,3,0,0,0,0.0,2.0,1.0,0.0,1.0,0.0,0.0,0.0,1,1,0.6086956521739131,1,1,0.782608695652174,0,0.0,0,0.0,0,1,0,0.8050967745903763,0.3333333333333333,0.0,0.0,0.0,0.0,0.0,0.0,0.0,0.0,0.0,0.0,1.0184301079237097,0.0,0.0
A000000209906,제로이드 더마뉴얼 리페어 크림,지성,01b57dbe6cb5c5787ed48b930429d88f,0,0,0,0,0,1,0,6,3,3,2,2,1,0,0,3,0,0,0,0.0,2.0,1.0,0.0,1.0,0.0,0.0,0.0,1,1,0.6086956521739131,1,1,0.782608695652174,0,0.0,0,0.0,0,1,0,0.0,0.0,0.0,0.0,0.0,0.0,0.6086956521739131,0.09836733507184164,0.419378019016918,0.0,0.0,0.0,0.4869565217391305,0.0,0.0
A000000209906,제로이드 더마뉴얼 리페어 크림,복합성,01b57dbe6cb5c5787ed48b930429d88f,0,0,1,0,0,0,0,6,3,3,2,2,1,0,0,3,0,0,0,0.0,2.0,1.0,0.0,1.0,0.0,0.0,0.0,1,1,0.6086956521739131,1,1,0.782608695652174,0,0.0,0,0.0,0,1,0,0.0,0.0,0.0,0.0,0.0,0.0,0.0,0.0,0.0,0.0,0.0,0.0,0.0,0.0,0.0
A000000209906,제로이드 더마뉴얼 리페어 크림,민감성,01b57dbe6cb5c5787ed48b930429d88f,0,1,0,0,0,0,0,6,3,3,2,2,1,0,0,3,0,0,0,0.0,2.0,1.0,0.0,1.0,0.0,0.0,0.0,1,1,0.6086956521739131,1,1,0.782608695652174,0,0.0,0,0.0,0,1,0,0.0,0.0,0.736546115786664,0.0,0.0,0.0,0.0,0.0,0.0,0.0,0.0,0.0,0.35354213557759867,0.0,0.0
A000000209906,제로이드 더마뉴얼 리페어 크림,트러블성,01b57dbe6cb5c5787ed48b930429d88f,0,0,0,0,0,0,1,6,3,3,2,2,1,0,0,3,0,0,0,0.0,2.0,1.0,0.0,1.0,0.0,0.0,0.0,1,1,0.6086956521739131,1,1,0.782608695652174,0,0.0,0,0.0,0,1,0,0.0,0.0,0.0,0.0,0.0,0.0,0.0,0.0,0.0,0.0,0.0,0.0,0.0,0.0,0.0
A000000209906,제로이드 더마뉴얼 리페어 크림,중성,01b57dbe6cb5c5787ed48b930429d88f,0,0,0,0,1,0,0,6,3,3,2,2,1,0,0,3,0,0,0,0.0,2.0,1.0,0.0,1.0,0.0,0.0,0.0,1,1,0.6086956521739131,1,1,0.782608695652174,0,0.0,0,0.0,0,1,0,0.0,0.0,0.0,0.0,0.0,0.0,0.0,0.0,0.0,0.0,0.0,0.0,0.0,0.0,0.0
A000000210054,아누아 복숭아 나이아신아마이드 인리치드 크림,건성,ba0798df0eb39288de4ab235d6c32944,1,0,0,0,0,0,0,8,2,4,2,1,3,1,0,3,0,3,0,0.0,0.0,3.0,1.0,0.0,0.0,0.0,0.0,1,1,0.9210526315789473,1,1,0.7894736842105263,1,0.1578947368421053,0,0.0,0,0,0,0.7982224131350213,0.3333333333333333,0.0,0.0,0.0,0.0,0.0,0.0,0.0,0.0,0.0,0.0,1.0115557464683547,0.0,0.0
A000000210054,아누아 복숭아 나이아신아마이드 인리치드 크림,약건성,ba0798df0eb39288de4ab235d6c32944,0,0,0,1,0,0,0,8,2,4,2,1,3,1,0,3,0,3,0,0.0,0.0,3.0,1.0,0.0,0.0,0.0,0.0,1,1,0.9210526315789473,1,1,0.7894736842105263,1,0.1578947368421053,0,0.0,0,0,0,0.7982224131350213,0.3333333333333333,0.0,0.0,0.0,0.0,0.0,0.0,0.0,0.0,0.0,0.0,1.0115557464683547,0.0,0.0
A000000210054,아누아 복숭아 나이아신아마이드 인리치드 크림,지성,ba0798df0eb39288de4ab235d6c32944,0,0,0,0,0,1,0,8,2,4,2,1,3,1,0,3,0,3,0,0.0,0.0,3.0,1.0,0.0,0.0,0.0,0.0,1,1,0.9210526315789473,1,1,0.7894736842105263,1,0.1578947368421053,0,0.0,0,0,0,0.0,0.0,0.0,0.0,0.0,0.0,0.9210526315789473,0.15803013970713942,0.2589566132838567,0.0,0.0,0.0,0.736842105263158,0.0,0.0
A000000210054,아누아 복숭아 나이아신아마이드 인리치드 크림,복합성,ba0798df0eb39288de4ab235d6c32944,0,0,1,0,0,0,0,8,2,4,2,1,3,1,0,3,0,3,0,0.0,0.0,3.0,1.0,0.0,0.0,0.0,0.0,1,1,0.9210526315789473,1,1,0.7894736842105263,1,0.1578947368421053,0,0.0,0,0,0,0.0,0.0,0.0,0.0,0.0,0.0,0.0,0.0,0.0,0.0,0.0,0.0,0.0,0.0,0.0
A000000210054,아누아 복숭아 나이아신아마이드 인리치드 크림,민감성,ba0798df0eb39288de4ab235d6c32944,0,1,0,0,0,0,0,8,2,4,2,1,3,1,0,3,0,3,0,0.0,0.0,3.0,1.0,0.0,0.0,0.0,0.0,1,1,0.9210526315789473,1,1,0.7894736842105263,1,0.1578947368421053,0,0.0,0,0,0,0.0,0.0,0.6288836021376135,0.6321205588285577,0.0,0.0,0.0,0.0,0.0,0.0,0.0,0.0,0.3018641290260545,0.5056964470628461,0.15265161754419632
A000000210054,아누아 복숭아 나이아신아마이드 인리치드 크림,트러블성,ba0798df0eb39288de4ab235d6c32944,0,0,0,0,0,0,1,8,2,4,2,1,3,1,0,3,0,3,0,0.0,0.0,3.0,1.0,0.0,0.0,0.0,0.0,1,1,0.9210526315789473,1,1,0.7894736842105263,1,0.1578947368421053,0,0.0,0,0,0,0.0,0.0,0.0,0.0,0.0,0.0,0.0,0.0,0.0,1.0,0.0,0.0,0.7,0.0,0.0
A000000210054,아누아 복숭아 나이아신아마이드 인리치드 크림,중성,ba0798df0eb39288de4ab235d6c32944,0,0,0,0,1,0,0,8,2,4,2,1,3,1,0,3,0,3,0,0.0,0.0,3.0,1.0,0.0,0.0,0.0,0.0,1,1,0.9210526315789473,1,1,0.7894736842105263,1,0.1578947368421053,0,0.0,0,0,0,0.0,0.0,0.0,0.0,0.0,0.0,0.0,0.0,0.0,0.0,0.0,0.0,0.0,0.0,0.0
A000000210600,넘버즈인 5번 글루타치온씨 흔적 토닝 레이저 크림,건성,ff35a2dd7cca8577b5dcc3ab42efaa51,1,0,0,0,0,0,0,10,0,2,6,5,16,0,0,2,8,6,3,0.0,1.0,1.0,0.0,0.0,3.0,0.0,0.0,1,1,0.9565217391304348,1,0,0.6956521739130435,1,0.02898550724637683,0,0.0,1,1,0,0.0,1.0,0.0,0.0,0.0,0.0,0.0,0.0,0.0,0.0,0.0,0.0,0.64,0.0,0.0
A000000210600,넘버즈인 5번 글루타치온씨 흔적 토닝 레이저 크림,약건성,ff35a2dd7cca8577b5dcc3ab42efaa51,0,0,0,1,0,0,0,10,0,2,6,5,16,0,0,2,8,6,3,0.0,1.0,1.0,0.0,0.0,3.0,0.0,0.0,1,1,0.9565217391304348,1,0,0.6956521739130435,1,0.02898550724637683,0,0.0,1,1,0,0.0,1.0,0.0,0.0,0.0,0.0,0.0,0.0,0.0,0.0,0.0,0.0,0.64,0.0,0.0
A000000210600,넘버즈인 5번 글루타치온씨 흔적 토닝 레이저 크림,지성,ff35a2dd7cca8577b5dcc3ab42efaa51,0,0,0,0,0,1,0,10,0,2,6,5,16,0,0,2,8,6,3,0.0,1.0,1.0,0.0,0.0,3.0,0.0,0.0,1,1,0.9565217391304348,1,0,0.6956521739130435,1,0.02898550724637683,0,0.0,1,1,0,0.0,0.0,0.0,0.0,0.0,0.0,0.9565217391304348,0.19421745996289255,0.3418632997053081,0.0,0.0,0.0,0.7652173913043478,0.0,0.0
A000000210600,넘버즈인 5번 글루타치온씨 흔적 토닝 레이저 크림,복합성,ff35a2dd7cca8577b5dcc3ab42efaa51,0,0,1,0,0,0,0,10,0,2,6,5,16,0,0,2,8,6,3,0.0,1.0,1.0,0.0,0.0,3.0,0.0,0.0,1,1,0.9565217391304348,1,0,0.6956521739130435,1,0.02898550724637683,0,0.0,1,1,0,0.0,0.0,0.0,0.0,0.0,0.0,0.0,0.0,0.0,0.0,0.0,0.0,0.0,0.0,0.0
A000000210600,넘버즈인 5번 글루타치온씨 흔적 토닝 레이저 크림,민감성,ff35a2dd7cca8577b5dcc3ab42efaa51,0,1,0,0,0,0,0,10,0,2,6,5,16,0,0,2,8,6,3,0.0,1.0,1.0,0.0,0.0,3.0,0.0,0.0,1,1,0.9565217391304348,1,0,0.6956521739130435,1,0.02898550724637683,0,0.0,1,1,0,0.0,0.0,0.9554496404959314,0.0,0.0,0.0,0.0,0.0,0.0,0.0,0.0,0.0,0.4586158274380471,0.0,0.0
A000000210600,넘버즈인 5번 글루타치온씨 흔적 토닝 레이저 크림,트러블성,ff35a2dd7cca8577b5dcc3ab42efaa51,0,0,0,0,0,0,1,10,0,2,6,5,16,0,0,2,8,6,3,0.0,1.0,1.0,0.0,0.0,3.0,0.0,0.0,1,1,0.9565217391304348,1,0,0.6956521739130435,1,0.02898550724637683,0,0.0,1,1,0,0.0,0.0,0.0,0.0,0.0,0.0,0.0,0.0,0.0,1.0,0.0,0.0,0.7,0.0,0.0
A000000210600,넘버즈인 5번 글루타치온씨 흔적 토닝 레이저 크림,중성,ff35a2dd7cca8577b5dcc3ab42efaa51,0,0,0,0,1,0,0,10,0,2,6,5,16,0,0,2,8,6,3,0.0,1.0,1.0,0.0,0.0,3.0,0.0,0.0,1,1,0.9565217391304348,1,0,0.6956521739130435,1,0.02898550724637683,0,0.0,1,1,0,0.0,0.0,0.0,0.0,0.0,0.0,0.0,0.0,0.0,0.0,0.0,0.0,0.0,0.0,0.0
A000000211085,오드로이 모공수축크림 로프디 모공타이트닝,건성,1720ea53071c70e720fa0258c37e414c,1,0,0,0,0,0,0,6,2,1,1,3,2,1,0,0,0,4,2,1.0,0.0,0.0,0.0,0.0,2.0,0.0,0.0,0,0,0.0,0,0,0.0,0,0.0,0,0.0,0,0,0,0.5991278621635413,0.0,0.0,0.0,0.0,0.0,0.0,0.0,0.0,0.0,0.0,0.0,0.5991278621635413,0.0,0.0
A000000211085,오드로이 모공수축크림 로프디 모공타이트닝,약건성,1720ea53071c70e720fa0258c37e414c,0,0,0,1,0,0,0,6,2,1,1,3,2,1,0,0,0,4,2,1.0,0.0,0.0,0.0,0.0,2.0,0.0,0.0,0,0,0.0,0,0,0.0,0,0.0,0,0.0,0,0,0,0.5991278621635413,0.0,0.0,0.0,0.0,0.0,0.0,0.0,0.0,0.0,0.0,0.0,0.5991278621635413,0.0,0.0
A000000211085,오드로이 모공수축크림 로프디 모공타이트닝,지성,1720ea53071c70e720fa0258c37e414c,0,0,0,0,0,1,0,6,2,1,1,3,2,1,0,0,0,4,2,1.0,0.0,0.0,0.0,0.0,2.0,0.0,0.0,0,0,0.0,0,0,0.0,0,0.0,0,0.0,0,0,0,0.0,0.0,0.0,0.0,0.0,0.0,0.0,0.15803013970713942,0.13115644676245553,0.0,0.0,0.0,0.0,0.0,0.0
A000000211085,오드로이 모공수축크림 로프디 모공타이트닝,복합성,1720ea53071c70e720fa0258c37e414c,0,0,1,0,0,0,0,6,2,1,1,3,2,1,0,0,0,4,2,1.0,0.0,0.0,0.0,0.0,2.0,0.0,0.0,0,0,0.0,0,0,0.0,0,0.0,0,0.0,0,0,0,0.0,0.0,0.0,0.0,0.0,0.0,0.0,0.0,0.0,0.0,0.0,0.0,0.0,0.0,0.0
A000000211085,오드로이 모공수축크림 로프디 모공타이트닝,민감성,1720ea53071c70e720fa0258c37e414c,0,1,0,0,0,0,0,6,2,1,1,3,2,1,0,0,0,4,2,1.0,0.0,0.0,0.0,0.0,2.0,0.0,0.0,0,0,0.0,0,0,0.0,0,0.0,0,0.0,0,0,0,0.0,0.0,0.0,0.6321205588285577,0.0,0.0,0.0,0.0,0.0,0.0,0.0,0.0,0.0,0.5056964470628461,0.0
A000000211085,오드로이 모공수축크림 로프디 모공타이트닝,트러블성,1720ea53071c70e720fa0258c37e414c,0,0,0,0,0,0,1,6,2,1,1,3,2,1,0,0,0,4,2,1.0,0.0,0.0,0.0,0.0,2.0,0.0,0.0,0,0,0.0,0,0,0.0,0,0.0,0,0.0,0,0,0,0.0,0.0,0.0,0.0,0.0,0.0,0.0,0.0,0.0,0.0,0.0,0.0,0.0,0.0,0.0
A000000211085,오드로이 모공수축크림 로프디 모공타이트닝,중성,1720ea53071c70e720fa0258c37e414c,0,0,0,0,1,0,0,6,2,1,1,3,2,1,0,0,0,4,2,1.0,0.0,0.0,0.0,0.0,2.0,0.0,0.0,0,0,0.0,0,0,0.0,0,0.0,0,0.0,0,0,0,0.0,0.0,0.0,0.0,0.0,0.0,0.0,0.0,0.0,0.0,0.0,0.0,0.0,0.0,0.0
A000000211188,피지오겔 시카밸런스 포맨 카밍 크림,건성,0a3eeb352f0bcac4c33accefec22a906,1,0,0,0,0,0,0,7,8,1,4,7,2,0,0,0,0,0,2,1.0,0.0,0.0,0.0,2.0,2.0,0.0,0.0,1,1,0.8611111111111112,1,1,0.7777777777777778,1,0.05555555555555558,0,0.0,0,0,0,0.7039276112545099,0.3333333333333333,0.0,0.0,0.0,0.0,0.0,0.0,0.0,0.0,0.0,0.0,0.9172609445878432,0.0,0.0
A000000211188,피지오겔 시카밸런스 포맨 카밍 크림,약건성,0a3eeb352f0bcac4c33accefec22a906,0,0,0,1,0,0,0,7,8,1,4,7,2,0,0,0,0,0,2,1.0,0.0,0.0,0.0,2.0,2.0,0.0,0.0,1,1,0.8611111111111112,1,1,0.7777777777777778,1,0.05555555555555558,0,0.0,0,0,0,0.7039276112545099,0.3333333333333333,0.0,0.0,0.0,0.0,0.0,0.0,0.0,0.0,0.0,0.0,0.9172609445878432,0.0,0.0
A000000211188,피지오겔 시카밸런스 포맨 카밍 크림,지성,0a3eeb352f0bcac4c33accefec22a906,0,0,0,0,0,1,0,7,8,1,4,7,2,0,0,0,0,0,2,1.0,0.0,0.0,0.0,2.0,2.0,0.0,0.0,1,1,0.8611111111111112,1,1,0.7777777777777778,1,0.05555555555555558,0,0.0,0,0,0,0.0,0.0,0.0,0.0,0.0,0.0,0.8611111111111112,0.31606027941427883,0.13115644676245553,0.0,0.0,0.0,0.688888888888889,0.0,0.0
A000000211188,피지오겔 시카밸런스 포맨 카밍 크림,복합성,0a3eeb352f0bcac4c33accefec22a906,0,0,1,0,0,0,0,7,8,1,4,7,2,0,0,0,0,0,2,1.0,0.0,0.0,0.0,2.0,2.0,0.0,0.0,1,1,0.8611111111111112,1,1,0.7777777777777778,1,0.05555555555555558,0,0.0,0,0,0,0.0,0.0,0.0,0.0,0.0,0.0,0.0,0.0,0.0,0.0,0.0,0.0,0.0,0.0,0.0
A000000211188,피지오겔 시카밸런스 포맨 카밍 크림,민감성,0a3eeb352f0bcac4c33accefec22a906,0,1,0,0,0,0,0,7,8,1,4,7,2,0,0,0,0,0,2,1.0,0.0,0.0,0.0,2.0,2.0,0.0,0.0,1,1,0.8611111111111112,1,1,0.7777777777777778,1,0.05555555555555558,0,0.0,0,0,0,0.0,0.0,0.9429971128281471,0.0,0.0,0.0,0.0,0.0,0.0,0.0,0.0,0.0,0.4526386141575106,0.0,0.0
A000000211188,피지오겔 시카밸런스 포맨 카밍 크림,트러블성,0a3eeb352f0bcac4c33accefec22a906,0,0,0,0,0,0,1,7,8,1,4,7,2,0,0,0,0,0,2,1.0,0.0,0.0,0.0,2.0,2.0,0.0,0.0,1,1,0.8611111111111112,1,1,0.7777777777777778,1,0.05555555555555558,0,0.0,0,0,0,0.0,0.0,0.0,0.0,0.0,0.0,0.0,0.0,0.0,1.0,0.0,0.0,0.7,0.0,0.0
A000000211188,피지오겔 시카밸런스 포맨 카밍 크림,중성,0a3eeb352f0bcac4c33accefec22a906,0,0,0,0,1,0,0,7,8,1,4,7,2,0,0,0,0,0,2,1.0,0.0,0.0,0.0,2.0,2.0,0.0,0.0,1,1,0.8611111111111112,1,1,0.7777777777777778,1,0.05555555555555558,0,0.0,0,0,0,0.0,0.0,0.0,0.0,0.0,0.0,0.0,0.0,0.0,0.0,0.0,0.0,0.0,0.0,0.0
A000000211478,아비브 부활초 크림 뉴트리션,건성,dd5feebbabfdcb541c26f3ebb90d7a85,1,0,0,0,0,0,0,6,8,4,3,2,2,0,0,1,0,3,2,0.0,0.0,1.0,0.0,3.0,1.0,3.0,0.0,0,0,0.0,1,0,0.6153846153846154,0,0.0,0,0.0,0,1,0,0.9020330481400168,0.3333333333333333,0.0,0.0,0.0,0.0,0.0,0.0,0.0,0.0,0.0,0.0,1.11536638147335,0.0,0.0
A000000211478,아비브 부활초 크림 뉴트리션,약건성,dd5feebbabfdcb541c26f3ebb90d7a85,0,0,0,1,0,0,0,6,8,4,3,2,2,0,0,1,0,3,2,0.0,0.0,1.0,0.0,3.0,1.0,3.0,0.0,0,0,0.0,1,0,0.6153846153846154,0,0.0,0,0.0,0,1,0,0.9020330481400168,0.3333333333333333,0.0,0.0,0.0,0.0,0.0,0.0,0.0,0.0,0.0,0.0,1.11536638147335,0.0,0.0
A000000211478,아비브 부활초 크림 뉴트리션,지성,dd5feebbabfdcb541c26f3ebb90d7a85,0,0,0,0,0,1,0,6,8,4,3,2,2,0,0,1,0,3,2,0.0,0.0,1.0,0.0,3.0,1.0,3.0,0.0,0,0,0.0,1,0,0.6153846153846154,0,0.0,0,0.0,0,1,0,0.0,0.0,0.0,0.0,0.0,0.0,0.0,0.5301380279427682,0.13115644676245553,0.0,0.0,0.0,0.0,0.0,0.0
A000000211478,아비브 부활초 크림 뉴트리션,복합성,dd5feebbabfdcb541c26f3ebb90d7a85,0,0,1,0,0,0,0,6,8,4,3,2,2,0,0,1,0,3,2,0.0,0.0,1.0,0.0,3.0,1.0,3.0,0.0,0,0,0.0,1,0,0.6153846153846154,0,0.0,0,0.0,0,1,0,0.0,0.0,0.0,0.0,0.0,0.0,0.0,0.0,0.0,0.0,0.0,0.0,0.0,0.0,0.0
A000000211478,아비브 부활초 크림 뉴트리션,민감성,dd5feebbabfdcb541c26f3ebb90d7a85,0,1,0,0,0,0,0,6,8,4,3,2,2,0,0,1,0,3,2,0.0,0.0,1.0,0.0,3.0,1.0,3.0,0.0,0,0,0.0,1,0,0.6153846153846154,0,0.0,0,0.0,0,1,0,0.0,0.0,0.7889498396298451,0.0,0.0,0.0,0.0,0.0,0.0,0.0,0.0,0.0,0.37869592302232563,0.0,0.0
A000000211478,아비브 부활초 크림 뉴트리션,트러블성,dd5feebbabfdcb541c26f3ebb90d7a85,0,0,0,0,0,0,1,6,8,4,3,2,2,0,0,1,0,3,2,0.0,0.0,1.0,0.0,3.0,1.0,3.0,0.0,0,0,0.0,1,0,0.6153846153846154,0,0.0,0,0.0,0,1,0,0.0,0.0,0.0,0.0,0.0,0.0,0.0,0.0,0.0,0.0,0.0,0.0,0.0,0.0,0.0
A000000211478,아비브 부활초 크림 뉴트리션,중성,dd5feebbabfdcb541c26f3ebb90d7a85,0,0,0,0,1,0,0,6,8,4,3,2,2,0,0,1,0,3,2,0.0,0.0,1.0,0.0,3.0,1.0,3.0,0.0,0,0,0.0,1,0,0.6153846153846154,0,0.0,0,0.0,0,1,0,0.0,0.0,0.0,0.0,0.0,0.0,0.0,0.0,0.0,0.0,0.0,0.0,0.0,0.0,0.0
A000000212010,LBB 골드렐라 펩타이드 28 안티 멜라닌 마스크 크림,건성,9df5462a8bedb88e0d151fd3dc0c4857,1,0,0,0,0,0,0,5,5,3,1,0,8,0,0,1,5,1,5,1.0,0.0,1.0,0.0,1.0,1.0,2.0,3.0,1,1,0.8571428571428572,0,0,0.0,0,0.0,0,0.0,0,0,0,0.8331938668000801,0.0,0.0,0.0,0.0,0.0,0.0,0.0,0.0,0.0,0.0,0.0,0.8331938668000801,0.0,0.0
A000000212010,LBB 골드렐라 펩타이드 28 안티 멜라닌 마스크 크림,약건성,9df5462a8bedb88e0d151fd3dc0c4857,0,0,0,1,0,0,0,5,5,3,1,0,8,0,0,1,5,1,5,1.0,0.0,1.0,0.0,1.0,1.0,2.0,3.0,1,1,0.8571428571428572,0,0,0.0,0,0.0,0,0.0,0,0,0,0.8331938668000801,0.0,0.0,0.0,0.0,0.0,0.0,0.0,0.0,0.0,0.0,0.0,0.8331938668000801,0.0,0.0
A000000212010,LBB 골드렐라 펩타이드 28 안티 멜라닌 마스크 크림,지성,9df5462a8bedb88e0d151fd3dc0c4857,0,0,0,0,0,1,0,5,5,3,1,0,8,0,0,1,5,1,5,1.0,0.0,1.0,0.0,1.0,1.0,2.0,3.0,1,1,0.8571428571428572,0,0,0.0,0,0.0,0,0.0,0,0,0,0.0,0.0,0.0,0.0,0.0,0.0,0.8571428571428572,0.41290084933453014,0.26231289352491105,0.0,0.0,0.0,0.6857142857142858,0.0,0.0
A000000212010,LBB 골드렐라 펩타이드 28 안티 멜라닌 마스크 크림,복합성,9df5462a8bedb88e0d151fd3dc0c4857,0,0,1,0,0,0,0,5,5,3,1,0,8,0,0,1,5,1,5,1.0,0.0,1.0,0.0,1.0,1.0,2.0,3.0,1,1,0.8571428571428572,0,0,0.0,0,0.0,0,0.0,0,0,0,0.0,0.0,0.0,0.0,0.0,0.0,0.0,0.0,0.0,0.0,0.0,0.0,0.0,0.0,0.0
A000000212010,LBB 골드렐라 펩타이드 28 안티 멜라닌 마스크 크림,민감성,9df5462a8bedb88e0d151fd3dc0c4857,0,1,0,0,0,0,0,5,5,3,1,0,8,0,0,1,5,1,5,1.0,0.0,1.0,0.0,1.0,1.0,2.0,3.0,1,1,0.8571428571428572,0,0,0.0,0,0.0,0,0.0,0,0,0,0.0,0.0,0.0,0.0,0.0,0.950212931632136,0.0,0.0,0.0,0.0,0.0,0.0,0.0,0.2736613243100552,0.0
A000000212010,LBB 골드렐라 펩타이드 28 안티 멜라닌 마스크 크림,트러블성,9df5462a8bedb88e0d151fd3dc0c4857,0,0,0,0,0,0,1,5,5,3,1,0,8,0,0,1,5,1,5,1.0,0.0,1.0,0.0,1.0,1.0,2.0,3.0,1,1,0.8571428571428572,0,0,0.0,0,0.0,0,0.0,0,0,0,0.0,0.0,0.0,0.0,0.0,0.0,0.0,0.0,0.0,0.0,0.0,0.0,0.0,0.0,0.0
A000000212010,LBB 골드렐라 펩타이드 28 안티 멜라닌 마스크 크림,중성,9df5462a8bedb88e0d151fd3dc0c4857,0,0,0,0,1,0,0,5,5,3,1,0,8,0,0,1,5,1,5,1.0,0.0,1.0,0.0,1.0,1.0,2.0,3.0,1,1,0.8571428571428572,0,0,0.0,0,0.0,0,0.0,0,0,0,0.0,0.0,0.0,0.0,0.0,0.0,0.0,0.0,0.0,0.0,0.0,0.0,0.0,0.0,0.0
A000000212016,에센허브 티트리 수딩 인 카밍 크림,건성,338d6a2d7b1e5670f37b9f04c105cca9,1,0,0,0,0,0,0,6,3,5,4,6,1,2,0,4,0,7,3,1.0,1.0,3.0,1.0,0.0,0.0,0.0,3.0,0,0,0.0,1,0,0.5238095238095238,1,0.11904761904761907,0,0.0,0,0,0,0.8511370364113383,0.3333333333333333,0.0,0.0,0.0,0.0,0.0,0.0,0.0,0.0,0.0,0.0,1.0644703697446716,0.0,0.0
A000000212016,에센허브 티트리 수딩 인 카밍 크림,약건성,338d6a2d7b1e5670f37b9f04c105cca9,0,0,0,1,0,0,0,6,3,5,4,6,1,2,0,4,0,7,3,1.0,1.0,3.0,1.0,0.0,0.0,0.0,3.0,0,0,0.0,1,0,0.5238095238095238,1,0.11904761904761907,0,0.0,0,0,0,0.8511370364113383,0.3333333333333333,0.0,0.0,0.0,0.0,0.0,0.0,0.0,0.0,0.0,0.0,1.0644703697446716,0.0,0.0
A000000212016,에센허브 티트리 수딩 인 카밍 크림,지성,338d6a2d7b1e5670f37b9f04c105cca9,0,0,0,0,0,1,0,6,3,5,4,6,1,2,0,4,0,7,3,1.0,1.0,3.0,1.0,0.0,0.0,0.0,3.0,0,0,0.0,1,0,0.5238095238095238,1,0.11904761904761907,0,0.0,0,0,0,0.0,0.0,0.0,0.0,0.0,0.0,0.0,0.15803013970713942,0.6008199129891648,0.0,0.0,0.0,0.0,0.0,0.0
A000000212016,에센허브 티트리 수딩 인 카밍 크림,복합성,338d6a2d7b1e5670f37b9f04c105cca9,0,0,1,0,0,0,0,6,3,5,4,6,1,2,0,4,0,7,3,1.0,1.0,3.0,1.0,0.0,0.0,0.0,3.0,0,0,0.0,1,0,0.5238095238095238,1,0.11904761904761907,0,0.0,0,0,0,0.0,0.0,0.0,0.0,0.0,0.0,0.0,0.0,0.0,0.0,0.0,0.0,0.0,0.0,0.0
A000000212016,에센허브 티트리 수딩 인 카밍 크림,민감성,338d6a2d7b1e5670f37b9f04c105cca9,0,1,0,0,0,0,0,6,3,5,4,6,1,2,0,4,0,7,3,1.0,1.0,3.0,1.0,0.0,0.0,0.0,3.0,0,0,0.0,1,0,0.5238095238095238,1,0.11904761904761907,0,0.0,0,0,0,0.0,0.0,0.9366044669328256,0.8646647167633873,0.0,0.950212931632136,0.0,0.0,0.0,0.0,0.0,0.0,0.44957014412775625,0.9653930977207651,0.4340119140822654
A000000212016,에센허브 티트리 수딩 인 카밍 크림,트러블성,338d6a2d7b1e5670f37b9f04c105cca9,0,0,0,0,0,0,1,6,3,5,4,6,1,2,0,4,0,7,3,1.0,1.0,3.0,1.0,0.0,0.0,0.0,3.0,0,0,0.0,1,0,0.5238095238095238,1,0.11904761904761907,0,0.0,0,0,0,0.0,0.0,0.0,0.0,0.0,0.0,0.0,0.0,0.0,0.0,0.0,0.0,0.0,0.0,0.0
A000000212016,에센허브 티트리 수딩 인 카밍 크림,중성,338d6a2d7b1e5670f37b9f04c105cca9,0,0,0,0,1,0,0,6,3,5,4,6,1,2,0,4,0,7,3,1.0,1.0,3.0,1.0,0.0,0.0,0.0,3.0,0,0,0.0,1,0,0.5238095238095238,1,0.11904761904761907,0,0.0,0,0,0,0.0,0.0,0.0,0.0,0.0,0.0,0.0,0.0,0.0,0.0,0.0,0.0,0.0,0.0,0.0
A000000212570,바이오더마 시카비오 크림,건성,ae18032c1a7c50f1726c48979f2eadbe,1,0,0,0,0,0,0,8,2,1,1,0,2,0,0,0,1,0,4,0.0,0.0,0.0,0.0,0.0,4.0,0.0,0.0,0,0,0.0,0,0,0.0,0,0.0,0,0.0,0,0,0,0.6139669184310501,0.0,0.0,0.0,0.0,0.0,0.0,0.0,0.0,0.0,0.0,0.0,0.6139669184310501,0.0,0.0
A000000212570,바이오더마 시카비오 크림,약건성,ae18032c1a7c50f1726c48979f2eadbe,0,0,0,1,0,0,0,8,2,1,1,0,2,0,0,0,1,0,4,0.0,0.0,0.0,0.0,0.0,4.0,0.0,0.0,0,0,0.0,0,0,0.0,0,0.0,0,0.0,0,0,0,0.6139669184310501,0.0,0.0,0.0,0.0,0.0,0.0,0.0,0.0,0.0,0.0,0.0,0.6139669184310501,0.0,0.0
A000000212570,바이오더마 시카비오 크림,지성,ae18032c1a7c50f1726c48979f2eadbe,0,0,0,0,0,1,0,8,2,1,1,0,2,0,0,0,1,0,4,0.0,0.0,0.0,0.0,0.0,4.0,0.0,0.0,0,0,0.0,0,0,0.0,0,0.0,0,0.0,0,0,0,0.0,0.0,0.0,0.0,0.0,0.0,0.0,0.21616617919084682,0.0,0.0,0.0,0.0,0.0,0.0,0.0
A000000212570,바이오더마 시카비오 크림,복합성,ae18032c1a7c50f1726c48979f2eadbe,0,0,1,0,0,0,0,8,2,1,1,0,2,0,0,0,1,0,4,0.0,0.0,0.0,0.0,0.0,4.0,0.0,0.0,0,0,0.0,0,0,0.0,0,0.0,0,0.0,0,0,0,0.0,0.0,0.0,0.0,0.0,0.0,0.0,0.0,0.0,0.0,0.0,0.0,0.0,0.0,0.0
A000000212570,바이오더마 시카비오 크림,민감성,ae18032c1a7c50f1726c48979f2eadbe,0,1,0,0,0,0,0,8,2,1,1,0,2,0,0,0,1,0,4,0.0,0.0,0.0,0.0,0.0,4.0,0.0,0.0,0,0,0.0,0,0,0.0,0,0.0,0,0.0,0,0,0,0.0,0.0,0.0,0.0,0.0,0.0,0.0,0.0,0.0,0.0,0.0,0.0,0.0,0.0,0.0
A000000212570,바이오더마 시카비오 크림,트러블성,ae18032c1a7c50f1726c48979f2eadbe,0,0,0,0,0,0,1,8,2,1,1,0,2,0,0,0,1,0,4,0.0,0.0,0.0,0.0,0.0,4.0,0.0,0.0,0,0,0.0,0,0,0.0,0,0.0,0,0.0,0,0,0,0.0,0.0,0.0,0.0,0.0,0.0,0.0,0.0,0.0,0.0,0.0,0.0,0.0,0.0,0.0
A000000212570,바이오더마 시카비오 크림,중성,ae18032c1a7c50f1726c48979f2eadbe,0,0,0,0,1,0,0,8,2,1,1,0,2,0,0,0,1,0,4,0.0,0.0,0.0,0.0,0.0,4.0,0.0,0.0,0,0,0.0,0,0,0.0,0,0.0,0,0.0,0,0,0,0.0,0.0,0.0,0.0,0.0,0.0,0.0,0.0,0.0,0.0,0.0,0.0,0.0,0.0,0.0
A000000212690,브링그린 대나무 히알루 수분 부스팅 크림,건성,39a055151e3e268f318f521172f2e50b,1,0,0,0,0,0,0,12,3,2,3,2,0,0,0,1,0,2,0,1.0,1.0,0.0,0.0,1.0,0.0,0.0,0.0,0,0,0.0,0,0,0.0,1,0.09677419354838712,0,0.0,0,0,0,0.7841034228907844,0.3333333333333333,0.0,0.0,0.0,0.0,0.0,0.0,0.0,0.0,0.0,0.0,0.9974367562241178,0.0,0.0
A000000212690,브링그린 대나무 히알루 수분 부스팅 크림,약건성,39a055151e3e268f318f521172f2e50b,0,0,0,1,0,0,0,12,3,2,3,2,0,0,0,1,0,2,0,1.0,1.0,0.0,0.0,1.0,0.0,0.0,0.0,0,0,0.0,0,0,0.0,1,0.09677419354838712,0,0.0,0,0,0,0.7841034228907844,0.3333333333333333,0.0,0.0,0.0,0.0,0.0,0.0,0.0,0.0,0.0,0.0,0.9974367562241178,0.0,0.0
A000000212690,브링그린 대나무 히알루 수분 부스팅 크림,지성,39a055151e3e268f318f521172f2e50b,0,0,0,0,0,1,0,12,3,2,3,2,0,0,0,1,0,2,0,1.0,1.0,0.0,0.0,1.0,0.0,0.0,0.0,0,0,0.0,0,0,0.0,1,0.09677419354838712,0,0.0,0,0,0,0.0,0.0,0.0,0.0,0.0,0.0,0.0,0.09836733507184164,0.3418632997053081,0.0,0.0,0.0,0.0,0.0,0.0
A000000212690,브링그린 대나무 히알루 수분 부스팅 크림,복합성,39a055151e3e268f318f521172f2e50b,0,0,1,0,0,0,0,12,3,2,3,2,0,0,0,1,0,2,0,1.0,1.0,0.0,0.0,1.0,0.0,0.0,0.0,0,0,0.0,0,0,0.0,1,0.09677419354838712,0,0.0,0,0,0,0.0,0.0,0.0,0.0,0.0,0.0,0.0,0.0,0.0,0.0,0.0,0.0,0.0,0.0,0.0
A000000212690,브링그린 대나무 히알루 수분 부스팅 크림,민감성,39a055151e3e268f318f521172f2e50b,0,1,0,0,0,0,0,12,3,2,3,2,0,0,0,1,0,2,0,1.0,1.0,0.0,0.0,1.0,0.0,0.0,0.0,0,0,0.0,0,0,0.0,1,0.09677419354838712,0,0.0,0,0,0,0.0,0.0,0.0,0.0,0.0,0.0,0.0,0.0,0.0,0.0,0.0,0.0,0.0,0.0,0.0
A000000212690,브링그린 대나무 히알루 수분 부스팅 크림,트러블성,39a055151e3e268f318f521172f2e50b,0,0,0,0,0,0,1,12,3,2,3,2,0,0,0,1,0,2,0,1.0,1.0,0.0,0.0,1.0,0.0,0.0,0.0,0,0,0.0,0,0,0.0,1,0.09677419354838712,0,0.0,0,0,0,0.0,0.0,0.0,0.0,0.0,0.0,0.0,0.0,0.0,0.0,0.0,0.0,0.0,0.0,0.0
A000000212690,브링그린 대나무 히알루 수분 부스팅 크림,중성,39a055151e3e268f318f521172f2e50b,0,0,0,0,1,0,0,12,3,2,3,2,0,0,0,1,0,2,0,1.0,1.0,0.0,0.0,1.0,0.0,0.0,0.0,0,0,0.0,0,0,0.0,1,0.09677419354838712,0,0.0,0,0,0,0.0,0.0,0.0,0.0,0.0,0.0,0.0,0.0,0.0,0.0,0.0,0.0,0.0,0.0,0.0
A000000212724,듀이트리 AC 딥 흔적 진정 크림,건성,61635b2e6f2c3effab51feb880c424f9,1,0,0,0,0,0,0,17,3,1,3,7,5,0,0,0,0,19,4,1.0,0.0,0.0,0.0,0.0,2.0,1.0,1.0,1,1,0.9558823529411765,1,1,0.8676470588235294,1,0.2941176470588235,0,0.0,0,0,0,0.672849687589802,0.3333333333333333,0.0,0.0,0.0,0.0,0.0,0.0,0.0,0.0,0.0,0.0,0.8861830209231354,0.0,0.0
A000000212724,듀이트리 AC 딥 흔적 진정 크림,약건성,61635b2e6f2c3effab51feb880c424f9,0,0,0,1,0,0,0,17,3,1,3,7,5,0,0,0,0,19,4,1.0,0.0,0.0,0.0,0.0,2.0,1.0,1.0,1,1,0.9558823529411765,1,1,0.8676470588235294,1,0.2941176470588235,0,0.0,0,0,0,0.672849687589802,0.3333333333333333,0.0,0.0,0.0,0.0,0.0,0.0,0.0,0.0,0.0,0.0,0.8861830209231354,0.0,0.0
A000000212724,듀이트리 AC 딥 흔적 진정 크림,지성,61635b2e6f2c3effab51feb880c424f9,0,0,0,0,0,1,0,17,3,1,3,7,5,0,0,0,0,19,4,1.0,0.0,0.0,0.0,0.0,2.0,1.0,1.0,1,1,0.9558823529411765,1,1,0.8676470588235294,1,0.2941176470588235,0,0.0,0,0,0,0.0,0.0,0.0,0.0,0.0,0.0,0.9558823529411765,0.31606027941427883,0.13115644676245553,0.0,0.0,0.0,0.7647058823529412,0.0,0.0
A000000212724,듀이트리 AC 딥 흔적 진정 크림,복합성,61635b2e6f2c3effab51feb880c424f9,0,0,1,0,0,0,0,17,3,1,3,7,5,0,0,0,0,19,4,1.0,0.0,0.0,0.0,0.0,2.0,1.0,1.0,1,1,0.9558823529411765,1,1,0.8676470588235294,1,0.2941176470588235,0,0.0,0,0,0,0.0,0.0,0.0,0.0,0.0,0.0,0.0,0.0,0.0,0.0,0.0,0.0,0.0,0.0,0.0
A000000212724,듀이트리 AC 딥 흔적 진정 크림,민감성,61635b2e6f2c3effab51feb880c424f9,0,1,0,0,0,0,0,17,3,1,3,7,5,0,0,0,0,19,4,1.0,0.0,0.0,0.0,0.0,2.0,1.0,1.0,1,1,0.9558823529411765,1,1,0.8676470588235294,1,0.2941176470588235,0,0.0,0,0,0,0.0,0.0,0.9099353508104996,0.0,0.0,0.6321205588285577,0.0,0.0,0.0,0.0,0.0,0.0,0.4367689683890398,0.1820507209426246,0.0795141055805911
A000000212724,듀이트리 AC 딥 흔적 진정 크림,트러블성,61635b2e6f2c3effab51feb880c424f9,0,0,0,0,0,0,1,17,3,1,3,7,5,0,0,0,0,19,4,1.0,0.0,0.0,0.0,0.0,2.0,1.0,1.0,1,1,0.9558823529411765,1,1,0.8676470588235294,1,0.2941176470588235,0,0.0,0,0,0,0.0,0.0,0.0,0.0,0.0,0.0,0.0,0.0,0.0,1.0,0.0,0.0,0.7,0.0,0.0
A000000212724,듀이트리 AC 딥 흔적 진정 크림,중성,61635b2e6f2c3effab51feb880c424f9,0,0,0,0,1,0,0,17,3,1,3,7,5,0,0,0,0,19,4,1.0,0.0,0.0,0.0,0.0,2.0,1.0,1.0,1,1,0.9558823529411765,1,1,0.8676470588235294,1,0.2941176470588235,0,0.0,0,0,0,0.0,0.0,0.0,0.0,0.0,0.0,0.0,0.0,0.0,0.0,0.0,0.0,0.0,0.0,0.0
A000000213409,덱스판테놀17만ppm 장벽크림,건성,e7412acf957bf93a0ff31e8b934554d6,1,0,0,0,0,0,0,2,2,1,0,2,2,0,0,1,0,0,8,0.0,0.0,1.0,0.0,1.0,7.0,0.0,1.0,0,0,0.0,0,0,0.0,0,0.0,0,0.0,0,0,0,0.49463997626980366,0.0,0.0,0.0,0.0,0.0,0.0,0.0,0.0,0.0,0.0,0.0,0.49463997626980366,0.0,0.0
A000000213409,덱스판테놀17만ppm 장벽크림,약건성,e7412acf957bf93a0ff31e8b934554d6,0,0,0,1,0,0,0,2,2,1,0,2,2,0,0,1,0,0,8,0.0,0.0,1.0,0.0,1.0,7.0,0.0,1.0,0,0,0.0,0,0,0.0,0,0.0,0,0.0,0,0,0,0.49463997626980366,0.0,0.0,0.0,0.0,0.0,0.0,0.0,0.0,0.0,0.0,0.0,0.49463997626980366,0.0,0.0
A000000213409,덱스판테놀17만ppm 장벽크림,지성,e7412acf957bf93a0ff31e8b934554d6,0,0,0,0,0,1,0,2,2,1,0,2,2,0,0,1,0,0,8,0.0,0.0,1.0,0.0,1.0,7.0,0.0,1.0,0,0,0.0,0,0,0.0,0,0.0,0,0.0,0,0,0,0.0,0.0,0.0,0.0,0.0,0.0,0.0,0.34081798921626205,0.13115644676245553,0.0,0.0,0.0,0.0,0.0,0.0
A000000213409,덱스판테놀17만ppm 장벽크림,복합성,e7412acf957bf93a0ff31e8b934554d6,0,0,1,0,0,0,0,2,2,1,0,2,2,0,0,1,0,0,8,0.0,0.0,1.0,0.0,1.0,7.0,0.0,1.0,0,0,0.0,0,0,0.0,0,0.0,0,0.0,0,0,0,0.0,0.0,0.0,0.0,0.0,0.0,0.0,0.0,0.0,0.0,0.0,0.0,0.0,0.0,0.0
A000000213409,덱스판테놀17만ppm 장벽크림,민감성,e7412acf957bf93a0ff31e8b934554d6,0,1,0,0,0,0,0,2,2,1,0,2,2,0,0,1,0,0,8,0.0,0.0,1.0,0.0,1.0,7.0,0.0,1.0,0,0,0.0,0,0,0.0,0,0.0,0,0.0,0,0,0,0.0,0.0,0.0,0.0,0.0,0.6321205588285577,0.0,0.0,0.0,0.0,0.0,0.0,0.0,0.1820507209426246,0.0
A000000213409,덱스판테놀17만ppm 장벽크림,트러블성,e7412acf957bf93a0ff31e8b934554d6,0,0,0,0,0,0,1,2,2,1,0,2,2,0,0,1,0,0,8,0.0,0.0,1.0,0.0,1.0,7.0,0.0,1.0,0,0,0.0,0,0,0.0,0,0.0,0,0.0,0,0,0,0.0,0.0,0.0,0.0,0.0,0.0,0.0,0.0,0.0,0.0,0.0,0.0,0.0,0.0,0.0
A000000213409,덱스판테놀17만ppm 장벽크림,중성,e7412acf957bf93a0ff31e8b934554d6,0,0,0,0,1,0,0,2,2,1,0,2,2,0,0,1,0,0,8,0.0,0.0,1.0,0.0,1.0,7.0,0.0,1.0,0,0,0.0,0,0,0.0,0,0.0,0,0.0,0,0,0,0.0,0.0,0.0,0.0,0.0,0.0,0.0,0.0,0.0,0.0,0.0,0.0,0.0,0.0,0.0
A000000214168,키엘 울트라 훼이셜 크림,건성,7daa8595eb55c039ee85db7841d53fb7,1,0,0,0,0,0,0,1,4,2,3,0,2,0,1,1,0,2,7,0.0,0.0,1.0,0.0,2.0,7.0,0.0,0.0,0,0,0.0,0,0,0.0,0,0.0,1,0.08823529411764708,0,1,1,0.5370947611703346,0.3333333333333333,0.0,0.0,0.0,0.0,0.0,0.0,0.0,0.0,0.0,0.0,0.7504280945036679,0.0,0.0
A000000214168,키엘 울트라 훼이셜 크림,약건성,7daa8595eb55c039ee85db7841d53fb7,0,0,0,1,0,0,0,1,4,2,3,0,2,0,1,1,0,2,7,0.0,0.0,1.0,0.0,2.0,7.0,0.0,0.0,0,0,0.0,0,0,0.0,0,0.0,1,0.08823529411764708,0,1,1,0.5370947611703346,0.3333333333333333,0.0,0.0,0.0,0.0,0.0,0.0,0.0,0.0,0.0,0.0,0.7504280945036679,0.0,0.0
A000000214168,키엘 울트라 훼이셜 크림,지성,7daa8595eb55c039ee85db7841d53fb7,0,0,0,0,0,1,0,1,4,2,3,0,2,0,1,1,0,2,7,0.0,0.0,1.0,0.0,2.0,7.0,0.0,0.0,0,0,0.0,0,0,0.0,0,0.0,1,0.08823529411764708,0,1,1,0.0,0.0,0.0,0.0,0.0,0.0,0.0,0.40048079385155977,0.13115644676245553,0.0,0.0,0.0,0.0,0.0,0.0
A000000214168,키엘 울트라 훼이셜 크림,복합성,7daa8595eb55c039ee85db7841d53fb7,0,0,1,0,0,0,0,1,4,2,3,0,2,0,1,1,0,2,7,0.0,0.0,1.0,0.0,2.0,7.0,0.0,0.0,0,0,0.0,0,0,0.0,0,0.0,1,0.08823529411764708,0,1,1,0.0,0.0,0.0,0.0,0.0,0.0,0.0,0.0,0.0,0.0,0.0,0.0,0.0,0.0,0.0
A000000214168,키엘 울트라 훼이셜 크림,민감성,7daa8595eb55c039ee85db7841d53fb7,0,1,0,0,0,0,0,1,4,2,3,0,2,0,1,1,0,2,7,0.0,0.0,1.0,0.0,2.0,7.0,0.0,0.0,0,0,0.0,0,0,0.0,0,0.0,1,0.08823529411764708,0,1,1,0.0,0.0,0.0,0.0,0.6321205588285577,0.0,0.0,0.0,0.0,0.0,0.0,0.141045161524531,0.0,0.31139904266010004,0.0
A000000214168,키엘 울트라 훼이셜 크림,트러블성,7daa8595eb55c039ee85db7841d53fb7,0,0,0,0,0,0,1,1,4,2,3,0,2,0,1,1,0,2,7,0.0,0.0,1.0,0.0,2.0,7.0,0.0,0.0,0,0,0.0,0,0,0.0,0,0.0,1,0.08823529411764708,0,1,1,0.0,0.0,0.0,0.0,0.0,0.0,0.0,0.0,0.0,0.0,0.8814022009568447,0.141045161524531,0.17628044019136896,0.028209032304906203,0.004972700632081412
A000000214168,키엘 울트라 훼이셜 크림,중성,7daa8595eb55c039ee85db7841d53fb7,0,0,0,0,1,0,0,1,4,2,3,0,2,0,1,1,0,2,7,0.0,0.0,1.0,0.0,2.0,7.0,0.0,0.0,0,0,0.0,0,0,0.0,0,0.0,1,0.08823529411764708,0,1,1,0.0,0.0,0.0,0.0,0.0,0.0,0.0,0.0,0.0,0.0,0.0,0.0,0.0,0.0,0.0
A000000214302,코이 플로우 셀코드 크라이오 크림,건성,e458965d45479fe0cdd0d32f600c8534,1,0,0,0,0,0,0,19,3,5,2,1,3,5,1,4,0,3,0,1.0,1.0,3.0,1.0,0.0,0.0,0.0,0.0,1,1,0.8888888888888888,1,0,0.7037037037037037,0,0.0,0,0.0,0,0,0,0.8928795927125277,0.0,0.0,0.0,0.0,0.0,0.0,0.0,0.0,0.0,0.0,0.0,0.8928795927125277,0.0,0.0
A000000214302,코이 플로우 셀코드 크라이오 크림,약건성,e458965d45479fe0cdd0d32f600c8534,0,0,0,1,0,0,0,19,3,5,2,1,3,5,1,4,0,3,0,1.0,1.0,3.0,1.0,0.0,0.0,0.0,0.0,1,1,0.8888888888888888,1,0,0.7037037037037037,0,0.0,0,0.0,0,0,0,0.8928795927125277,0.0,0.0,0.0,0.0,0.0,0.0,0.0,0.0,0.0,0.0,0.0,0.8928795927125277,0.0,0.0
A000000214302,코이 플로우 셀코드 크라이오 크림,지성,e458965d45479fe0cdd0d32f600c8534,0,0,0,0,0,1,0,19,3,5,2,1,3,5,1,4,0,3,0,1.0,1.0,3.0,1.0,0.0,0.0,0.0,0.0,1,1,0.8888888888888888,1,0,0.7037037037037037,0,0.0,0,0.0,0,0,0,0.0,0.0,0.0,0.0,0.0,0.0,0.8888888888888888,0.15803013970713942,0.6008199129891648,0.0,0.0,0.0,0.7111111111111111,0.0,0.0
A000000214302,코이 플로우 셀코드 크라이오 크림,복합성,e458965d45479fe0cdd0d32f600c8534,0,0,1,0,0,0,0,19,3,5,2,1,3,5,1,4,0,3,0,1.0,1.0,3.0,1.0,0.0,0.0,0.0,0.0,1,1,0.8888888888888888,1,0,0.7037037037037037,0,0.0,0,0.0,0,0,0,0.0,0.0,0.0,0.0,0.0,0.0,0.0,0.0,0.0,0.0,0.0,0.0,0.0,0.0,0.0
A000000214302,코이 플로우 셀코드 크라이오 크림,민감성,e458965d45479fe0cdd0d32f600c8534,0,1,0,0,0,0,0,19,3,5,2,1,3,5,1,4,0,3,0,1.0,1.0,3.0,1.0,0.0,0.0,0.0,0.0,1,1,0.8888888888888888,1,0,0.7037037037037037,0,0.0,0,0.0,0,0,0,0.0,0.0,0.6288836021376135,0.9932620530009145,0.6321205588285577,0.0,0.0,0.0,0.0,0.0,0.0,0.23254415793482963,0.3018641290260545,1.1243084843428914,0.3393884013827703
A000000214302,코이 플로우 셀코드 크라이오 크림,트러블성,e458965d45479fe0cdd0d32f600c8534,0,0,0,0,0,0,1,19,3,5,2,1,3,5,1,4,0,3,0,1.0,1.0,3.0,1.0,0.0,0.0,0.0,0.0,1,1,0.8888888888888888,1,0,0.7037037037037037,0,0.0,0,0.0,0,0,0,0.0,0.0,0.0,0.0,0.0,0.0,0.0,0.0,0.0,0.0,0.0,0.23254415793482963,0.0,0.04650883158696593,0.0
A000000214302,코이 플로우 셀코드 크라이오 크림,중성,e458965d45479fe0cdd0d32f600c8534,0,0,0,0,1,0,0,19,3,5,2,1,3,5,1,4,0,3,0,1.0,1.0,3.0,1.0,0.0,0.0,0.0,0.0,1,1,0.8888888888888888,1,0,0.7037037037037037,0,0.0,0,0.0,0,0,0,0.0,0.0,0.0,0.0,0.0,0.0,0.0,0.0,0.0,0.0,0.0,0.0,0.0,0.0,0.0
A000000215363,셀퓨전씨 레이저 리쥬버네이션 크림,건성,99d31c4860ea02017e523930e98585e9,1,0,0,0,0,0,0,6,4,4,5,3,10,0,0,3,5,5,2,0.0,2.0,1.0,0.0,1.0,2.0,0.0,0.0,1,1,0.8936170212765957,1,0,0.3829787234042553,1,0.4042553191489362,0,0.0,0,1,0,0.8646647167633873,0.6666666666666666,0.0,0.0,0.0,0.0,0.0,0.0,0.0,0.0,0.0,0.0,1.291331383430054,0.0,0.0
A000000215363,셀퓨전씨 레이저 리쥬버네이션 크림,약건성,99d31c4860ea02017e523930e98585e9,0,0,0,1,0,0,0,6,4,4,5,3,10,0,0,3,5,5,2,0.0,2.0,1.0,0.0,1.0,2.0,0.0,0.0,1,1,0.8936170212765957,1,0,0.3829787234042553,1,0.4042553191489362,0,0.0,0,1,0,0.8646647167633873,0.6666666666666666,0.0,0.0,0.0,0.0,0.0,0.0,0.0,0.0,0.0,0.0,1.291331383430054,0.0,0.0
A000000215363,셀퓨전씨 레이저 리쥬버네이션 크림,지성,99d31c4860ea02017e523930e98585e9,0,0,0,0,0,1,0,6,4,4,5,3,10,0,0,3,5,5,2,0.0,2.0,1.0,0.0,1.0,2.0,0.0,0.0,1,1,0.8936170212765957,1,0,0.3829787234042553,1,0.4042553191489362,0,0.0,0,1,0,0.0,0.0,0.0,0.0,0.0,0.0,0.8936170212765957,0.25639747477898106,0.419378019016918,0.0,0.0,0.0,0.7148936170212766,0.0,0.0
A000000215363,셀퓨전씨 레이저 리쥬버네이션 크림,복합성,99d31c4860ea02017e523930e98585e9,0,0,1,0,0,0,0,6,4,4,5,3,10,0,0,3,5,5,2,0.0,2.0,1.0,0.0,1.0,2.0,0.0,0.0,1,1,0.8936170212765957,1,0,0.3829787234042553,1,0.4042553191489362,0,0.0,0,1,0,0.0,0.0,0.0,0.0,0.0,0.0,0.0,0.0,0.0,0.0,0.0,0.0,0.0,0.0,0.0
A000000215363,셀퓨전씨 레이저 리쥬버네이션 크림,민감성,99d31c4860ea02017e523930e98585e9,0,1,0,0,0,0,0,6,4,4,5,3,10,0,0,3,5,5,2,0.0,2.0,1.0,0.0,1.0,2.0,0.0,0.0,1,1,0.8936170212765957,1,0,0.3829787234042553,1,0.4042553191489362,0,0.0,0,1,0,0.0,0.0,0.89340883503259,0.0,0.0,0.0,0.0,0.0,0.0,0.0,0.0,0.0,0.4288362408156432,0.0,0.0
A000000215363,셀퓨전씨 레이저 리쥬버네이션 크림,트러블성,99d31c4860ea02017e523930e98585e9,0,0,0,0,0,0,1,6,4,4,5,3,10,0,0,3,5,5,2,0.0,2.0,1.0,0.0,1.0,2.0,0.0,0.0,1,1,0.8936170212765957,1,0,0.3829787234042553,1,0.4042553191489362,0,0.0,0,1,0,0.0,0.0,0.0,0.0,0.0,0.0,0.0,0.0,0.0,1.0,0.0,0.0,0.7,0.0,0.0
A000000215363,셀퓨전씨 레이저 리쥬버네이션 크림,중성,99d31c4860ea02017e523930e98585e9,0,0,0,0,1,0,0,6,4,4,5,3,10,0,0,3,5,5,2,0.0,2.0,1.0,0.0,1.0,2.0,0.0,0.0,1,1,0.8936170212765957,1,0,0.3829787234042553,1,0.4042553191489362,0,0.0,0,1,0,0.0,0.0,0.0,0.0,0.0,0.0,0.0,0.0,0.0,0.0,0.0,0.0,0.0,0.0,0.0
A000000215507,이지듀 멜라 글루타치온 크림,건성,3b3bb7524d39020e7c615db9ae6f649b,1,0,0,0,0,0,0,11,5,3,4,3,10,2,0,3,5,8,8,0.0,0.0,3.0,0.0,2.0,7.0,0.0,1.0,1,1,0.9726027397260274,1,0,0.4246575342465754,1,0.34246575342465757,0,0.0,0,0,0,0.8857307374061457,0.3333333333333333,0.0,0.0,0.0,0.0,0.0,0.0,0.0,0.0,0.0,0.0,1.099064070739479,0.0,0.0
A000000215507,이지듀 멜라 글루타치온 크림,약건성,3b3bb7524d39020e7c615db9ae6f649b,0,0,0,1,0,0,0,11,5,3,4,3,10,2,0,3,5,8,8,0.0,0.0,3.0,0.0,2.0,7.0,0.0,1.0,1,1,0.9726027397260274,1,0,0.4246575342465754,1,0.34246575342465757,0,0.0,0,0,0,0.8857307374061457,0.3333333333333333,0.0,0.0,0.0,0.0,0.0,0.0,0.0,0.0,0.0,0.0,1.099064070739479,0.0,0.0
A000000215507,이지듀 멜라 글루타치온 크림,지성,3b3bb7524d39020e7c615db9ae6f649b,0,0,0,0,0,1,0,11,5,3,4,3,10,2,0,3,5,8,8,0.0,0.0,3.0,0.0,2.0,7.0,0.0,1.0,1,1,0.9726027397260274,1,0,0.4246575342465754,1,0.34246575342465757,0,0.0,0,0,0,0.0,0.0,0.0,0.0,0.0,0.0,0.9726027397260274,0.40048079385155977,0.2589566132838567,0.0,0.0,0.0,0.7780821917808219,0.0,0.0
A000000215507,이지듀 멜라 글루타치온 크림,복합성,3b3bb7524d39020e7c615db9ae6f649b,0,0,1,0,0,0,0,11,5,3,4,3,10,2,0,3,5,8,8,0.0,0.0,3.0,0.0,2.0,7.0,0.0,1.0,1,1,0.9726027397260274,1,0,0.4246575342465754,1,0.34246575342465757,0,0.0,0,0,0,0.0,0.0,0.0,0.0,0.0,0.0,0.0,0.0,0.0,0.0,0.0,0.0,0.0,0.0,0.0
A000000215507,이지듀 멜라 글루타치온 크림,민감성,3b3bb7524d39020e7c615db9ae6f649b,0,1,0,0,0,0,0,11,5,3,4,3,10,2,0,3,5,8,8,0.0,0.0,3.0,0.0,2.0,7.0,0.0,1.0,1,1,0.9726027397260274,1,0,0.4246575342465754,1,0.34246575342465757,0,0.0,0,0,0,0.0,0.0,0.875787346839594,0.8646647167633873,0.0,0.6321205588285577,0.0,0.0,0.0,0.0,0.0,0.0,0.4203779264830051,0.8737824943533345,0.3673188731734029
A000000215507,이지듀 멜라 글루타치온 크림,트러블성,3b3bb7524d39020e7c615db9ae6f649b,0,0,0,0,0,0,1,11,5,3,4,3,10,2,0,3,5,8,8,0.0,0.0,3.0,0.0,2.0,7.0,0.0,1.0,1,1,0.9726027397260274,1,0,0.4246575342465754,1,0.34246575342465757,0,0.0,0,0,0,0.0,0.0,0.0,0.0,0.0,0.0,0.0,0.0,0.0,1.0,0.0,0.0,0.7,0.0,0.0
A000000215507,이지듀 멜라 글루타치온 크림,중성,3b3bb7524d39020e7c615db9ae6f649b,0,0,0,0,1,0,0,11,5,3,4,3,10,2,0,3,5,8,8,0.0,0.0,3.0,0.0,2.0,7.0,0.0,1.0,1,1,0.9726027397260274,1,0,0.4246575342465754,1,0.34246575342465757,0,0.0,0,0,0,0.0,0.0,0.0,0.0,0.0,0.0,0.0,0.0,0.0,0.0,0.0,0.0,0.0,0.0,0.0
A000000216509,넘버즈인 1번 판토텐산 액티브 수딩크림,건성,ab985fb3d31793bf4ba1e7a109d1b4c2,1,0,0,0,0,0,0,6,3,4,2,7,3,0,0,4,0,21,2,2.0,1.0,3.0,0.0,0.0,2.0,0.0,0.0,1,1,0.9482758620689655,1,0,0.39655172413793105,0,0.0,0,0.0,0,0,0,0.8343493120799612,0.0,0.0,0.0,0.0,0.0,0.0,0.0,0.0,0.0,0.0,0.0,0.8343493120799612,0.0,0.0
A000000216509,넘버즈인 1번 판토텐산 액티브 수딩크림,약건성,ab985fb3d31793bf4ba1e7a109d1b4c2,0,0,0,1,0,0,0,6,3,4,2,7,3,0,0,4,0,21,2,2.0,1.0,3.0,0.0,0.0,2.0,0.0,0.0,1,1,0.9482758620689655,1,0,0.39655172413793105,0,0.0,0,0.0,0,0,0,0.8343493120799612,0.0,0.0,0.0,0.0,0.0,0.0,0.0,0.0,0.0,0.0,0.0,0.8343493120799612,0.0,0.0
A000000216509,넘버즈인 1번 판토텐산 액티브 수딩크림,지성,ab985fb3d31793bf4ba1e7a109d1b4c2,0,0,0,0,0,1,0,6,3,4,2,7,3,0,0,4,0,21,2,2.0,1.0,3.0,0.0,0.0,2.0,0.0,0.0,1,1,0.9482758620689655,1,0,0.39655172413793105,0,0.0,0,0.0,0,0,0,0.0,0.0,0.0,0.0,0.0,0.0,0.9482758620689655,0.15803013970713942,0.6803703191695618,0.0,0.0,0.0,0.7586206896551725,0.0,0.0
A000000216509,넘버즈인 1번 판토텐산 액티브 수딩크림,복합성,ab985fb3d31793bf4ba1e7a109d1b4c2,0,0,1,0,0,0,0,6,3,4,2,7,3,0,0,4,0,21,2,2.0,1.0,3.0,0.0,0.0,2.0,0.0,0.0,1,1,0.9482758620689655,1,0,0.39655172413793105,0,0.0,0,0.0,0,0,0,0.0,0.0,0.0,0.0,0.0,0.0,0.0,0.0,0.0,0.0,0.0,0.0,0.0,0.0,0.0
A000000216509,넘버즈인 1번 판토텐산 액티브 수딩크림,민감성,ab985fb3d31793bf4ba1e7a109d1b4c2,0,1,0,0,0,0,0,6,3,4,2,7,3,0,0,4,0,21,2,2.0,1.0,3.0,0.0,0.0,2.0,0.0,0.0,1,1,0.9482758620689655,1,0,0.39655172413793105,0,0.0,0,0.0,0,0,0,0.0,0.0,0.849495512377433,0.0,0.0,0.0,0.0,0.0,0.0,0.0,0.0,0.0,0.4077578459411678,0.0,0.0
A000000216509,넘버즈인 1번 판토텐산 액티브 수딩크림,트러블성,ab985fb3d31793bf4ba1e7a109d1b4c2,0,0,0,0,0,0,1,6,3,4,2,7,3,0,0,4,0,21,2,2.0,1.0,3.0,0.0,0.0,2.0,0.0,0.0,1,1,0.9482758620689655,1,0,0.39655172413793105,0,0.0,0,0.0,0,0,0,0.0,0.0,0.0,0.0,0.0,0.0,0.0,0.0,0.0,0.0,0.0,0.0,0.0,0.0,0.0
A000000216509,넘버즈인 1번 판토텐산 액티브 수딩크림,중성,ab985fb3d31793bf4ba1e7a109d1b4c2,0,0,0,0,1,0,0,6,3,4,2,7,3,0,0,4,0,21,2,2.0,1.0,3.0,0.0,0.0,2.0,0.0,0.0,1,1,0.9482758620689655,1,0,0.39655172413793105,0,0.0,0,0.0,0,0,0,0.0,0.0,0.0,0.0,0.0,0.0,0.0,0.0,0.0,0.0,0.0,0.0,0.0,0.0,0.0
A000000216580,셀퓨전씨 포스트 알파 시카 카밍 다운 크림,건성,41dad625d1becd4f3f6bfedd4539245c,1,0,0,0,0,0,0,9,3,4,6,11,0,1,0,2,0,17,1,0.0,1.0,1.0,1.0,2.0,1.0,0.0,0.0,0,0,0.0,0,0,0.0,1,0.2028985507246377,0,0.0,1,1,0,0.8610049438550144,1.0,0.0,0.0,0.0,0.0,0.0,0.0,0.0,0.0,0.0,0.0,1.5010049438550144,0.0,0.0
A000000216580,셀퓨전씨 포스트 알파 시카 카밍 다운 크림,약건성,41dad625d1becd4f3f6bfedd4539245c,0,0,0,1,0,0,0,9,3,4,6,11,0,1,0,2,0,17,1,0.0,1.0,1.0,1.0,2.0,1.0,0.0,0.0,0,0,0.0,0,0,0.0,1,0.2028985507246377,0,0.0,1,1,0,0.8610049438550144,1.0,0.0,0.0,0.0,0.0,0.0,0.0,0.0,0.0,0.0,0.0,1.5010049438550144,0.0,0.0
A000000216580,셀퓨전씨 포스트 알파 시카 카밍 다운 크림,지성,41dad625d1becd4f3f6bfedd4539245c,0,0,0,0,0,1,0,9,3,4,6,11,0,1,0,2,0,17,1,0.0,1.0,1.0,1.0,2.0,1.0,0.0,0.0,0,0,0.0,0,0,0.0,1,0.2028985507246377,0,0.0,1,1,0,0.0,0.0,0.0,0.0,0.0,0.0,0.0,0.4144276144861205,0.3418632997053081,0.0,0.0,0.0,0.0,0.0,0.0
A000000216580,셀퓨전씨 포스트 알파 시카 카밍 다운 크림,복합성,41dad625d1becd4f3f6bfedd4539245c,0,0,1,0,0,0,0,9,3,4,6,11,0,1,0,2,0,17,1,0.0,1.0,1.0,1.0,2.0,1.0,0.0,0.0,0,0,0.0,0,0,0.0,1,0.2028985507246377,0,0.0,1,1,0,0.0,0.0,0.0,0.0,0.0,0.0,0.0,0.0,0.0,0.0,0.0,0.0,0.0,0.0,0.0
A000000216580,셀퓨전씨 포스트 알파 시카 카밍 다운 크림,민감성,41dad625d1becd4f3f6bfedd4539245c,0,1,0,0,0,0,0,9,3,4,6,11,0,1,0,2,0,17,1,0.0,1.0,1.0,1.0,2.0,1.0,0.0,0.0,0,0,0.0,0,0,0.0,1,0.2028985507246377,0,0.0,1,1,0,0.0,0.0,0.0,0.6321205588285577,0.0,0.0,0.0,0.0,0.0,0.0,0.0,0.0,0.0,0.5056964470628461,0.0
A000000216580,셀퓨전씨 포스트 알파 시카 카밍 다운 크림,트러블성,41dad625d1becd4f3f6bfedd4539245c,0,0,0,0,0,0,1,9,3,4,6,11,0,1,0,2,0,17,1,0.0,1.0,1.0,1.0,2.0,1.0,0.0,0.0,0,0,0.0,0,0,0.0,1,0.2028985507246377,0,0.0,1,1,0,0.0,0.0,0.0,0.0,0.0,0.0,0.0,0.0,0.0,0.0,0.0,0.0,0.0,0.0,0.0
A000000216580,셀퓨전씨 포스트 알파 시카 카밍 다운 크림,중성,41dad625d1becd4f3f6bfedd4539245c,0,0,0,0,1,0,0,9,3,4,6,11,0,1,0,2,0,17,1,0.0,1.0,1.0,1.0,2.0,1.0,0.0,0.0,0,0,0.0,0,0,0.0,1,0.2028985507246377,0,0.0,1,1,0,0.0,0.0,0.0,0.0,0.0,0.0,0.0,0.0,0.0,0.0,0.0,0.0,0.0,0.0,0.0
A000000217355,스킨앤랩 베리어덤 인텐시브 크림,건성,dc1f270f19cee836525e28c8adfd5e5f,1,0,0,0,0,0,0,12,10,5,5,2,1,0,0,3,0,0,3,1.0,1.0,2.0,0.0,5.0,1.0,1.0,2.0,0,0,0.0,0,0,0.0,1,0.21818181818181814,0,0.0,0,0,0,0.9637093249210823,0.3333333333333333,0.0,0.0,0.0,0.0,0.0,0.0,0.0,0.0,0.0,0.0,1.1770426582544156,0.0,0.0
A000000217355,스킨앤랩 베리어덤 인텐시브 크림,약건성,dc1f270f19cee836525e28c8adfd5e5f,0,0,0,1,0,0,0,12,10,5,5,2,1,0,0,3,0,0,3,1.0,1.0,2.0,0.0,5.0,1.0,1.0,2.0,0,0,0.0,0,0,0.0,1,0.21818181818181814,0,0.0,0,0,0,0.9637093249210823,0.3333333333333333,0.0,0.0,0.0,0.0,0.0,0.0,0.0,0.0,0.0,0.0,1.1770426582544156,0.0,0.0
A000000217355,스킨앤랩 베리어덤 인텐시브 크림,지성,dc1f270f19cee836525e28c8adfd5e5f,0,0,0,0,0,1,0,12,10,5,5,2,1,0,0,3,0,0,3,1.0,1.0,2.0,0.0,5.0,1.0,1.0,2.0,0,0,0.0,0,0,0.0,1,0.21818181818181814,0,0.0,0,0,0,0.0,0.0,0.0,0.0,0.0,0.0,0.0,0.4858762251230063,0.5525701526481607,0.0,0.0,0.0,0.0,0.0,0.0
A000000217355,스킨앤랩 베리어덤 인텐시브 크림,복합성,dc1f270f19cee836525e28c8adfd5e5f,0,0,1,0,0,0,0,12,10,5,5,2,1,0,0,3,0,0,3,1.0,1.0,2.0,0.0,5.0,1.0,1.0,2.0,0,0,0.0,0,0,0.0,1,0.21818181818181814,0,0.0,0,0,0,0.0,0.0,0.0,0.0,0.0,0.0,0.0,0.0,0.0,0.0,0.0,0.0,0.0,0.0,0.0
A000000217355,스킨앤랩 베리어덤 인텐시브 크림,민감성,dc1f270f19cee836525e28c8adfd5e5f,0,1,0,0,0,0,0,12,10,5,5,2,1,0,0,3,0,0,3,1.0,1.0,2.0,0.0,5.0,1.0,1.0,2.0,0,0,0.0,0,0,0.0,1,0.21818181818181814,0,0.0,0,0,0,0.0,0.0,0.0,0.0,0.0,0.8646647167633873,0.0,0.0,0.0,0.0,0.0,0.0,0.0,0.24902343842785551,0.0
A000000217355,스킨앤랩 베리어덤 인텐시브 크림,트러블성,dc1f270f19cee836525e28c8adfd5e5f,0,0,0,0,0,0,1,12,10,5,5,2,1,0,0,3,0,0,3,1.0,1.0,2.0,0.0,5.0,1.0,1.0,2.0,0,0,0.0,0,0,0.0,1,0.21818181818181814,0,0.0,0,0,0,0.0,0.0,0.0,0.0,0.0,0.0,0.0,0.0,0.0,0.0,0.0,0.0,0.0,0.0,0.0
A000000217355,스킨앤랩 베리어덤 인텐시브 크림,중성,dc1f270f19cee836525e28c8adfd5e5f,0,0,0,0,1,0,0,12,10,5,5,2,1,0,0,3,0,0,3,1.0,1.0,2.0,0.0,5.0,1.0,1.0,2.0,0,0,0.0,0,0,0.0,1,0.21818181818181814,0,0.0,0,0,0,0.0,0.0,0.0,0.0,0.0,0.0,0.0,0.0,0.0,0.0,0.0,0.0,0.0,0.0,0.0
A000000218592,닥터자르트 시카페어 인텐시브 수딩 리페어 크림,건성,37c475e2c661ec6b7dee176f47032aa0,1,0,0,0,0,0,0,6,5,3,0,5,4,0,0,1,1,2,2,2.0,0.0,1.0,0.0,1.0,1.0,2.0,0.0,1,0,0.7777777777777778,0,0,0.0,0,0.0,0,0.0,0,0,0,0.8511370364113383,0.0,0.0,0.0,0.0,0.0,0.0,0.0,0.0,0.0,0.0,0.0,0.8511370364113383,0.0,0.0
A000000218592,닥터자르트 시카페어 인텐시브 수딩 리페어 크림,약건성,37c475e2c661ec6b7dee176f47032aa0,0,0,0,1,0,0,0,6,5,3,0,5,4,0,0,1,1,2,2,2.0,0.0,1.0,0.0,1.0,1.0,2.0,0.0,1,0,0.7777777777777778,0,0,0.0,0,0.0,0,0.0,0,0,0,0.8511370364113383,0.0,0.0,0.0,0.0,0.0,0.0,0.0,0.0,0.0,0.0,0.0,0.8511370364113383,0.0,0.0
A000000218592,닥터자르트 시카페어 인텐시브 수딩 리페어 크림,지성,37c475e2c661ec6b7dee176f47032aa0,0,0,0,0,0,1,0,6,5,3,0,5,4,0,0,1,1,2,2,2.0,0.0,1.0,0.0,1.0,1.0,2.0,0.0,1,0,0.7777777777777778,0,0,0.0,0,0.0,0,0.0,0,0,0,0.0,0.0,0.0,0.0,0.0,0.0,0.7777777777777778,0.41290084933453014,0.3418632997053081,0.0,0.0,0.0,0.6222222222222222,0.0,0.0
A000000218592,닥터자르트 시카페어 인텐시브 수딩 리페어 크림,복합성,37c475e2c661ec6b7dee176f47032aa0,0,0,1,0,0,0,0,6,5,3,0,5,4,0,0,1,1,2,2,2.0,0.0,1.0,0.0,1.0,1.0,2.0,0.0,1,0,0.7777777777777778,0,0,0.0,0,0.0,0,0.0,0,0,0,0.0,0.0,0.0,0.0,0.0,0.0,0.0,0.0,0.0,0.0,0.0,0.0,0.0,0.0,0.0
A000000218592,닥터자르트 시카페어 인텐시브 수딩 리페어 크림,민감성,37c475e2c661ec6b7dee176f47032aa0,0,1,0,0,0,0,0,6,5,3,0,5,4,0,0,1,1,2,2,2.0,0.0,1.0,0.0,1.0,1.0,2.0,0.0,1,0,0.7777777777777778,0,0,0.0,0,0.0,0,0.0,0,0,0,0.0,0.0,0.0,0.0,0.0,0.0,0.0,0.0,0.0,0.0,0.0,0.0,0.0,0.0,0.0
A000000218592,닥터자르트 시카페어 인텐시브 수딩 리페어 크림,트러블성,37c475e2c661ec6b7dee176f47032aa0,0,0,0,0,0,0,1,6,5,3,0,5,4,0,0,1,1,2,2,2.0,0.0,1.0,0.0,1.0,1.0,2.0,0.0,1,0,0.7777777777777778,0,0,0.0,0,0.0,0,0.0,0,0,0,0.0,0.0,0.0,0.0,0.0,0.0,0.0,0.0,0.0,0.0,0.0,0.0,0.0,0.0,0.0
A000000218592,닥터자르트 시카페어 인텐시브 수딩 리페어 크림,중성,37c475e2c661ec6b7dee176f47032aa0,0,0,0,0,1,0,0,6,5,3,0,5,4,0,0,1,1,2,2,2.0,0.0,1.0,0.0,1.0,1.0,2.0,0.0,1,0,0.7777777777777778,0,0,0.0,0,0.0,0,0.0,0,0,0,0.0,0.0,0.0,0.0,0.0,0.0,0.0,0.0,0.0,0.0,0.0,0.0,0.0,0.0,0.0
A000000218756,라운드랩 소나무 진정 시카 크림 플러스,건성,9940dac610c514cd2933e27f24cc753c,1,0,0,0,0,0,0,13,8,3,5,7,3,0,0,1,0,12,2,2.0,0.0,1.0,1.0,1.0,1.0,1.0,0.0,1,1,0.9340659340659341,0,0,0.0,1,0.03296703296703296,0,0.0,0,1,0,0.9096219816844683,0.6666666666666666,0.0,0.0,0.0,0.0,0.0,0.0,0.0,0.0,0.0,0.0,1.336288648351135,0.0,0.0
A000000218756,라운드랩 소나무 진정 시카 크림 플러스,약건성,9940dac610c514cd2933e27f24cc753c,0,0,0,1,0,0,0,13,8,3,5,7,3,0,0,1,0,12,2,2.0,0.0,1.0,1.0,1.0,1.0,1.0,0.0,1,1,0.9340659340659341,0,0,0.0,1,0.03296703296703296,0,0.0,0,1,0,0.9096219816844683,0.6666666666666666,0.0,0.0,0.0,0.0,0.0,0.0,0.0,0.0,0.0,0.0,1.336288648351135,0.0,0.0
A000000218756,라운드랩 소나무 진정 시카 크림 플러스,지성,9940dac610c514cd2933e27f24cc753c,0,0,0,0,0,1,0,13,8,3,5,7,3,0,0,1,0,12,2,2.0,0.0,1.0,1.0,1.0,1.0,1.0,0.0,1,1,0.9340659340659341,0,0,0.0,1,0.03296703296703296,0,0.0,0,1,0,0.0,0.0,0.0,0.0,0.0,0.0,0.9340659340659341,0.5127949495579621,0.3418632997053081,0.0,0.0,0.0,0.7472527472527473,0.0,0.0
A000000218756,라운드랩 소나무 진정 시카 크림 플러스,복합성,9940dac610c514cd2933e27f24cc753c,0,0,1,0,0,0,0,13,8,3,5,7,3,0,0,1,0,12,2,2.0,0.0,1.0,1.0,1.0,1.0,1.0,0.0,1,1,0.9340659340659341,0,0,0.0,1,0.03296703296703296,0,0.0,0,1,0,0.0,0.0,0.0,0.0,0.0,0.0,0.0,0.0,0.0,0.0,0.0,0.0,0.0,0.0,0.0
A000000218756,라운드랩 소나무 진정 시카 크림 플러스,민감성,9940dac610c514cd2933e27f24cc753c,0,1,0,0,0,0,0,13,8,3,5,7,3,0,0,1,0,12,2,2.0,0.0,1.0,1.0,1.0,1.0,1.0,0.0,1,1,0.9340659340659341,0,0,0.0,1,0.03296703296703296,0,0.0,0,1,0,0.0,0.0,0.9619709111476769,0.0,0.0,0.0,0.0,0.0,0.0,0.0,0.0,0.0,0.4617460373508849,0.0,0.0
A000000218756,라운드랩 소나무 진정 시카 크림 플러스,트러블성,9940dac610c514cd2933e27f24cc753c,0,0,0,0,0,0,1,13,8,3,5,7,3,0,0,1,0,12,2,2.0,0.0,1.0,1.0,1.0,1.0,1.0,0.0,1,1,0.9340659340659341,0,0,0.0,1,0.03296703296703296,0,0.0,0,1,0,0.0,0.0,0.0,0.0,0.0,0.0,0.0,0.0,0.0,1.0,0.0,0.0,0.7,0.0,0.0
A000000218756,라운드랩 소나무 진정 시카 크림 플러스,중성,9940dac610c514cd2933e27f24cc753c,0,0,0,0,1,0,0,13,8,3,5,7,3,0,0,1,0,12,2,2.0,0.0,1.0,1.0,1.0,1.0,1.0,0.0,1,1,0.9340659340659341,0,0,0.0,1,0.03296703296703296,0,0.0,0,1,0,0.0,0.0,0.0,0.0,0.0,0.0,0.0,0.0,0.0,0.0,0.0,0.0,0.0,0.0,0.0
A000000219096,바이오던스 스킨 글로우 에센스 크림,건성,720632a50e6b8d43cf3a83cacbb2e385,1,0,0,0,0,0,0,14,3,1,10,2,3,0,0,0,0,4,0,1.0,0.0,0.0,1.0,1.0,0.0,0.0,0.0,1,1,0.8913043478260869,1,0,0.7608695652173914,1,0.5869565217391304,0,0.0,1,1,0,0.6715092097689609,1.0,0.0,0.0,0.0,0.0,0.0,0.0,0.0,0.0,0.0,0.0,1.311509209768961,0.0,0.0
A000000219096,바이오던스 스킨 글로우 에센스 크림,약건성,720632a50e6b8d43cf3a83cacbb2e385,0,0,0,1,0,0,0,14,3,1,10,2,3,0,0,0,0,4,0,1.0,0.0,0.0,1.0,1.0,0.0,0.0,0.0,1,1,0.8913043478260869,1,0,0.7608695652173914,1,0.5869565217391304,0,0.0,1,1,0,0.6715092097689609,1.0,0.0,0.0,0.0,0.0,0.0,0.0,0.0,0.0,0.0,0.0,1.311509209768961,0.0,0.0
A000000219096,바이오던스 스킨 글로우 에센스 크림,지성,720632a50e6b8d43cf3a83cacbb2e385,0,0,0,0,0,1,0,14,3,1,10,2,3,0,0,0,0,4,0,1.0,0.0,0.0,1.0,1.0,0.0,0.0,0.0,1,1,0.8913043478260869,1,0,0.7608695652173914,1,0.5869565217391304,0,0.0,1,1,0,0.0,0.0,0.0,0.0,0.0,0.0,0.8913043478260869,0.25639747477898106,0.13115644676245553,0.0,0.0,0.0,0.7130434782608696,0.0,0.0
A000000219096,바이오던스 스킨 글로우 에센스 크림,복합성,720632a50e6b8d43cf3a83cacbb2e385,0,0,1,0,0,0,0,14,3,1,10,2,3,0,0,0,0,4,0,1.0,0.0,0.0,1.0,1.0,0.0,0.0,0.0,1,1,0.8913043478260869,1,0,0.7608695652173914,1,0.5869565217391304,0,0.0,1,1,0,0.0,0.0,0.0,0.0,0.0,0.0,0.0,0.0,0.0,0.0,0.0,0.0,0.0,0.0,0.0
A000000219096,바이오던스 스킨 글로우 에센스 크림,민감성,720632a50e6b8d43cf3a83cacbb2e385,0,1,0,0,0,0,0,14,3,1,10,2,3,0,0,0,0,4,0,1.0,0.0,0.0,1.0,1.0,0.0,0.0,0.0,1,1,0.8913043478260869,1,0,0.7608695652173914,1,0.5869565217391304,0,0.0,1,1,0,0.0,0.0,0.8562907508720434,0.0,0.0,0.0,0.0,0.0,0.0,0.0,0.0,0.0,0.41101956041858084,0.0,0.0
A000000219096,바이오던스 스킨 글로우 에센스 크림,트러블성,720632a50e6b8d43cf3a83cacbb2e385,0,0,0,0,0,0,1,14,3,1,10,2,3,0,0,0,0,4,0,1.0,0.0,0.0,1.0,1.0,0.0,0.0,0.0,1,1,0.8913043478260869,1,0,0.7608695652173914,1,0.5869565217391304,0,0.0,1,1,0,0.0,0.0,0.0,0.0,0.0,0.0,0.0,0.0,0.0,1.0,0.0,0.0,0.7,0.0,0.0
A000000219096,바이오던스 스킨 글로우 에센스 크림,중성,720632a50e6b8d43cf3a83cacbb2e385,0,0,0,0,1,0,0,14,3,1,10,2,3,0,0,0,0,4,0,1.0,0.0,0.0,1.0,1.0,0.0,0.0,0.0,1,1,0.8913043478260869,1,0,0.7608695652173914,1,0.5869565217391304,0,0.0,1,1,0,0.0,0.0,0.0,0.0,0.0,0.0,0.0,0.0,0.0,0.0,0.0,0.0,0.0,0.0,0.0
A000000219716,파티온 노스카나인 트러블 크림,건성,4602f7da20cae6ea2e71d3949890168b,1,0,0,0,0,0,0,8,6,4,12,5,0,0,1,3,0,3,2,0.0,0.0,3.0,0.0,2.0,2.0,0.0,0.0,0,0,0.0,1,0,0.49090909090909096,1,0.2545454545454545,0,0.0,1,1,1,0.9143888573289132,1.0,0.0,0.0,0.0,0.0,0.0,0.0,0.0,0.0,0.0,0.0,1.554388857328913,0.0,0.0
A000000219716,파티온 노스카나인 트러블 크림,약건성,4602f7da20cae6ea2e71d3949890168b,0,0,0,1,0,0,0,8,6,4,12,5,0,0,1,3,0,3,2,0.0,0.0,3.0,0.0,2.0,2.0,0.0,0.0,0,0,0.0,1,0,0.49090909090909096,1,0.2545454545454545,0,0.0,1,1,1,0.9143888573289132,1.0,0.0,0.0,0.0,0.0,0.0,0.0,0.0,0.0,0.0,0.0,1.554388857328913,0.0,0.0
A000000219716,파티온 노스카나인 트러블 크림,지성,4602f7da20cae6ea2e71d3949890168b,0,0,0,0,0,1,0,8,6,4,12,5,0,0,1,3,0,3,2,0.0,0.0,3.0,0.0,2.0,2.0,0.0,0.0,0,0,0.0,1,0,0.49090909090909096,1,0.2545454545454545,0,0.0,1,1,1,0.0,0.0,0.0,0.0,0.0,0.0,0.0,0.31606027941427883,0.2589566132838567,0.0,0.0,0.0,0.0,0.0,0.0
A000000219716,파티온 노스카나인 트러블 크림,복합성,4602f7da20cae6ea2e71d3949890168b,0,0,1,0,0,0,0,8,6,4,12,5,0,0,1,3,0,3,2,0.0,0.0,3.0,0.0,2.0,2.0,0.0,0.0,0,0,0.0,1,0,0.49090909090909096,1,0.2545454545454545,0,0.0,1,1,1,0.0,0.0,0.0,0.0,0.0,0.0,0.0,0.0,0.0,0.0,0.0,0.0,0.0,0.0,0.0
A000000219716,파티온 노스카나인 트러블 크림,민감성,4602f7da20cae6ea2e71d3949890168b,0,1,0,0,0,0,0,8,6,4,12,5,0,0,1,3,0,3,2,0.0,0.0,3.0,0.0,2.0,2.0,0.0,0.0,0,0,0.0,1,0,0.49090909090909096,1,0.2545454545454545,0,0.0,1,1,1,0.0,0.0,0.9710498844518647,0.0,0.6321205588285577,0.0,0.0,0.0,0.0,0.0,0.0,0.0015668702111118538,0.466103944536895,0.28350338439741624,0.13214204575719532
A000000219716,파티온 노스카나인 트러블 크림,트러블성,4602f7da20cae6ea2e71d3949890168b,0,0,0,0,0,0,1,8,6,4,12,5,0,0,1,3,0,3,2,0.0,0.0,3.0,0.0,2.0,2.0,0.0,0.0,0,0,0.0,1,0,0.49090909090909096,1,0.2545454545454545,0,0.0,1,1,1,0.0,0.0,0.0,0.0,0.0,0.0,0.0,0.0,0.0,0.0,0.0,0.0015668702111118538,0.0,0.0003133740422223708,0.0
A000000219716,파티온 노스카나인 트러블 크림,중성,4602f7da20cae6ea2e71d3949890168b,0,0,0,0,1,0,0,8,6,4,12,5,0,0,1,3,0,3,2,0.0,0.0,3.0,0.0,2.0,2.0,0.0,0.0,0,0,0.0,1,0,0.49090909090909096,1,0.2545454545454545,0,0.0,1,1,1,0.0,0.0,0.0,0.0,0.0,0.0,0.0,0.0,0.0,0.0,0.0,0.0,0.0,0.0,0.0
A000000221649,테라로직 레티날 주름탄력 크림,건성,336ad2c69536033593bf8b9c892b0e73,1,0,0,0,0,0,0,6,0,0,0,2,9,0,0,1,6,9,0,0.0,0.0,0.0,0.0,0.0,0.0,0.0,0.0,1,1,0.8857142857142857,0,0,0.0,0,0.0,0,0.0,0,0,0,0.0,0.0,0.0,0.0,0.0,0.0,0.0,0.0,0.0,0.0,0.0,0.0,0.0,0.0,0.0
A000000221649,테라로직 레티날 주름탄력 크림,약건성,336ad2c69536033593bf8b9c892b0e73,0,0,0,1,0,0,0,6,0,0,0,2,9,0,0,1,6,9,0,0.0,0.0,0.0,0.0,0.0,0.0,0.0,0.0,1,1,0.8857142857142857,0,0,0.0,0,0.0,0,0.0,0,0,0,0.0,0.0,0.0,0.0,0.0,0.0,0.0,0.0,0.0,0.0,0.0,0.0,0.0,0.0,0.0
A000000221649,테라로직 레티날 주름탄력 크림,지성,336ad2c69536033593bf8b9c892b0e73,0,0,0,0,0,1,0,6,0,0,0,2,9,0,0,1,6,9,0,0.0,0.0,0.0,0.0,0.0,0.0,0.0,0.0,1,1,0.8857142857142857,0,0,0.0,0,0.0,0,0.0,0,0,0,0.0,0.0,0.0,0.0,0.0,0.0,0.8857142857142857,0.0,0.0,0.0,0.0,0.0,0.7085714285714286,0.0,0.0
A000000221649,테라로직 레티날 주름탄력 크림,복합성,336ad2c69536033593bf8b9c892b0e73,0,0,1,0,0,0,0,6,0,0,0,2,9,0,0,1,6,9,0,0.0,0.0,0.0,0.0,0.0,0.0,0.0,0.0,1,1,0.8857142857142857,0,0,0.0,0,0.0,0,0.0,0,0,0,0.0,0.0,0.0,0.0,0.0,0.0,0.0,0.0,0.0,0.0,0.0,0.0,0.0,0.0,0.0
A000000221649,테라로직 레티날 주름탄력 크림,민감성,336ad2c69536033593bf8b9c892b0e73,0,1,0,0,0,0,0,6,0,0,0,2,9,0,0,1,6,9,0,0.0,0.0,0.0,0.0,0.0,0.0,0.0,0.0,1,1,0.8857142857142857,0,0,0.0,0,0.0,0,0.0,0,0,0,0.0,0.0,0.0,0.0,0.0,0.0,0.0,0.0,0.0,0.0,0.0,0.0,0.0,0.0,0.0
A000000221649,테라로직 레티날 주름탄력 크림,트러블성,336ad2c69536033593bf8b9c892b0e73,0,0,0,0,0,0,1,6,0,0,0,2,9,0,0,1,6,9,0,0.0,0.0,0.0,0.0,0.0,0.0,0.0,0.0,1,1,0.8857142857142857,0,0,0.0,0,0.0,0,0.0,0,0,0,0.0,0.0,0.0,0.0,0.0,0.0,0.0,0.0,0.0,0.0,0.0,0.0,0.0,0.0,0.0
A000000221649,테라로직 레티날 주름탄력 크림,중성,336ad2c69536033593bf8b9c892b0e73,0,0,0,0,1,0,0,6,0,0,0,2,9,0,0,1,6,9,0,0.0,0.0,0.0,0.0,0.0,0.0,0.0,0.0,1,1,0.8857142857142857,0,0,0.0,0,0.0,0,0.0,0,0,0,0.0,0.0,0.0,0.0,0.0,0.0,0.0,0.0,0.0,0.0,0.0,0.0,0.0,0.0,0.0
A000000222703,아누아 피디알엔 히알루론산 100 수분 크림,건성,b1b07f8bfde42fb5fcd0d7a4c54b35ca,1,0,0,0,0,0,0,17,2,2,1,4,3,0,0,2,0,9,0,0.0,0.0,1.0,0.0,1.0,0.0,0.0,0.0,1,1,0.9361702127659575,0,0,0.0,0,0.0,0,0.0,0,0,0,0.7356958042019721,0.0,0.0,0.0,0.0,0.0,0.0,0.0,0.0,0.0,0.0,0.0,0.7356958042019721,0.0,0.0
A000000222703,아누아 피디알엔 히알루론산 100 수분 크림,약건성,b1b07f8bfde42fb5fcd0d7a4c54b35ca,0,0,0,1,0,0,0,17,2,2,1,4,3,0,0,2,0,9,0,0.0,0.0,1.0,0.0,1.0,0.0,0.0,0.0,1,1,0.9361702127659575,0,0,0.0,0,0.0,0,0.0,0,0,0,0.7356958042019721,0.0,0.0,0.0,0.0,0.0,0.0,0.0,0.0,0.0,0.0,0.0,0.7356958042019721,0.0,0.0
A000000222703,아누아 피디알엔 히알루론산 100 수분 크림,지성,b1b07f8bfde42fb5fcd0d7a4c54b35ca,0,0,0,0,0,1,0,17,2,2,1,4,3,0,0,2,0,9,0,0.0,0.0,1.0,0.0,1.0,0.0,0.0,0.0,1,1,0.9361702127659575,0,0,0.0,0,0.0,0,0.0,0,0,0,0.0,0.0,0.0,0.0,0.0,0.0,0.9361702127659575,0.09836733507184164,0.13115644676245553,0.0,0.0,0.0,0.748936170212766,0.0,0.0
A000000222703,아누아 피디알엔 히알루론산 100 수분 크림,복합성,b1b07f8bfde42fb5fcd0d7a4c54b35ca,0,0,1,0,0,0,0,17,2,2,1,4,3,0,0,2,0,9,0,0.0,0.0,1.0,0.0,1.0,0.0,0.0,0.0,1,1,0.9361702127659575,0,0,0.0,0,0.0,0,0.0,0,0,0,0.0,0.0,0.0,0.0,0.0,0.0,0.0,0.0,0.0,0.0,0.0,0.0,0.0,0.0,0.0
A000000222703,아누아 피디알엔 히알루론산 100 수분 크림,민감성,b1b07f8bfde42fb5fcd0d7a4c54b35ca,0,1,0,0,0,0,0,17,2,2,1,4,3,0,0,2,0,9,0,0.0,0.0,1.0,0.0,1.0,0.0,0.0,0.0,1,1,0.9361702127659575,0,0,0.0,0,0.0,0,0.0,0,0,0,0.0,0.0,0.6981030652663972,0.0,0.0,0.0,0.0,0.0,0.0,0.0,0.0,0.0,0.33508947132787065,0.0,0.0
A000000222703,아누아 피디알엔 히알루론산 100 수분 크림,트러블성,b1b07f8bfde42fb5fcd0d7a4c54b35ca,0,0,0,0,0,0,1,17,2,2,1,4,3,0,0,2,0,9,0,0.0,0.0,1.0,0.0,1.0,0.0,0.0,0.0,1,1,0.9361702127659575,0,0,0.0,0,0.0,0,0.0,0,0,0,0.0,0.0,0.0,0.0,0.0,0.0,0.0,0.0,0.0,0.0,0.0,0.0,0.0,0.0,0.0
A000000222703,아누아 피디알엔 히알루론산 100 수분 크림,중성,b1b07f8bfde42fb5fcd0d7a4c54b35ca,0,0,0,0,1,0,0,17,2,2,1,4,3,0,0,2,0,9,0,0.0,0.0,1.0,0.0,1.0,0.0,0.0,0.0,1,1,0.9361702127659575,0,0,0.0,0,0.0,0,0.0,0,0,0,0.0,0.0,0.0,0.0,0.0,0.0,0.0,0.0,0.0,0.0,0.0,0.0,0.0,0.0,0.0
A000000222833,에스트라 아토베리어365 크림,건성,a57e4febad5eca8f519ae0838d1c052a,1,0,0,0,0,0,0,4,6,4,8,1,2,0,0,2,0,0,0,2.0,0.0,2.0,1.0,2.0,0.0,0.0,0.0,1,0,0.4390243902439024,0,0,0.0,1,0.41463414634146345,0,0.0,1,1,0,0.845787730267586,1.0,0.0,0.0,0.0,0.0,0.0,0.0,0.0,0.0,0.0,0.0,1.4857877302675861,0.0,0.0
A000000222833,에스트라 아토베리어365 크림,약건성,a57e4febad5eca8f519ae0838d1c052a,0,0,0,1,0,0,0,4,6,4,8,1,2,0,0,2,0,0,0,2.0,0.0,2.0,1.0,2.0,0.0,0.0,0.0,1,0,0.4390243902439024,0,0,0.0,1,0.41463414634146345,0,0.0,1,1,0,0.845787730267586,1.0,0.0,0.0,0.0,0.0,0.0,0.0,0.0,0.0,0.0,0.0,1.4857877302675861,0.0,0.0
A000000222833,에스트라 아토베리어365 크림,지성,a57e4febad5eca8f519ae0838d1c052a,0,0,0,0,0,1,0,4,6,4,8,1,2,0,0,2,0,0,0,2.0,0.0,2.0,1.0,2.0,0.0,0.0,0.0,1,0,0.4390243902439024,0,0,0.0,1,0.41463414634146345,0,0.0,1,1,0,0.0,0.0,0.0,0.0,0.0,0.0,0.4390243902439024,0.31606027941427883,0.4214137058857051,0.0,0.0,0.0,0.35121951219512193,0.0,0.0
A000000222833,에스트라 아토베리어365 크림,복합성,a57e4febad5eca8f519ae0838d1c052a,0,0,1,0,0,0,0,4,6,4,8,1,2,0,0,2,0,0,0,2.0,0.0,2.0,1.0,2.0,0.0,0.0,0.0,1,0,0.4390243902439024,0,0,0.0,1,0.41463414634146345,0,0.0,1,1,0,0.0,0.0,0.0,0.0,0.0,0.0,0.0,0.0,0.0,0.0,0.0,0.0,0.0,0.0,0.0
A000000222833,에스트라 아토베리어365 크림,민감성,a57e4febad5eca8f519ae0838d1c052a,0,1,0,0,0,0,0,4,6,4,8,1,2,0,0,2,0,0,0,2.0,0.0,2.0,1.0,2.0,0.0,0.0,0.0,1,0,0.4390243902439024,0,0,0.0,1,0.41463414634146345,0,0.0,1,1,0,0.0,0.0,0.7282730793448764,0.0,0.0,0.0,0.0,0.0,0.0,0.0,0.0,0.0,0.34957107808554067,0.0,0.0
A000000222833,에스트라 아토베리어365 크림,트러블성,a57e4febad5eca8f519ae0838d1c052a,0,0,0,0,0,0,1,4,6,4,8,1,2,0,0,2,0,0,0,2.0,0.0,2.0,1.0,2.0,0.0,0.0,0.0,1,0,0.4390243902439024,0,0,0.0,1,0.41463414634146345,0,0.0,1,1,0,0.0,0.0,0.0,0.0,0.0,0.0,0.0,0.0,0.0,1.0,0.0,0.0,0.7,0.0,0.0
A000000222833,에스트라 아토베리어365 크림,중성,a57e4febad5eca8f519ae0838d1c052a,0,0,0,0,1,0,0,4,6,4,8,1,2,0,0,2,0,0,0,2.0,0.0,2.0,1.0,2.0,0.0,0.0,0.0,1,0,0.4390243902439024,0,0,0.0,1,0.41463414634146345,0,0.0,1,1,0,0.0,0.0,0.0,0.0,0.0,0.0,0.0,0.0,0.0,0.0,0.0,0.0,0.0,0.0,0.0
A000000222882,한율 트러블 진정 쑥시카 수분 크림,건성,3fd64fa63f5884238092df7253bd4f6e,1,0,0,0,0,0,0,6,4,3,4,4,2,1,0,3,0,2,0,2.0,1.0,2.0,0.0,2.0,0.0,0.0,0.0,1,1,0.8421052631578947,1,0,0.7105263157894737,0,0.0,0,0.0,0,1,0,0.8343493120799612,0.3333333333333333,0.0,0.0,0.0,0.0,0.0,0.0,0.0,0.0,0.0,0.0,1.0476826454132946,0.0,0.0
A000000222882,한율 트러블 진정 쑥시카 수분 크림,약건성,3fd64fa63f5884238092df7253bd4f6e,0,0,0,1,0,0,0,6,4,3,4,4,2,1,0,3,0,2,0,2.0,1.0,2.0,0.0,2.0,0.0,0.0,0.0,1,1,0.8421052631578947,1,0,0.7105263157894737,0,0.0,0,0.0,0,1,0,0.8343493120799612,0.3333333333333333,0.0,0.0,0.0,0.0,0.0,0.0,0.0,0.0,0.0,0.0,1.0476826454132946,0.0,0.0
A000000222882,한율 트러블 진정 쑥시카 수분 크림,지성,3fd64fa63f5884238092df7253bd4f6e,0,0,0,0,0,1,0,6,4,3,4,4,2,1,0,3,0,2,0,2.0,1.0,2.0,0.0,2.0,0.0,0.0,0.0,1,1,0.8421052631578947,1,0,0.7105263157894737,0,0.0,0,0.0,0,1,0,0.0,0.0,0.0,0.0,0.0,0.0,0.8421052631578947,0.15803013970713942,0.6321205588285577,0.0,0.0,0.0,0.6736842105263158,0.0,0.0
A000000222882,한율 트러블 진정 쑥시카 수분 크림,복합성,3fd64fa63f5884238092df7253bd4f6e,0,0,1,0,0,0,0,6,4,3,4,4,2,1,0,3,0,2,0,2.0,1.0,2.0,0.0,2.0,0.0,0.0,0.0,1,1,0.8421052631578947,1,0,0.7105263157894737,0,0.0,0,0.0,0,1,0,0.0,0.0,0.0,0.0,0.0,0.0,0.0,0.0,0.0,0.0,0.0,0.0,0.0,0.0,0.0
A000000222882,한율 트러블 진정 쑥시카 수분 크림,민감성,3fd64fa63f5884238092df7253bd4f6e,0,1,0,0,0,0,0,6,4,3,4,4,2,1,0,3,0,2,0,2.0,1.0,2.0,0.0,2.0,0.0,0.0,0.0,1,1,0.8421052631578947,1,0,0.7105263157894737,0,0.0,0,0.0,0,1,0,0.0,0.0,0.9076083688643859,0.6321205588285577,0.0,0.0,0.0,0.0,0.0,0.0,0.0,0.0,0.4356520170549052,0.5056964470628461,0.22030767718042799
A000000222882,한율 트러블 진정 쑥시카 수분 크림,트러블성,3fd64fa63f5884238092df7253bd4f6e,0,0,0,0,0,0,1,6,4,3,4,4,2,1,0,3,0,2,0,2.0,1.0,2.0,0.0,2.0,0.0,0.0,0.0,1,1,0.8421052631578947,1,0,0.7105263157894737,0,0.0,0,0.0,0,1,0,0.0,0.0,0.0,0.0,0.0,0.0,0.0,0.0,0.0,0.0,0.0,0.0,0.0,0.0,0.0
A000000222882,한율 트러블 진정 쑥시카 수분 크림,중성,3fd64fa63f5884238092df7253bd4f6e,0,0,0,0,1,0,0,6,4,3,4,4,2,1,0,3,0,2,0,2.0,1.0,2.0,0.0,2.0,0.0,0.0,0.0,1,1,0.8421052631578947,1,0,0.7105263157894737,0,0.0,0,0.0,0,1,0,0.0,0.0,0.0,0.0,0.0,0.0,0.0,0.0,0.0,0.0,0.0,0.0,0.0,0.0,0.0
A000000224147,바이오힐보 프로바이오덤 3D리프팅 스킨케어,건성,53145c5e39b7941fbc23c1c4e719555f,1,0,0,0,0,0,0,11,4,6,3,2,19,1,0,4,17,3,1,0.0,0.0,4.0,1.0,1.0,1.0,1.0,0.0,0,0,0.0,1,0,0.858974358974359,0,0.0,0,0.0,0,0,0,0.9285551391754929,0.0,0.0,0.0,0.0,0.0,0.0,0.0,0.0,0.0,0.0,0.0,0.9285551391754929,0.0,0.0
A000000224147,바이오힐보 프로바이오덤 3D리프팅 스킨케어,약건성,53145c5e39b7941fbc23c1c4e719555f,0,0,0,1,0,0,0,11,4,6,3,2,19,1,0,4,17,3,1,0.0,0.0,4.0,1.0,1.0,1.0,1.0,0.0,0,0,0.0,1,0,0.858974358974359,0,0.0,0,0.0,0,0,0,0.9285551391754929,0.0,0.0,0.0,0.0,0.0,0.0,0.0,0.0,0.0,0.0,0.0,0.9285551391754929,0.0,0.0
A000000224147,바이오힐보 프로바이오덤 3D리프팅 스킨케어,지성,53145c5e39b7941fbc23c1c4e719555f,0,0,0,0,0,1,0,11,4,6,3,2,19,1,0,4,17,3,1,0.0,0.0,4.0,1.0,1.0,1.0,1.0,0.0,0,0,0.0,1,0,0.858974358974359,0,0.0,0,0.0,0,0,0,0.0,0.0,0.0,0.0,0.0,0.0,0.0,0.5127949495579621,0.28822157225446243,0.0,0.0,0.0,0.0,0.0,0.0
A000000224147,바이오힐보 프로바이오덤 3D리프팅 스킨케어,복합성,53145c5e39b7941fbc23c1c4e719555f,0,0,1,0,0,0,0,11,4,6,3,2,19,1,0,4,17,3,1,0.0,0.0,4.0,1.0,1.0,1.0,1.0,0.0,0,0,0.0,1,0,0.858974358974359,0,0.0,0,0.0,0,0,0,0.0,0.0,0.0,0.0,0.0,0.0,0.0,0.0,0.0,0.0,0.0,0.0,0.0,0.0,0.0
A000000224147,바이오힐보 프로바이오덤 3D리프팅 스킨케어,민감성,53145c5e39b7941fbc23c1c4e719555f,0,1,0,0,0,0,0,11,4,6,3,2,19,1,0,4,17,3,1,0.0,0.0,4.0,1.0,1.0,1.0,1.0,0.0,0,0,0.0,1,0,0.858974358974359,0,0.0,0,0.0,0,0,0,0.0,0.0,0.7889498396298451,0.6321205588285577,0.0,0.0,0.0,0.0,0.0,0.0,0.0,0.0,0.37869592302232563,0.5056964470628461,0.19150518278957515
A000000224147,바이오힐보 프로바이오덤 3D리프팅 스킨케어,트러블성,53145c5e39b7941fbc23c1c4e719555f,0,0,0,0,0,0,1,11,4,6,3,2,19,1,0,4,17,3,1,0.0,0.0,4.0,1.0,1.0,1.0,1.0,0.0,0,0,0.0,1,0,0.858974358974359,0,0.0,0,0.0,0,0,0,0.0,0.0,0.0,0.0,0.0,0.0,0.0,0.0,0.0,0.0,0.0,0.0,0.0,0.0,0.0
A000000224147,바이오힐보 프로바이오덤 3D리프팅 스킨케어,중성,53145c5e39b7941fbc23c1c4e719555f,0,0,0,0,1,0,0,11,4,6,3,2,19,1,0,4,17,3,1,0.0,0.0,4.0,1.0,1.0,1.0,1.0,0.0,0,0,0.0,1,0,0.858974358974359,0,0.0,0,0.0,0,0,0,0.0,0.0,0.0,0.0,0.0,0.0,0.0,0.0,0.0,0.0,0.0,0.0,0.0,0.0,0.0
A000000224243,풀리 그린 토마토 크림,건성,c3439735e19c128fdbc5f81a068c5ed7,1,0,0,0,0,0,0,5,2,5,3,3,3,0,0,4,0,16,0,1.0,1.0,3.0,1.0,0.0,0.0,0.0,0.0,1,1,0.8478260869565217,1,0,0.782608695652174,1,0.021739130434782594,0,0.0,0,0,0,0.7778513607110885,0.3333333333333333,0.0,0.0,0.0,0.0,0.0,0.0,0.0,0.0,0.0,0.0,0.9911846940444218,0.0,0.0
A000000224243,풀리 그린 토마토 크림,약건성,c3439735e19c128fdbc5f81a068c5ed7,0,0,0,1,0,0,0,5,2,5,3,3,3,0,0,4,0,16,0,1.0,1.0,3.0,1.0,0.0,0.0,0.0,0.0,1,1,0.8478260869565217,1,0,0.782608695652174,1,0.021739130434782594,0,0.0,0,0,0,0.7778513607110885,0.3333333333333333,0.0,0.0,0.0,0.0,0.0,0.0,0.0,0.0,0.0,0.0,0.9911846940444218,0.0,0.0
A000000224243,풀리 그린 토마토 크림,지성,c3439735e19c128fdbc5f81a068c5ed7,0,0,0,0,0,1,0,5,2,5,3,3,3,0,0,4,0,16,0,1.0,1.0,3.0,1.0,0.0,0.0,0.0,0.0,1,1,0.8478260869565217,1,0,0.782608695652174,1,0.021739130434782594,0,0.0,0,0,0,0.0,0.0,0.0,0.0,0.0,0.0,0.8478260869565217,0.15803013970713942,0.6008199129891648,0.0,0.0,0.0,0.6782608695652175,0.0,0.0
A000000224243,풀리 그린 토마토 크림,복합성,c3439735e19c128fdbc5f81a068c5ed7,0,0,1,0,0,0,0,5,2,5,3,3,3,0,0,4,0,16,0,1.0,1.0,3.0,1.0,0.0,0.0,0.0,0.0,1,1,0.8478260869565217,1,0,0.782608695652174,1,0.021739130434782594,0,0.0,0,0,0,0.0,0.0,0.0,0.0,0.0,0.0,0.0,0.0,0.0,0.0,0.0,0.0,0.0,0.0,0.0
A000000224243,풀리 그린 토마토 크림,민감성,c3439735e19c128fdbc5f81a068c5ed7,0,1,0,0,0,0,0,5,2,5,3,3,3,0,0,4,0,16,0,1.0,1.0,3.0,1.0,0.0,0.0,0.0,0.0,1,1,0.8478260869565217,1,0,0.782608695652174,1,0.021739130434782594,0,0.0,0,0,0,0.0,0.0,0.8450819794048643,0.0,0.0,0.0,0.0,0.0,0.0,0.0,0.0,0.0,0.40563935011433483,0.0,0.0
A000000224243,풀리 그린 토마토 크림,트러블성,c3439735e19c128fdbc5f81a068c5ed7,0,0,0,0,0,0,1,5,2,5,3,3,3,0,0,4,0,16,0,1.0,1.0,3.0,1.0,0.0,0.0,0.0,0.0,1,1,0.8478260869565217,1,0,0.782608695652174,1,0.021739130434782594,0,0.0,0,0,0,0.0,0.0,0.0,0.0,0.0,0.0,0.0,0.0,0.0,1.0,0.0,0.0,0.7,0.0,0.0
A000000224243,풀리 그린 토마토 크림,중성,c3439735e19c128fdbc5f81a068c5ed7,0,0,0,0,1,0,0,5,2,5,3,3,3,0,0,4,0,16,0,1.0,1.0,3.0,1.0,0.0,0.0,0.0,0.0,1,1,0.8478260869565217,1,0,0.782608695652174,1,0.021739130434782594,0,0.0,0,0,0,0.0,0.0,0.0,0.0,0.0,0.0,0.0,0.0,0.0,0.0,0.0,0.0,0.0,0.0,0.0
A000000224247,풀리 쌀 세라 캡슐 크림,건성,311e7d56c68fa2ac3a205fe5b4c3ed9c,1,0,0,0,0,0,0,13,3,1,6,7,2,0,0,1,0,7,1,1.0,0.0,1.0,0.0,0.0,1.0,0.0,0.0,0,0,0.0,1,0,0.5660377358490566,1,0.26415094339622647,0,0.0,0,0,0,0.6706675418864424,0.3333333333333333,0.0,0.0,0.0,0.0,0.0,0.0,0.0,0.0,0.0,0.0,0.8840008752197757,0.0,0.0
A000000224247,풀리 쌀 세라 캡슐 크림,약건성,311e7d56c68fa2ac3a205fe5b4c3ed9c,0,0,0,1,0,0,0,13,3,1,6,7,2,0,0,1,0,7,1,1.0,0.0,1.0,0.0,0.0,1.0,0.0,0.0,0,0,0.0,1,0,0.5660377358490566,1,0.26415094339622647,0,0.0,0,0,0,0.6706675418864424,0.3333333333333333,0.0,0.0,0.0,0.0,0.0,0.0,0.0,0.0,0.0,0.0,0.8840008752197757,0.0,0.0
A000000224247,풀리 쌀 세라 캡슐 크림,지성,311e7d56c68fa2ac3a205fe5b4c3ed9c,0,0,0,0,0,1,0,13,3,1,6,7,2,0,0,1,0,7,1,1.0,0.0,1.0,0.0,0.0,1.0,0.0,0.0,0,0,0.0,1,0,0.5660377358490566,1,0.26415094339622647,0,0.0,0,0,0,0.0,0.0,0.0,0.0,0.0,0.0,0.0,0.09836733507184164,0.26231289352491105,0.0,0.0,0.0,0.0,0.0,0.0
A000000224247,풀리 쌀 세라 캡슐 크림,복합성,311e7d56c68fa2ac3a205fe5b4c3ed9c,0,0,1,0,0,0,0,13,3,1,6,7,2,0,0,1,0,7,1,1.0,0.0,1.0,0.0,0.0,1.0,0.0,0.0,0,0,0.0,1,0,0.5660377358490566,1,0.26415094339622647,0,0.0,0,0,0,0.0,0.0,0.0,0.0,0.0,0.0,0.0,0.0,0.0,0.0,0.0,0.0,0.0,0.0,0.0
A000000224247,풀리 쌀 세라 캡슐 크림,민감성,311e7d56c68fa2ac3a205fe5b4c3ed9c,0,1,0,0,0,0,0,13,3,1,6,7,2,0,0,1,0,7,1,1.0,0.0,1.0,0.0,0.0,1.0,0.0,0.0,0,0,0.0,1,0,0.5660377358490566,1,0.26415094339622647,0,0.0,0,0,0,0.0,0.0,0.9731238037003707,0.0,0.0,0.0,0.0,0.0,0.0,0.0,0.0,0.0,0.4670994257761779,0.0,0.0
A000000224247,풀리 쌀 세라 캡슐 크림,트러블성,311e7d56c68fa2ac3a205fe5b4c3ed9c,0,0,0,0,0,0,1,13,3,1,6,7,2,0,0,1,0,7,1,1.0,0.0,1.0,0.0,0.0,1.0,0.0,0.0,0,0,0.0,1,0,0.5660377358490566,1,0.26415094339622647,0,0.0,0,0,0,0.0,0.0,0.0,0.0,0.0,0.0,0.0,0.0,0.0,0.0,0.0,0.0,0.0,0.0,0.0
A000000224247,풀리 쌀 세라 캡슐 크림,중성,311e7d56c68fa2ac3a205fe5b4c3ed9c,0,0,0,0,1,0,0,13,3,1,6,7,2,0,0,1,0,7,1,1.0,0.0,1.0,0.0,0.0,1.0,0.0,0.0,0,0,0.0,1,0,0.5660377358490566,1,0.26415094339622647,0,0.0,0,0,0,0.0,0.0,0.0,0.0,0.0,0.0,0.0,0.0,0.0,0.0,0.0,0.0,0.0,0.0,0.0
A000000224581,빌리프 아쿠아밤 프로즌 크림,건성,479b3967ddc45cd9e2cab14d1acef49a,1,0,0,0,0,0,0,9,3,4,2,2,4,5,0,4,1,10,5,1.0,0.0,3.0,0.0,1.0,0.0,0.0,5.0,1,0,0.5098039215686274,1,1,0.8823529411764706,0,0.0,0,0.0,0,0,0,0.8610049438550144,0.0,0.0,0.0,0.0,0.0,0.0,0.0,0.0,0.0,0.0,0.0,0.8610049438550144,0.0,0.0
A000000224581,빌리프 아쿠아밤 프로즌 크림,약건성,479b3967ddc45cd9e2cab14d1acef49a,0,0,0,1,0,0,0,9,3,4,2,2,4,5,0,4,1,10,5,1.0,0.0,3.0,0.0,1.0,0.0,0.0,5.0,1,0,0.5098039215686274,1,1,0.8823529411764706,0,0.0,0,0.0,0,0,0,0.8610049438550144,0.0,0.0,0.0,0.0,0.0,0.0,0.0,0.0,0.0,0.0,0.0,0.8610049438550144,0.0,0.0
A000000224581,빌리프 아쿠아밤 프로즌 크림,지성,479b3967ddc45cd9e2cab14d1acef49a,0,0,0,0,0,1,0,9,3,4,2,2,4,5,0,4,1,10,5,1.0,0.0,3.0,0.0,1.0,0.0,0.0,5.0,1,0,0.5098039215686274,1,1,0.8823529411764706,0,0.0,0,0.0,0,0,0,0.0,0.0,0.0,0.0,0.0,0.0,0.5098039215686274,0.09836733507184164,0.3901130600463123,0.0,0.0,0.0,0.40784313725490196,0.0,0.0
A000000224581,빌리프 아쿠아밤 프로즌 크림,복합성,479b3967ddc45cd9e2cab14d1acef49a,0,0,1,0,0,0,0,9,3,4,2,2,4,5,0,4,1,10,5,1.0,0.0,3.0,0.0,1.0,0.0,0.0,5.0,1,0,0.5098039215686274,1,1,0.8823529411764706,0,0.0,0,0.0,0,0,0,0.0,0.0,0.0,0.0,0.0,0.0,0.0,0.0,0.0,0.0,0.0,0.0,0.0,0.0,0.0
A000000224581,빌리프 아쿠아밤 프로즌 크림,민감성,479b3967ddc45cd9e2cab14d1acef49a,0,1,0,0,0,0,0,9,3,4,2,2,4,5,0,4,1,10,5,1.0,0.0,3.0,0.0,1.0,0.0,0.0,5.0,1,0,0.5098039215686274,1,1,0.8823529411764706,0,0.0,0,0.0,0,0,0,0.0,0.0,0.736546115786664,0.9932620530009145,0.0,0.9932620530009145,0.0,0.0,0.0,0.0,0.0,0.0,0.35354213557759867,1.080669113664995,0.3820620662978731
A000000224581,빌리프 아쿠아밤 프로즌 크림,트러블성,479b3967ddc45cd9e2cab14d1acef49a,0,0,0,0,0,0,1,9,3,4,2,2,4,5,0,4,1,10,5,1.0,0.0,3.0,0.0,1.0,0.0,0.0,5.0,1,0,0.5098039215686274,1,1,0.8823529411764706,0,0.0,0,0.0,0,0,0,0.0,0.0,0.0,0.0,0.0,0.0,0.0,0.0,0.0,0.0,0.0,0.0,0.0,0.0,0.0
A000000224581,빌리프 아쿠아밤 프로즌 크림,중성,479b3967ddc45cd9e2cab14d1acef49a,0,0,0,0,1,0,0,9,3,4,2,2,4,5,0,4,1,10,5,1.0,0.0,3.0,0.0,1.0,0.0,0.0,5.0,1,0,0.5098039215686274,1,1,0.8823529411764706,0,0.0,0,0.0,0,0,0,0.0,0.0,0.0,0.0,0.0,0.0,0.0,0.0,0.0,0.0,0.0,0.0,0.0,0.0,0.0
A000000224727,메이크프렘 인테카 수딩크림,건성,e974e261d6fafafcd56798cc97f38912,1,0,0,0,0,0,0,10,2,2,1,3,2,0,0,1,0,0,1,0.0,0.0,1.0,1.0,0.0,1.0,0.0,0.0,1,1,0.7586206896551724,0,0,0.0,0,0.0,0,0.0,0,0,0,0.7276813370984301,0.0,0.0,0.0,0.0,0.0,0.0,0.0,0.0,0.0,0.0,0.0,0.7276813370984301,0.0,0.0
A000000224727,메이크프렘 인테카 수딩크림,약건성,e974e261d6fafafcd56798cc97f38912,0,0,0,1,0,0,0,10,2,2,1,3,2,0,0,1,0,0,1,0.0,0.0,1.0,1.0,0.0,1.0,0.0,0.0,1,1,0.7586206896551724,0,0,0.0,0,0.0,0,0.0,0,0,0,0.7276813370984301,0.0,0.0,0.0,0.0,0.0,0.0,0.0,0.0,0.0,0.0,0.0,0.7276813370984301,0.0,0.0
A000000224727,메이크프렘 인테카 수딩크림,지성,e974e261d6fafafcd56798cc97f38912,0,0,0,0,0,1,0,10,2,2,1,3,2,0,0,1,0,0,1,0.0,0.0,1.0,1.0,0.0,1.0,0.0,0.0,1,1,0.7586206896551724,0,0,0.0,0,0.0,0,0.0,0,0,0,0.0,0.0,0.0,0.0,0.0,0.0,0.7586206896551724,0.25639747477898106,0.13115644676245553,0.0,0.0,0.0,0.6068965517241379,0.0,0.0
A000000224727,메이크프렘 인테카 수딩크림,복합성,e974e261d6fafafcd56798cc97f38912,0,0,1,0,0,0,0,10,2,2,1,3,2,0,0,1,0,0,1,0.0,0.0,1.0,1.0,0.0,1.0,0.0,0.0,1,1,0.7586206896551724,0,0,0.0,0,0.0,0,0.0,0,0,0,0.0,0.0,0.0,0.0,0.0,0.0,0.0,0.0,0.0,0.0,0.0,0.0,0.0,0.0,0.0
A000000224727,메이크프렘 인테카 수딩크림,민감성,e974e261d6fafafcd56798cc97f38912,0,1,0,0,0,0,0,10,2,2,1,3,2,0,0,1,0,0,1,0.0,0.0,1.0,1.0,0.0,1.0,0.0,0.0,1,1,0.7586206896551724,0,0,0.0,0,0.0,0,0.0,0,0,0,0.0,0.0,0.6736273621134925,0.0,0.0,0.0,0.0,0.0,0.0,0.0,0.0,0.0,0.3233411338144764,0.0,0.0
A000000224727,메이크프렘 인테카 수딩크림,트러블성,e974e261d6fafafcd56798cc97f38912,0,0,0,0,0,0,1,10,2,2,1,3,2,0,0,1,0,0,1,0.0,0.0,1.0,1.0,0.0,1.0,0.0,0.0,1,1,0.7586206896551724,0,0,0.0,0,0.0,0,0.0,0,0,0,0.0,0.0,0.0,0.0,0.0,0.0,0.0,0.0,0.0,0.0,0.0,0.0,0.0,0.0,0.0
A000000224727,메이크프렘 인테카 수딩크림,중성,e974e261d6fafafcd56798cc97f38912,0,0,0,0,1,0,0,10,2,2,1,3,2,0,0,1,0,0,1,0.0,0.0,1.0,1.0,0.0,1.0,0.0,0.0,1,1,0.7586206896551724,0,0,0.0,0,0.0,0,0.0,0,0,0,0.0,0.0,0.0,0.0,0.0,0.0,0.0,0.0,0.0,0.0,0.0,0.0,0.0,0.0,0.0
A000000224880,브이앤에이뷰티 안티옥시던트 시너지 크림,건성,7159fdd65adde4e55eae08ad2631e999,1,0,0,0,0,0,0,10,8,3,11,6,8,4,1,1,2,7,4,1.0,1.0,0.0,1.0,0.0,0.0,0.0,4.0,1,1,0.972972972972973,1,0,0.7972972972972973,1,0.4054054054054054,0,0.0,1,0,1,0.9026401992841566,0.6666666666666666,0.0,0.0,0.0,0.0,0.0,0.0,0.0,0.0,0.0,0.0,1.3293068659508234,0.0,0.0
A000000224880,브이앤에이뷰티 안티옥시던트 시너지 크림,약건성,7159fdd65adde4e55eae08ad2631e999,0,0,0,1,0,0,0,10,8,3,11,6,8,4,1,1,2,7,4,1.0,1.0,0.0,1.0,0.0,0.0,0.0,4.0,1,1,0.972972972972973,1,0,0.7972972972972973,1,0.4054054054054054,0,0.0,1,0,1,0.9026401992841566,0.6666666666666666,0.0,0.0,0.0,0.0,0.0,0.0,0.0,0.0,0.0,0.0,1.3293068659508234,0.0,0.0
A000000224880,브이앤에이뷰티 안티옥시던트 시너지 크림,지성,7159fdd65adde4e55eae08ad2631e999,0,0,0,0,0,1,0,10,8,3,11,6,8,4,1,1,2,7,4,1.0,1.0,0.0,1.0,0.0,0.0,0.0,4.0,1,1,0.972972972972973,1,0,0.7972972972972973,1,0.4054054054054054,0,0.0,1,0,1,0.0,0.0,0.0,0.0,0.0,0.0,0.972972972972973,0.15803013970713942,0.3418632997053081,0.0,0.0,0.0,0.7783783783783784,0.0,0.0
A000000224880,브이앤에이뷰티 안티옥시던트 시너지 크림,복합성,7159fdd65adde4e55eae08ad2631e999,0,0,1,0,0,0,0,10,8,3,11,6,8,4,1,1,2,7,4,1.0,1.0,0.0,1.0,0.0,0.0,0.0,4.0,1,1,0.972972972972973,1,0,0.7972972972972973,1,0.4054054054054054,0,0.0,1,0,1,0.0,0.0,0.0,0.0,0.0,0.0,0.0,0.0,0.0,0.0,0.0,0.0,0.0,0.0,0.0
A000000224880,브이앤에이뷰티 안티옥시던트 시너지 크림,민감성,7159fdd65adde4e55eae08ad2631e999,0,1,0,0,0,0,0,10,8,3,11,6,8,4,1,1,2,7,4,1.0,1.0,0.0,1.0,0.0,0.0,0.0,4.0,1,1,0.972972972972973,1,0,0.7972972972972973,1,0.4054054054054054,0,0.0,1,0,1,0.0,0.0,0.9817799210931324,0.9816843611112658,0.6321205588285577,0.9816843611112658,0.0,0.0,0.0,0.0,0.0,0.002583332245486472,0.4712543621247035,1.3517792616933482,0.6370318737027014
A000000224880,브이앤에이뷰티 안티옥시던트 시너지 크림,트러블성,7159fdd65adde4e55eae08ad2631e999,0,0,0,0,0,0,1,10,8,3,11,6,8,4,1,1,2,7,4,1.0,1.0,0.0,1.0,0.0,0.0,0.0,4.0,1,1,0.972972972972973,1,0,0.7972972972972973,1,0.4054054054054054,0,0.0,1,0,1,0.0,0.0,0.0,0.0,0.0,0.0,0.0,0.0,0.0,1.0,0.0,0.002583332245486472,0.7,0.0005166664490972944,0.00036166651436810607
A000000224880,브이앤에이뷰티 안티옥시던트 시너지 크림,중성,7159fdd65adde4e55eae08ad2631e999,0,0,0,0,1,0,0,10,8,3,11,6,8,4,1,1,2,7,4,1.0,1.0,0.0,1.0,0.0,0.0,0.0,4.0,1,1,0.972972972972973,1,0,0.7972972972972973,1,0.4054054054054054,0,0.0,1,0,1,0.0,0.0,0.0,0.0,0.0,0.0,0.0,0.0,0.0,0.0,0.0,0.0,0.0,0.0,0.0
A000000225127,코스알엑스 더 세라마이드 스킨 베리어 모이스처라이저,건성,9813da2af8461932fa6903f8ef3ce545,1,0,0,0,0,0,0,12,7,4,12,2,1,0,0,2,0,0,0,2.0,0.0,2.0,1.0,3.0,0.0,0.0,0.0,0,0,0.0,1,0,0.27083333333333337,1,0.20833333333333337,0,0.0,1,1,0,0.9372044036305124,1.0,0.0,0.0,0.0,0.0,0.0,0.0,0.0,0.0,0.0,0.0,1.5772044036305124,0.0,0.0
A000000225127,코스알엑스 더 세라마이드 스킨 베리어 모이스처라이저,약건성,9813da2af8461932fa6903f8ef3ce545,0,0,0,1,0,0,0,12,7,4,12,2,1,0,0,2,0,0,0,2.0,0.0,2.0,1.0,3.0,0.0,0.0,0.0,0,0,0.0,1,0,0.27083333333333337,1,0.20833333333333337,0,0.0,1,1,0,0.9372044036305124,1.0,0.0,0.0,0.0,0.0,0.0,0.0,0.0,0.0,0.0,0.0,1.5772044036305124,0.0,0.0
A000000225127,코스알엑스 더 세라마이드 스킨 베리어 모이스처라이저,지성,9813da2af8461932fa6903f8ef3ce545,0,0,0,0,0,1,0,12,7,4,12,2,1,0,0,2,0,0,0,2.0,0.0,2.0,1.0,3.0,0.0,0.0,0.0,0,0,0.0,1,0,0.27083333333333337,1,0.20833333333333337,0,0.0,1,1,0,0.0,0.0,0.0,0.0,0.0,0.0,0.0,0.35224759967003194,0.4214137058857051,0.0,0.0,0.0,0.0,0.0,0.0
A000000225127,코스알엑스 더 세라마이드 스킨 베리어 모이스처라이저,복합성,9813da2af8461932fa6903f8ef3ce545,0,0,1,0,0,0,0,12,7,4,12,2,1,0,0,2,0,0,0,2.0,0.0,2.0,1.0,3.0,0.0,0.0,0.0,0,0,0.0,1,0,0.27083333333333337,1,0.20833333333333337,0,0.0,1,1,0,0.0,0.0,0.0,0.0,0.0,0.0,0.0,0.0,0.0,0.0,0.0,0.0,0.0,0.0,0.0
A000000225127,코스알엑스 더 세라마이드 스킨 베리어 모이스처라이저,민감성,9813da2af8461932fa6903f8ef3ce545,0,1,0,0,0,0,0,12,7,4,12,2,1,0,0,2,0,0,0,2.0,0.0,2.0,1.0,3.0,0.0,0.0,0.0,0,0,0.0,1,0,0.27083333333333337,1,0.20833333333333337,0,0.0,1,1,0,0.0,0.0,0.8575129555137339,0.0,0.0,0.0,0.0,0.0,0.0,0.0,0.0,0.0,0.41160621864659225,0.0,0.0
A000000225127,코스알엑스 더 세라마이드 스킨 베리어 모이스처라이저,트러블성,9813da2af8461932fa6903f8ef3ce545,0,0,0,0,0,0,1,12,7,4,12,2,1,0,0,2,0,0,0,2.0,0.0,2.0,1.0,3.0,0.0,0.0,0.0,0,0,0.0,1,0,0.27083333333333337,1,0.20833333333333337,0,0.0,1,1,0,0.0,0.0,0.0,0.0,0.0,0.0,0.0,0.0,0.0,0.0,0.0,0.0,0.0,0.0,0.0
A000000225127,코스알엑스 더 세라마이드 스킨 베리어 모이스처라이저,중성,9813da2af8461932fa6903f8ef3ce545,0,0,0,0,1,0,0,12,7,4,12,2,1,0,0,2,0,0,0,2.0,0.0,2.0,1.0,3.0,0.0,0.0,0.0,0,0,0.0,1,0,0.27083333333333337,1,0.20833333333333337,0,0.0,1,1,0,0.0,0.0,0.0,0.0,0.0,0.0,0.0,0.0,0.0,0.0,0.0,0.0,0.0,0.0,0.0
A000000225180,코스알엑스 어드벤스드 스네일 92 올인원 크림,건성,7acfd03d65fb72dfd2204e9ebc823329,1,0,0,0,0,0,0,5,2,1,2,2,1,0,0,1,0,0,0,0.0,0.0,1.0,0.0,1.0,0.0,0.0,0.0,0,0,0.0,1,0,0.16666666666666663,0,0.0,0,0.0,0,1,0,0.5864974015094526,0.3333333333333333,0.0,0.0,0.0,0.0,0.0,0.0,0.0,0.0,0.0,0.0,0.799830734842786,0.0,0.0
A000000225180,코스알엑스 어드벤스드 스네일 92 올인원 크림,약건성,7acfd03d65fb72dfd2204e9ebc823329,0,0,0,1,0,0,0,5,2,1,2,2,1,0,0,1,0,0,0,0.0,0.0,1.0,0.0,1.0,0.0,0.0,0.0,0,0,0.0,1,0,0.16666666666666663,0,0.0,0,0.0,0,1,0,0.5864974015094526,0.3333333333333333,0.0,0.0,0.0,0.0,0.0,0.0,0.0,0.0,0.0,0.0,0.799830734842786,0.0,0.0
A000000225180,코스알엑스 어드벤스드 스네일 92 올인원 크림,지성,7acfd03d65fb72dfd2204e9ebc823329,0,0,0,0,0,1,0,5,2,1,2,2,1,0,0,1,0,0,0,0.0,0.0,1.0,0.0,1.0,0.0,0.0,0.0,0,0,0.0,1,0,0.16666666666666663,0,0.0,0,0.0,0,1,0,0.0,0.0,0.0,0.0,0.0,0.0,0.0,0.09836733507184164,0.13115644676245553,0.0,0.0,0.0,0.0,0.0,0.0
A000000225180,코스알엑스 어드벤스드 스네일 92 올인원 크림,복합성,7acfd03d65fb72dfd2204e9ebc823329,0,0,1,0,0,0,0,5,2,1,2,2,1,0,0,1,0,0,0,0.0,0.0,1.0,0.0,1.0,0.0,0.0,0.0,0,0,0.0,1,0,0.16666666666666663,0,0.0,0,0.0,0,1,0,0.0,0.0,0.0,0.0,0.0,0.0,0.0,0.0,0.0,0.0,0.0,0.0,0.0,0.0,0.0
A000000225180,코스알엑스 어드벤스드 스네일 92 올인원 크림,민감성,7acfd03d65fb72dfd2204e9ebc823329,0,1,0,0,0,0,0,5,2,1,2,2,1,0,0,1,0,0,0,0.0,0.0,1.0,0.0,1.0,0.0,0.0,0.0,0,0,0.0,1,0,0.16666666666666663,0,0.0,0,0.0,0,1,0,0.0,0.0,0.736546115786664,0.0,0.0,0.0,0.0,0.0,0.0,0.0,0.0,0.0,0.35354213557759867,0.0,0.0
A000000225180,코스알엑스 어드벤스드 스네일 92 올인원 크림,트러블성,7acfd03d65fb72dfd2204e9ebc823329,0,0,0,0,0,0,1,5,2,1,2,2,1,0,0,1,0,0,0,0.0,0.0,1.0,0.0,1.0,0.0,0.0,0.0,0,0,0.0,1,0,0.16666666666666663,0,0.0,0,0.0,0,1,0,0.0,0.0,0.0,0.0,0.0,0.0,0.0,0.0,0.0,0.0,0.0,0.0,0.0,0.0,0.0
A000000225180,코스알엑스 어드벤스드 스네일 92 올인원 크림,중성,7acfd03d65fb72dfd2204e9ebc823329,0,0,0,0,1,0,0,5,2,1,2,2,1,0,0,1,0,0,0,0.0,0.0,1.0,0.0,1.0,0.0,0.0,0.0,0,0,0.0,1,0,0.16666666666666663,0,0.0,0,0.0,0,1,0,0.0,0.0,0.0,0.0,0.0,0.0,0.0,0.0,0.0,0.0,0.0,0.0,0.0,0.0,0.0
A000000225409,아누아 어성초 센텔라 레드 스팟 크림,건성,3ef0eb445195bb6adfda8b21f71ee85a,1,0,0,0,0,0,0,6,8,5,12,7,3,0,0,3,0,5,1,1.0,1.0,1.0,1.0,1.0,1.0,0.0,0.0,1,1,0.8787878787878788,1,1,0.9393939393939394,1,0.12121212121212122,0,0.0,1,1,0,0.9201826192257964,1.0,0.0,0.0,0.0,0.0,0.0,0.0,0.0,0.0,0.0,0.0,1.5601826192257964,0.0,0.0
A000000225409,아누아 어성초 센텔라 레드 스팟 크림,약건성,3ef0eb445195bb6adfda8b21f71ee85a,0,0,0,1,0,0,0,6,8,5,12,7,3,0,0,3,0,5,1,1.0,1.0,1.0,1.0,1.0,1.0,0.0,0.0,1,1,0.8787878787878788,1,1,0.9393939393939394,1,0.12121212121212122,0,0.0,1,1,0,0.9201826192257964,1.0,0.0,0.0,0.0,0.0,0.0,0.0,0.0,0.0,0.0,0.0,1.5601826192257964,0.0,0.0
A000000225409,아누아 어성초 센텔라 레드 스팟 크림,지성,3ef0eb445195bb6adfda8b21f71ee85a,0,0,0,0,0,1,0,6,8,5,12,7,3,0,0,3,0,5,1,1.0,1.0,1.0,1.0,1.0,1.0,0.0,0.0,1,1,0.8787878787878788,1,1,0.9393939393939394,1,0.12121212121212122,0,0.0,1,1,0,0.0,0.0,0.0,0.0,0.0,0.0,0.8787878787878788,0.3547648098508227,0.4730197464677636,0.0,0.0,0.0,0.7030303030303031,0.0,0.0
A000000225409,아누아 어성초 센텔라 레드 스팟 크림,복합성,3ef0eb445195bb6adfda8b21f71ee85a,0,0,1,0,0,0,0,6,8,5,12,7,3,0,0,3,0,5,1,1.0,1.0,1.0,1.0,1.0,1.0,0.0,0.0,1,1,0.8787878787878788,1,1,0.9393939393939394,1,0.12121212121212122,0,0.0,1,1,0,0.0,0.0,0.0,0.0,0.0,0.0,0.0,0.0,0.0,0.0,0.0,0.0,0.0,0.0,0.0
A000000225409,아누아 어성초 센텔라 레드 스팟 크림,민감성,3ef0eb445195bb6adfda8b21f71ee85a,0,1,0,0,0,0,0,6,8,5,12,7,3,0,0,3,0,5,1,1.0,1.0,1.0,1.0,1.0,1.0,0.0,0.0,1,1,0.8787878787878788,1,1,0.9393939393939394,1,0.12121212121212122,0,0.0,1,1,0,0.0,0.0,0.9890126251448706,0.0,0.0,0.0,0.0,0.0,0.0,0.0,0.0,0.0,0.4747260600695379,0.0,0.0
A000000225409,아누아 어성초 센텔라 레드 스팟 크림,트러블성,3ef0eb445195bb6adfda8b21f71ee85a,0,0,0,0,0,0,1,6,8,5,12,7,3,0,0,3,0,5,1,1.0,1.0,1.0,1.0,1.0,1.0,0.0,0.0,1,1,0.8787878787878788,1,1,0.9393939393939394,1,0.12121212121212122,0,0.0,1,1,0,0.0,0.0,0.0,0.0,0.0,0.0,0.0,0.0,0.0,1.0,0.0,0.0,0.7,0.0,0.0
A000000225409,아누아 어성초 센텔라 레드 스팟 크림,중성,3ef0eb445195bb6adfda8b21f71ee85a,0,0,0,0,1,0,0,6,8,5,12,7,3,0,0,3,0,5,1,1.0,1.0,1.0,1.0,1.0,1.0,0.0,0.0,1,1,0.8787878787878788,1,1,0.9393939393939394,1,0.12121212121212122,0,0.0,1,1,0,0.0,0.0,0.0,0.0,0.0,0.0,0.0,0.0,0.0,0.0,0.0,0.0,0.0,0.0,0.0
A000000226527,셀인샷 EGF 알란테놀 트러블 크림,건성,07b4cc19ae5523c0271a8a38b6eb6f4f,1,0,0,0,0,0,0,8,5,1,4,4,5,1,0,0,2,5,3,1.0,0.0,0.0,1.0,2.0,3.0,0.0,0.0,1,1,0.8653846153846154,1,0,0.6346153846153846,1,0.07692307692307687,0,0.0,0,0,0,0.6952577233571487,0.3333333333333333,0.0,0.0,0.0,0.0,0.0,0.0,0.0,0.0,0.0,0.0,0.908591056690482,0.0,0.0
A000000226527,셀인샷 EGF 알란테놀 트러블 크림,약건성,07b4cc19ae5523c0271a8a38b6eb6f4f,0,0,0,1,0,0,0,8,5,1,4,4,5,1,0,0,2,5,3,1.0,0.0,0.0,1.0,2.0,3.0,0.0,0.0,1,1,0.8653846153846154,1,0,0.6346153846153846,1,0.07692307692307687,0,0.0,0,0,0,0.6952577233571487,0.3333333333333333,0.0,0.0,0.0,0.0,0.0,0.0,0.0,0.0,0.0,0.0,0.908591056690482,0.0,0.0
A000000226527,셀인샷 EGF 알란테놀 트러블 크림,지성,07b4cc19ae5523c0271a8a38b6eb6f4f,0,0,0,0,0,1,0,8,5,1,4,4,5,1,0,0,2,5,3,1.0,0.0,0.0,1.0,2.0,3.0,0.0,0.0,1,1,0.8653846153846154,1,0,0.6346153846153846,1,0.07692307692307687,0,0.0,0,0,0,0.0,0.0,0.0,0.0,0.0,0.0,0.8653846153846154,0.5102777393771714,0.13115644676245553,0.0,0.0,0.0,0.6923076923076924,0.0,0.0
A000000226527,셀인샷 EGF 알란테놀 트러블 크림,복합성,07b4cc19ae5523c0271a8a38b6eb6f4f,0,0,1,0,0,0,0,8,5,1,4,4,5,1,0,0,2,5,3,1.0,0.0,0.0,1.0,2.0,3.0,0.0,0.0,1,1,0.8653846153846154,1,0,0.6346153846153846,1,0.07692307692307687,0,0.0,0,0,0,0.0,0.0,0.0,0.0,0.0,0.0,0.0,0.0,0.0,0.0,0.0,0.0,0.0,0.0,0.0
A000000226527,셀인샷 EGF 알란테놀 트러블 크림,민감성,07b4cc19ae5523c0271a8a38b6eb6f4f,0,1,0,0,0,0,0,8,5,1,4,4,5,1,0,0,2,5,3,1.0,0.0,0.0,1.0,2.0,3.0,0.0,0.0,1,1,0.8653846153846154,1,0,0.6346153846153846,1,0.07692307692307687,0,0.0,0,0,0,0.0,0.0,0.9076083688643859,0.6321205588285577,0.0,0.0,0.0,0.0,0.0,0.0,0.0,0.0,0.4356520170549052,0.5056964470628461,0.22030767718042799
A000000226527,셀인샷 EGF 알란테놀 트러블 크림,트러블성,07b4cc19ae5523c0271a8a38b6eb6f4f,0,0,0,0,0,0,1,8,5,1,4,4,5,1,0,0,2,5,3,1.0,0.0,0.0,1.0,2.0,3.0,0.0,0.0,1,1,0.8653846153846154,1,0,0.6346153846153846,1,0.07692307692307687,0,0.0,0,0,0,0.0,0.0,0.0,0.0,0.0,0.0,0.0,0.0,0.0,1.0,0.0,0.0,0.7,0.0,0.0
A000000226527,셀인샷 EGF 알란테놀 트러블 크림,중성,07b4cc19ae5523c0271a8a38b6eb6f4f,0,0,0,0,1,0,0,8,5,1,4,4,5,1,0,0,2,5,3,1.0,0.0,0.0,1.0,2.0,3.0,0.0,0.0,1,1,0.8653846153846154,1,0,0.6346153846153846,1,0.07692307692307687,0,0.0,0,0,0,0.0,0.0,0.0,0.0,0.0,0.0,0.0,0.0,0.0,0.0,0.0,0.0,0.0,0.0,0.0
A000000226553,브링그린 티트리 시카 수딩 크림 플러스,건성,4c12ba74c7950faca2e45be28090290c,1,0,0,0,0,0,0,4,1,2,1,2,2,0,0,1,0,4,1,0.0,0.0,1.0,0.0,0.0,0.0,0.0,1.0,1,1,0.7272727272727273,0,0,0.0,0,0.0,0,0.0,0,0,0,0.5679046526399114,0.0,0.0,0.0,0.0,0.0,0.0,0.0,0.0,0.0,0.0,0.0,0.5679046526399114,0.0,0.0
A000000226553,브링그린 티트리 시카 수딩 크림 플러스,약건성,4c12ba74c7950faca2e45be28090290c,0,0,0,1,0,0,0,4,1,2,1,2,2,0,0,1,0,4,1,0.0,0.0,1.0,0.0,0.0,0.0,0.0,1.0,1,1,0.7272727272727273,0,0,0.0,0,0.0,0,0.0,0,0,0,0.5679046526399114,0.0,0.0,0.0,0.0,0.0,0.0,0.0,0.0,0.0,0.0,0.0,0.5679046526399114,0.0,0.0
A000000226553,브링그린 티트리 시카 수딩 크림 플러스,지성,4c12ba74c7950faca2e45be28090290c,0,0,0,0,0,1,0,4,1,2,1,2,2,0,0,1,0,4,1,0.0,0.0,1.0,0.0,0.0,0.0,0.0,1.0,1,1,0.7272727272727273,0,0,0.0,0,0.0,0,0.0,0,0,0,0.0,0.0,0.0,0.0,0.0,0.0,0.7272727272727273,0.0,0.13115644676245553,0.0,0.0,0.0,0.5818181818181819,0.0,0.0
A000000226553,브링그린 티트리 시카 수딩 크림 플러스,복합성,4c12ba74c7950faca2e45be28090290c,0,0,1,0,0,0,0,4,1,2,1,2,2,0,0,1,0,4,1,0.0,0.0,1.0,0.0,0.0,0.0,0.0,1.0,1,1,0.7272727272727273,0,0,0.0,0,0.0,0,0.0,0,0,0,0.0,0.0,0.0,0.0,0.0,0.0,0.0,0.0,0.0,0.0,0.0,0.0,0.0,0.0,0.0
A000000226553,브링그린 티트리 시카 수딩 크림 플러스,민감성,4c12ba74c7950faca2e45be28090290c,0,1,0,0,0,0,0,4,1,2,1,2,2,0,0,1,0,4,1,0.0,0.0,1.0,0.0,0.0,0.0,0.0,1.0,1,1,0.7272727272727273,0,0,0.0,0,0.0,0,0.0,0,0,0,0.0,0.0,0.6288836021376135,0.0,0.0,0.6321205588285577,0.0,0.0,0.0,0.0,0.0,0.0,0.3018641290260545,0.1820507209426246,0.05495458231591067
A000000226553,브링그린 티트리 시카 수딩 크림 플러스,트러블성,4c12ba74c7950faca2e45be28090290c,0,0,0,0,0,0,1,4,1,2,1,2,2,0,0,1,0,4,1,0.0,0.0,1.0,0.0,0.0,0.0,0.0,1.0,1,1,0.7272727272727273,0,0,0.0,0,0.0,0,0.0,0,0,0,0.0,0.0,0.0,0.0,0.0,0.0,0.0,0.0,0.0,0.0,0.0,0.0,0.0,0.0,0.0
A000000226553,브링그린 티트리 시카 수딩 크림 플러스,중성,4c12ba74c7950faca2e45be28090290c,0,0,0,0,1,0,0,4,1,2,1,2,2,0,0,1,0,4,1,0.0,0.0,1.0,0.0,0.0,0.0,0.0,1.0,1,1,0.7272727272727273,0,0,0.0,0,0.0,0,0.0,0,0,0,0.0,0.0,0.0,0.0,0.0,0.0,0.0,0.0,0.0,0.0,0.0,0.0,0.0,0.0,0.0
A000000227939,퍼셀 픽셀바이옴 히알 콜라겐 유산균 크림,건성,81dc7f46c16de635b4130a2b6a16caf0,1,0,0,0,0,0,0,15,3,3,5,3,3,0,0,2,0,2,0,0.0,1.0,1.0,0.0,0.0,0.0,0.0,0.0,1,1,0.84,1,0,0.56,1,0.31999999999999995,0,0.0,0,0,0,0.8431796612170582,0.3333333333333333,0.0,0.0,0.0,0.0,0.0,0.0,0.0,0.0,0.0,0.0,1.0565129945503915,0.0,0.0
A000000227939,퍼셀 픽셀바이옴 히알 콜라겐 유산균 크림,약건성,81dc7f46c16de635b4130a2b6a16caf0,0,0,0,1,0,0,0,15,3,3,5,3,3,0,0,2,0,2,0,0.0,1.0,1.0,0.0,0.0,0.0,0.0,0.0,1,1,0.84,1,0,0.56,1,0.31999999999999995,0,0.0,0,0,0,0.8431796612170582,0.3333333333333333,0.0,0.0,0.0,0.0,0.0,0.0,0.0,0.0,0.0,0.0,1.0565129945503915,0.0,0.0
A000000227939,퍼셀 픽셀바이옴 히알 콜라겐 유산균 크림,지성,81dc7f46c16de635b4130a2b6a16caf0,0,0,0,0,0,1,0,15,3,3,5,3,3,0,0,2,0,2,0,0.0,1.0,1.0,0.0,0.0,0.0,0.0,0.0,1,1,0.84,1,0,0.56,1,0.31999999999999995,0,0.0,0,0,0,0.0,0.0,0.0,0.0,0.0,0.0,0.84,0.0,0.3418632997053081,0.0,0.0,0.0,0.672,0.0,0.0
A000000227939,퍼셀 픽셀바이옴 히알 콜라겐 유산균 크림,복합성,81dc7f46c16de635b4130a2b6a16caf0,0,0,1,0,0,0,0,15,3,3,5,3,3,0,0,2,0,2,0,0.0,1.0,1.0,0.0,0.0,0.0,0.0,0.0,1,1,0.84,1,0,0.56,1,0.31999999999999995,0,0.0,0,0,0,0.0,0.0,0.0,0.0,0.0,0.0,0.0,0.0,0.0,0.0,0.0,0.0,0.0,0.0,0.0
A000000227939,퍼셀 픽셀바이옴 히알 콜라겐 유산균 크림,민감성,81dc7f46c16de635b4130a2b6a16caf0,0,1,0,0,0,0,0,15,3,3,5,3,3,0,0,2,0,2,0,0.0,1.0,1.0,0.0,0.0,0.0,0.0,0.0,1,1,0.84,1,0,0.56,1,0.31999999999999995,0,0.0,0,0,0,0.0,0.0,0.89340883503259,0.0,0.0,0.0,0.0,0.0,0.0,0.0,0.0,0.0,0.4288362408156432,0.0,0.0
A000000227939,퍼셀 픽셀바이옴 히알 콜라겐 유산균 크림,트러블성,81dc7f46c16de635b4130a2b6a16caf0,0,0,0,0,0,0,1,15,3,3,5,3,3,0,0,2,0,2,0,0.0,1.0,1.0,0.0,0.0,0.0,0.0,0.0,1,1,0.84,1,0,0.56,1,0.31999999999999995,0,0.0,0,0,0,0.0,0.0,0.0,0.0,0.0,0.0,0.0,0.0,0.0,1.0,0.0,0.0,0.7,0.0,0.0
A000000227939,퍼셀 픽셀바이옴 히알 콜라겐 유산균 크림,중성,81dc7f46c16de635b4130a2b6a16caf0,0,0,0,0,1,0,0,15,3,3,5,3,3,0,0,2,0,2,0,0.0,1.0,1.0,0.0,0.0,0.0,0.0,0.0,1,1,0.84,1,0,0.56,1,0.31999999999999995,0,0.0,0,0,0,0.0,0.0,0.0,0.0,0.0,0.0,0.0,0.0,0.0,0.0,0.0,0.0,0.0,0.0,0.0
A000000228255,더마팩토리 바쿠치올 1% 크림,건성,5d4626190c9280dc4c40ee36a9863c7d,1,0,0,0,0,0,0,3,5,2,1,0,2,0,0,1,0,1,1,1.0,0.0,0.0,0.0,1.0,0.0,1.0,0.0,0,0,0.0,0,0,0.0,0,0.0,0,0.0,0,0,0,0.7158149526060287,0.0,0.0,0.0,0.0,0.0,0.0,0.0,0.0,0.0,0.0,0.0,0.7158149526060287,0.0,0.0
A000000228255,더마팩토리 바쿠치올 1% 크림,약건성,5d4626190c9280dc4c40ee36a9863c7d,0,0,0,1,0,0,0,3,5,2,1,0,2,0,0,1,0,1,1,1.0,0.0,0.0,0.0,1.0,0.0,1.0,0.0,0,0,0.0,0,0,0.0,0,0.0,0,0.0,0,0,0,0.7158149526060287,0.0,0.0,0.0,0.0,0.0,0.0,0.0,0.0,0.0,0.0,0.0,0.7158149526060287,0.0,0.0
A000000228255,더마팩토리 바쿠치올 1% 크림,지성,5d4626190c9280dc4c40ee36a9863c7d,0,0,0,0,0,1,0,3,5,2,1,0,2,0,0,1,0,1,1,1.0,0.0,0.0,0.0,1.0,0.0,1.0,0.0,0,0,0.0,0,0,0.0,0,0.0,0,0.0,0,0,0,0.0,0.0,0.0,0.0,0.0,0.0,0.0,0.25639747477898106,0.13115644676245553,0.0,0.0,0.0,0.0,0.0,0.0
A000000228255,더마팩토리 바쿠치올 1% 크림,복합성,5d4626190c9280dc4c40ee36a9863c7d,0,0,1,0,0,0,0,3,5,2,1,0,2,0,0,1,0,1,1,1.0,0.0,0.0,0.0,1.0,0.0,1.0,0.0,0,0,0.0,0,0,0.0,0,0.0,0,0.0,0,0,0,0.0,0.0,0.0,0.0,0.0,0.0,0.0,0.0,0.0,0.0,0.0,0.0,0.0,0.0,0.0
A000000228255,더마팩토리 바쿠치올 1% 크림,민감성,5d4626190c9280dc4c40ee36a9863c7d,0,1,0,0,0,0,0,3,5,2,1,0,2,0,0,1,0,1,1,1.0,0.0,0.0,0.0,1.0,0.0,1.0,0.0,0,0,0.0,0,0,0.0,0,0.0,0,0.0,0,0,0,0.0,0.0,0.0,0.0,0.0,0.0,0.0,0.0,0.0,0.0,0.0,0.0,0.0,0.0,0.0
A000000228255,더마팩토리 바쿠치올 1% 크림,트러블성,5d4626190c9280dc4c40ee36a9863c7d,0,0,0,0,0,0,1,3,5,2,1,0,2,0,0,1,0,1,1,1.0,0.0,0.0,0.0,1.0,0.0,1.0,0.0,0,0,0.0,0,0,0.0,0,0.0,0,0.0,0,0,0,0.0,0.0,0.0,0.0,0.0,0.0,0.0,0.0,0.0,0.0,0.0,0.0,0.0,0.0,0.0
A000000228255,더마팩토리 바쿠치올 1% 크림,중성,5d4626190c9280dc4c40ee36a9863c7d,0,0,0,0,1,0,0,3,5,2,1,0,2,0,0,1,0,1,1,1.0,0.0,0.0,0.0,1.0,0.0,1.0,0.0,0,0,0.0,0,0,0.0,0,0.0,0,0.0,0,0,0,0.0,0.0,0.0,0.0,0.0,0.0,0.0,0.0,0.0,0.0,0.0,0.0,0.0,0.0,0.0
A000000228346,토리든 솔리드인 세라마이드 크림,건성,d78137187a199180821d634c269ad00f,1,0,0,0,0,0,0,9,4,1,9,2,1,0,0,1,0,1,3,0.0,0.0,1.0,0.0,2.0,3.0,0.0,0.0,0,0,0.0,1,1,0.8723404255319149,1,0.7446808510638299,0,0.0,1,1,0,0.6863197929083549,1.0,0.0,0.0,0.0,0.0,0.0,0.0,0.0,0.0,0.0,0.0,1.3263197929083548,0.0,0.0
A000000228346,토리든 솔리드인 세라마이드 크림,약건성,d78137187a199180821d634c269ad00f,0,0,0,1,0,0,0,9,4,1,9,2,1,0,0,1,0,1,3,0.0,0.0,1.0,0.0,2.0,3.0,0.0,0.0,0,0,0.0,1,1,0.8723404255319149,1,0.7446808510638299,0,0.0,1,1,0,0.6863197929083549,1.0,0.0,0.0,0.0,0.0,0.0,0.0,0.0,0.0,0.0,0.0,1.3263197929083548,0.0,0.0
A000000228346,토리든 솔리드인 세라마이드 크림,지성,d78137187a199180821d634c269ad00f,0,0,0,0,0,1,0,9,4,1,9,2,1,0,0,1,0,1,3,0.0,0.0,1.0,0.0,2.0,3.0,0.0,0.0,0,0,0.0,1,1,0.8723404255319149,1,0.7446808510638299,0,0.0,1,1,0,0.0,0.0,0.0,0.0,0.0,0.0,0.0,0.35224759967003194,0.13115644676245553,0.0,0.0,0.0,0.0,0.0,0.0
A000000228346,토리든 솔리드인 세라마이드 크림,복합성,d78137187a199180821d634c269ad00f,0,0,1,0,0,0,0,9,4,1,9,2,1,0,0,1,0,1,3,0.0,0.0,1.0,0.0,2.0,3.0,0.0,0.0,0,0,0.0,1,1,0.8723404255319149,1,0.7446808510638299,0,0.0,1,1,0,0.0,0.0,0.0,0.0,0.0,0.0,0.0,0.0,0.0,0.0,0.0,0.0,0.0,0.0,0.0
A000000228346,토리든 솔리드인 세라마이드 크림,민감성,d78137187a199180821d634c269ad00f,0,1,0,0,0,0,0,9,4,1,9,2,1,0,0,1,0,1,3,0.0,0.0,1.0,0.0,2.0,3.0,0.0,0.0,0,0,0.0,1,1,0.8723404255319149,1,0.7446808510638299,0,0.0,1,1,0,0.0,0.0,0.8550328105365486,0.0,0.0,0.0,0.0,0.0,0.0,0.0,0.0,0.0,0.4104157490575433,0.0,0.0
A000000228346,토리든 솔리드인 세라마이드 크림,트러블성,d78137187a199180821d634c269ad00f,0,0,0,0,0,0,1,9,4,1,9,2,1,0,0,1,0,1,3,0.0,0.0,1.0,0.0,2.0,3.0,0.0,0.0,0,0,0.0,1,1,0.8723404255319149,1,0.7446808510638299,0,0.0,1,1,0,0.0,0.0,0.0,0.0,0.0,0.0,0.0,0.0,0.0,0.0,0.0,0.0,0.0,0.0,0.0
A000000228346,토리든 솔리드인 세라마이드 크림,중성,d78137187a199180821d634c269ad00f,0,0,0,0,1,0,0,9,4,1,9,2,1,0,0,1,0,1,3,0.0,0.0,1.0,0.0,2.0,3.0,0.0,0.0,0,0,0.0,1,1,0.8723404255319149,1,0.7446808510638299,0,0.0,1,1,0,0.0,0.0,0.0,0.0,0.0,0.0,0.0,0.0,0.0,0.0,0.0,0.0,0.0,0.0,0.0
A000000228390,잇츠스킨 시크릿 솔루션 웨딩 드레스 퓨어 크림,건성,ec126c968fd73c9743af975347d1dd6e,1,0,0,0,0,0,0,3,0,6,0,0,0,1,0,6,0,7,0,0.0,2.0,4.0,0.0,0.0,0.0,0.0,0.0,0,0,0.0,0,0,0.0,0,0.0,0,0.0,0,0,0,0.0,0.0,0.0,0.0,0.0,0.0,0.0,0.0,0.0,0.0,0.0,0.0,0.0,0.0,0.0
A000000228390,잇츠스킨 시크릿 솔루션 웨딩 드레스 퓨어 크림,약건성,ec126c968fd73c9743af975347d1dd6e,0,0,0,1,0,0,0,3,0,6,0,0,0,1,0,6,0,7,0,0.0,2.0,4.0,0.0,0.0,0.0,0.0,0.0,0,0,0.0,0,0,0.0,0,0.0,0,0.0,0,0,0,0.0,0.0,0.0,0.0,0.0,0.0,0.0,0.0,0.0,0.0,0.0,0.0,0.0,0.0,0.0
A000000228390,잇츠스킨 시크릿 솔루션 웨딩 드레스 퓨어 크림,지성,ec126c968fd73c9743af975347d1dd6e,0,0,0,0,0,1,0,3,0,6,0,0,0,1,0,6,0,7,0,0.0,2.0,4.0,0.0,0.0,0.0,0.0,0.0,0,0,0.0,0,0,0.0,0,0.0,0,0.0,0,0,0,0.0,0.0,0.0,0.0,0.0,0.0,0.0,0.0,0.5764431445089249,0.0,0.0,0.0,0.0,0.0,0.0
A000000228390,잇츠스킨 시크릿 솔루션 웨딩 드레스 퓨어 크림,복합성,ec126c968fd73c9743af975347d1dd6e,0,0,1,0,0,0,0,3,0,6,0,0,0,1,0,6,0,7,0,0.0,2.0,4.0,0.0,0.0,0.0,0.0,0.0,0,0,0.0,0,0,0.0,0,0.0,0,0.0,0,0,0,0.0,0.0,0.0,0.0,0.0,0.0,0.0,0.0,0.0,0.0,0.0,0.0,0.0,0.0,0.0
A000000228390,잇츠스킨 시크릿 솔루션 웨딩 드레스 퓨어 크림,민감성,ec126c968fd73c9743af975347d1dd6e,0,1,0,0,0,0,0,3,0,6,0,0,0,1,0,6,0,7,0,0.0,2.0,4.0,0.0,0.0,0.0,0.0,0.0,0,0,0.0,0,0,0.0,0,0.0,0,0.0,0,0,0,0.0,0.0,0.0,0.6321205588285577,0.0,0.0,0.0,0.0,0.0,0.0,0.0,0.0,0.0,0.5056964470628461,0.0
A000000228390,잇츠스킨 시크릿 솔루션 웨딩 드레스 퓨어 크림,트러블성,ec126c968fd73c9743af975347d1dd6e,0,0,0,0,0,0,1,3,0,6,0,0,0,1,0,6,0,7,0,0.0,2.0,4.0,0.0,0.0,0.0,0.0,0.0,0,0,0.0,0,0,0.0,0,0.0,0,0.0,0,0,0,0.0,0.0,0.0,0.0,0.0,0.0,0.0,0.0,0.0,0.0,0.0,0.0,0.0,0.0,0.0
A000000228390,잇츠스킨 시크릿 솔루션 웨딩 드레스 퓨어 크림,중성,ec126c968fd73c9743af975347d1dd6e,0,0,0,0,1,0,0,3,0,6,0,0,0,1,0,6,0,7,0,0.0,2.0,4.0,0.0,0.0,0.0,0.0,0.0,0,0,0.0,0,0,0.0,0,0.0,0,0.0,0,0,0,0.0,0.0,0.0,0.0,0.0,0.0,0.0,0.0,0.0,0.0,0.0,0.0,0.0,0.0,0.0
A000000229093,퍼셀 픽셀바이옴 히알 콜라겐 유산균 크림,건성,81dc7f46c16de635b4130a2b6a16caf0,1,0,0,0,0,0,0,15,3,3,5,3,3,0,0,2,0,2,0,0.0,1.0,1.0,0.0,0.0,0.0,0.0,0.0,1,1,0.84,1,0,0.56,1,0.31999999999999995,0,0.0,0,0,0,0.8431796612170582,0.3333333333333333,0.0,0.0,0.0,0.0,0.0,0.0,0.0,0.0,0.0,0.0,1.0565129945503915,0.0,0.0
A000000229093,퍼셀 픽셀바이옴 히알 콜라겐 유산균 크림,약건성,81dc7f46c16de635b4130a2b6a16caf0,0,0,0,1,0,0,0,15,3,3,5,3,3,0,0,2,0,2,0,0.0,1.0,1.0,0.0,0.0,0.0,0.0,0.0,1,1,0.84,1,0,0.56,1,0.31999999999999995,0,0.0,0,0,0,0.8431796612170582,0.3333333333333333,0.0,0.0,0.0,0.0,0.0,0.0,0.0,0.0,0.0,0.0,1.0565129945503915,0.0,0.0
A000000229093,퍼셀 픽셀바이옴 히알 콜라겐 유산균 크림,지성,81dc7f46c16de635b4130a2b6a16caf0,0,0,0,0,0,1,0,15,3,3,5,3,3,0,0,2,0,2,0,0.0,1.0,1.0,0.0,0.0,0.0,0.0,0.0,1,1,0.84,1,0,0.56,1,0.31999999999999995,0,0.0,0,0,0,0.0,0.0,0.0,0.0,0.0,0.0,0.84,0.0,0.3418632997053081,0.0,0.0,0.0,0.672,0.0,0.0
A000000229093,퍼셀 픽셀바이옴 히알 콜라겐 유산균 크림,복합성,81dc7f46c16de635b4130a2b6a16caf0,0,0,1,0,0,0,0,15,3,3,5,3,3,0,0,2,0,2,0,0.0,1.0,1.0,0.0,0.0,0.0,0.0,0.0,1,1,0.84,1,0,0.56,1,0.31999999999999995,0,0.0,0,0,0,0.0,0.0,0.0,0.0,0.0,0.0,0.0,0.0,0.0,0.0,0.0,0.0,0.0,0.0,0.0
A000000229093,퍼셀 픽셀바이옴 히알 콜라겐 유산균 크림,민감성,81dc7f46c16de635b4130a2b6a16caf0,0,1,0,0,0,0,0,15,3,3,5,3,3,0,0,2,0,2,0,0.0,1.0,1.0,0.0,0.0,0.0,0.0,0.0,1,1,0.84,1,0,0.56,1,0.31999999999999995,0,0.0,0,0,0,0.0,0.0,0.89340883503259,0.0,0.0,0.0,0.0,0.0,0.0,0.0,0.0,0.0,0.4288362408156432,0.0,0.0
A000000229093,퍼셀 픽셀바이옴 히알 콜라겐 유산균 크림,트러블성,81dc7f46c16de635b4130a2b6a16caf0,0,0,0,0,0,0,1,15,3,3,5,3,3,0,0,2,0,2,0,0.0,1.0,1.0,0.0,0.0,0.0,0.0,0.0,1,1,0.84,1,0,0.56,1,0.31999999999999995,0,0.0,0,0,0,0.0,0.0,0.0,0.0,0.0,0.0,0.0,0.0,0.0,1.0,0.0,0.0,0.7,0.0,0.0
A000000229093,퍼셀 픽셀바이옴 히알 콜라겐 유산균 크림,중성,81dc7f46c16de635b4130a2b6a16caf0,0,0,0,0,1,0,0,15,3,3,5,3,3,0,0,2,0,2,0,0.0,1.0,1.0,0.0,0.0,0.0,0.0,0.0,1,1,0.84,1,0,0.56,1,0.31999999999999995,0,0.0,0,0,0,0.0,0.0,0.0,0.0,0.0,0.0,0.0,0.0,0.0,0.0,0.0,0.0,0.0,0.0,0.0
A000000229455,셀라딕스 트러블 세라 캡슐 131 크림,건성,74c8dbec5050ae7e45098753bfecfc6d,1,0,0,0,0,0,0,11,5,2,7,2,3,0,0,0,1,3,0,0.0,0.0,0.0,1.0,2.0,0.0,0.0,0.0,1,0,0.5,1,0,0.42500000000000004,1,0.6,0,0.0,0,1,0,0.8268986207988012,0.6666666666666666,0.0,0.0,0.0,0.0,0.0,0.0,0.0,0.0,0.0,0.0,1.253565287465468,0.0,0.0
A000000229455,셀라딕스 트러블 세라 캡슐 131 크림,약건성,74c8dbec5050ae7e45098753bfecfc6d,0,0,0,1,0,0,0,11,5,2,7,2,3,0,0,0,1,3,0,0.0,0.0,0.0,1.0,2.0,0.0,0.0,0.0,1,0,0.5,1,0,0.42500000000000004,1,0.6,0,0.0,0,1,0,0.8268986207988012,0.6666666666666666,0.0,0.0,0.0,0.0,0.0,0.0,0.0,0.0,0.0,0.0,1.253565287465468,0.0,0.0
A000000229455,셀라딕스 트러블 세라 캡슐 131 크림,지성,74c8dbec5050ae7e45098753bfecfc6d,0,0,0,0,0,1,0,11,5,2,7,2,3,0,0,0,1,3,0,0.0,0.0,0.0,1.0,2.0,0.0,0.0,0.0,1,0,0.5,1,0,0.42500000000000004,1,0.6,0,0.0,0,1,0,0.0,0.0,0.0,0.0,0.0,0.0,0.5,0.31606027941427883,0.0,0.0,0.0,0.0,0.4,0.0,0.0
A000000229455,셀라딕스 트러블 세라 캡슐 131 크림,복합성,74c8dbec5050ae7e45098753bfecfc6d,0,0,1,0,0,0,0,11,5,2,7,2,3,0,0,0,1,3,0,0.0,0.0,0.0,1.0,2.0,0.0,0.0,0.0,1,0,0.5,1,0,0.42500000000000004,1,0.6,0,0.0,0,1,0,0.0,0.0,0.0,0.0,0.0,0.0,0.0,0.0,0.0,0.0,0.0,0.0,0.0,0.0,0.0
A000000229455,셀라딕스 트러블 세라 캡슐 131 크림,민감성,74c8dbec5050ae7e45098753bfecfc6d,0,1,0,0,0,0,0,11,5,2,7,2,3,0,0,0,1,3,0,0.0,0.0,0.0,1.0,2.0,0.0,0.0,0.0,1,0,0.5,1,0,0.42500000000000004,1,0.6,0,0.0,0,1,0,0.0,0.0,0.849495512377433,0.0,0.0,0.0,0.0,0.0,0.0,0.0,0.0,0.0,0.4077578459411678,0.0,0.0
A000000229455,셀라딕스 트러블 세라 캡슐 131 크림,트러블성,74c8dbec5050ae7e45098753bfecfc6d,0,0,0,0,0,0,1,11,5,2,7,2,3,0,0,0,1,3,0,0.0,0.0,0.0,1.0,2.0,0.0,0.0,0.0,1,0,0.5,1,0,0.42500000000000004,1,0.6,0,0.0,0,1,0,0.0,0.0,0.0,0.0,0.0,0.0,0.0,0.0,0.0,1.0,0.0,0.0,0.7,0.0,0.0
A000000229455,셀라딕스 트러블 세라 캡슐 131 크림,중성,74c8dbec5050ae7e45098753bfecfc6d,0,0,0,0,1,0,0,11,5,2,7,2,3,0,0,0,1,3,0,0.0,0.0,0.0,1.0,2.0,0.0,0.0,0.0,1,0,0.5,1,0,0.42500000000000004,1,0.6,0,0.0,0,1,0,0.0,0.0,0.0,0.0,0.0,0.0,0.0,0.0,0.0,0.0,0.0,0.0,0.0,0.0,0.0
A000000229620,제나벨 PDRN 리쥬비네이팅 크림,건성,9adfbbf759d3ead0d96cc5a7f29de59f,1,0,0,0,0,0,0,10,3,5,3,3,6,1,0,4,1,4,1,0.0,0.0,3.0,1.0,1.0,1.0,1.0,0.0,1,1,0.8409090909090909,1,0,0.40909090909090906,1,0.0,0,0.0,0,0,0,0.8826561184939685,0.3333333333333333,0.0,0.0,0.0,0.0,0.0,0.0,0.0,0.0,0.0,0.0,1.095989451827302,0.0,0.0
A000000229620,제나벨 PDRN 리쥬비네이팅 크림,약건성,9adfbbf759d3ead0d96cc5a7f29de59f,0,0,0,1,0,0,0,10,3,5,3,3,6,1,0,4,1,4,1,0.0,0.0,3.0,1.0,1.0,1.0,1.0,0.0,1,1,0.8409090909090909,1,0,0.40909090909090906,1,0.0,0,0.0,0,0,0,0.8826561184939685,0.3333333333333333,0.0,0.0,0.0,0.0,0.0,0.0,0.0,0.0,0.0,0.0,1.095989451827302,0.0,0.0
A000000229620,제나벨 PDRN 리쥬비네이팅 크림,지성,9adfbbf759d3ead0d96cc5a7f29de59f,0,0,0,0,0,1,0,10,3,5,3,3,6,1,0,4,1,4,1,0.0,0.0,3.0,1.0,1.0,1.0,1.0,0.0,1,1,0.8409090909090909,1,0,0.40909090909090906,1,0.0,0,0.0,0,0,0,0.0,0.0,0.0,0.0,0.0,0.0,0.8409090909090909,0.5127949495579621,0.2589566132838567,0.0,0.0,0.0,0.6727272727272728,0.0,0.0
A000000229620,제나벨 PDRN 리쥬비네이팅 크림,복합성,9adfbbf759d3ead0d96cc5a7f29de59f,0,0,1,0,0,0,0,10,3,5,3,3,6,1,0,4,1,4,1,0.0,0.0,3.0,1.0,1.0,1.0,1.0,0.0,1,1,0.8409090909090909,1,0,0.40909090909090906,1,0.0,0,0.0,0,0,0,0.0,0.0,0.0,0.0,0.0,0.0,0.0,0.0,0.0,0.0,0.0,0.0,0.0,0.0,0.0
A000000229620,제나벨 PDRN 리쥬비네이팅 크림,민감성,9adfbbf759d3ead0d96cc5a7f29de59f,0,1,0,0,0,0,0,10,3,5,3,3,6,1,0,4,1,4,1,0.0,0.0,3.0,1.0,1.0,1.0,1.0,0.0,1,1,0.8409090909090909,1,0,0.40909090909090906,1,0.0,0,0.0,0,0,0,0.0,0.0,0.8450819794048643,0.6321205588285577,0.0,0.0,0.0,0.0,0.0,0.0,0.0,0.0,0.40563935011433483,0.5056964470628461,0.20513037814170101
A000000229620,제나벨 PDRN 리쥬비네이팅 크림,트러블성,9adfbbf759d3ead0d96cc5a7f29de59f,0,0,0,0,0,0,1,10,3,5,3,3,6,1,0,4,1,4,1,0.0,0.0,3.0,1.0,1.0,1.0,1.0,0.0,1,1,0.8409090909090909,1,0,0.40909090909090906,1,0.0,0,0.0,0,0,0,0.0,0.0,0.0,0.0,0.0,0.0,0.0,0.0,0.0,1.0,0.0,0.0,0.7,0.0,0.0
A000000229620,제나벨 PDRN 리쥬비네이팅 크림,중성,9adfbbf759d3ead0d96cc5a7f29de59f,0,0,0,0,1,0,0,10,3,5,3,3,6,1,0,4,1,4,1,0.0,0.0,3.0,1.0,1.0,1.0,1.0,0.0,1,1,0.8409090909090909,1,0,0.40909090909090906,1,0.0,0,0.0,0,0,0,0.0,0.0,0.0,0.0,0.0,0.0,0.0,0.0,0.0,0.0,0.0,0.0,0.0,0.0,0.0
A000000229621,제나벨 PDRN 인리치드 리커버리 밤,건성,8cfa4c9af119840fd3a8c1ca375d3978,1,0,0,0,0,0,0,11,9,4,6,7,6,0,0,1,2,1,2,2.0,0.0,1.0,1.0,1.0,1.0,1.0,0.0,1,1,0.875,1,0,0.7857142857142857,0,0.0,0,0.0,0,1,0,0.940986792424564,0.3333333333333333,0.0,0.0,0.0,0.0,0.0,0.0,0.0,0.0,0.0,0.0,1.1543201257578972,0.0,0.0
A000000229621,제나벨 PDRN 인리치드 리커버리 밤,약건성,8cfa4c9af119840fd3a8c1ca375d3978,0,0,0,1,0,0,0,11,9,4,6,7,6,0,0,1,2,1,2,2.0,0.0,1.0,1.0,1.0,1.0,1.0,0.0,1,1,0.875,1,0,0.7857142857142857,0,0.0,0,0.0,0,1,0,0.940986792424564,0.3333333333333333,0.0,0.0,0.0,0.0,0.0,0.0,0.0,0.0,0.0,0.0,1.1543201257578972,0.0,0.0
A000000229621,제나벨 PDRN 인리치드 리커버리 밤,지성,8cfa4c9af119840fd3a8c1ca375d3978,0,0,0,0,0,1,0,11,9,4,6,7,6,0,0,1,2,1,2,2.0,0.0,1.0,1.0,1.0,1.0,1.0,0.0,1,1,0.875,1,0,0.7857142857142857,0,0.0,0,0.0,0,1,0,0.0,0.0,0.0,0.0,0.0,0.0,0.875,0.5127949495579621,0.3418632997053081,0.0,0.0,0.0,0.7000000000000001,0.0,0.0
A000000229621,제나벨 PDRN 인리치드 리커버리 밤,복합성,8cfa4c9af119840fd3a8c1ca375d3978,0,0,1,0,0,0,0,11,9,4,6,7,6,0,0,1,2,1,2,2.0,0.0,1.0,1.0,1.0,1.0,1.0,0.0,1,1,0.875,1,0,0.7857142857142857,0,0.0,0,0.0,0,1,0,0.0,0.0,0.0,0.0,0.0,0.0,0.0,0.0,0.0,0.0,0.0,0.0,0.0,0.0,0.0
A000000229621,제나벨 PDRN 인리치드 리커버리 밤,민감성,8cfa4c9af119840fd3a8c1ca375d3978,0,1,0,0,0,0,0,11,9,4,6,7,6,0,0,1,2,1,2,2.0,0.0,1.0,1.0,1.0,1.0,1.0,0.0,1,1,0.875,1,0,0.7857142857142857,0,0.0,0,0.0,0,1,0,0.0,0.0,0.9731238037003707,0.0,0.0,0.0,0.0,0.0,0.0,0.0,0.0,0.0,0.4670994257761779,0.0,0.0
A000000229621,제나벨 PDRN 인리치드 리커버리 밤,트러블성,8cfa4c9af119840fd3a8c1ca375d3978,0,0,0,0,0,0,1,11,9,4,6,7,6,0,0,1,2,1,2,2.0,0.0,1.0,1.0,1.0,1.0,1.0,0.0,1,1,0.875,1,0,0.7857142857142857,0,0.0,0,0.0,0,1,0,0.0,0.0,0.0,0.0,0.0,0.0,0.0,0.0,0.0,0.0,0.0,0.0,0.0,0.0,0.0
A000000229621,제나벨 PDRN 인리치드 리커버리 밤,중성,8cfa4c9af119840fd3a8c1ca375d3978,0,0,0,0,1,0,0,11,9,4,6,7,6,0,0,1,2,1,2,2.0,0.0,1.0,1.0,1.0,1.0,1.0,0.0,1,1,0.875,1,0,0.7857142857142857,0,0.0,0,0.0,0,1,0,0.0,0.0,0.0,0.0,0.0,0.0,0.0,0.0,0.0,0.0,0.0,0.0,0.0,0.0,0.0
A000000229768,구달 청귤 비타C 잡티케어 크림 알파,건성,2112526a38db5a86e3c25ae4e33df4e2,1,0,0,0,0,0,0,6,5,5,0,1,11,0,0,6,0,3,10,2.0,1.0,4.0,0.0,1.0,7.0,0.0,3.0,1,1,0.9464285714285714,0,0,0.0,0,0.0,0,0.0,0,0,0,0.899810156511507,0.0,0.0,0.0,0.0,0.0,0.0,0.0,0.0,0.0,0.0,0.0,0.899810156511507,0.0,0.0
A000000229768,구달 청귤 비타C 잡티케어 크림 알파,약건성,2112526a38db5a86e3c25ae4e33df4e2,0,0,0,1,0,0,0,6,5,5,0,1,11,0,0,6,0,3,10,2.0,1.0,4.0,0.0,1.0,7.0,0.0,3.0,1,1,0.9464285714285714,0,0,0.0,0,0.0,0,0.0,0,0,0,0.899810156511507,0.0,0.0,0.0,0.0,0.0,0.0,0.0,0.0,0.0,0.0,0.0,0.899810156511507,0.0,0.0
A000000229768,구달 청귤 비타C 잡티케어 크림 알파,지성,2112526a38db5a86e3c25ae4e33df4e2,0,0,0,0,0,1,0,6,5,5,0,1,11,0,0,6,0,3,10,2.0,1.0,4.0,0.0,1.0,7.0,0.0,3.0,1,1,0.9464285714285714,0,0,0.0,0,0.0,0,0.0,0,0,0,0.0,0.0,0.0,0.0,0.0,0.0,0.9464285714285714,0.34081798921626205,0.7096352781401675,0.0,0.0,0.0,0.7571428571428571,0.0,0.0
A000000229768,구달 청귤 비타C 잡티케어 크림 알파,복합성,2112526a38db5a86e3c25ae4e33df4e2,0,0,1,0,0,0,0,6,5,5,0,1,11,0,0,6,0,3,10,2.0,1.0,4.0,0.0,1.0,7.0,0.0,3.0,1,1,0.9464285714285714,0,0,0.0,0,0.0,0,0.0,0,0,0,0.0,0.0,0.0,0.0,0.0,0.0,0.0,0.0,0.0,0.0,0.0,0.0,0.0,0.0,0.0
A000000229768,구달 청귤 비타C 잡티케어 크림 알파,민감성,2112526a38db5a86e3c25ae4e33df4e2,0,1,0,0,0,0,0,6,5,5,0,1,11,0,0,6,0,3,10,2.0,1.0,4.0,0.0,1.0,7.0,0.0,3.0,1,1,0.9464285714285714,0,0,0.0,0,0.0,0,0.0,0,0,0,0.0,0.0,0.0,0.0,0.0,0.950212931632136,0.0,0.0,0.0,0.0,0.0,0.0,0.0,0.2736613243100552,0.0
A000000229768,구달 청귤 비타C 잡티케어 크림 알파,트러블성,2112526a38db5a86e3c25ae4e33df4e2,0,0,0,0,0,0,1,6,5,5,0,1,11,0,0,6,0,3,10,2.0,1.0,4.0,0.0,1.0,7.0,0.0,3.0,1,1,0.9464285714285714,0,0,0.0,0,0.0,0,0.0,0,0,0,0.0,0.0,0.0,0.0,0.0,0.0,0.0,0.0,0.0,0.0,0.0,0.0,0.0,0.0,0.0
A000000229768,구달 청귤 비타C 잡티케어 크림 알파,중성,2112526a38db5a86e3c25ae4e33df4e2,0,0,0,0,1,0,0,6,5,5,0,1,11,0,0,6,0,3,10,2.0,1.0,4.0,0.0,1.0,7.0,0.0,3.0,1,1,0.9464285714285714,0,0,0.0,0,0.0,0,0.0,0,0,0,0.0,0.0,0.0,0.0,0.0,0.0,0.0,0.0,0.0,0.0,0.0,0.0,0.0,0.0,0.0
A000000230799,오드로이 모공수축 크림 모공요철 케어,건성,1720ea53071c70e720fa0258c37e414c,1,0,0,0,0,0,0,6,2,1,1,3,2,1,0,0,0,4,2,1.0,0.0,0.0,0.0,0.0,2.0,0.0,0.0,0,0,0.0,0,0,0.0,0,0.0,0,0.0,0,0,0,0.5991278621635413,0.0,0.0,0.0,0.0,0.0,0.0,0.0,0.0,0.0,0.0,0.0,0.5991278621635413,0.0,0.0
A000000230799,오드로이 모공수축 크림 모공요철 케어,약건성,1720ea53071c70e720fa0258c37e414c,0,0,0,1,0,0,0,6,2,1,1,3,2,1,0,0,0,4,2,1.0,0.0,0.0,0.0,0.0,2.0,0.0,0.0,0,0,0.0,0,0,0.0,0,0.0,0,0.0,0,0,0,0.5991278621635413,0.0,0.0,0.0,0.0,0.0,0.0,0.0,0.0,0.0,0.0,0.0,0.5991278621635413,0.0,0.0
A000000230799,오드로이 모공수축 크림 모공요철 케어,지성,1720ea53071c70e720fa0258c37e414c,0,0,0,0,0,1,0,6,2,1,1,3,2,1,0,0,0,4,2,1.0,0.0,0.0,0.0,0.0,2.0,0.0,0.0,0,0,0.0,0,0,0.0,0,0.0,0,0.0,0,0,0,0.0,0.0,0.0,0.0,0.0,0.0,0.0,0.15803013970713942,0.13115644676245553,0.0,0.0,0.0,0.0,0.0,0.0
A000000230799,오드로이 모공수축 크림 모공요철 케어,복합성,1720ea53071c70e720fa0258c37e414c,0,0,1,0,0,0,0,6,2,1,1,3,2,1,0,0,0,4,2,1.0,0.0,0.0,0.0,0.0,2.0,0.0,0.0,0,0,0.0,0,0,0.0,0,0.0,0,0.0,0,0,0,0.0,0.0,0.0,0.0,0.0,0.0,0.0,0.0,0.0,0.0,0.0,0.0,0.0,0.0,0.0
A000000230799,오드로이 모공수축 크림 모공요철 케어,민감성,1720ea53071c70e720fa0258c37e414c,0,1,0,0,0,0,0,6,2,1,1,3,2,1,0,0,0,4,2,1.0,0.0,0.0,0.0,0.0,2.0,0.0,0.0,0,0,0.0,0,0,0.0,0,0.0,0,0.0,0,0,0,0.0,0.0,0.0,0.6321205588285577,0.0,0.0,0.0,0.0,0.0,0.0,0.0,0.0,0.0,0.5056964470628461,0.0
A000000230799,오드로이 모공수축 크림 모공요철 케어,트러블성,1720ea53071c70e720fa0258c37e414c,0,0,0,0,0,0,1,6,2,1,1,3,2,1,0,0,0,4,2,1.0,0.0,0.0,0.0,0.0,2.0,0.0,0.0,0,0,0.0,0,0,0.0,0,0.0,0,0.0,0,0,0,0.0,0.0,0.0,0.0,0.0,0.0,0.0,0.0,0.0,0.0,0.0,0.0,0.0,0.0,0.0
A000000230799,오드로이 모공수축 크림 모공요철 케어,중성,1720ea53071c70e720fa0258c37e414c,0,0,0,0,1,0,0,6,2,1,1,3,2,1,0,0,0,4,2,1.0,0.0,0.0,0.0,0.0,2.0,0.0,0.0,0,0,0.0,0,0,0.0,0,0.0,0,0.0,0,0,0,0.0,0.0,0.0,0.0,0.0,0.0,0.0,0.0,0.0,0.0,0.0,0.0,0.0,0.0,0.0
A000000230877,바이오던스 포어 퍼펙팅 콜라겐 펩타이드 크림,건성,65b1cac5b4ad76d9849e494f67533107,1,0,0,0,0,0,0,16,5,3,1,1,13,0,0,2,10,1,0,1.0,0.0,1.0,1.0,1.0,0.0,0.0,0.0,1,1,0.8571428571428572,1,0,0.5535714285714286,0,0.0,0,0.0,0,0,0,0.8919687372401923,0.0,0.0,0.0,0.0,0.0,0.0,0.0,0.0,0.0,0.0,0.0,0.8919687372401923,0.0,0.0
A000000230877,바이오던스 포어 퍼펙팅 콜라겐 펩타이드 크림,약건성,65b1cac5b4ad76d9849e494f67533107,0,0,0,1,0,0,0,16,5,3,1,1,13,0,0,2,10,1,0,1.0,0.0,1.0,1.0,1.0,0.0,0.0,0.0,1,1,0.8571428571428572,1,0,0.5535714285714286,0,0.0,0,0.0,0,0,0,0.8919687372401923,0.0,0.0,0.0,0.0,0.0,0.0,0.0,0.0,0.0,0.0,0.0,0.8919687372401923,0.0,0.0
A000000230877,바이오던스 포어 퍼펙팅 콜라겐 펩타이드 크림,지성,65b1cac5b4ad76d9849e494f67533107,0,0,0,0,0,1,0,16,5,3,1,1,13,0,0,2,10,1,0,1.0,0.0,1.0,1.0,1.0,0.0,0.0,0.0,1,1,0.8571428571428572,1,0,0.5535714285714286,0,0.0,0,0.0,0,0,0,0.0,0.0,0.0,0.0,0.0,0.0,0.8571428571428572,0.25639747477898106,0.26231289352491105,0.0,0.0,0.0,0.6857142857142858,0.0,0.0
A000000230877,바이오던스 포어 퍼펙팅 콜라겐 펩타이드 크림,복합성,65b1cac5b4ad76d9849e494f67533107,0,0,1,0,0,0,0,16,5,3,1,1,13,0,0,2,10,1,0,1.0,0.0,1.0,1.0,1.0,0.0,0.0,0.0,1,1,0.8571428571428572,1,0,0.5535714285714286,0,0.0,0,0.0,0,0,0,0.0,0.0,0.0,0.0,0.0,0.0,0.0,0.0,0.0,0.0,0.0,0.0,0.0,0.0,0.0
A000000230877,바이오던스 포어 퍼펙팅 콜라겐 펩타이드 크림,민감성,65b1cac5b4ad76d9849e494f67533107,0,1,0,0,0,0,0,16,5,3,1,1,13,0,0,2,10,1,0,1.0,0.0,1.0,1.0,1.0,0.0,0.0,0.0,1,1,0.8571428571428572,1,0,0.5535714285714286,0,0.0,0,0.0,0,0,0,0.0,0.0,0.5369583472925852,0.0,0.0,0.0,0.0,0.0,0.0,0.0,0.0,0.0,0.2577400067004409,0.0,0.0
A000000230877,바이오던스 포어 퍼펙팅 콜라겐 펩타이드 크림,트러블성,65b1cac5b4ad76d9849e494f67533107,0,0,0,0,0,0,1,16,5,3,1,1,13,0,0,2,10,1,0,1.0,0.0,1.0,1.0,1.0,0.0,0.0,0.0,1,1,0.8571428571428572,1,0,0.5535714285714286,0,0.0,0,0.0,0,0,0,0.0,0.0,0.0,0.0,0.0,0.0,0.0,0.0,0.0,0.0,0.0,0.0,0.0,0.0,0.0
A000000230877,바이오던스 포어 퍼펙팅 콜라겐 펩타이드 크림,중성,65b1cac5b4ad76d9849e494f67533107,0,0,0,0,1,0,0,16,5,3,1,1,13,0,0,2,10,1,0,1.0,0.0,1.0,1.0,1.0,0.0,0.0,0.0,1,1,0.8571428571428572,1,0,0.5535714285714286,0,0.0,0,0.0,0,0,0,0.0,0.0,0.0,0.0,0.0,0.0,0.0,0.0,0.0,0.0,0.0,0.0,0.0,0.0,0.0
A000000231399,청미정 기미잡티크림 카카두플럼,건성,17de3d5a5dbef53189c9dbca5693cfcc,1,0,0,0,0,0,0,7,3,1,0,0,2,2,0,0,1,4,3,1.0,0.0,0.0,0.0,1.0,1.0,1.0,2.0,0,0,0.0,0,0,0.0,0,0.0,0,0.0,0,0,0,0.6511086477544716,0.0,0.0,0.0,0.0,0.0,0.0,0.0,0.0,0.0,0.0,0.0,0.6511086477544716,0.0,0.0
A000000231399,청미정 기미잡티크림 카카두플럼,약건성,17de3d5a5dbef53189c9dbca5693cfcc,0,0,0,1,0,0,0,7,3,1,0,0,2,2,0,0,1,4,3,1.0,0.0,0.0,0.0,1.0,1.0,1.0,2.0,0,0,0.0,0,0,0.0,0,0.0,0,0.0,0,0,0,0.6511086477544716,0.0,0.0,0.0,0.0,0.0,0.0,0.0,0.0,0.0,0.0,0.0,0.6511086477544716,0.0,0.0
A000000231399,청미정 기미잡티크림 카카두플럼,지성,17de3d5a5dbef53189c9dbca5693cfcc,0,0,0,0,0,1,0,7,3,1,0,0,2,2,0,0,1,4,3,1.0,0.0,0.0,0.0,1.0,1.0,1.0,2.0,0,0,0.0,0,0,0.0,0,0.0,0,0.0,0,0,0,0.0,0.0,0.0,0.0,0.0,0.0,0.0,0.3547648098508227,0.13115644676245553,0.0,0.0,0.0,0.0,0.0,0.0
A000000231399,청미정 기미잡티크림 카카두플럼,복합성,17de3d5a5dbef53189c9dbca5693cfcc,0,0,1,0,0,0,0,7,3,1,0,0,2,2,0,0,1,4,3,1.0,0.0,0.0,0.0,1.0,1.0,1.0,2.0,0,0,0.0,0,0,0.0,0,0.0,0,0.0,0,0,0,0.0,0.0,0.0,0.0,0.0,0.0,0.0,0.0,0.0,0.0,0.0,0.0,0.0,0.0,0.0
A000000231399,청미정 기미잡티크림 카카두플럼,민감성,17de3d5a5dbef53189c9dbca5693cfcc,0,1,0,0,0,0,0,7,3,1,0,0,2,2,0,0,1,4,3,1.0,0.0,0.0,0.0,1.0,1.0,1.0,2.0,0,0,0.0,0,0,0.0,0,0.0,0,0.0,0,0,0,0.0,0.0,0.0,0.8646647167633873,0.0,0.8646647167633873,0.0,0.0,0.0,0.0,0.0,0.0,0.0,0.9407552118385654,0.0
A000000231399,청미정 기미잡티크림 카카두플럼,트러블성,17de3d5a5dbef53189c9dbca5693cfcc,0,0,0,0,0,0,1,7,3,1,0,0,2,2,0,0,1,4,3,1.0,0.0,0.0,0.0,1.0,1.0,1.0,2.0,0,0,0.0,0,0,0.0,0,0.0,0,0.0,0,0,0,0.0,0.0,0.0,0.0,0.0,0.0,0.0,0.0,0.0,0.0,0.0,0.0,0.0,0.0,0.0
A000000231399,청미정 기미잡티크림 카카두플럼,중성,17de3d5a5dbef53189c9dbca5693cfcc,0,0,0,0,1,0,0,7,3,1,0,0,2,2,0,0,1,4,3,1.0,0.0,0.0,0.0,1.0,1.0,1.0,2.0,0,0,0.0,0,0,0.0,0,0.0,0,0.0,0,0,0,0.0,0.0,0.0,0.0,0.0,0.0,0.0,0.0,0.0,0.0,0.0,0.0,0.0,0.0,0.0
A000000231590,제로이드 인텐시브 크림,건성,4f15309b01c5a6bb071c6bbbc1f7b326,1,0,0,0,0,0,0,6,6,1,1,0,1,0,0,1,0,0,2,0.0,0.0,1.0,0.0,1.0,2.0,0.0,0.0,0,0,0.0,0,0,0.0,0,0.0,0,0.0,0,1,0,0.6863197929083549,0.3333333333333333,0.0,0.0,0.0,0.0,0.0,0.0,0.0,0.0,0.0,0.0,0.8996531262416883,0.0,0.0
A000000231590,제로이드 인텐시브 크림,약건성,4f15309b01c5a6bb071c6bbbc1f7b326,0,0,0,1,0,0,0,6,6,1,1,0,1,0,0,1,0,0,2,0.0,0.0,1.0,0.0,1.0,2.0,0.0,0.0,0,0,0.0,0,0,0.0,0,0.0,0,0.0,0,1,0,0.6863197929083549,0.3333333333333333,0.0,0.0,0.0,0.0,0.0,0.0,0.0,0.0,0.0,0.0,0.8996531262416883,0.0,0.0
A000000231590,제로이드 인텐시브 크림,지성,4f15309b01c5a6bb071c6bbbc1f7b326,0,0,0,0,0,1,0,6,6,1,1,0,1,0,0,1,0,0,2,0.0,0.0,1.0,0.0,1.0,2.0,0.0,0.0,0,0,0.0,0,0,0.0,0,0.0,0,0.0,0,1,0,0.0,0.0,0.0,0.0,0.0,0.0,0.0,0.25639747477898106,0.13115644676245553,0.0,0.0,0.0,0.0,0.0,0.0
A000000231590,제로이드 인텐시브 크림,복합성,4f15309b01c5a6bb071c6bbbc1f7b326,0,0,1,0,0,0,0,6,6,1,1,0,1,0,0,1,0,0,2,0.0,0.0,1.0,0.0,1.0,2.0,0.0,0.0,0,0,0.0,0,0,0.0,0,0.0,0,0.0,0,1,0,0.0,0.0,0.0,0.0,0.0,0.0,0.0,0.0,0.0,0.0,0.0,0.0,0.0,0.0,0.0
A000000231590,제로이드 인텐시브 크림,민감성,4f15309b01c5a6bb071c6bbbc1f7b326,0,1,0,0,0,0,0,6,6,1,1,0,1,0,0,1,0,0,2,0.0,0.0,1.0,0.0,1.0,2.0,0.0,0.0,0,0,0.0,0,0,0.0,0,0.0,0,0.0,0,1,0,0.0,0.0,0.0,0.0,0.0,0.0,0.0,0.0,0.0,0.0,0.0,0.0,0.0,0.0,0.0
A000000231590,제로이드 인텐시브 크림,트러블성,4f15309b01c5a6bb071c6bbbc1f7b326,0,0,0,0,0,0,1,6,6,1,1,0,1,0,0,1,0,0,2,0.0,0.0,1.0,0.0,1.0,2.0,0.0,0.0,0,0,0.0,0,0,0.0,0,0.0,0,0.0,0,1,0,0.0,0.0,0.0,0.0,0.0,0.0,0.0,0.0,0.0,0.0,0.0,0.0,0.0,0.0,0.0
A000000231590,제로이드 인텐시브 크림,중성,4f15309b01c5a6bb071c6bbbc1f7b326,0,0,0,0,1,0,0,6,6,1,1,0,1,0,0,1,0,0,2,0.0,0.0,1.0,0.0,1.0,2.0,0.0,0.0,0,0,0.0,0,0,0.0,0,0.0,0,0.0,0,1,0,0.0,0.0,0.0,0.0,0.0,0.0,0.0,0.0,0.0,0.0,0.0,0.0,0.0,0.0,0.0
A000000231638,디오디너리 설퍼 10% 파우더-투-크림 컨센트레이트,건성,b508e5588cf887e4e093f57f6eb7e819,1,0,0,0,0,0,0,2,0,0,0,0,1,0,0,0,0,0,0,0.0,0.0,0.0,0.0,0.0,0.0,0.0,0.0,1,1,0.5714285714285714,0,0,0.0,0,0.0,0,0.0,0,0,0,0.0,0.0,0.0,0.0,0.0,0.0,0.0,0.0,0.0,0.0,0.0,0.0,0.0,0.0,0.0
A000000231638,디오디너리 설퍼 10% 파우더-투-크림 컨센트레이트,약건성,b508e5588cf887e4e093f57f6eb7e819,0,0,0,1,0,0,0,2,0,0,0,0,1,0,0,0,0,0,0,0.0,0.0,0.0,0.0,0.0,0.0,0.0,0.0,1,1,0.5714285714285714,0,0,0.0,0,0.0,0,0.0,0,0,0,0.0,0.0,0.0,0.0,0.0,0.0,0.0,0.0,0.0,0.0,0.0,0.0,0.0,0.0,0.0
A000000231638,디오디너리 설퍼 10% 파우더-투-크림 컨센트레이트,지성,b508e5588cf887e4e093f57f6eb7e819,0,0,0,0,0,1,0,2,0,0,0,0,1,0,0,0,0,0,0,0.0,0.0,0.0,0.0,0.0,0.0,0.0,0.0,1,1,0.5714285714285714,0,0,0.0,0,0.0,0,0.0,0,0,0,0.0,0.0,0.0,0.0,0.0,0.0,0.5714285714285714,0.0,0.0,0.0,0.0,0.0,0.45714285714285713,0.0,0.0
A000000231638,디오디너리 설퍼 10% 파우더-투-크림 컨센트레이트,복합성,b508e5588cf887e4e093f57f6eb7e819,0,0,1,0,0,0,0,2,0,0,0,0,1,0,0,0,0,0,0,0.0,0.0,0.0,0.0,0.0,0.0,0.0,0.0,1,1,0.5714285714285714,0,0,0.0,0,0.0,0,0.0,0,0,0,0.0,0.0,0.0,0.0,0.0,0.0,0.0,0.0,0.0,0.0,0.0,0.0,0.0,0.0,0.0
A000000231638,디오디너리 설퍼 10% 파우더-투-크림 컨센트레이트,민감성,b508e5588cf887e4e093f57f6eb7e819,0,1,0,0,0,0,0,2,0,0,0,0,1,0,0,0,0,0,0,0.0,0.0,0.0,0.0,0.0,0.0,0.0,0.0,1,1,0.5714285714285714,0,0,0.0,0,0.0,0,0.0,0,0,0,0.0,0.0,0.0,0.0,0.0,0.0,0.0,0.0,0.0,0.0,0.0,0.0,0.0,0.0,0.0
A000000231638,디오디너리 설퍼 10% 파우더-투-크림 컨센트레이트,트러블성,b508e5588cf887e4e093f57f6eb7e819,0,0,0,0,0,0,1,2,0,0,0,0,1,0,0,0,0,0,0,0.0,0.0,0.0,0.0,0.0,0.0,0.0,0.0,1,1,0.5714285714285714,0,0,0.0,0,0.0,0,0.0,0,0,0,0.0,0.0,0.0,0.0,0.0,0.0,0.0,0.0,0.0,0.0,0.0,0.0,0.0,0.0,0.0
A000000231638,디오디너리 설퍼 10% 파우더-투-크림 컨센트레이트,중성,b508e5588cf887e4e093f57f6eb7e819,0,0,0,0,1,0,0,2,0,0,0,0,1,0,0,0,0,0,0,0.0,0.0,0.0,0.0,0.0,0.0,0.0,0.0,1,1,0.5714285714285714,0,0,0.0,0,0.0,0,0.0,0,0,0,0.0,0.0,0.0,0.0,0.0,0.0,0.0,0.0,0.0,0.0,0.0,0.0,0.0,0.0,0.0
A000000231833,한율 쑥히알 수분 크림,건성,3913f9bfbcd94ac6a422737c66b63465,1,0,0,0,0,0,0,7,0,2,0,1,0,1,0,2,0,1,0,0.0,1.0,1.0,0.0,0.0,0.0,0.0,0.0,0,0,0.0,0,0,0.0,0,0.0,0,0.0,0,0,0,0.0,0.0,0.0,0.0,0.0,0.0,0.0,0.0,0.0,0.0,0.0,0.0,0.0,0.0,0.0
A000000231833,한율 쑥히알 수분 크림,약건성,3913f9bfbcd94ac6a422737c66b63465,0,0,0,1,0,0,0,7,0,2,0,1,0,1,0,2,0,1,0,0.0,1.0,1.0,0.0,0.0,0.0,0.0,0.0,0,0,0.0,0,0,0.0,0,0.0,0,0.0,0,0,0,0.0,0.0,0.0,0.0,0.0,0.0,0.0,0.0,0.0,0.0,0.0,0.0,0.0,0.0,0.0
A000000231833,한율 쑥히알 수분 크림,지성,3913f9bfbcd94ac6a422737c66b63465,0,0,0,0,0,1,0,7,0,2,0,1,0,1,0,2,0,1,0,0.0,1.0,1.0,0.0,0.0,0.0,0.0,0.0,0,0,0.0,0,0,0.0,0,0.0,0,0.0,0,0,0,0.0,0.0,0.0,0.0,0.0,0.0,0.0,0.0,0.3418632997053081,0.0,0.0,0.0,0.0,0.0,0.0
A000000231833,한율 쑥히알 수분 크림,복합성,3913f9bfbcd94ac6a422737c66b63465,0,0,1,0,0,0,0,7,0,2,0,1,0,1,0,2,0,1,0,0.0,1.0,1.0,0.0,0.0,0.0,0.0,0.0,0,0,0.0,0,0,0.0,0,0.0,0,0.0,0,0,0,0.0,0.0,0.0,0.0,0.0,0.0,0.0,0.0,0.0,0.0,0.0,0.0,0.0,0.0,0.0
A000000231833,한율 쑥히알 수분 크림,민감성,3913f9bfbcd94ac6a422737c66b63465,0,1,0,0,0,0,0,7,0,2,0,1,0,1,0,2,0,1,0,0.0,1.0,1.0,0.0,0.0,0.0,0.0,0.0,0,0,0.0,0,0,0.0,0,0.0,0,0.0,0,0,0,0.0,0.0,0.0,0.6321205588285577,0.0,0.0,0.0,0.0,0.0,0.0,0.0,0.0,0.0,0.5056964470628461,0.0
A000000231833,한율 쑥히알 수분 크림,트러블성,3913f9bfbcd94ac6a422737c66b63465,0,0,0,0,0,0,1,7,0,2,0,1,0,1,0,2,0,1,0,0.0,1.0,1.0,0.0,0.0,0.0,0.0,0.0,0,0,0.0,0,0,0.0,0,0.0,0,0.0,0,0,0,0.0,0.0,0.0,0.0,0.0,0.0,0.0,0.0,0.0,0.0,0.0,0.0,0.0,0.0,0.0
A000000231833,한율 쑥히알 수분 크림,중성,3913f9bfbcd94ac6a422737c66b63465,0,0,0,0,1,0,0,7,0,2,0,1,0,1,0,2,0,1,0,0.0,1.0,1.0,0.0,0.0,0.0,0.0,0.0,0,0,0.0,0,0,0.0,0,0.0,0,0.0,0,0,0,0.0,0.0,0.0,0.0,0.0,0.0,0.0,0.0,0.0,0.0,0.0,0.0,0.0,0.0,0.0
A000000231892,아누아 피디알엔 히알루론산 100 수분 크림,건성,b1b07f8bfde42fb5fcd0d7a4c54b35ca,1,0,0,0,0,0,0,17,2,2,1,4,3,0,0,2,0,9,0,0.0,0.0,1.0,0.0,1.0,0.0,0.0,0.0,1,1,0.9361702127659575,0,0,0.0,0,0.0,0,0.0,0,0,0,0.7356958042019721,0.0,0.0,0.0,0.0,0.0,0.0,0.0,0.0,0.0,0.0,0.0,0.7356958042019721,0.0,0.0
A000000231892,아누아 피디알엔 히알루론산 100 수분 크림,약건성,b1b07f8bfde42fb5fcd0d7a4c54b35ca,0,0,0,1,0,0,0,17,2,2,1,4,3,0,0,2,0,9,0,0.0,0.0,1.0,0.0,1.0,0.0,0.0,0.0,1,1,0.9361702127659575,0,0,0.0,0,0.0,0,0.0,0,0,0,0.7356958042019721,0.0,0.0,0.0,0.0,0.0,0.0,0.0,0.0,0.0,0.0,0.0,0.7356958042019721,0.0,0.0
A000000231892,아누아 피디알엔 히알루론산 100 수분 크림,지성,b1b07f8bfde42fb5fcd0d7a4c54b35ca,0,0,0,0,0,1,0,17,2,2,1,4,3,0,0,2,0,9,0,0.0,0.0,1.0,0.0,1.0,0.0,0.0,0.0,1,1,0.9361702127659575,0,0,0.0,0,0.0,0,0.0,0,0,0,0.0,0.0,0.0,0.0,0.0,0.0,0.9361702127659575,0.09836733507184164,0.13115644676245553,0.0,0.0,0.0,0.748936170212766,0.0,0.0
A000000231892,아누아 피디알엔 히알루론산 100 수분 크림,복합성,b1b07f8bfde42fb5fcd0d7a4c54b35ca,0,0,1,0,0,0,0,17,2,2,1,4,3,0,0,2,0,9,0,0.0,0.0,1.0,0.0,1.0,0.0,0.0,0.0,1,1,0.9361702127659575,0,0,0.0,0,0.0,0,0.0,0,0,0,0.0,0.0,0.0,0.0,0.0,0.0,0.0,0.0,0.0,0.0,0.0,0.0,0.0,0.0,0.0
A000000231892,아누아 피디알엔 히알루론산 100 수분 크림,민감성,b1b07f8bfde42fb5fcd0d7a4c54b35ca,0,1,0,0,0,0,0,17,2,2,1,4,3,0,0,2,0,9,0,0.0,0.0,1.0,0.0,1.0,0.0,0.0,0.0,1,1,0.9361702127659575,0,0,0.0,0,0.0,0,0.0,0,0,0,0.0,0.0,0.6981030652663972,0.0,0.0,0.0,0.0,0.0,0.0,0.0,0.0,0.0,0.33508947132787065,0.0,0.0
A000000231892,아누아 피디알엔 히알루론산 100 수분 크림,트러블성,b1b07f8bfde42fb5fcd0d7a4c54b35ca,0,0,0,0,0,0,1,17,2,2,1,4,3,0,0,2,0,9,0,0.0,0.0,1.0,0.0,1.0,0.0,0.0,0.0,1,1,0.9361702127659575,0,0,0.0,0,0.0,0,0.0,0,0,0,0.0,0.0,0.0,0.0,0.0,0.0,0.0,0.0,0.0,0.0,0.0,0.0,0.0,0.0,0.0
A000000231892,아누아 피디알엔 히알루론산 100 수분 크림,중성,b1b07f8bfde42fb5fcd0d7a4c54b35ca,0,0,0,0,1,0,0,17,2,2,1,4,3,0,0,2,0,9,0,0.0,0.0,1.0,0.0,1.0,0.0,0.0,0.0,1,1,0.9361702127659575,0,0,0.0,0,0.0,0,0.0,0,0,0,0.0,0.0,0.0,0.0,0.0,0.0,0.0,0.0,0.0,0.0,0.0,0.0,0.0,0.0,0.0
A000000232304,파티온 노스카나인 트러블 크림,건성,4602f7da20cae6ea2e71d3949890168b,1,0,0,0,0,0,0,8,6,4,12,5,0,0,1,3,0,3,2,0.0,0.0,3.0,0.0,2.0,2.0,0.0,0.0,0,0,0.0,1,0,0.49090909090909096,1,0.2545454545454545,0,0.0,1,1,1,0.9143888573289132,1.0,0.0,0.0,0.0,0.0,0.0,0.0,0.0,0.0,0.0,0.0,1.554388857328913,0.0,0.0
A000000232304,파티온 노스카나인 트러블 크림,약건성,4602f7da20cae6ea2e71d3949890168b,0,0,0,1,0,0,0,8,6,4,12,5,0,0,1,3,0,3,2,0.0,0.0,3.0,0.0,2.0,2.0,0.0,0.0,0,0,0.0,1,0,0.49090909090909096,1,0.2545454545454545,0,0.0,1,1,1,0.9143888573289132,1.0,0.0,0.0,0.0,0.0,0.0,0.0,0.0,0.0,0.0,0.0,1.554388857328913,0.0,0.0
A000000232304,파티온 노스카나인 트러블 크림,지성,4602f7da20cae6ea2e71d3949890168b,0,0,0,0,0,1,0,8,6,4,12,5,0,0,1,3,0,3,2,0.0,0.0,3.0,0.0,2.0,2.0,0.0,0.0,0,0,0.0,1,0,0.49090909090909096,1,0.2545454545454545,0,0.0,1,1,1,0.0,0.0,0.0,0.0,0.0,0.0,0.0,0.31606027941427883,0.2589566132838567,0.0,0.0,0.0,0.0,0.0,0.0
A000000232304,파티온 노스카나인 트러블 크림,복합성,4602f7da20cae6ea2e71d3949890168b,0,0,1,0,0,0,0,8,6,4,12,5,0,0,1,3,0,3,2,0.0,0.0,3.0,0.0,2.0,2.0,0.0,0.0,0,0,0.0,1,0,0.49090909090909096,1,0.2545454545454545,0,0.0,1,1,1,0.0,0.0,0.0,0.0,0.0,0.0,0.0,0.0,0.0,0.0,0.0,0.0,0.0,0.0,0.0
A000000232304,파티온 노스카나인 트러블 크림,민감성,4602f7da20cae6ea2e71d3949890168b,0,1,0,0,0,0,0,8,6,4,12,5,0,0,1,3,0,3,2,0.0,0.0,3.0,0.0,2.0,2.0,0.0,0.0,0,0,0.0,1,0,0.49090909090909096,1,0.2545454545454545,0,0.0,1,1,1,0.0,0.0,0.9710498844518647,0.0,0.6321205588285577,0.0,0.0,0.0,0.0,0.0,0.0,0.0015668702111118538,0.466103944536895,0.28350338439741624,0.13214204575719532
A000000232304,파티온 노스카나인 트러블 크림,트러블성,4602f7da20cae6ea2e71d3949890168b,0,0,0,0,0,0,1,8,6,4,12,5,0,0,1,3,0,3,2,0.0,0.0,3.0,0.0,2.0,2.0,0.0,0.0,0,0,0.0,1,0,0.49090909090909096,1,0.2545454545454545,0,0.0,1,1,1,0.0,0.0,0.0,0.0,0.0,0.0,0.0,0.0,0.0,0.0,0.0,0.0015668702111118538,0.0,0.0003133740422223708,0.0
A000000232304,파티온 노스카나인 트러블 크림,중성,4602f7da20cae6ea2e71d3949890168b,0,0,0,0,1,0,0,8,6,4,12,5,0,0,1,3,0,3,2,0.0,0.0,3.0,0.0,2.0,2.0,0.0,0.0,0,0,0.0,1,0,0.49090909090909096,1,0.2545454545454545,0,0.0,1,1,1,0.0,0.0,0.0,0.0,0.0,0.0,0.0,0.0,0.0,0.0,0.0,0.0,0.0,0.0,0.0
A000000232494,아누아 어성초 센텔라 레드 스팟 크림,건성,3ef0eb445195bb6adfda8b21f71ee85a,1,0,0,0,0,0,0,6,8,5,12,7,3,0,0,3,0,5,1,1.0,1.0,1.0,1.0,1.0,1.0,0.0,0.0,1,1,0.8787878787878788,1,1,0.9393939393939394,1,0.12121212121212122,0,0.0,1,1,0,0.9201826192257964,1.0,0.0,0.0,0.0,0.0,0.0,0.0,0.0,0.0,0.0,0.0,1.5601826192257964,0.0,0.0
A000000232494,아누아 어성초 센텔라 레드 스팟 크림,약건성,3ef0eb445195bb6adfda8b21f71ee85a,0,0,0,1,0,0,0,6,8,5,12,7,3,0,0,3,0,5,1,1.0,1.0,1.0,1.0,1.0,1.0,0.0,0.0,1,1,0.8787878787878788,1,1,0.9393939393939394,1,0.12121212121212122,0,0.0,1,1,0,0.9201826192257964,1.0,0.0,0.0,0.0,0.0,0.0,0.0,0.0,0.0,0.0,0.0,1.5601826192257964,0.0,0.0
A000000232494,아누아 어성초 센텔라 레드 스팟 크림,지성,3ef0eb445195bb6adfda8b21f71ee85a,0,0,0,0,0,1,0,6,8,5,12,7,3,0,0,3,0,5,1,1.0,1.0,1.0,1.0,1.0,1.0,0.0,0.0,1,1,0.8787878787878788,1,1,0.9393939393939394,1,0.12121212121212122,0,0.0,1,1,0,0.0,0.0,0.0,0.0,0.0,0.0,0.8787878787878788,0.3547648098508227,0.4730197464677636,0.0,0.0,0.0,0.7030303030303031,0.0,0.0
A000000232494,아누아 어성초 센텔라 레드 스팟 크림,복합성,3ef0eb445195bb6adfda8b21f71ee85a,0,0,1,0,0,0,0,6,8,5,12,7,3,0,0,3,0,5,1,1.0,1.0,1.0,1.0,1.0,1.0,0.0,0.0,1,1,0.8787878787878788,1,1,0.9393939393939394,1,0.12121212121212122,0,0.0,1,1,0,0.0,0.0,0.0,0.0,0.0,0.0,0.0,0.0,0.0,0.0,0.0,0.0,0.0,0.0,0.0
A000000232494,아누아 어성초 센텔라 레드 스팟 크림,민감성,3ef0eb445195bb6adfda8b21f71ee85a,0,1,0,0,0,0,0,6,8,5,12,7,3,0,0,3,0,5,1,1.0,1.0,1.0,1.0,1.0,1.0,0.0,0.0,1,1,0.8787878787878788,1,1,0.9393939393939394,1,0.12121212121212122,0,0.0,1,1,0,0.0,0.0,0.9890126251448706,0.0,0.0,0.0,0.0,0.0,0.0,0.0,0.0,0.0,0.4747260600695379,0.0,0.0
A000000232494,아누아 어성초 센텔라 레드 스팟 크림,트러블성,3ef0eb445195bb6adfda8b21f71ee85a,0,0,0,0,0,0,1,6,8,5,12,7,3,0,0,3,0,5,1,1.0,1.0,1.0,1.0,1.0,1.0,0.0,0.0,1,1,0.8787878787878788,1,1,0.9393939393939394,1,0.12121212121212122,0,0.0,1,1,0,0.0,0.0,0.0,0.0,0.0,0.0,0.0,0.0,0.0,1.0,0.0,0.0,0.7,0.0,0.0
A000000232494,아누아 어성초 센텔라 레드 스팟 크림,중성,3ef0eb445195bb6adfda8b21f71ee85a,0,0,0,0,1,0,0,6,8,5,12,7,3,0,0,3,0,5,1,1.0,1.0,1.0,1.0,1.0,1.0,0.0,0.0,1,1,0.8787878787878788,1,1,0.9393939393939394,1,0.12121212121212122,0,0.0,1,1,0,0.0,0.0,0.0,0.0,0.0,0.0,0.0,0.0,0.0,0.0,0.0,0.0,0.0,0.0,0.0
A000000232731,리브엠 워터핏 8중 수분착붙 크림,건성,570c9ffa4307751cf2e94626b14f9650,1,0,0,0,0,0,0,15,6,5,4,2,1,0,0,1,0,4,1,1.0,0.0,1.0,1.0,1.0,0.0,2.0,0.0,0,0,0.0,1,0,0.575,1,0.25,0,0.0,0,0,0,0.9532988796550387,0.3333333333333333,0.0,0.0,0.0,0.0,0.0,0.0,0.0,0.0,0.0,0.0,1.166632212988372,0.0,0.0
A000000232731,리브엠 워터핏 8중 수분착붙 크림,약건성,570c9ffa4307751cf2e94626b14f9650,0,0,0,1,0,0,0,15,6,5,4,2,1,0,0,1,0,4,1,1.0,0.0,1.0,1.0,1.0,0.0,2.0,0.0,0,0,0.0,1,0,0.575,1,0.25,0,0.0,0,0,0,0.9532988796550387,0.3333333333333333,0.0,0.0,0.0,0.0,0.0,0.0,0.0,0.0,0.0,0.0,1.166632212988372,0.0,0.0
A000000232731,리브엠 워터핏 8중 수분착붙 크림,지성,570c9ffa4307751cf2e94626b14f9650,0,0,0,0,0,1,0,15,6,5,4,2,1,0,0,1,0,4,1,1.0,0.0,1.0,1.0,1.0,0.0,2.0,0.0,0,0,0.0,1,0,0.575,1,0.25,0,0.0,0,0,0,0.0,0.0,0.0,0.0,0.0,0.0,0.0,0.47256365396982786,0.26231289352491105,0.0,0.0,0.0,0.0,0.0,0.0
A000000232731,리브엠 워터핏 8중 수분착붙 크림,복합성,570c9ffa4307751cf2e94626b14f9650,0,0,1,0,0,0,0,15,6,5,4,2,1,0,0,1,0,4,1,1.0,0.0,1.0,1.0,1.0,0.0,2.0,0.0,0,0,0.0,1,0,0.575,1,0.25,0,0.0,0,0,0,0.0,0.0,0.0,0.0,0.0,0.0,0.0,0.0,0.0,0.0,0.0,0.0,0.0,0.0,0.0
A000000232731,리브엠 워터핏 8중 수분착붙 크림,민감성,570c9ffa4307751cf2e94626b14f9650,0,1,0,0,0,0,0,15,6,5,4,2,1,0,0,1,0,4,1,1.0,0.0,1.0,1.0,1.0,0.0,2.0,0.0,0,0,0.0,1,0,0.575,1,0.25,0,0.0,0,0,0,0.0,0.0,0.8176156913504861,0.0,0.0,0.0,0.0,0.0,0.0,0.0,0.0,0.0,0.3924555318482333,0.0,0.0
A000000232731,리브엠 워터핏 8중 수분착붙 크림,트러블성,570c9ffa4307751cf2e94626b14f9650,0,0,0,0,0,0,1,15,6,5,4,2,1,0,0,1,0,4,1,1.0,0.0,1.0,1.0,1.0,0.0,2.0,0.0,0,0,0.0,1,0,0.575,1,0.25,0,0.0,0,0,0,0.0,0.0,0.0,0.0,0.0,0.0,0.0,0.0,0.0,0.0,0.0,0.0,0.0,0.0,0.0
A000000232731,리브엠 워터핏 8중 수분착붙 크림,중성,570c9ffa4307751cf2e94626b14f9650,0,0,0,0,1,0,0,15,6,5,4,2,1,0,0,1,0,4,1,1.0,0.0,1.0,1.0,1.0,0.0,2.0,0.0,0,0,0.0,1,0,0.575,1,0.25,0,0.0,0,0,0,0.0,0.0,0.0,0.0,0.0,0.0,0.0,0.0,0.0,0.0,0.0,0.0,0.0,0.0,0.0
A000000233322,닥터지 블랙스네일 크림,건성,4aa741bebb2c1a95f5ba3223e1858eaf,1,0,0,0,0,0,0,10,9,7,6,2,3,5,0,3,0,7,2,2.0,2.0,1.0,2.0,1.0,1.0,1.0,0.0,1,1,0.8767123287671232,0,0,0.0,0,0.0,0,0.0,0,1,0,0.9742832112544773,0.3333333333333333,0.0,0.0,0.0,0.0,0.0,0.0,0.0,0.0,0.0,0.0,1.1876165445878106,0.0,0.0
A000000233322,닥터지 블랙스네일 크림,약건성,4aa741bebb2c1a95f5ba3223e1858eaf,0,0,0,1,0,0,0,10,9,7,6,2,3,5,0,3,0,7,2,2.0,2.0,1.0,2.0,1.0,1.0,1.0,0.0,1,1,0.8767123287671232,0,0,0.0,0,0.0,0,0.0,0,1,0,0.9742832112544773,0.3333333333333333,0.0,0.0,0.0,0.0,0.0,0.0,0.0,0.0,0.0,0.0,1.1876165445878106,0.0,0.0
A000000233322,닥터지 블랙스네일 크림,지성,4aa741bebb2c1a95f5ba3223e1858eaf,0,0,0,0,0,1,0,10,9,7,6,2,3,5,0,3,0,7,2,2.0,2.0,1.0,2.0,1.0,1.0,1.0,0.0,1,1,0.8767123287671232,0,0,0.0,0,0.0,0,0.0,0,1,0,0.0,0.0,0.0,0.0,0.0,0.0,0.8767123287671232,0.5709309890416696,0.6300848719597705,0.0,0.0,0.0,0.7013698630136986,0.0,0.0
A000000233322,닥터지 블랙스네일 크림,복합성,4aa741bebb2c1a95f5ba3223e1858eaf,0,0,1,0,0,0,0,10,9,7,6,2,3,5,0,3,0,7,2,2.0,2.0,1.0,2.0,1.0,1.0,1.0,0.0,1,1,0.8767123287671232,0,0,0.0,0,0.0,0,0.0,0,1,0,0.0,0.0,0.0,0.0,0.0,0.0,0.0,0.0,0.0,0.0,0.0,0.0,0.0,0.0,0.0
A000000233322,닥터지 블랙스네일 크림,민감성,4aa741bebb2c1a95f5ba3223e1858eaf,0,1,0,0,0,0,0,10,9,7,6,2,3,5,0,3,0,7,2,2.0,2.0,1.0,2.0,1.0,1.0,1.0,0.0,1,1,0.8767123287671232,0,0,0.0,0,0.0,0,0.0,0,1,0,0.0,0.0,0.8437367206203651,0.9932620530009145,0.0,0.0,0.0,0.0,0.0,0.0,0.0,0.0,0.4049936258977752,0.7946096424007316,0.32181184024920684
A000000233322,닥터지 블랙스네일 크림,트러블성,4aa741bebb2c1a95f5ba3223e1858eaf,0,0,0,0,0,0,1,10,9,7,6,2,3,5,0,3,0,7,2,2.0,2.0,1.0,2.0,1.0,1.0,1.0,0.0,1,1,0.8767123287671232,0,0,0.0,0,0.0,0,0.0,0,1,0,0.0,0.0,0.0,0.0,0.0,0.0,0.0,0.0,0.0,0.0,0.0,0.0,0.0,0.0,0.0
A000000233322,닥터지 블랙스네일 크림,중성,4aa741bebb2c1a95f5ba3223e1858eaf,0,0,0,0,1,0,0,10,9,7,6,2,3,5,0,3,0,7,2,2.0,2.0,1.0,2.0,1.0,1.0,1.0,0.0,1,1,0.8767123287671232,0,0,0.0,0,0.0,0,0.0,0,1,0,0.0,0.0,0.0,0.0,0.0,0.0,0.0,0.0,0.0,0.0,0.0,0.0,0.0,0.0,0.0
A000000233337,션리 다시마 글레이즈드 크림,건성,5f947e80b5c8416aaf6565dfd97f6e4f,1,0,0,0,0,0,0,6,5,5,4,0,3,0,0,3,0,11,2,2.0,1.0,2.0,1.0,1.0,2.0,0.0,0.0,1,1,0.84,0,0,0.0,0,0.0,0,0.0,0,1,0,0.899810156511507,0.3333333333333333,0.0,0.0,0.0,0.0,0.0,0.0,0.0,0.0,0.0,0.0,1.1131434898448402,0.0,0.0
A000000233337,션리 다시마 글레이즈드 크림,약건성,5f947e80b5c8416aaf6565dfd97f6e4f,0,0,0,1,0,0,0,6,5,5,4,0,3,0,0,3,0,11,2,2.0,1.0,2.0,1.0,1.0,2.0,0.0,0.0,1,1,0.84,0,0,0.0,0,0.0,0,0.0,0,1,0,0.899810156511507,0.3333333333333333,0.0,0.0,0.0,0.0,0.0,0.0,0.0,0.0,0.0,0.0,1.1131434898448402,0.0,0.0
A000000233337,션리 다시마 글레이즈드 크림,지성,5f947e80b5c8416aaf6565dfd97f6e4f,0,0,0,0,0,1,0,6,5,5,4,0,3,0,0,3,0,11,2,2.0,1.0,2.0,1.0,1.0,2.0,0.0,0.0,1,1,0.84,0,0,0.0,0,0.0,0,0.0,0,1,0,0.0,0.0,0.0,0.0,0.0,0.0,0.84,0.4144276144861205,0.6321205588285577,0.0,0.0,0.0,0.672,0.0,0.0
A000000233337,션리 다시마 글레이즈드 크림,복합성,5f947e80b5c8416aaf6565dfd97f6e4f,0,0,1,0,0,0,0,6,5,5,4,0,3,0,0,3,0,11,2,2.0,1.0,2.0,1.0,1.0,2.0,0.0,0.0,1,1,0.84,0,0,0.0,0,0.0,0,0.0,0,1,0,0.0,0.0,0.0,0.0,0.0,0.0,0.0,0.0,0.0,0.0,0.0,0.0,0.0,0.0,0.0
A000000233337,션리 다시마 글레이즈드 크림,민감성,5f947e80b5c8416aaf6565dfd97f6e4f,0,1,0,0,0,0,0,6,5,5,4,0,3,0,0,3,0,11,2,2.0,1.0,2.0,1.0,1.0,2.0,0.0,0.0,1,1,0.84,0,0,0.0,0,0.0,0,0.0,0,1,0,0.0,0.0,0.0,0.0,0.0,0.0,0.0,0.0,0.0,0.0,0.0,0.0,0.0,0.0,0.0
A000000233337,션리 다시마 글레이즈드 크림,트러블성,5f947e80b5c8416aaf6565dfd97f6e4f,0,0,0,0,0,0,1,6,5,5,4,0,3,0,0,3,0,11,2,2.0,1.0,2.0,1.0,1.0,2.0,0.0,0.0,1,1,0.84,0,0,0.0,0,0.0,0,0.0,0,1,0,0.0,0.0,0.0,0.0,0.0,0.0,0.0,0.0,0.0,0.0,0.0,0.0,0.0,0.0,0.0
A000000233337,션리 다시마 글레이즈드 크림,중성,5f947e80b5c8416aaf6565dfd97f6e4f,0,0,0,0,1,0,0,6,5,5,4,0,3,0,0,3,0,11,2,2.0,1.0,2.0,1.0,1.0,2.0,0.0,0.0,1,1,0.84,0,0,0.0,0,0.0,0,0.0,0,1,0,0.0,0.0,0.0,0.0,0.0,0.0,0.0,0.0,0.0,0.0,0.0,0.0,0.0,0.0,0.0
A000000233614,이니스프리 그린티 수분크림,건성,52ff279cec8961202e5cd05de22a3653,1,0,0,0,0,0,0,10,4,4,6,6,2,3,1,3,0,4,6,0.0,1.0,2.0,0.0,1.0,5.0,0.0,1.0,0,0,0.0,1,0,0.5660377358490566,1,0.05660377358490565,0,0.0,1,0,1,0.8966847523343083,0.6666666666666666,0.0,0.0,0.0,0.0,0.0,0.0,0.0,0.0,0.0,0.0,1.323351419000975,0.0,0.0
A000000233614,이니스프리 그린티 수분크림,약건성,52ff279cec8961202e5cd05de22a3653,0,0,0,1,0,0,0,10,4,4,6,6,2,3,1,3,0,4,6,0.0,1.0,2.0,0.0,1.0,5.0,0.0,1.0,0,0,0.0,1,0,0.5660377358490566,1,0.05660377358490565,0,0.0,1,0,1,0.8966847523343083,0.6666666666666666,0.0,0.0,0.0,0.0,0.0,0.0,0.0,0.0,0.0,0.0,1.323351419000975,0.0,0.0
A000000233614,이니스프리 그린티 수분크림,지성,52ff279cec8961202e5cd05de22a3653,0,0,0,0,0,1,0,10,4,4,6,6,2,3,1,3,0,4,6,0.0,1.0,2.0,0.0,1.0,5.0,0.0,1.0,0,0,0.0,1,0,0.5660377358490566,1,0.05660377358490565,0,0.0,1,0,1,0.0,0.0,0.0,0.0,0.0,0.0,0.0,0.3278460854158669,0.4214137058857051,0.0,0.0,0.0,0.0,0.0,0.0
A000000233614,이니스프리 그린티 수분크림,복합성,52ff279cec8961202e5cd05de22a3653,0,0,1,0,0,0,0,10,4,4,6,6,2,3,1,3,0,4,6,0.0,1.0,2.0,0.0,1.0,5.0,0.0,1.0,0,0,0.0,1,0,0.5660377358490566,1,0.05660377358490565,0,0.0,1,0,1,0.0,0.0,0.0,0.0,0.0,0.0,0.0,0.0,0.0,0.0,0.0,0.0,0.0,0.0,0.0
A000000233614,이니스프리 그린티 수분크림,민감성,52ff279cec8961202e5cd05de22a3653,0,1,0,0,0,0,0,10,4,4,6,6,2,3,1,3,0,4,6,0.0,1.0,2.0,0.0,1.0,5.0,0.0,1.0,0,0,0.0,1,0,0.5660377358490566,1,0.05660377358490565,0,0.0,1,0,1,0.0,0.0,0.9665269267802411,0.950212931632136,0.6321205588285577,0.6321205588285577,0.0,0.0,0.0,0.0,0.0,0.031471429479129766,0.4639329248545157,1.2317053624993533,0.5714286713833164
A000000233614,이니스프리 그린티 수분크림,트러블성,52ff279cec8961202e5cd05de22a3653,0,0,0,0,0,0,1,10,4,4,6,6,2,3,1,3,0,4,6,0.0,1.0,2.0,0.0,1.0,5.0,0.0,1.0,0,0,0.0,1,0,0.5660377358490566,1,0.05660377358490565,0,0.0,1,0,1,0.0,0.0,0.0,0.0,0.0,0.0,0.0,0.0,0.0,0.0,0.0,0.031471429479129766,0.0,0.0062942858958259535,0.0
A000000233614,이니스프리 그린티 수분크림,중성,52ff279cec8961202e5cd05de22a3653,0,0,0,0,1,0,0,10,4,4,6,6,2,3,1,3,0,4,6,0.0,1.0,2.0,0.0,1.0,5.0,0.0,1.0,0,0,0.0,1,0,0.5660377358490566,1,0.05660377358490565,0,0.0,1,0,1,0.0,0.0,0.0,0.0,0.0,0.0,0.0,0.0,0.0,0.0,0.0,0.0,0.0,0.0,0.0
A000000234280,SVR 시카비트 크림 HPPI,건성,26408eb5ec1786ac3c2d40c1ff058f55,1,0,0,0,0,0,0,8,4,1,2,0,2,0,0,0,0,2,4,0.0,0.0,0.0,0.0,2.0,3.0,1.0,0.0,1,1,0.71875,0,0,0.0,0,0.0,0,0.0,0,0,0,0.6815445438106533,0.0,0.0,0.0,0.0,0.0,0.0,0.0,0.0,0.0,0.0,0.0,0.6815445438106533,0.0,0.0
A000000234280,SVR 시카비트 크림 HPPI,약건성,26408eb5ec1786ac3c2d40c1ff058f55,0,0,0,1,0,0,0,8,4,1,2,0,2,0,0,0,0,2,4,0.0,0.0,0.0,0.0,2.0,3.0,1.0,0.0,1,1,0.71875,0,0,0.0,0,0.0,0,0.0,0,0,0,0.6815445438106533,0.0,0.0,0.0,0.0,0.0,0.0,0.0,0.0,0.0,0.0,0.0,0.6815445438106533,0.0,0.0
A000000234280,SVR 시카비트 크림 HPPI,지성,26408eb5ec1786ac3c2d40c1ff058f55,0,0,0,0,0,1,0,8,4,1,2,0,2,0,0,0,0,2,4,0.0,0.0,0.0,0.0,2.0,3.0,1.0,0.0,1,1,0.71875,0,0,0.0,0,0.0,0,0.0,0,0,0,0.0,0.0,0.0,0.0,0.0,0.0,0.71875,0.5102777393771714,0.0,0.0,0.0,0.0,0.5750000000000001,0.0,0.0
A000000234280,SVR 시카비트 크림 HPPI,복합성,26408eb5ec1786ac3c2d40c1ff058f55,0,0,1,0,0,0,0,8,4,1,2,0,2,0,0,0,0,2,4,0.0,0.0,0.0,0.0,2.0,3.0,1.0,0.0,1,1,0.71875,0,0,0.0,0,0.0,0,0.0,0,0,0,0.0,0.0,0.0,0.0,0.0,0.0,0.0,0.0,0.0,0.0,0.0,0.0,0.0,0.0,0.0
A000000234280,SVR 시카비트 크림 HPPI,민감성,26408eb5ec1786ac3c2d40c1ff058f55,0,1,0,0,0,0,0,8,4,1,2,0,2,0,0,0,0,2,4,0.0,0.0,0.0,0.0,2.0,3.0,1.0,0.0,1,1,0.71875,0,0,0.0,0,0.0,0,0.0,0,0,0,0.0,0.0,0.0,0.0,0.0,0.0,0.0,0.0,0.0,0.0,0.0,0.0,0.0,0.0,0.0
A000000234280,SVR 시카비트 크림 HPPI,트러블성,26408eb5ec1786ac3c2d40c1ff058f55,0,0,0,0,0,0,1,8,4,1,2,0,2,0,0,0,0,2,4,0.0,0.0,0.0,0.0,2.0,3.0,1.0,0.0,1,1,0.71875,0,0,0.0,0,0.0,0,0.0,0,0,0,0.0,0.0,0.0,0.0,0.0,0.0,0.0,0.0,0.0,0.0,0.0,0.0,0.0,0.0,0.0
A000000234280,SVR 시카비트 크림 HPPI,중성,26408eb5ec1786ac3c2d40c1ff058f55,0,0,0,0,1,0,0,8,4,1,2,0,2,0,0,0,0,2,4,0.0,0.0,0.0,0.0,2.0,3.0,1.0,0.0,1,1,0.71875,0,0,0.0,0,0.0,0,0.0,0,0,0,0.0,0.0,0.0,0.0,0.0,0.0,0.0,0.0,0.0,0.0,0.0,0.0,0.0,0.0,0.0
A000000235267,키엘 울트라 훼이셜 오일-프리 젤 크림,건성,b8616814cfbc6492e3bf70457cb1b41a,1,0,0,0,0,0,0,5,1,2,0,0,2,0,1,2,0,1,0,1.0,0.0,2.0,0.0,0.0,0.0,0.0,0.0,0,0,0.0,0,0,0.0,0,0.0,1,0.0,0,0,1,0.5864974015094526,0.0,0.0,0.0,0.0,0.0,0.0,0.0,0.0,0.0,0.0,0.0,0.5864974015094526,0.0,0.0
A000000235267,키엘 울트라 훼이셜 오일-프리 젤 크림,약건성,b8616814cfbc6492e3bf70457cb1b41a,0,0,0,1,0,0,0,5,1,2,0,0,2,0,1,2,0,1,0,1.0,0.0,2.0,0.0,0.0,0.0,0.0,0.0,0,0,0.0,0,0,0.0,0,0.0,1,0.0,0,0,1,0.5864974015094526,0.0,0.0,0.0,0.0,0.0,0.0,0.0,0.0,0.0,0.0,0.0,0.5864974015094526,0.0,0.0
A000000235267,키엘 울트라 훼이셜 오일-프리 젤 크림,지성,b8616814cfbc6492e3bf70457cb1b41a,0,0,0,0,0,1,0,5,1,2,0,0,2,0,1,2,0,1,0,1.0,0.0,2.0,0.0,0.0,0.0,0.0,0.0,0,0,0.0,0,0,0.0,0,0.0,1,0.0,0,0,1,0.0,0.0,0.0,0.0,0.0,0.0,0.0,0.0,0.3418632997053081,0.0,0.0,0.0,0.0,0.0,0.0
A000000235267,키엘 울트라 훼이셜 오일-프리 젤 크림,복합성,b8616814cfbc6492e3bf70457cb1b41a,0,0,1,0,0,0,0,5,1,2,0,0,2,0,1,2,0,1,0,1.0,0.0,2.0,0.0,0.0,0.0,0.0,0.0,0,0,0.0,0,0,0.0,0,0.0,1,0.0,0,0,1,0.0,0.0,0.0,0.0,0.0,0.0,0.0,0.0,0.0,0.0,0.0,0.0,0.0,0.0,0.0
A000000235267,키엘 울트라 훼이셜 오일-프리 젤 크림,민감성,b8616814cfbc6492e3bf70457cb1b41a,0,1,0,0,0,0,0,5,1,2,0,0,2,0,1,2,0,1,0,1.0,0.0,2.0,0.0,0.0,0.0,0.0,0.0,0,0,0.0,0,0,0.0,0,0.0,1,0.0,0,0,1,0.0,0.0,0.0,0.0,0.6321205588285577,0.0,0.0,0.0,0.0,0.0,0.0,0.6321205588285577,0.0,0.4096141221209054,0.0
A000000235267,키엘 울트라 훼이셜 오일-프리 젤 크림,트러블성,b8616814cfbc6492e3bf70457cb1b41a,0,0,0,0,0,0,1,5,1,2,0,0,2,0,1,2,0,1,0,1.0,0.0,2.0,0.0,0.0,0.0,0.0,0.0,0,0,0.0,0,0,0.0,0,0.0,1,0.0,0,0,1,0.0,0.0,0.0,0.0,0.0,0.0,0.0,0.0,0.0,0.0,0.0,0.6321205588285577,0.0,0.12642411176571153,0.0
A000000235267,키엘 울트라 훼이셜 오일-프리 젤 크림,중성,b8616814cfbc6492e3bf70457cb1b41a,0,0,0,0,1,0,0,5,1,2,0,0,2,0,1,2,0,1,0,1.0,0.0,2.0,0.0,0.0,0.0,0.0,0.0,0,0,0.0,0,0,0.0,0,0.0,1,0.0,0,0,1,0.0,0.0,0.0,0.0,0.0,0.0,0.0,0.0,0.0,0.0,0.0,0.0,0.0,0.0,0.0
A000000235560,유리아쥬 시카 데일리 리페어 콘센트레 탄력 크림,건성,2c950757f208aebcf0e85e3c3f1163a5,1,0,0,0,0,0,0,4,5,2,2,2,2,0,0,0,0,1,1,1.0,0.0,0.0,0.0,0.0,0.0,1.0,0.0,0,0,0.0,1,0,0.4,0,0.0,0,0.0,0,0,0,0.7531924364425228,0.0,0.0,0.0,0.0,0.0,0.0,0.0,0.0,0.0,0.0,0.0,0.7531924364425228,0.0,0.0
A000000235560,유리아쥬 시카 데일리 리페어 콘센트레 탄력 크림,약건성,2c950757f208aebcf0e85e3c3f1163a5,0,0,0,1,0,0,0,4,5,2,2,2,2,0,0,0,0,1,1,1.0,0.0,0.0,0.0,0.0,0.0,1.0,0.0,0,0,0.0,1,0,0.4,0,0.0,0,0.0,0,0,0,0.7531924364425228,0.0,0.0,0.0,0.0,0.0,0.0,0.0,0.0,0.0,0.0,0.0,0.7531924364425228,0.0,0.0
A000000235560,유리아쥬 시카 데일리 리페어 콘센트레 탄력 크림,지성,2c950757f208aebcf0e85e3c3f1163a5,0,0,0,0,0,1,0,4,5,2,2,2,2,0,0,0,0,1,1,1.0,0.0,0.0,0.0,0.0,0.0,1.0,0.0,0,0,0.0,1,0,0.4,0,0.0,0,0.0,0,0,0,0.0,0.0,0.0,0.0,0.0,0.0,0.0,0.15803013970713942,0.13115644676245553,0.0,0.0,0.0,0.0,0.0,0.0
A000000235560,유리아쥬 시카 데일리 리페어 콘센트레 탄력 크림,복합성,2c950757f208aebcf0e85e3c3f1163a5,0,0,1,0,0,0,0,4,5,2,2,2,2,0,0,0,0,1,1,1.0,0.0,0.0,0.0,0.0,0.0,1.0,0.0,0,0,0.0,1,0,0.4,0,0.0,0,0.0,0,0,0,0.0,0.0,0.0,0.0,0.0,0.0,0.0,0.0,0.0,0.0,0.0,0.0,0.0,0.0,0.0
A000000235560,유리아쥬 시카 데일리 리페어 콘센트레 탄력 크림,민감성,2c950757f208aebcf0e85e3c3f1163a5,0,1,0,0,0,0,0,4,5,2,2,2,2,0,0,0,0,1,1,1.0,0.0,0.0,0.0,0.0,0.0,1.0,0.0,0,0,0.0,1,0,0.4,0,0.0,0,0.0,0,0,0,0.0,0.0,0.736546115786664,0.0,0.0,0.0,0.0,0.0,0.0,0.0,0.0,0.0,0.35354213557759867,0.0,0.0
A000000235560,유리아쥬 시카 데일리 리페어 콘센트레 탄력 크림,트러블성,2c950757f208aebcf0e85e3c3f1163a5,0,0,0,0,0,0,1,4,5,2,2,2,2,0,0,0,0,1,1,1.0,0.0,0.0,0.0,0.0,0.0,1.0,0.0,0,0,0.0,1,0,0.4,0,0.0,0,0.0,0,0,0,0.0,0.0,0.0,0.0,0.0,0.0,0.0,0.0,0.0,0.0,0.0,0.0,0.0,0.0,0.0
A000000235560,유리아쥬 시카 데일리 리페어 콘센트레 탄력 크림,중성,2c950757f208aebcf0e85e3c3f1163a5,0,0,0,0,1,0,0,4,5,2,2,2,2,0,0,0,0,1,1,1.0,0.0,0.0,0.0,0.0,0.0,1.0,0.0,0,0,0.0,1,0,0.4,0,0.0,0,0.0,0,0,0,0.0,0.0,0.0,0.0,0.0,0.0,0.0,0.0,0.0,0.0,0.0,0.0,0.0,0.0,0.0
A000000236508,프리메라 비타티놀 인텐스 바운시 리프트 마스크 크림,건성,b11cd8f1e931e3803e8e9c60f5a92bf8,1,0,0,0,0,0,0,8,9,8,3,2,10,0,1,3,0,0,1,1.0,1.0,1.0,1.0,1.0,1.0,3.0,0.0,1,1,0.8636363636363636,1,1,0.9242424242424242,0,0.0,0,0.0,0,0,1,0.9666771800929465,0.0,0.0,0.0,0.0,0.0,0.0,0.0,0.0,0.0,0.0,0.0,0.9666771800929465,0.0,0.0
A000000236508,프리메라 비타티놀 인텐스 바운시 리프트 마스크 크림,약건성,b11cd8f1e931e3803e8e9c60f5a92bf8,0,0,0,1,0,0,0,8,9,8,3,2,10,0,1,3,0,0,1,1.0,1.0,1.0,1.0,1.0,1.0,3.0,0.0,1,1,0.8636363636363636,1,1,0.9242424242424242,0,0.0,0,0.0,0,0,1,0.9666771800929465,0.0,0.0,0.0,0.0,0.0,0.0,0.0,0.0,0.0,0.0,0.0,0.9666771800929465,0.0,0.0
A000000236508,프리메라 비타티놀 인텐스 바운시 리프트 마스크 크림,지성,b11cd8f1e931e3803e8e9c60f5a92bf8,0,0,0,0,0,1,0,8,9,8,3,2,10,0,1,3,0,0,1,1.0,1.0,1.0,1.0,1.0,1.0,3.0,0.0,1,1,0.8636363636363636,1,1,0.9242424242424242,0,0.0,0,0.0,0,0,1,0.0,0.0,0.0,0.0,0.0,0.0,0.8636363636363636,0.5923180427588568,0.4730197464677636,0.0,0.0,0.0,0.6909090909090909,0.0,0.0
A000000236508,프리메라 비타티놀 인텐스 바운시 리프트 마스크 크림,복합성,b11cd8f1e931e3803e8e9c60f5a92bf8,0,0,1,0,0,0,0,8,9,8,3,2,10,0,1,3,0,0,1,1.0,1.0,1.0,1.0,1.0,1.0,3.0,0.0,1,1,0.8636363636363636,1,1,0.9242424242424242,0,0.0,0,0.0,0,0,1,0.0,0.0,0.0,0.0,0.0,0.0,0.0,0.0,0.0,0.0,0.0,0.0,0.0,0.0,0.0
A000000236508,프리메라 비타티놀 인텐스 바운시 리프트 마스크 크림,민감성,b11cd8f1e931e3803e8e9c60f5a92bf8,0,1,0,0,0,0,0,8,9,8,3,2,10,0,1,3,0,0,1,1.0,1.0,1.0,1.0,1.0,1.0,3.0,0.0,1,1,0.8636363636363636,1,1,0.9242424242424242,0,0.0,0,0.0,0,0,1,0.0,0.0,0.7889498396298451,0.0,0.6321205588285577,0.0,0.0,0.0,0.0,0.0,0.0,0.141045161524531,0.37869592302232563,0.31139904266010004,0.11792554788843514
A000000236508,프리메라 비타티놀 인텐스 바운시 리프트 마스크 크림,트러블성,b11cd8f1e931e3803e8e9c60f5a92bf8,0,0,0,0,0,0,1,8,9,8,3,2,10,0,1,3,0,0,1,1.0,1.0,1.0,1.0,1.0,1.0,3.0,0.0,1,1,0.8636363636363636,1,1,0.9242424242424242,0,0.0,0,0.0,0,0,1,0.0,0.0,0.0,0.0,0.0,0.0,0.0,0.0,0.0,0.0,0.0,0.141045161524531,0.0,0.028209032304906203,0.0
A000000236508,프리메라 비타티놀 인텐스 바운시 리프트 마스크 크림,중성,b11cd8f1e931e3803e8e9c60f5a92bf8,0,0,0,0,1,0,0,8,9,8,3,2,10,0,1,3,0,0,1,1.0,1.0,1.0,1.0,1.0,1.0,3.0,0.0,1,1,0.8636363636363636,1,1,0.9242424242424242,0,0.0,0,0.0,0,0,1,0.0,0.0,0.0,0.0,0.0,0.0,0.0,0.0,0.0,0.0,0.0,0.0,0.0,0.0,0.0
A000000236996,샤이샤이샤이 리포좀 리페어 밀키 크림,건성,f2e6472f4d6aa8a8a4f1c2a9d3391678,1,0,0,0,0,0,0,8,3,5,5,2,4,4,0,4,2,6,1,0.0,2.0,2.0,0.0,0.0,0.0,1.0,0.0,0,0,0.0,1,0,0.6,1,0.6222222222222222,0,0.0,0,0,0,0.8722177959157612,0.3333333333333333,0.0,0.0,0.0,0.0,0.0,0.0,0.0,0.0,0.0,0.0,1.0855511292490945,0.0,0.0
A000000236996,샤이샤이샤이 리포좀 리페어 밀키 크림,약건성,f2e6472f4d6aa8a8a4f1c2a9d3391678,0,0,0,1,0,0,0,8,3,5,5,2,4,4,0,4,2,6,1,0.0,2.0,2.0,0.0,0.0,0.0,1.0,0.0,0,0,0.0,1,0,0.6,1,0.6222222222222222,0,0.0,0,0,0,0.8722177959157612,0.3333333333333333,0.0,0.0,0.0,0.0,0.0,0.0,0.0,0.0,0.0,0.0,1.0855511292490945,0.0,0.0
A000000236996,샤이샤이샤이 리포좀 리페어 밀키 크림,지성,f2e6472f4d6aa8a8a4f1c2a9d3391678,0,0,0,0,0,1,0,8,3,5,5,2,4,4,0,4,2,6,1,0.0,2.0,2.0,0.0,0.0,0.0,1.0,0.0,0,0,0.0,1,0,0.6,1,0.6222222222222222,0,0.0,0,0,0,0.0,0.0,0.0,0.0,0.0,0.0,0.0,0.15803013970713942,0.49892842519731495,0.0,0.0,0.0,0.0,0.0,0.0
A000000236996,샤이샤이샤이 리포좀 리페어 밀키 크림,복합성,f2e6472f4d6aa8a8a4f1c2a9d3391678,0,0,1,0,0,0,0,8,3,5,5,2,4,4,0,4,2,6,1,0.0,2.0,2.0,0.0,0.0,0.0,1.0,0.0,0,0,0.0,1,0,0.6,1,0.6222222222222222,0,0.0,0,0,0,0.0,0.0,0.0,0.0,0.0,0.0,0.0,0.0,0.0,0.0,0.0,0.0,0.0,0.0,0.0
A000000236996,샤이샤이샤이 리포좀 리페어 밀키 크림,민감성,f2e6472f4d6aa8a8a4f1c2a9d3391678,0,1,0,0,0,0,0,8,3,5,5,2,4,4,0,4,2,6,1,0.0,2.0,2.0,0.0,0.0,0.0,1.0,0.0,0,0,0.0,1,0,0.6,1,0.6222222222222222,0,0.0,0,0,0,0.0,0.0,0.8340667228748998,0.9816843611112658,0.0,0.0,0.0,0.0,0.0,0.0,0.0,0.0,0.40035202697995187,0.7853474888890126,0.3144154590603314
A000000236996,샤이샤이샤이 리포좀 리페어 밀키 크림,트러블성,f2e6472f4d6aa8a8a4f1c2a9d3391678,0,0,0,0,0,0,1,8,3,5,5,2,4,4,0,4,2,6,1,0.0,2.0,2.0,0.0,0.0,0.0,1.0,0.0,0,0,0.0,1,0,0.6,1,0.6222222222222222,0,0.0,0,0,0,0.0,0.0,0.0,0.0,0.0,0.0,0.0,0.0,0.0,0.0,0.0,0.0,0.0,0.0,0.0
A000000236996,샤이샤이샤이 리포좀 리페어 밀키 크림,중성,f2e6472f4d6aa8a8a4f1c2a9d3391678,0,0,0,0,1,0,0,8,3,5,5,2,4,4,0,4,2,6,1,0.0,2.0,2.0,0.0,0.0,0.0,1.0,0.0,0,0,0.0,1,0,0.6,1,0.6222222222222222,0,0.0,0,0,0,0.0,0.0,0.0,0.0,0.0,0.0,0.0,0.0,0.0,0.0,0.0,0.0,0.0,0.0,0.0
A000000237442,이니스프리 비타민C 캡슐 크림,건성,580a7a57b3384cf471248036ff594bd5,1,0,0,0,0,0,0,17,4,2,4,1,10,0,1,1,0,4,4,1.0,0.0,1.0,0.0,0.0,4.0,0.0,0.0,1,1,0.9411764705882353,1,0,0.3529411764705882,0,0.0,0,0.0,0,1,1,0.8166717883425412,0.3333333333333333,0.0,0.0,0.0,0.0,0.0,0.0,0.0,0.0,0.0,0.0,1.0300051216758745,0.0,0.0
A000000237442,이니스프리 비타민C 캡슐 크림,약건성,580a7a57b3384cf471248036ff594bd5,0,0,0,1,0,0,0,17,4,2,4,1,10,0,1,1,0,4,4,1.0,0.0,1.0,0.0,0.0,4.0,0.0,0.0,1,1,0.9411764705882353,1,0,0.3529411764705882,0,0.0,0,0.0,0,1,1,0.8166717883425412,0.3333333333333333,0.0,0.0,0.0,0.0,0.0,0.0,0.0,0.0,0.0,0.0,1.0300051216758745,0.0,0.0
A000000237442,이니스프리 비타민C 캡슐 크림,지성,580a7a57b3384cf471248036ff594bd5,0,0,0,0,0,1,0,17,4,2,4,1,10,0,1,1,0,4,4,1.0,0.0,1.0,0.0,0.0,4.0,0.0,0.0,1,1,0.9411764705882353,1,0,0.3529411764705882,0,0.0,0,0.0,0,1,1,0.0,0.0,0.0,0.0,0.0,0.0,0.9411764705882353,0.21616617919084682,0.26231289352491105,0.0,0.0,0.0,0.7529411764705882,0.0,0.0
A000000237442,이니스프리 비타민C 캡슐 크림,복합성,580a7a57b3384cf471248036ff594bd5,0,0,1,0,0,0,0,17,4,2,4,1,10,0,1,1,0,4,4,1.0,0.0,1.0,0.0,0.0,4.0,0.0,0.0,1,1,0.9411764705882353,1,0,0.3529411764705882,0,0.0,0,0.0,0,1,1,0.0,0.0,0.0,0.0,0.0,0.0,0.0,0.0,0.0,0.0,0.0,0.0,0.0,0.0,0.0
A000000237442,이니스프리 비타민C 캡슐 크림,민감성,580a7a57b3384cf471248036ff594bd5,0,1,0,0,0,0,0,17,4,2,4,1,10,0,1,1,0,4,4,1.0,0.0,1.0,0.0,0.0,4.0,0.0,0.0,1,1,0.9411764705882353,1,0,0.3529411764705882,0,0.0,0,0.0,0,1,1,0.0,0.0,0.6981030652663972,0.0,0.6321205588285577,0.0,0.0,0.0,0.0,0.0,0.0,0.08554821486874875,0.33508947132787065,0.3002996533289436,0.10062725207393854
A000000237442,이니스프리 비타민C 캡슐 크림,트러블성,580a7a57b3384cf471248036ff594bd5,0,0,0,0,0,0,1,17,4,2,4,1,10,0,1,1,0,4,4,1.0,0.0,1.0,0.0,0.0,4.0,0.0,0.0,1,1,0.9411764705882353,1,0,0.3529411764705882,0,0.0,0,0.0,0,1,1,0.0,0.0,0.0,0.0,0.0,0.0,0.0,0.0,0.0,0.0,0.0,0.08554821486874875,0.0,0.017109642973749752,0.0
A000000237442,이니스프리 비타민C 캡슐 크림,중성,580a7a57b3384cf471248036ff594bd5,0,0,0,0,1,0,0,17,4,2,4,1,10,0,1,1,0,4,4,1.0,0.0,1.0,0.0,0.0,4.0,0.0,0.0,1,1,0.9411764705882353,1,0,0.3529411764705882,0,0.0,0,0.0,0,1,1,0.0,0.0,0.0,0.0,0.0,0.0,0.0,0.0,0.0,0.0,0.0,0.0,0.0,0.0,0.0
A000000238408,믹순 히알레배 포어 블러링 크림,건성,4b5e63c8b6019e7802c6ef36d300337e,1,0,0,0,0,0,0,11,4,2,1,4,5,0,2,0,0,6,0,1.0,0.0,0.0,1.0,0.0,0.0,0.0,0.0,1,1,0.875,0,0,0.0,0,0.0,1,0.125,0,0,2,0.8105889720558723,0.0,0.0,0.0,0.0,0.0,0.0,0.0,0.0,0.0,0.0,0.0,0.8105889720558723,0.0,0.0
A000000238408,믹순 히알레배 포어 블러링 크림,약건성,4b5e63c8b6019e7802c6ef36d300337e,0,0,0,1,0,0,0,11,4,2,1,4,5,0,2,0,0,6,0,1.0,0.0,0.0,1.0,0.0,0.0,0.0,0.0,1,1,0.875,0,0,0.0,0,0.0,1,0.125,0,0,2,0.8105889720558723,0.0,0.0,0.0,0.0,0.0,0.0,0.0,0.0,0.0,0.0,0.0,0.8105889720558723,0.0,0.0
A000000238408,믹순 히알레배 포어 블러링 크림,지성,4b5e63c8b6019e7802c6ef36d300337e,0,0,0,0,0,1,0,11,4,2,1,4,5,0,2,0,0,6,0,1.0,0.0,0.0,1.0,0.0,0.0,0.0,0.0,1,1,0.875,0,0,0.0,0,0.0,1,0.125,0,0,2,0.0,0.0,0.0,0.0,0.0,0.0,0.875,0.15803013970713942,0.13115644676245553,0.0,0.0,0.0,0.7000000000000001,0.0,0.0
A000000238408,믹순 히알레배 포어 블러링 크림,복합성,4b5e63c8b6019e7802c6ef36d300337e,0,0,1,0,0,0,0,11,4,2,1,4,5,0,2,0,0,6,0,1.0,0.0,0.0,1.0,0.0,0.0,0.0,0.0,1,1,0.875,0,0,0.0,0,0.0,1,0.125,0,0,2,0.0,0.0,0.0,0.0,0.0,0.0,0.0,0.0,0.0,0.0,0.0,0.0,0.0,0.0,0.0
A000000238408,믹순 히알레배 포어 블러링 크림,민감성,4b5e63c8b6019e7802c6ef36d300337e,0,1,0,0,0,0,0,11,4,2,1,4,5,0,2,0,0,6,0,1.0,0.0,0.0,1.0,0.0,0.0,0.0,0.0,1,1,0.875,0,0,0.0,0,0.0,1,0.125,0,0,2,0.0,0.0,0.6981030652663972,0.0,0.8646647167633873,0.0,0.0,0.0,0.0,0.0,0.0,0.5244456610887346,0.33508947132787065,0.49225892532774446,0.16495078304449964
A000000238408,믹순 히알레배 포어 블러링 크림,트러블성,4b5e63c8b6019e7802c6ef36d300337e,0,0,0,0,0,0,1,11,4,2,1,4,5,0,2,0,0,6,0,1.0,0.0,0.0,1.0,0.0,0.0,0.0,0.0,1,1,0.875,0,0,0.0,0,0.0,1,0.125,0,0,2,0.0,0.0,0.0,0.0,0.0,0.0,0.0,0.0,0.0,0.0,0.6272713450233213,0.5244456610887346,0.12545426900466425,0.10488913221774693,0.013158789408911018
A000000238408,믹순 히알레배 포어 블러링 크림,중성,4b5e63c8b6019e7802c6ef36d300337e,0,0,0,0,1,0,0,11,4,2,1,4,5,0,2,0,0,6,0,1.0,0.0,0.0,1.0,0.0,0.0,0.0,0.0,1,1,0.875,0,0,0.0,0,0.0,1,0.125,0,0,2,0.0,0.0,0.0,0.0,0.0,0.0,0.0,0.0,0.0,0.0,0.0,0.0,0.0,0.0,0.0
A000000238458,오아조 더마 테카 카밍 크림,건성,4ba93c912285d19fbd50712a9363c09e,1,0,0,0,0,0,0,11,3,3,7,5,3,1,0,1,0,1,3,1.0,0.0,1.0,1.0,0.0,2.0,0.0,1.0,1,1,0.9019607843137255,1,0,0.803921568627451,1,0.23529411764705888,0,0.0,1,1,0,0.837819210462152,1.0,0.0,0.0,0.0,0.0,0.0,0.0,0.0,0.0,0.0,0.0,1.477819210462152,0.0,0.0
A000000238458,오아조 더마 테카 카밍 크림,약건성,4ba93c912285d19fbd50712a9363c09e,0,0,0,1,0,0,0,11,3,3,7,5,3,1,0,1,0,1,3,1.0,0.0,1.0,1.0,0.0,2.0,0.0,1.0,1,1,0.9019607843137255,1,0,0.803921568627451,1,0.23529411764705888,0,0.0,1,1,0,0.837819210462152,1.0,0.0,0.0,0.0,0.0,0.0,0.0,0.0,0.0,0.0,0.0,1.477819210462152,0.0,0.0
A000000238458,오아조 더마 테카 카밍 크림,지성,4ba93c912285d19fbd50712a9363c09e,0,0,0,0,0,1,0,11,3,3,7,5,3,1,0,1,0,1,3,1.0,0.0,1.0,1.0,0.0,2.0,0.0,1.0,1,1,0.9019607843137255,1,0,0.803921568627451,1,0.23529411764705888,0,0.0,1,1,0,0.0,0.0,0.0,0.0,0.0,0.0,0.9019607843137255,0.31606027941427883,0.26231289352491105,0.0,0.0,0.0,0.7215686274509805,0.0,0.0
A000000238458,오아조 더마 테카 카밍 크림,복합성,4ba93c912285d19fbd50712a9363c09e,0,0,1,0,0,0,0,11,3,3,7,5,3,1,0,1,0,1,3,1.0,0.0,1.0,1.0,0.0,2.0,0.0,1.0,1,1,0.9019607843137255,1,0,0.803921568627451,1,0.23529411764705888,0,0.0,1,1,0,0.0,0.0,0.0,0.0,0.0,0.0,0.0,0.0,0.0,0.0,0.0,0.0,0.0,0.0,0.0
A000000238458,오아조 더마 테카 카밍 크림,민감성,4ba93c912285d19fbd50712a9363c09e,0,1,0,0,0,0,0,11,3,3,7,5,3,1,0,1,0,1,3,1.0,0.0,1.0,1.0,0.0,2.0,0.0,1.0,1,1,0.9019607843137255,1,0,0.803921568627451,1,0.23529411764705888,0,0.0,1,1,0,0.0,0.0,0.9619709111476769,0.6321205588285577,0.0,0.6321205588285577,0.0,0.0,0.0,0.0,0.0,0.0,0.4617460373508849,0.6877471680054708,0.3175645295258194
A000000238458,오아조 더마 테카 카밍 크림,트러블성,4ba93c912285d19fbd50712a9363c09e,0,0,0,0,0,0,1,11,3,3,7,5,3,1,0,1,0,1,3,1.0,0.0,1.0,1.0,0.0,2.0,0.0,1.0,1,1,0.9019607843137255,1,0,0.803921568627451,1,0.23529411764705888,0,0.0,1,1,0,0.0,0.0,0.0,0.0,0.0,0.0,0.0,0.0,0.0,1.0,0.0,0.0,0.7,0.0,0.0
A000000238458,오아조 더마 테카 카밍 크림,중성,4ba93c912285d19fbd50712a9363c09e,0,0,0,0,1,0,0,11,3,3,7,5,3,1,0,1,0,1,3,1.0,0.0,1.0,1.0,0.0,2.0,0.0,1.0,1,1,0.9019607843137255,1,0,0.803921568627451,1,0.23529411764705888,0,0.0,1,1,0,0.0,0.0,0.0,0.0,0.0,0.0,0.0,0.0,0.0,0.0,0.0,0.0,0.0,0.0,0.0
A000000238594,우노 크림 퍼펙션,건성,71b5b3463f886389d625923622d4fab9,1,0,0,0,0,0,0,6,1,2,0,0,2,4,1,2,0,1,0,0.0,0.0,2.0,0.0,0.0,0.0,0.0,0.0,0,0,0.0,0,0,0.0,0,0.0,0,0.0,0,0,1,0.5991278621635413,0.0,0.0,0.0,0.0,0.0,0.0,0.0,0.0,0.0,0.0,0.0,0.5991278621635413,0.0,0.0
A000000238594,우노 크림 퍼펙션,약건성,71b5b3463f886389d625923622d4fab9,0,0,0,1,0,0,0,6,1,2,0,0,2,4,1,2,0,1,0,0.0,0.0,2.0,0.0,0.0,0.0,0.0,0.0,0,0,0.0,0,0,0.0,0,0.0,0,0.0,0,0,1,0.5991278621635413,0.0,0.0,0.0,0.0,0.0,0.0,0.0,0.0,0.0,0.0,0.0,0.5991278621635413,0.0,0.0
A000000238594,우노 크림 퍼펙션,지성,71b5b3463f886389d625923622d4fab9,0,0,0,0,0,1,0,6,1,2,0,0,2,4,1,2,0,1,0,0.0,0.0,2.0,0.0,0.0,0.0,0.0,0.0,0,0,0.0,0,0,0.0,0,0.0,0,0.0,0,0,1,0.0,0.0,0.0,0.0,0.0,0.0,0.0,0.0,0.21070685294285255,0.0,0.0,0.0,0.0,0.0,0.0
A000000238594,우노 크림 퍼펙션,복합성,71b5b3463f886389d625923622d4fab9,0,0,1,0,0,0,0,6,1,2,0,0,2,4,1,2,0,1,0,0.0,0.0,2.0,0.0,0.0,0.0,0.0,0.0,0,0,0.0,0,0,0.0,0,0.0,0,0.0,0,0,1,0.0,0.0,0.0,0.0,0.0,0.0,0.0,0.0,0.0,0.0,0.0,0.0,0.0,0.0,0.0
A000000238594,우노 크림 퍼펙션,민감성,71b5b3463f886389d625923622d4fab9,0,1,0,0,0,0,0,6,1,2,0,0,2,4,1,2,0,1,0,0.0,0.0,2.0,0.0,0.0,0.0,0.0,0.0,0,0,0.0,0,0,0.0,0,0.0,0,0.0,0,0,1,0.0,0.0,0.0,0.9816843611112658,0.6321205588285577,0.0,0.0,0.0,0.0,0.0,0.0,0.6321205588285577,0.0,1.194961611009918,0.0
A000000238594,우노 크림 퍼펙션,트러블성,71b5b3463f886389d625923622d4fab9,0,0,0,0,0,0,1,6,1,2,0,0,2,4,1,2,0,1,0,0.0,0.0,2.0,0.0,0.0,0.0,0.0,0.0,0,0,0.0,0,0,0.0,0,0.0,0,0.0,0,0,1,0.0,0.0,0.0,0.0,0.0,0.0,0.0,0.0,0.0,0.0,0.0,0.6321205588285577,0.0,0.12642411176571153,0.0
A000000238594,우노 크림 퍼펙션,중성,71b5b3463f886389d625923622d4fab9,0,0,0,0,1,0,0,6,1,2,0,0,2,4,1,2,0,1,0,0.0,0.0,2.0,0.0,0.0,0.0,0.0,0.0,0,0,0.0,0,0,0.0,0,0.0,0,0.0,0,0,1,0.0,0.0,0.0,0.0,0.0,0.0,0.0,0.0,0.0,0.0,0.0,0.0,0.0,0.0,0.0
A000000238669,닥터엘시아 345 릴리프 크림,건성,fad5511d8c553dca34c73f913b8eb65b,1,0,0,0,0,0,0,8,3,4,3,6,3,0,0,3,0,2,0,1.0,1.0,2.0,1.0,0.0,0.0,0.0,0.0,1,1,0.7567567567567568,1,0,0.7297297297297297,1,0.08108108108108103,0,0.0,0,0,0,0.8550142772244669,0.3333333333333333,0.0,0.0,0.0,0.0,0.0,0.0,0.0,0.0,0.0,0.0,1.0683476105578003,0.0,0.0
A000000238669,닥터엘시아 345 릴리프 크림,약건성,fad5511d8c553dca34c73f913b8eb65b,0,0,0,1,0,0,0,8,3,4,3,6,3,0,0,3,0,2,0,1.0,1.0,2.0,1.0,0.0,0.0,0.0,0.0,1,1,0.7567567567567568,1,0,0.7297297297297297,1,0.08108108108108103,0,0.0,0,0,0,0.8550142772244669,0.3333333333333333,0.0,0.0,0.0,0.0,0.0,0.0,0.0,0.0,0.0,0.0,1.0683476105578003,0.0,0.0
A000000238669,닥터엘시아 345 릴리프 크림,지성,fad5511d8c553dca34c73f913b8eb65b,0,0,0,0,0,1,0,8,3,4,3,6,3,0,0,3,0,2,0,1.0,1.0,2.0,1.0,0.0,0.0,0.0,0.0,1,1,0.7567567567567568,1,0,0.7297297297297297,1,0.08108108108108103,0,0.0,0,0,0,0.0,0.0,0.0,0.0,0.0,0.0,0.7567567567567568,0.15803013970713942,0.5525701526481607,0.0,0.0,0.0,0.6054054054054054,0.0,0.0
A000000238669,닥터엘시아 345 릴리프 크림,복합성,fad5511d8c553dca34c73f913b8eb65b,0,0,1,0,0,0,0,8,3,4,3,6,3,0,0,3,0,2,0,1.0,1.0,2.0,1.0,0.0,0.0,0.0,0.0,1,1,0.7567567567567568,1,0,0.7297297297297297,1,0.08108108108108103,0,0.0,0,0,0,0.0,0.0,0.0,0.0,0.0,0.0,0.0,0.0,0.0,0.0,0.0,0.0,0.0,0.0,0.0
A000000238669,닥터엘시아 345 릴리프 크림,민감성,fad5511d8c553dca34c73f913b8eb65b,0,1,0,0,0,0,0,8,3,4,3,6,3,0,0,3,0,2,0,1.0,1.0,2.0,1.0,0.0,0.0,0.0,0.0,1,1,0.7567567567567568,1,0,0.7297297297297297,1,0.08108108108108103,0,0.0,0,0,0,0.0,0.0,0.9037668330003853,0.0,0.0,0.0,0.0,0.0,0.0,0.0,0.0,0.0,0.43380807984018493,0.0,0.0
A000000238669,닥터엘시아 345 릴리프 크림,트러블성,fad5511d8c553dca34c73f913b8eb65b,0,0,0,0,0,0,1,8,3,4,3,6,3,0,0,3,0,2,0,1.0,1.0,2.0,1.0,0.0,0.0,0.0,0.0,1,1,0.7567567567567568,1,0,0.7297297297297297,1,0.08108108108108103,0,0.0,0,0,0,0.0,0.0,0.0,0.0,0.0,0.0,0.0,0.0,0.0,1.0,0.0,0.0,0.7,0.0,0.0
A000000238669,닥터엘시아 345 릴리프 크림,중성,fad5511d8c553dca34c73f913b8eb65b,0,0,0,0,1,0,0,8,3,4,3,6,3,0,0,3,0,2,0,1.0,1.0,2.0,1.0,0.0,0.0,0.0,0.0,1,1,0.7567567567567568,1,0,0.7297297297297297,1,0.08108108108108103,0,0.0,0,0,0,0.0,0.0,0.0,0.0,0.0,0.0,0.0,0.0,0.0,0.0,0.0,0.0,0.0,0.0,0.0
A000000238929,차앤박 프로폴리스 앰플 액티브 샷 크림,건성,0c24c73d48613dd0cd57cd8cd90da63e,1,0,0,0,0,0,0,7,6,3,6,7,1,4,0,2,0,8,2,1.0,0.0,2.0,1.0,2.0,1.0,0.0,1.0,0,0,0.0,1,0,0.8032786885245902,1,0.7213114754098361,0,0.0,0,1,0,0.8735547776354732,0.6666666666666666,0.0,0.0,0.0,0.0,0.0,0.0,0.0,0.0,0.0,0.0,1.3002214443021398,0.0,0.0
A000000238929,차앤박 프로폴리스 앰플 액티브 샷 크림,약건성,0c24c73d48613dd0cd57cd8cd90da63e,0,0,0,1,0,0,0,7,6,3,6,7,1,4,0,2,0,8,2,1.0,0.0,2.0,1.0,2.0,1.0,0.0,1.0,0,0,0.0,1,0,0.8032786885245902,1,0.7213114754098361,0,0.0,0,1,0,0.8735547776354732,0.6666666666666666,0.0,0.0,0.0,0.0,0.0,0.0,0.0,0.0,0.0,0.0,1.3002214443021398,0.0,0.0
A000000238929,차앤박 프로폴리스 앰플 액티브 샷 크림,지성,0c24c73d48613dd0cd57cd8cd90da63e,0,0,0,0,0,1,0,7,6,3,6,7,1,4,0,2,0,8,2,1.0,0.0,2.0,1.0,2.0,1.0,0.0,1.0,0,0,0.0,1,0,0.8032786885245902,1,0.7213114754098361,0,0.0,0,1,0,0.0,0.0,0.0,0.0,0.0,0.0,0.0,0.4144276144861205,0.3418632997053081,0.0,0.0,0.0,0.0,0.0,0.0
A000000238929,차앤박 프로폴리스 앰플 액티브 샷 크림,복합성,0c24c73d48613dd0cd57cd8cd90da63e,0,0,1,0,0,0,0,7,6,3,6,7,1,4,0,2,0,8,2,1.0,0.0,2.0,1.0,2.0,1.0,0.0,1.0,0,0,0.0,1,0,0.8032786885245902,1,0.7213114754098361,0,0.0,0,1,0,0.0,0.0,0.0,0.0,0.0,0.0,0.0,0.0,0.0,0.0,0.0,0.0,0.0,0.0,0.0
A000000238929,차앤박 프로폴리스 앰플 액티브 샷 크림,민감성,0c24c73d48613dd0cd57cd8cd90da63e,0,1,0,0,0,0,0,7,6,3,6,7,1,4,0,2,0,8,2,1.0,0.0,2.0,1.0,2.0,1.0,0.0,1.0,0,0,0.0,1,0,0.8032786885245902,1,0.7213114754098361,0,0.0,0,1,0,0.0,0.0,0.9731238037003707,0.9816843611112658,0.0,0.6321205588285577,0.0,0.0,0.0,0.0,0.0,0.0,0.4670994257761779,0.9673982098316372,0.4518711483092602
A000000238929,차앤박 프로폴리스 앰플 액티브 샷 크림,트러블성,0c24c73d48613dd0cd57cd8cd90da63e,0,0,0,0,0,0,1,7,6,3,6,7,1,4,0,2,0,8,2,1.0,0.0,2.0,1.0,2.0,1.0,0.0,1.0,0,0,0.0,1,0,0.8032786885245902,1,0.7213114754098361,0,0.0,0,1,0,0.0,0.0,0.0,0.0,0.0,0.0,0.0,0.0,0.0,0.0,0.0,0.0,0.0,0.0,0.0
A000000238929,차앤박 프로폴리스 앰플 액티브 샷 크림,중성,0c24c73d48613dd0cd57cd8cd90da63e,0,0,0,0,1,0,0,7,6,3,6,7,1,4,0,2,0,8,2,1.0,0.0,2.0,1.0,2.0,1.0,0.0,1.0,0,0,0.0,1,0,0.8032786885245902,1,0.7213114754098361,0,0.0,0,1,0,0.0,0.0,0.0,0.0,0.0,0.0,0.0,0.0,0.0,0.0,0.0,0.0,0.0,0.0,0.0
A000000239660,피지오겔 DMT 페이셜 보습 장벽 크림,건성,c7408d59f6ce6a58c4064cd26e264840,1,0,0,0,0,0,0,2,3,2,3,0,0,0,0,0,0,0,2,0.0,0.0,0.0,0.0,0.0,1.0,1.0,0.0,0,0,0.0,0,0,0.0,1,0.0,0,0.0,0,0,0,0.6205379320212862,0.3333333333333333,0.0,0.0,0.0,0.0,0.0,0.0,0.0,0.0,0.0,0.0,0.8338712653546194,0.0,0.0
A000000239660,피지오겔 DMT 페이셜 보습 장벽 크림,약건성,c7408d59f6ce6a58c4064cd26e264840,0,0,0,1,0,0,0,2,3,2,3,0,0,0,0,0,0,0,2,0.0,0.0,0.0,0.0,0.0,1.0,1.0,0.0,0,0,0.0,0,0,0.0,1,0.0,0,0.0,0,0,0,0.6205379320212862,0.3333333333333333,0.0,0.0,0.0,0.0,0.0,0.0,0.0,0.0,0.0,0.0,0.8338712653546194,0.0,0.0
A000000239660,피지오겔 DMT 페이셜 보습 장벽 크림,지성,c7408d59f6ce6a58c4064cd26e264840,0,0,0,0,0,1,0,2,3,2,3,0,0,0,0,0,0,0,2,0.0,0.0,0.0,0.0,0.0,1.0,1.0,0.0,0,0,0.0,0,0,0.0,1,0.0,0,0.0,0,0,0,0.0,0.0,0.0,0.0,0.0,0.0,0.0,0.25639747477898106,0.0,0.0,0.0,0.0,0.0,0.0,0.0
A000000239660,피지오겔 DMT 페이셜 보습 장벽 크림,복합성,c7408d59f6ce6a58c4064cd26e264840,0,0,1,0,0,0,0,2,3,2,3,0,0,0,0,0,0,0,2,0.0,0.0,0.0,0.0,0.0,1.0,1.0,0.0,0,0,0.0,0,0,0.0,1,0.0,0,0.0,0,0,0,0.0,0.0,0.0,0.0,0.0,0.0,0.0,0.0,0.0,0.0,0.0,0.0,0.0,0.0,0.0
A000000239660,피지오겔 DMT 페이셜 보습 장벽 크림,민감성,c7408d59f6ce6a58c4064cd26e264840,0,1,0,0,0,0,0,2,3,2,3,0,0,0,0,0,0,0,2,0.0,0.0,0.0,0.0,0.0,1.0,1.0,0.0,0,0,0.0,0,0,0.0,1,0.0,0,0.0,0,0,0,0.0,0.0,0.0,0.0,0.0,0.0,0.0,0.0,0.0,0.0,0.0,0.0,0.0,0.0,0.0
A000000239660,피지오겔 DMT 페이셜 보습 장벽 크림,트러블성,c7408d59f6ce6a58c4064cd26e264840,0,0,0,0,0,0,1,2,3,2,3,0,0,0,0,0,0,0,2,0.0,0.0,0.0,0.0,0.0,1.0,1.0,0.0,0,0,0.0,0,0,0.0,1,0.0,0,0.0,0,0,0,0.0,0.0,0.0,0.0,0.0,0.0,0.0,0.0,0.0,0.0,0.0,0.0,0.0,0.0,0.0
A000000239660,피지오겔 DMT 페이셜 보습 장벽 크림,중성,c7408d59f6ce6a58c4064cd26e264840,0,0,0,0,1,0,0,2,3,2,3,0,0,0,0,0,0,0,2,0.0,0.0,0.0,0.0,0.0,1.0,1.0,0.0,0,0,0.0,0,0,0.0,1,0.0,0,0.0,0,0,0,0.0,0.0,0.0,0.0,0.0,0.0,0.0,0.0,0.0,0.0,0.0,0.0,0.0,0.0,0.0
A000000240908,메디큐브 PDRN 핑크 히알루로닉 수분크림,건성,e6bda3d6dc270d8b17561c2cc7dc3442,1,0,0,0,0,0,0,13,4,2,9,2,8,1,0,1,5,6,1,1.0,1.0,0.0,1.0,1.0,1.0,0.0,0.0,1,1,0.8928571428571429,1,0,0.6428571428571428,1,0.3928571428571429,0,0.0,1,1,0,0.8140232074382826,1.0,0.0,0.0,0.0,0.0,0.0,0.0,0.0,0.0,0.0,0.0,1.4540232074382826,0.0,0.0
A000000240908,메디큐브 PDRN 핑크 히알루로닉 수분크림,약건성,e6bda3d6dc270d8b17561c2cc7dc3442,0,0,0,1,0,0,0,13,4,2,9,2,8,1,0,1,5,6,1,1.0,1.0,0.0,1.0,1.0,1.0,0.0,0.0,1,1,0.8928571428571429,1,0,0.6428571428571428,1,0.3928571428571429,0,0.0,1,1,0,0.8140232074382826,1.0,0.0,0.0,0.0,0.0,0.0,0.0,0.0,0.0,0.0,0.0,1.4540232074382826,0.0,0.0
A000000240908,메디큐브 PDRN 핑크 히알루로닉 수분크림,지성,e6bda3d6dc270d8b17561c2cc7dc3442,0,0,0,0,0,1,0,13,4,2,9,2,8,1,0,1,5,6,1,1.0,1.0,0.0,1.0,1.0,1.0,0.0,0.0,1,1,0.8928571428571429,1,0,0.6428571428571428,1,0.3928571428571429,0,0.0,1,1,0,0.0,0.0,0.0,0.0,0.0,0.0,0.8928571428571429,0.3547648098508227,0.3418632997053081,0.0,0.0,0.0,0.7142857142857144,0.0,0.0
A000000240908,메디큐브 PDRN 핑크 히알루로닉 수분크림,복합성,e6bda3d6dc270d8b17561c2cc7dc3442,0,0,1,0,0,0,0,13,4,2,9,2,8,1,0,1,5,6,1,1.0,1.0,0.0,1.0,1.0,1.0,0.0,0.0,1,1,0.8928571428571429,1,0,0.6428571428571428,1,0.3928571428571429,0,0.0,1,1,0,0.0,0.0,0.0,0.0,0.0,0.0,0.0,0.0,0.0,0.0,0.0,0.0,0.0,0.0,0.0
A000000240908,메디큐브 PDRN 핑크 히알루로닉 수분크림,민감성,e6bda3d6dc270d8b17561c2cc7dc3442,0,1,0,0,0,0,0,13,4,2,9,2,8,1,0,1,5,6,1,1.0,1.0,0.0,1.0,1.0,1.0,0.0,0.0,1,1,0.8928571428571429,1,0,0.6428571428571428,1,0.3928571428571429,0,0.0,1,1,0,0.0,0.0,0.8550328105365486,0.6321205588285577,0.0,0.0,0.0,0.0,0.0,0.0,0.0,0.0,0.4104157490575433,0.5056964470628461,0.20754578611703628
A000000240908,메디큐브 PDRN 핑크 히알루로닉 수분크림,트러블성,e6bda3d6dc270d8b17561c2cc7dc3442,0,0,0,0,0,0,1,13,4,2,9,2,8,1,0,1,5,6,1,1.0,1.0,0.0,1.0,1.0,1.0,0.0,0.0,1,1,0.8928571428571429,1,0,0.6428571428571428,1,0.3928571428571429,0,0.0,1,1,0,0.0,0.0,0.0,0.0,0.0,0.0,0.0,0.0,0.0,1.0,0.0,0.0,0.7,0.0,0.0
A000000240908,메디큐브 PDRN 핑크 히알루로닉 수분크림,중성,e6bda3d6dc270d8b17561c2cc7dc3442,0,0,0,0,1,0,0,13,4,2,9,2,8,1,0,1,5,6,1,1.0,1.0,0.0,1.0,1.0,1.0,0.0,0.0,1,1,0.8928571428571429,1,0,0.6428571428571428,1,0.3928571428571429,0,0.0,1,1,0,0.0,0.0,0.0,0.0,0.0,0.0,0.0,0.0,0.0,0.0,0.0,0.0,0.0,0.0,0.0
A000000241952,세타필 시카 세라 장벽 크림,건성,974be55a99bb7371a4d576f206215137,1,0,0,0,0,0,0,6,6,2,2,3,3,0,0,1,0,1,2,0.0,0.0,1.0,0.0,3.0,1.0,1.0,0.0,1,0,0.5517241379310345,1,0,0.3448275862068966,1,0.13793103448275867,0,0.0,0,0,0,0.8038151669655724,0.3333333333333333,0.0,0.0,0.0,0.0,0.0,0.0,0.0,0.0,0.0,0.0,1.0171485002989058,0.0,0.0
A000000241952,세타필 시카 세라 장벽 크림,약건성,974be55a99bb7371a4d576f206215137,0,0,0,1,0,0,0,6,6,2,2,3,3,0,0,1,0,1,2,0.0,0.0,1.0,0.0,3.0,1.0,1.0,0.0,1,0,0.5517241379310345,1,0,0.3448275862068966,1,0.13793103448275867,0,0.0,0,0,0,0.8038151669655724,0.3333333333333333,0.0,0.0,0.0,0.0,0.0,0.0,0.0,0.0,0.0,0.0,1.0171485002989058,0.0,0.0
A000000241952,세타필 시카 세라 장벽 크림,지성,974be55a99bb7371a4d576f206215137,0,0,0,0,0,1,0,6,6,2,2,3,3,0,0,1,0,1,2,0.0,0.0,1.0,0.0,3.0,1.0,1.0,0.0,1,0,0.5517241379310345,1,0,0.3448275862068966,1,0.13793103448275867,0,0.0,0,0,0,0.0,0.0,0.0,0.0,0.0,0.0,0.5517241379310345,0.45061493474187364,0.13115644676245553,0.0,0.0,0.0,0.4413793103448276,0.0,0.0
A000000241952,세타필 시카 세라 장벽 크림,복합성,974be55a99bb7371a4d576f206215137,0,0,1,0,0,0,0,6,6,2,2,3,3,0,0,1,0,1,2,0.0,0.0,1.0,0.0,3.0,1.0,1.0,0.0,1,0,0.5517241379310345,1,0,0.3448275862068966,1,0.13793103448275867,0,0.0,0,0,0,0.0,0.0,0.0,0.0,0.0,0.0,0.0,0.0,0.0,0.0,0.0,0.0,0.0,0.0,0.0
A000000241952,세타필 시카 세라 장벽 크림,민감성,974be55a99bb7371a4d576f206215137,0,1,0,0,0,0,0,6,6,2,2,3,3,0,0,1,0,1,2,0.0,0.0,1.0,0.0,3.0,1.0,1.0,0.0,1,0,0.5517241379310345,1,0,0.3448275862068966,1,0.13793103448275867,0,0.0,0,0,0,0.0,0.0,0.7889498396298451,0.0,0.0,0.0,0.0,0.0,0.0,0.0,0.0,0.0,0.37869592302232563,0.0,0.0
A000000241952,세타필 시카 세라 장벽 크림,트러블성,974be55a99bb7371a4d576f206215137,0,0,0,0,0,0,1,6,6,2,2,3,3,0,0,1,0,1,2,0.0,0.0,1.0,0.0,3.0,1.0,1.0,0.0,1,0,0.5517241379310345,1,0,0.3448275862068966,1,0.13793103448275867,0,0.0,0,0,0,0.0,0.0,0.0,0.0,0.0,0.0,0.0,0.0,0.0,1.0,0.0,0.0,0.7,0.0,0.0
A000000241952,세타필 시카 세라 장벽 크림,중성,974be55a99bb7371a4d576f206215137,0,0,0,0,1,0,0,6,6,2,2,3,3,0,0,1,0,1,2,0.0,0.0,1.0,0.0,3.0,1.0,1.0,0.0,1,0,0.5517241379310345,1,0,0.3448275862068966,1,0.13793103448275867,0,0.0,0,0,0,0.0,0.0,0.0,0.0,0.0,0.0,0.0,0.0,0.0,0.0,0.0,0.0,0.0,0.0,0.0
A000000242515,센텔리안24 마데카 크림 PDRN,건성,dc6563099585ffaee7054a3b6b778a6c,1,0,0,0,0,0,0,17,8,3,4,7,7,2,0,2,0,7,6,0.0,1.0,1.0,0.0,4.0,2.0,1.0,4.0,1,1,0.9102564102564102,1,0,0.5128205128205128,1,0.14102564102564108,0,0.0,0,0,0,0.9125816115681974,0.3333333333333333,0.0,0.0,0.0,0.0,0.0,0.0,0.0,0.0,0.0,0.0,1.1259149449015307,0.0,0.0
A000000242515,센텔리안24 마데카 크림 PDRN,약건성,dc6563099585ffaee7054a3b6b778a6c,0,0,0,1,0,0,0,17,8,3,4,7,7,2,0,2,0,7,6,0.0,1.0,1.0,0.0,4.0,2.0,1.0,4.0,1,1,0.9102564102564102,1,0,0.5128205128205128,1,0.14102564102564108,0,0.0,0,0,0,0.9125816115681974,0.3333333333333333,0.0,0.0,0.0,0.0,0.0,0.0,0.0,0.0,0.0,0.0,1.1259149449015307,0.0,0.0
A000000242515,센텔리안24 마데카 크림 PDRN,지성,dc6563099585ffaee7054a3b6b778a6c,0,0,0,0,0,1,0,17,8,3,4,7,7,2,0,2,0,7,6,0.0,1.0,1.0,0.0,4.0,2.0,1.0,4.0,1,1,0.9102564102564102,1,0,0.5128205128205128,1,0.14102564102564108,0,0.0,0,0,0,0.0,0.0,0.0,0.0,0.0,0.0,0.9102564102564102,0.5322264586051256,0.3418632997053081,0.0,0.0,0.0,0.7282051282051283,0.0,0.0
A000000242515,센텔리안24 마데카 크림 PDRN,복합성,dc6563099585ffaee7054a3b6b778a6c,0,0,1,0,0,0,0,17,8,3,4,7,7,2,0,2,0,7,6,0.0,1.0,1.0,0.0,4.0,2.0,1.0,4.0,1,1,0.9102564102564102,1,0,0.5128205128205128,1,0.14102564102564108,0,0.0,0,0,0,0.0,0.0,0.0,0.0,0.0,0.0,0.0,0.0,0.0,0.0,0.0,0.0,0.0,0.0,0.0
A000000242515,센텔리안24 마데카 크림 PDRN,민감성,dc6563099585ffaee7054a3b6b778a6c,0,1,0,0,0,0,0,17,8,3,4,7,7,2,0,2,0,7,6,0.0,1.0,1.0,0.0,4.0,2.0,1.0,4.0,1,1,0.9102564102564102,1,0,0.5128205128205128,1,0.14102564102564108,0,0.0,0,0,0,0.0,0.0,0.9429971128281471,0.8646647167633873,0.0,0.9816843611112658,0.0,0.0,0.0,0.0,0.0,0.0,0.4526386141575106,0.9744568694107545,0.4410768069263502
A000000242515,센텔리안24 마데카 크림 PDRN,트러블성,dc6563099585ffaee7054a3b6b778a6c,0,0,0,0,0,0,1,17,8,3,4,7,7,2,0,2,0,7,6,0.0,1.0,1.0,0.0,4.0,2.0,1.0,4.0,1,1,0.9102564102564102,1,0,0.5128205128205128,1,0.14102564102564108,0,0.0,0,0,0,0.0,0.0,0.0,0.0,0.0,0.0,0.0,0.0,0.0,1.0,0.0,0.0,0.7,0.0,0.0
A000000242515,센텔리안24 마데카 크림 PDRN,중성,dc6563099585ffaee7054a3b6b778a6c,0,0,0,0,1,0,0,17,8,3,4,7,7,2,0,2,0,7,6,0.0,1.0,1.0,0.0,4.0,2.0,1.0,4.0,1,1,0.9102564102564102,1,0,0.5128205128205128,1,0.14102564102564108,0,0.0,0,0,0,0.0,0.0,0.0,0.0,0.0,0.0,0.0,0.0,0.0,0.0,0.0,0.0,0.0,0.0,0.0
A000000242718,차앤박 더마앤서 배리어 리셋 크림,건성,acc34bf2de4c44c5a0ad7472cf7bfdbd,1,0,0,0,0,0,0,8,5,3,12,3,2,0,1,2,1,1,5,1.0,0.0,2.0,1.0,1.0,4.0,0.0,1.0,0,0,0.0,1,0,0.8214285714285714,1,0.7142857142857143,0,0.0,1,1,1,0.8722177959157612,1.0,0.0,0.0,0.0,0.0,0.0,0.0,0.0,0.0,0.0,0.0,1.5122177959157612,0.0,0.0
A000000242718,차앤박 더마앤서 배리어 리셋 크림,약건성,acc34bf2de4c44c5a0ad7472cf7bfdbd,0,0,0,1,0,0,0,8,5,3,12,3,2,0,1,2,1,1,5,1.0,0.0,2.0,1.0,1.0,4.0,0.0,1.0,0,0,0.0,1,0,0.8214285714285714,1,0.7142857142857143,0,0.0,1,1,1,0.8722177959157612,1.0,0.0,0.0,0.0,0.0,0.0,0.0,0.0,0.0,0.0,0.0,1.5122177959157612,0.0,0.0
A000000242718,차앤박 더마앤서 배리어 리셋 크림,지성,acc34bf2de4c44c5a0ad7472cf7bfdbd,0,0,0,0,0,1,0,8,5,3,12,3,2,0,1,2,1,1,5,1.0,0.0,2.0,1.0,1.0,4.0,0.0,1.0,0,0,0.0,1,0,0.8214285714285714,1,0.7142857142857143,0,0.0,1,1,1,0.0,0.0,0.0,0.0,0.0,0.0,0.0,0.47256365396982786,0.3418632997053081,0.0,0.0,0.0,0.0,0.0,0.0
A000000242718,차앤박 더마앤서 배리어 리셋 크림,복합성,acc34bf2de4c44c5a0ad7472cf7bfdbd,0,0,1,0,0,0,0,8,5,3,12,3,2,0,1,2,1,1,5,1.0,0.0,2.0,1.0,1.0,4.0,0.0,1.0,0,0,0.0,1,0,0.8214285714285714,1,0.7142857142857143,0,0.0,1,1,1,0.0,0.0,0.0,0.0,0.0,0.0,0.0,0.0,0.0,0.0,0.0,0.0,0.0,0.0,0.0
A000000242718,차앤박 더마앤서 배리어 리셋 크림,민감성,acc34bf2de4c44c5a0ad7472cf7bfdbd,0,1,0,0,0,0,0,8,5,3,12,3,2,0,1,2,1,1,5,1.0,0.0,2.0,1.0,1.0,4.0,0.0,1.0,0,0,0.0,1,0,0.8214285714285714,1,0.7142857142857143,0,0.0,1,1,1,0.0,0.0,0.9185232183466282,0.0,0.6321205588285577,0.6321205588285577,0.0,0.0,0.0,0.0,0.0,0.0015668702111118538,0.44089114480638153,0.4655541053400408,0.20525868247268134
A000000242718,차앤박 더마앤서 배리어 리셋 크림,트러블성,acc34bf2de4c44c5a0ad7472cf7bfdbd,0,0,0,0,0,0,1,8,5,3,12,3,2,0,1,2,1,1,5,1.0,0.0,2.0,1.0,1.0,4.0,0.0,1.0,0,0,0.0,1,0,0.8214285714285714,1,0.7142857142857143,0,0.0,1,1,1,0.0,0.0,0.0,0.0,0.0,0.0,0.0,0.0,0.0,0.0,0.0,0.0015668702111118538,0.0,0.0003133740422223708,0.0
A000000242718,차앤박 더마앤서 배리어 리셋 크림,중성,acc34bf2de4c44c5a0ad7472cf7bfdbd,0,0,0,0,1,0,0,8,5,3,12,3,2,0,1,2,1,1,5,1.0,0.0,2.0,1.0,1.0,4.0,0.0,1.0,0,0,0.0,1,0,0.8214285714285714,1,0.7142857142857143,0,0.0,1,1,1,0.0,0.0,0.0,0.0,0.0,0.0,0.0,0.0,0.0,0.0,0.0,0.0,0.0,0.0,0.0
A000000243333,키엘 울트라 훼이셜 메디크림,건성,18fe8337796ce8465fa76ca3783b88ed,1,0,0,0,0,0,0,2,6,3,4,2,2,0,0,1,0,1,4,0.0,0.0,1.0,0.0,2.0,3.0,1.0,0.0,0,0,0.0,1,0,0.6764705882352942,0,0.0,0,0.0,0,1,0,0.7108457007135071,0.3333333333333333,0.0,0.0,0.0,0.0,0.0,0.0,0.0,0.0,0.0,0.0,0.9241790340468403,0.0,0.0
A000000243333,키엘 울트라 훼이셜 메디크림,약건성,18fe8337796ce8465fa76ca3783b88ed,0,0,0,1,0,0,0,2,6,3,4,2,2,0,0,1,0,1,4,0.0,0.0,1.0,0.0,2.0,3.0,1.0,0.0,0,0,0.0,1,0,0.6764705882352942,0,0.0,0,0.0,0,1,0,0.7108457007135071,0.3333333333333333,0.0,0.0,0.0,0.0,0.0,0.0,0.0,0.0,0.0,0.0,0.9241790340468403,0.0,0.0
A000000243333,키엘 울트라 훼이셜 메디크림,지성,18fe8337796ce8465fa76ca3783b88ed,0,0,0,0,0,1,0,2,6,3,4,2,2,0,0,1,0,1,4,0.0,0.0,1.0,0.0,2.0,3.0,1.0,0.0,0,0,0.0,1,0,0.6764705882352942,0,0.0,0,0.0,0,1,0,0.0,0.0,0.0,0.0,0.0,0.0,0.0,0.5102777393771714,0.13115644676245553,0.0,0.0,0.0,0.0,0.0,0.0
A000000243333,키엘 울트라 훼이셜 메디크림,복합성,18fe8337796ce8465fa76ca3783b88ed,0,0,1,0,0,0,0,2,6,3,4,2,2,0,0,1,0,1,4,0.0,0.0,1.0,0.0,2.0,3.0,1.0,0.0,0,0,0.0,1,0,0.6764705882352942,0,0.0,0,0.0,0,1,0,0.0,0.0,0.0,0.0,0.0,0.0,0.0,0.0,0.0,0.0,0.0,0.0,0.0,0.0,0.0
A000000243333,키엘 울트라 훼이셜 메디크림,민감성,18fe8337796ce8465fa76ca3783b88ed,0,1,0,0,0,0,0,2,6,3,4,2,2,0,0,1,0,1,4,0.0,0.0,1.0,0.0,2.0,3.0,1.0,0.0,0,0,0.0,1,0,0.6764705882352942,0,0.0,0,0.0,0,1,0,0.0,0.0,0.8176156913504861,0.0,0.0,0.0,0.0,0.0,0.0,0.0,0.0,0.0,0.3924555318482333,0.0,0.0
A000000243333,키엘 울트라 훼이셜 메디크림,트러블성,18fe8337796ce8465fa76ca3783b88ed,0,0,0,0,0,0,1,2,6,3,4,2,2,0,0,1,0,1,4,0.0,0.0,1.0,0.0,2.0,3.0,1.0,0.0,0,0,0.0,1,0,0.6764705882352942,0,0.0,0,0.0,0,1,0,0.0,0.0,0.0,0.0,0.0,0.0,0.0,0.0,0.0,0.0,0.0,0.0,0.0,0.0,0.0
A000000243333,키엘 울트라 훼이셜 메디크림,중성,18fe8337796ce8465fa76ca3783b88ed,0,0,0,0,1,0,0,2,6,3,4,2,2,0,0,1,0,1,4,0.0,0.0,1.0,0.0,2.0,3.0,1.0,0.0,0,0,0.0,1,0,0.6764705882352942,0,0.0,0,0.0,0,1,0,0.0,0.0,0.0,0.0,0.0,0.0,0.0,0.0,0.0,0.0,0.0,0.0,0.0,0.0,0.0
A000000244683,셀인샷 알란테놀 트러블 크림,건성,07b4cc19ae5523c0271a8a38b6eb6f4f,1,0,0,0,0,0,0,8,5,1,4,4,5,1,0,0,2,5,3,1.0,0.0,0.0,1.0,2.0,3.0,0.0,0.0,1,1,0.8653846153846154,1,0,0.6346153846153846,1,0.07692307692307687,0,0.0,0,0,0,0.6952577233571487,0.3333333333333333,0.0,0.0,0.0,0.0,0.0,0.0,0.0,0.0,0.0,0.0,0.908591056690482,0.0,0.0
A000000244683,셀인샷 알란테놀 트러블 크림,약건성,07b4cc19ae5523c0271a8a38b6eb6f4f,0,0,0,1,0,0,0,8,5,1,4,4,5,1,0,0,2,5,3,1.0,0.0,0.0,1.0,2.0,3.0,0.0,0.0,1,1,0.8653846153846154,1,0,0.6346153846153846,1,0.07692307692307687,0,0.0,0,0,0,0.6952577233571487,0.3333333333333333,0.0,0.0,0.0,0.0,0.0,0.0,0.0,0.0,0.0,0.0,0.908591056690482,0.0,0.0
A000000244683,셀인샷 알란테놀 트러블 크림,지성,07b4cc19ae5523c0271a8a38b6eb6f4f,0,0,0,0,0,1,0,8,5,1,4,4,5,1,0,0,2,5,3,1.0,0.0,0.0,1.0,2.0,3.0,0.0,0.0,1,1,0.8653846153846154,1,0,0.6346153846153846,1,0.07692307692307687,0,0.0,0,0,0,0.0,0.0,0.0,0.0,0.0,0.0,0.8653846153846154,0.5102777393771714,0.13115644676245553,0.0,0.0,0.0,0.6923076923076924,0.0,0.0
A000000244683,셀인샷 알란테놀 트러블 크림,복합성,07b4cc19ae5523c0271a8a38b6eb6f4f,0,0,1,0,0,0,0,8,5,1,4,4,5,1,0,0,2,5,3,1.0,0.0,0.0,1.0,2.0,3.0,0.0,0.0,1,1,0.8653846153846154,1,0,0.6346153846153846,1,0.07692307692307687,0,0.0,0,0,0,0.0,0.0,0.0,0.0,0.0,0.0,0.0,0.0,0.0,0.0,0.0,0.0,0.0,0.0,0.0
A000000244683,셀인샷 알란테놀 트러블 크림,민감성,07b4cc19ae5523c0271a8a38b6eb6f4f,0,1,0,0,0,0,0,8,5,1,4,4,5,1,0,0,2,5,3,1.0,0.0,0.0,1.0,2.0,3.0,0.0,0.0,1,1,0.8653846153846154,1,0,0.6346153846153846,1,0.07692307692307687,0,0.0,0,0,0,0.0,0.0,0.9076083688643859,0.6321205588285577,0.0,0.0,0.0,0.0,0.0,0.0,0.0,0.0,0.4356520170549052,0.5056964470628461,0.22030767718042799
A000000244683,셀인샷 알란테놀 트러블 크림,트러블성,07b4cc19ae5523c0271a8a38b6eb6f4f,0,0,0,0,0,0,1,8,5,1,4,4,5,1,0,0,2,5,3,1.0,0.0,0.0,1.0,2.0,3.0,0.0,0.0,1,1,0.8653846153846154,1,0,0.6346153846153846,1,0.07692307692307687,0,0.0,0,0,0,0.0,0.0,0.0,0.0,0.0,0.0,0.0,0.0,0.0,1.0,0.0,0.0,0.7,0.0,0.0
A000000244683,셀인샷 알란테놀 트러블 크림,중성,07b4cc19ae5523c0271a8a38b6eb6f4f,0,0,0,0,1,0,0,8,5,1,4,4,5,1,0,0,2,5,3,1.0,0.0,0.0,1.0,2.0,3.0,0.0,0.0,1,1,0.8653846153846154,1,0,0.6346153846153846,1,0.07692307692307687,0,0.0,0,0,0,0.0,0.0,0.0,0.0,0.0,0.0,0.0,0.0,0.0,0.0,0.0,0.0,0.0,0.0,0.0
A000000244812,디마프 크림스컴트루 스쿠알란 베리어 리페어 크림,건성,88cd0881bf76785dcbbf627703cc6610,1,0,0,0,0,0,0,10,3,2,4,3,0,0,0,0,0,5,0,0.0,0.0,0.0,1.0,0.0,0.0,0.0,0.0,0,0,0.0,0,0,0.0,1,0.4722222222222222,0,0.0,0,0,0,0.7794543503800425,0.3333333333333333,0.0,0.0,0.0,0.0,0.0,0.0,0.0,0.0,0.0,0.0,0.9927876837133758,0.0,0.0
A000000244812,디마프 크림스컴트루 스쿠알란 베리어 리페어 크림,약건성,88cd0881bf76785dcbbf627703cc6610,0,0,0,1,0,0,0,10,3,2,4,3,0,0,0,0,0,5,0,0.0,0.0,0.0,1.0,0.0,0.0,0.0,0.0,0,0,0.0,0,0,0.0,1,0.4722222222222222,0,0.0,0,0,0,0.7794543503800425,0.3333333333333333,0.0,0.0,0.0,0.0,0.0,0.0,0.0,0.0,0.0,0.0,0.9927876837133758,0.0,0.0
A000000244812,디마프 크림스컴트루 스쿠알란 베리어 리페어 크림,지성,88cd0881bf76785dcbbf627703cc6610,0,0,0,0,0,1,0,10,3,2,4,3,0,0,0,0,0,5,0,0.0,0.0,0.0,1.0,0.0,0.0,0.0,0.0,0,0,0.0,0,0,0.0,1,0.4722222222222222,0,0.0,0,0,0,0.0,0.0,0.0,0.0,0.0,0.0,0.0,0.15803013970713942,0.0,0.0,0.0,0.0,0.0,0.0,0.0
A000000244812,디마프 크림스컴트루 스쿠알란 베리어 리페어 크림,복합성,88cd0881bf76785dcbbf627703cc6610,0,0,1,0,0,0,0,10,3,2,4,3,0,0,0,0,0,5,0,0.0,0.0,0.0,1.0,0.0,0.0,0.0,0.0,0,0,0.0,0,0,0.0,1,0.4722222222222222,0,0.0,0,0,0,0.0,0.0,0.0,0.0,0.0,0.0,0.0,0.0,0.0,0.0,0.0,0.0,0.0,0.0,0.0
A000000244812,디마프 크림스컴트루 스쿠알란 베리어 리페어 크림,민감성,88cd0881bf76785dcbbf627703cc6610,0,1,0,0,0,0,0,10,3,2,4,3,0,0,0,0,0,5,0,0.0,0.0,0.0,1.0,0.0,0.0,0.0,0.0,0,0,0.0,0,0,0.0,1,0.4722222222222222,0,0.0,0,0,0,0.0,0.0,0.0,0.0,0.0,0.0,0.0,0.0,0.0,0.0,0.0,0.0,0.0,0.0,0.0
A000000244812,디마프 크림스컴트루 스쿠알란 베리어 리페어 크림,트러블성,88cd0881bf76785dcbbf627703cc6610,0,0,0,0,0,0,1,10,3,2,4,3,0,0,0,0,0,5,0,0.0,0.0,0.0,1.0,0.0,0.0,0.0,0.0,0,0,0.0,0,0,0.0,1,0.4722222222222222,0,0.0,0,0,0,0.0,0.0,0.0,0.0,0.0,0.0,0.0,0.0,0.0,0.0,0.0,0.0,0.0,0.0,0.0
A000000244812,디마프 크림스컴트루 스쿠알란 베리어 리페어 크림,중성,88cd0881bf76785dcbbf627703cc6610,0,0,0,0,1,0,0,10,3,2,4,3,0,0,0,0,0,5,0,0.0,0.0,0.0,1.0,0.0,0.0,0.0,0.0,0,0,0.0,0,0,0.0,1,0.4722222222222222,0,0.0,0,0,0,0.0,0.0,0.0,0.0,0.0,0.0,0.0,0.0,0.0,0.0,0.0,0.0,0.0,0.0,0.0
A000000244953,라로슈포제 히알루 B5 수분탄력 크림,건성,ab7b2e8e82fd85ec76b4b247e0ba87e3,1,0,0,0,0,0,0,9,4,1,4,2,2,1,1,1,0,1,0,0.0,0.0,1.0,0.0,3.0,0.0,0.0,0.0,0,0,0.0,1,1,0.8666666666666667,0,0.0,1,0.3111111111111111,0,1,1,0.6863197929083549,0.3333333333333333,0.0,0.0,0.0,0.0,0.0,0.0,0.0,0.0,0.0,0.0,0.8996531262416883,0.0,0.0
A000000244953,라로슈포제 히알루 B5 수분탄력 크림,약건성,ab7b2e8e82fd85ec76b4b247e0ba87e3,0,0,0,1,0,0,0,9,4,1,4,2,2,1,1,1,0,1,0,0.0,0.0,1.0,0.0,3.0,0.0,0.0,0.0,0,0,0.0,1,1,0.8666666666666667,0,0.0,1,0.3111111111111111,0,1,1,0.6863197929083549,0.3333333333333333,0.0,0.0,0.0,0.0,0.0,0.0,0.0,0.0,0.0,0.0,0.8996531262416883,0.0,0.0
A000000244953,라로슈포제 히알루 B5 수분탄력 크림,지성,ab7b2e8e82fd85ec76b4b247e0ba87e3,0,0,0,0,0,1,0,9,4,1,4,2,2,1,1,1,0,1,0,0.0,0.0,1.0,0.0,3.0,0.0,0.0,0.0,0,0,0.0,1,1,0.8666666666666667,0,0.0,1,0.3111111111111111,0,1,1,0.0,0.0,0.0,0.0,0.0,0.0,0.0,0.19421745996289255,0.13115644676245553,0.0,0.0,0.0,0.0,0.0,0.0
A000000244953,라로슈포제 히알루 B5 수분탄력 크림,복합성,ab7b2e8e82fd85ec76b4b247e0ba87e3,0,0,1,0,0,0,0,9,4,1,4,2,2,1,1,1,0,1,0,0.0,0.0,1.0,0.0,3.0,0.0,0.0,0.0,0,0,0.0,1,1,0.8666666666666667,0,0.0,1,0.3111111111111111,0,1,1,0.0,0.0,0.0,0.0,0.0,0.0,0.0,0.0,0.0,0.0,0.0,0.0,0.0,0.0,0.0
A000000244953,라로슈포제 히알루 B5 수분탄력 크림,민감성,ab7b2e8e82fd85ec76b4b247e0ba87e3,0,1,0,0,0,0,0,9,4,1,4,2,2,1,1,1,0,1,0,0.0,0.0,1.0,0.0,3.0,0.0,0.0,0.0,0,0,0.0,1,1,0.8666666666666667,0,0.0,1,0.3111111111111111,0,1,1,0.0,0.0,0.8176156913504861,0.6321205588285577,0.6321205588285577,0.0,0.0,0.0,0.0,0.0,0.0,0.08554821486874875,0.3924555318482333,0.8059961003917897,0.3163176282468619
A000000244953,라로슈포제 히알루 B5 수분탄력 크림,트러블성,ab7b2e8e82fd85ec76b4b247e0ba87e3,0,0,0,0,0,0,1,9,4,1,4,2,2,1,1,1,0,1,0,0.0,0.0,1.0,0.0,3.0,0.0,0.0,0.0,0,0,0.0,1,1,0.8666666666666667,0,0.0,1,0.3111111111111111,0,1,1,0.0,0.0,0.0,0.0,0.0,0.0,0.0,0.0,0.0,0.0,0.9298734950321937,0.08554821486874875,0.18597469900643876,0.017109642973749752,0.00318196070215074
A000000244953,라로슈포제 히알루 B5 수분탄력 크림,중성,ab7b2e8e82fd85ec76b4b247e0ba87e3,0,0,0,0,1,0,0,9,4,1,4,2,2,1,1,1,0,1,0,0.0,0.0,1.0,0.0,3.0,0.0,0.0,0.0,0,0,0.0,1,1,0.8666666666666667,0,0.0,1,0.3111111111111111,0,1,1,0.0,0.0,0.0,0.0,0.0,0.0,0.0,0.0,0.0,0.0,0.0,0.0,0.0,0.0,0.0
A000000244987,메디힐 마데카소사이드 흔적 리페어 더마크림,건성,d28cdd9eea361844f024727b8fe2212b,1,0,0,0,0,0,0,9,7,3,7,7,3,0,0,0,0,7,6,0.0,0.0,0.0,2.0,3.0,5.0,0.0,1.0,1,1,0.875,1,0,0.7857142857142857,1,0.2142857142857143,0,0.0,0,1,0,0.8945765641208588,0.6666666666666666,0.0,0.0,0.0,0.0,0.0,0.0,0.0,0.0,0.0,0.0,1.3212432307875255,0.0,0.0
A000000244987,메디힐 마데카소사이드 흔적 리페어 더마크림,약건성,d28cdd9eea361844f024727b8fe2212b,0,0,0,1,0,0,0,9,7,3,7,7,3,0,0,0,0,7,6,0.0,0.0,0.0,2.0,3.0,5.0,0.0,1.0,1,1,0.875,1,0,0.7857142857142857,1,0.2142857142857143,0,0.0,0,1,0,0.8945765641208588,0.6666666666666666,0.0,0.0,0.0,0.0,0.0,0.0,0.0,0.0,0.0,0.0,1.3212432307875255,0.0,0.0
A000000244987,메디힐 마데카소사이드 흔적 리페어 더마크림,지성,d28cdd9eea361844f024727b8fe2212b,0,0,0,0,0,1,0,9,7,3,7,7,3,0,0,0,0,7,6,0.0,0.0,0.0,2.0,3.0,5.0,0.0,1.0,1,1,0.875,1,0,0.7857142857142857,1,0.2142857142857143,0,0.0,0,1,0,0.0,0.0,0.0,0.0,0.0,0.0,0.875,0.6398623894977646,0.0,0.0,0.0,0.0,0.7000000000000001,0.0,0.0
A000000244987,메디힐 마데카소사이드 흔적 리페어 더마크림,복합성,d28cdd9eea361844f024727b8fe2212b,0,0,1,0,0,0,0,9,7,3,7,7,3,0,0,0,0,7,6,0.0,0.0,0.0,2.0,3.0,5.0,0.0,1.0,1,1,0.875,1,0,0.7857142857142857,1,0.2142857142857143,0,0.0,0,1,0,0.0,0.0,0.0,0.0,0.0,0.0,0.0,0.0,0.0,0.0,0.0,0.0,0.0,0.0,0.0
A000000244987,메디힐 마데카소사이드 흔적 리페어 더마크림,민감성,d28cdd9eea361844f024727b8fe2212b,0,1,0,0,0,0,0,9,7,3,7,7,3,0,0,0,0,7,6,0.0,0.0,0.0,2.0,3.0,5.0,0.0,1.0,1,1,0.875,1,0,0.7857142857142857,1,0.2142857142857143,0,0.0,0,1,0,0.0,0.0,0.9797657065622444,0.0,0.0,0.6321205588285577,0.0,0.0,0.0,0.0,0.0,0.0,0.4702875391498773,0.1820507209426246,0.08561618555256795
A000000244987,메디힐 마데카소사이드 흔적 리페어 더마크림,트러블성,d28cdd9eea361844f024727b8fe2212b,0,0,0,0,0,0,1,9,7,3,7,7,3,0,0,0,0,7,6,0.0,0.0,0.0,2.0,3.0,5.0,0.0,1.0,1,1,0.875,1,0,0.7857142857142857,1,0.2142857142857143,0,0.0,0,1,0,0.0,0.0,0.0,0.0,0.0,0.0,0.0,0.0,0.0,1.0,0.0,0.0,0.7,0.0,0.0
A000000244987,메디힐 마데카소사이드 흔적 리페어 더마크림,중성,d28cdd9eea361844f024727b8fe2212b,0,0,0,0,1,0,0,9,7,3,7,7,3,0,0,0,0,7,6,0.0,0.0,0.0,2.0,3.0,5.0,0.0,1.0,1,1,0.875,1,0,0.7857142857142857,1,0.2142857142857143,0,0.0,0,1,0,0.0,0.0,0.0,0.0,0.0,0.0,0.0,0.0,0.0,0.0,0.0,0.0,0.0,0.0,0.0
A000000244994,제로이드 인텐시브 크림,건성,4f15309b01c5a6bb071c6bbbc1f7b326,1,0,0,0,0,0,0,6,6,1,1,0,1,0,0,1,0,0,2,0.0,0.0,1.0,0.0,1.0,2.0,0.0,0.0,0,0,0.0,0,0,0.0,0,0.0,0,0.0,0,1,0,0.6863197929083549,0.3333333333333333,0.0,0.0,0.0,0.0,0.0,0.0,0.0,0.0,0.0,0.0,0.8996531262416883,0.0,0.0
A000000244994,제로이드 인텐시브 크림,약건성,4f15309b01c5a6bb071c6bbbc1f7b326,0,0,0,1,0,0,0,6,6,1,1,0,1,0,0,1,0,0,2,0.0,0.0,1.0,0.0,1.0,2.0,0.0,0.0,0,0,0.0,0,0,0.0,0,0.0,0,0.0,0,1,0,0.6863197929083549,0.3333333333333333,0.0,0.0,0.0,0.0,0.0,0.0,0.0,0.0,0.0,0.0,0.8996531262416883,0.0,0.0
A000000244994,제로이드 인텐시브 크림,지성,4f15309b01c5a6bb071c6bbbc1f7b326,0,0,0,0,0,1,0,6,6,1,1,0,1,0,0,1,0,0,2,0.0,0.0,1.0,0.0,1.0,2.0,0.0,0.0,0,0,0.0,0,0,0.0,0,0.0,0,0.0,0,1,0,0.0,0.0,0.0,0.0,0.0,0.0,0.0,0.25639747477898106,0.13115644676245553,0.0,0.0,0.0,0.0,0.0,0.0
A000000244994,제로이드 인텐시브 크림,복합성,4f15309b01c5a6bb071c6bbbc1f7b326,0,0,1,0,0,0,0,6,6,1,1,0,1,0,0,1,0,0,2,0.0,0.0,1.0,0.0,1.0,2.0,0.0,0.0,0,0,0.0,0,0,0.0,0,0.0,0,0.0,0,1,0,0.0,0.0,0.0,0.0,0.0,0.0,0.0,0.0,0.0,0.0,0.0,0.0,0.0,0.0,0.0
A000000244994,제로이드 인텐시브 크림,민감성,4f15309b01c5a6bb071c6bbbc1f7b326,0,1,0,0,0,0,0,6,6,1,1,0,1,0,0,1,0,0,2,0.0,0.0,1.0,0.0,1.0,2.0,0.0,0.0,0,0,0.0,0,0,0.0,0,0.0,0,0.0,0,1,0,0.0,0.0,0.0,0.0,0.0,0.0,0.0,0.0,0.0,0.0,0.0,0.0,0.0,0.0,0.0
A000000244994,제로이드 인텐시브 크림,트러블성,4f15309b01c5a6bb071c6bbbc1f7b326,0,0,0,0,0,0,1,6,6,1,1,0,1,0,0,1,0,0,2,0.0,0.0,1.0,0.0,1.0,2.0,0.0,0.0,0,0,0.0,0,0,0.0,0,0.0,0,0.0,0,1,0,0.0,0.0,0.0,0.0,0.0,0.0,0.0,0.0,0.0,0.0,0.0,0.0,0.0,0.0,0.0
A000000244994,제로이드 인텐시브 크림,중성,4f15309b01c5a6bb071c6bbbc1f7b326,0,0,0,0,1,0,0,6,6,1,1,0,1,0,0,1,0,0,2,0.0,0.0,1.0,0.0,1.0,2.0,0.0,0.0,0,0,0.0,0,0,0.0,0,0.0,0,0.0,0,1,0,0.0,0.0,0.0,0.0,0.0,0.0,0.0,0.0,0.0,0.0,0.0,0.0,0.0,0.0,0.0
A000000245087,닥터엘시아 345 릴리프 크림,건성,fad5511d8c553dca34c73f913b8eb65b,1,0,0,0,0,0,0,8,3,4,3,6,3,0,0,3,0,2,0,1.0,1.0,2.0,1.0,0.0,0.0,0.0,0.0,1,1,0.7567567567567568,1,0,0.7297297297297297,1,0.08108108108108103,0,0.0,0,0,0,0.8550142772244669,0.3333333333333333,0.0,0.0,0.0,0.0,0.0,0.0,0.0,0.0,0.0,0.0,1.0683476105578003,0.0,0.0
A000000245087,닥터엘시아 345 릴리프 크림,약건성,fad5511d8c553dca34c73f913b8eb65b,0,0,0,1,0,0,0,8,3,4,3,6,3,0,0,3,0,2,0,1.0,1.0,2.0,1.0,0.0,0.0,0.0,0.0,1,1,0.7567567567567568,1,0,0.7297297297297297,1,0.08108108108108103,0,0.0,0,0,0,0.8550142772244669,0.3333333333333333,0.0,0.0,0.0,0.0,0.0,0.0,0.0,0.0,0.0,0.0,1.0683476105578003,0.0,0.0
A000000245087,닥터엘시아 345 릴리프 크림,지성,fad5511d8c553dca34c73f913b8eb65b,0,0,0,0,0,1,0,8,3,4,3,6,3,0,0,3,0,2,0,1.0,1.0,2.0,1.0,0.0,0.0,0.0,0.0,1,1,0.7567567567567568,1,0,0.7297297297297297,1,0.08108108108108103,0,0.0,0,0,0,0.0,0.0,0.0,0.0,0.0,0.0,0.7567567567567568,0.15803013970713942,0.5525701526481607,0.0,0.0,0.0,0.6054054054054054,0.0,0.0
A000000245087,닥터엘시아 345 릴리프 크림,복합성,fad5511d8c553dca34c73f913b8eb65b,0,0,1,0,0,0,0,8,3,4,3,6,3,0,0,3,0,2,0,1.0,1.0,2.0,1.0,0.0,0.0,0.0,0.0,1,1,0.7567567567567568,1,0,0.7297297297297297,1,0.08108108108108103,0,0.0,0,0,0,0.0,0.0,0.0,0.0,0.0,0.0,0.0,0.0,0.0,0.0,0.0,0.0,0.0,0.0,0.0
A000000245087,닥터엘시아 345 릴리프 크림,민감성,fad5511d8c553dca34c73f913b8eb65b,0,1,0,0,0,0,0,8,3,4,3,6,3,0,0,3,0,2,0,1.0,1.0,2.0,1.0,0.0,0.0,0.0,0.0,1,1,0.7567567567567568,1,0,0.7297297297297297,1,0.08108108108108103,0,0.0,0,0,0,0.0,0.0,0.9037668330003853,0.0,0.0,0.0,0.0,0.0,0.0,0.0,0.0,0.0,0.43380807984018493,0.0,0.0
A000000245087,닥터엘시아 345 릴리프 크림,트러블성,fad5511d8c553dca34c73f913b8eb65b,0,0,0,0,0,0,1,8,3,4,3,6,3,0,0,3,0,2,0,1.0,1.0,2.0,1.0,0.0,0.0,0.0,0.0,1,1,0.7567567567567568,1,0,0.7297297297297297,1,0.08108108108108103,0,0.0,0,0,0,0.0,0.0,0.0,0.0,0.0,0.0,0.0,0.0,0.0,1.0,0.0,0.0,0.7,0.0,0.0
A000000245087,닥터엘시아 345 릴리프 크림,중성,fad5511d8c553dca34c73f913b8eb65b,0,0,0,0,1,0,0,8,3,4,3,6,3,0,0,3,0,2,0,1.0,1.0,2.0,1.0,0.0,0.0,0.0,0.0,1,1,0.7567567567567568,1,0,0.7297297297297297,1,0.08108108108108103,0,0.0,0,0,0,0.0,0.0,0.0,0.0,0.0,0.0,0.0,0.0,0.0,0.0,0.0,0.0,0.0,0.0,0.0
A000000246297,코페르 큐리페어 멜라크림,건성,4e1af2e2f9c6159a32070a870a8c71a5,1,0,0,0,0,0,0,5,2,6,0,4,12,1,0,4,10,11,2,0.0,2.0,2.0,1.0,0.0,0.0,1.0,1.0,1,1,0.8723404255319149,0,0,0.0,0,0.0,0,0.0,0,0,0,0.7868696091294606,0.0,0.0,0.0,0.0,0.0,0.0,0.0,0.0,0.0,0.0,0.0,0.7868696091294606,0.0,0.0
A000000246297,코페르 큐리페어 멜라크림,약건성,4e1af2e2f9c6159a32070a870a8c71a5,0,0,0,1,0,0,0,5,2,6,0,4,12,1,0,4,10,11,2,0.0,2.0,2.0,1.0,0.0,0.0,1.0,1.0,1,1,0.8723404255319149,0,0,0.0,0,0.0,0,0.0,0,0,0,0.7868696091294606,0.0,0.0,0.0,0.0,0.0,0.0,0.0,0.0,0.0,0.0,0.0,0.7868696091294606,0.0,0.0
A000000246297,코페르 큐리페어 멜라크림,지성,4e1af2e2f9c6159a32070a870a8c71a5,0,0,0,0,0,1,0,5,2,6,0,4,12,1,0,4,10,11,2,0.0,2.0,2.0,1.0,0.0,0.0,1.0,1.0,1,1,0.8723404255319149,0,0,0.0,0,0.0,0,0.0,0,0,0,0.0,0.0,0.0,0.0,0.0,0.0,0.8723404255319149,0.31606027941427883,0.49892842519731495,0.0,0.0,0.0,0.697872340425532,0.0,0.0
A000000246297,코페르 큐리페어 멜라크림,복합성,4e1af2e2f9c6159a32070a870a8c71a5,0,0,1,0,0,0,0,5,2,6,0,4,12,1,0,4,10,11,2,0.0,2.0,2.0,1.0,0.0,0.0,1.0,1.0,1,1,0.8723404255319149,0,0,0.0,0,0.0,0,0.0,0,0,0,0.0,0.0,0.0,0.0,0.0,0.0,0.0,0.0,0.0,0.0,0.0,0.0,0.0,0.0,0.0
A000000246297,코페르 큐리페어 멜라크림,민감성,4e1af2e2f9c6159a32070a870a8c71a5,0,1,0,0,0,0,0,5,2,6,0,4,12,1,0,4,10,11,2,0.0,2.0,2.0,1.0,0.0,0.0,1.0,1.0,1,1,0.8723404255319149,0,0,0.0,0,0.0,0,0.0,0,0,0,0.0,0.0,0.0,0.6321205588285577,0.0,0.6321205588285577,0.0,0.0,0.0,0.0,0.0,0.0,0.0,0.6877471680054708,0.0
A000000246297,코페르 큐리페어 멜라크림,트러블성,4e1af2e2f9c6159a32070a870a8c71a5,0,0,0,0,0,0,1,5,2,6,0,4,12,1,0,4,10,11,2,0.0,2.0,2.0,1.0,0.0,0.0,1.0,1.0,1,1,0.8723404255319149,0,0,0.0,0,0.0,0,0.0,0,0,0,0.0,0.0,0.0,0.0,0.0,0.0,0.0,0.0,0.0,0.0,0.0,0.0,0.0,0.0,0.0
A000000246297,코페르 큐리페어 멜라크림,중성,4e1af2e2f9c6159a32070a870a8c71a5,0,0,0,0,1,0,0,5,2,6,0,4,12,1,0,4,10,11,2,0.0,2.0,2.0,1.0,0.0,0.0,1.0,1.0,1,1,0.8723404255319149,0,0,0.0,0,0.0,0,0.0,0,0,0,0.0,0.0,0.0,0.0,0.0,0.0,0.0,0.0,0.0,0.0,0.0,0.0,0.0,0.0,0.0
A000000246323,프리메이 진정한 수분 크림,건성,98e842fd41d38e7fc08bd1d2e8ecc82e,1,0,0,0,0,0,0,12,5,2,1,2,1,0,0,1,0,9,2,1.0,1.0,0.0,1.0,1.0,2.0,0.0,0.0,0,0,0.0,1,0,0.6595744680851063,0,0.0,0,0.0,0,0,0,0.8289431589622296,0.0,0.0,0.0,0.0,0.0,0.0,0.0,0.0,0.0,0.0,0.0,0.8289431589622296,0.0,0.0
A000000246323,프리메이 진정한 수분 크림,약건성,98e842fd41d38e7fc08bd1d2e8ecc82e,0,0,0,1,0,0,0,12,5,2,1,2,1,0,0,1,0,9,2,1.0,1.0,0.0,1.0,1.0,2.0,0.0,0.0,0,0,0.0,1,0,0.6595744680851063,0,0.0,0,0.0,0,0,0,0.8289431589622296,0.0,0.0,0.0,0.0,0.0,0.0,0.0,0.0,0.0,0.0,0.0,0.8289431589622296,0.0,0.0
A000000246323,프리메이 진정한 수분 크림,지성,98e842fd41d38e7fc08bd1d2e8ecc82e,0,0,0,0,0,1,0,12,5,2,1,2,1,0,0,1,0,9,2,1.0,1.0,0.0,1.0,1.0,2.0,0.0,0.0,0,0,0.0,1,0,0.6595744680851063,0,0.0,0,0.0,0,0,0,0.0,0.0,0.0,0.0,0.0,0.0,0.0,0.4144276144861205,0.3418632997053081,0.0,0.0,0.0,0.0,0.0,0.0
A000000246323,프리메이 진정한 수분 크림,복합성,98e842fd41d38e7fc08bd1d2e8ecc82e,0,0,1,0,0,0,0,12,5,2,1,2,1,0,0,1,0,9,2,1.0,1.0,0.0,1.0,1.0,2.0,0.0,0.0,0,0,0.0,1,0,0.6595744680851063,0,0.0,0,0.0,0,0,0,0.0,0.0,0.0,0.0,0.0,0.0,0.0,0.0,0.0,0.0,0.0,0.0,0.0,0.0,0.0
A000000246323,프리메이 진정한 수분 크림,민감성,98e842fd41d38e7fc08bd1d2e8ecc82e,0,1,0,0,0,0,0,12,5,2,1,2,1,0,0,1,0,9,2,1.0,1.0,0.0,1.0,1.0,2.0,0.0,0.0,0,0,0.0,1,0,0.6595744680851063,0,0.0,0,0.0,0,0,0,0.0,0.0,0.6288836021376135,0.0,0.0,0.0,0.0,0.0,0.0,0.0,0.0,0.0,0.3018641290260545,0.0,0.0
A000000246323,프리메이 진정한 수분 크림,트러블성,98e842fd41d38e7fc08bd1d2e8ecc82e,0,0,0,0,0,0,1,12,5,2,1,2,1,0,0,1,0,9,2,1.0,1.0,0.0,1.0,1.0,2.0,0.0,0.0,0,0,0.0,1,0,0.6595744680851063,0,0.0,0,0.0,0,0,0,0.0,0.0,0.0,0.0,0.0,0.0,0.0,0.0,0.0,0.0,0.0,0.0,0.0,0.0,0.0
A000000246323,프리메이 진정한 수분 크림,중성,98e842fd41d38e7fc08bd1d2e8ecc82e,0,0,0,0,1,0,0,12,5,2,1,2,1,0,0,1,0,9,2,1.0,1.0,0.0,1.0,1.0,2.0,0.0,0.0,0,0,0.0,1,0,0.6595744680851063,0,0.0,0,0.0,0,0,0,0.0,0.0,0.0,0.0,0.0,0.0,0.0,0.0,0.0,0.0,0.0,0.0,0.0,0.0,0.0
A000000246591,더마젼시 제로카 81 크림,건성,1335274c78fd550c196c44dc4697d9b4,1,0,0,0,0,0,0,15,2,3,3,7,12,0,0,2,9,4,0,1.0,1.0,1.0,1.0,0.0,0.0,0.0,0.0,1,1,0.9230769230769231,1,0,0.5961538461538461,0,0.0,0,0.0,0,0,0,0.7871738774560316,0.0,0.0,0.0,0.0,0.0,0.0,0.0,0.0,0.0,0.0,0.0,0.7871738774560316,0.0,0.0
A000000246591,더마젼시 제로카 81 크림,약건성,1335274c78fd550c196c44dc4697d9b4,0,0,0,1,0,0,0,15,2,3,3,7,12,0,0,2,9,4,0,1.0,1.0,1.0,1.0,0.0,0.0,0.0,0.0,1,1,0.9230769230769231,1,0,0.5961538461538461,0,0.0,0,0.0,0,0,0,0.7871738774560316,0.0,0.0,0.0,0.0,0.0,0.0,0.0,0.0,0.0,0.0,0.0,0.7871738774560316,0.0,0.0
A000000246591,더마젼시 제로카 81 크림,지성,1335274c78fd550c196c44dc4697d9b4,0,0,0,0,0,1,0,15,2,3,3,7,12,0,0,2,9,4,0,1.0,1.0,1.0,1.0,0.0,0.0,0.0,0.0,1,1,0.9230769230769231,1,0,0.5961538461538461,0,0.0,0,0.0,0,0,0,0.0,0.0,0.0,0.0,0.0,0.0,0.9230769230769231,0.15803013970713942,0.4730197464677636,0.0,0.0,0.0,0.7384615384615385,0.0,0.0
A000000246591,더마젼시 제로카 81 크림,복합성,1335274c78fd550c196c44dc4697d9b4,0,0,1,0,0,0,0,15,2,3,3,7,12,0,0,2,9,4,0,1.0,1.0,1.0,1.0,0.0,0.0,0.0,0.0,1,1,0.9230769230769231,1,0,0.5961538461538461,0,0.0,0,0.0,0,0,0,0.0,0.0,0.0,0.0,0.0,0.0,0.0,0.0,0.0,0.0,0.0,0.0,0.0,0.0,0.0
A000000246591,더마젼시 제로카 81 크림,민감성,1335274c78fd550c196c44dc4697d9b4,0,1,0,0,0,0,0,15,2,3,3,7,12,0,0,2,9,4,0,1.0,1.0,1.0,1.0,0.0,0.0,0.0,0.0,1,1,0.9230769230769231,1,0,0.5961538461538461,0,0.0,0,0.0,0,0,0,0.0,0.0,0.9099353508104996,0.0,0.0,0.0,0.0,0.0,0.0,0.0,0.0,0.0,0.4367689683890398,0.0,0.0
A000000246591,더마젼시 제로카 81 크림,트러블성,1335274c78fd550c196c44dc4697d9b4,0,0,0,0,0,0,1,15,2,3,3,7,12,0,0,2,9,4,0,1.0,1.0,1.0,1.0,0.0,0.0,0.0,0.0,1,1,0.9230769230769231,1,0,0.5961538461538461,0,0.0,0,0.0,0,0,0,0.0,0.0,0.0,0.0,0.0,0.0,0.0,0.0,0.0,0.0,0.0,0.0,0.0,0.0,0.0
A000000246591,더마젼시 제로카 81 크림,중성,1335274c78fd550c196c44dc4697d9b4,0,0,0,0,1,0,0,15,2,3,3,7,12,0,0,2,9,4,0,1.0,1.0,1.0,1.0,0.0,0.0,0.0,0.0,1,1,0.9230769230769231,1,0,0.5961538461538461,0,0.0,0,0.0,0,0,0,0.0,0.0,0.0,0.0,0.0,0.0,0.0,0.0,0.0,0.0,0.0,0.0,0.0,0.0,0.0
A000000246776,라운드랩 자작나무 수분 크림,건성,de88ee72ff23b352851568d1493337e4,1,0,0,0,0,0,0,8,4,1,1,3,1,0,0,0,0,12,0,1.0,0.0,0.0,0.0,0.0,0.0,0.0,0.0,0,0,0.0,1,1,0.7567567567567568,0,0.0,0,0.0,0,0,0,0.6815445438106533,0.0,0.0,0.0,0.0,0.0,0.0,0.0,0.0,0.0,0.0,0.0,0.6815445438106533,0.0,0.0
A000000246776,라운드랩 자작나무 수분 크림,약건성,de88ee72ff23b352851568d1493337e4,0,0,0,1,0,0,0,8,4,1,1,3,1,0,0,0,0,12,0,1.0,0.0,0.0,0.0,0.0,0.0,0.0,0.0,0,0,0.0,1,1,0.7567567567567568,0,0.0,0,0.0,0,0,0,0.6815445438106533,0.0,0.0,0.0,0.0,0.0,0.0,0.0,0.0,0.0,0.0,0.0,0.6815445438106533,0.0,0.0
A000000246776,라운드랩 자작나무 수분 크림,지성,de88ee72ff23b352851568d1493337e4,0,0,0,0,0,1,0,8,4,1,1,3,1,0,0,0,0,12,0,1.0,0.0,0.0,0.0,0.0,0.0,0.0,0.0,0,0,0.0,1,1,0.7567567567567568,0,0.0,0,0.0,0,0,0,0.0,0.0,0.0,0.0,0.0,0.0,0.0,0.0,0.13115644676245553,0.0,0.0,0.0,0.0,0.0,0.0
A000000246776,라운드랩 자작나무 수분 크림,복합성,de88ee72ff23b352851568d1493337e4,0,0,1,0,0,0,0,8,4,1,1,3,1,0,0,0,0,12,0,1.0,0.0,0.0,0.0,0.0,0.0,0.0,0.0,0,0,0.0,1,1,0.7567567567567568,0,0.0,0,0.0,0,0,0,0.0,0.0,0.0,0.0,0.0,0.0,0.0,0.0,0.0,0.0,0.0,0.0,0.0,0.0,0.0
A000000246776,라운드랩 자작나무 수분 크림,민감성,de88ee72ff23b352851568d1493337e4,0,1,0,0,0,0,0,8,4,1,1,3,1,0,0,0,0,12,0,1.0,0.0,0.0,0.0,0.0,0.0,0.0,0.0,0,0,0.0,1,1,0.7567567567567568,0,0.0,0,0.0,0,0,0,0.0,0.0,0.6736273621134925,0.0,0.0,0.0,0.0,0.0,0.0,0.0,0.0,0.0,0.3233411338144764,0.0,0.0
A000000246776,라운드랩 자작나무 수분 크림,트러블성,de88ee72ff23b352851568d1493337e4,0,0,0,0,0,0,1,8,4,1,1,3,1,0,0,0,0,12,0,1.0,0.0,0.0,0.0,0.0,0.0,0.0,0.0,0,0,0.0,1,1,0.7567567567567568,0,0.0,0,0.0,0,0,0,0.0,0.0,0.0,0.0,0.0,0.0,0.0,0.0,0.0,0.0,0.0,0.0,0.0,0.0,0.0
A000000246776,라운드랩 자작나무 수분 크림,중성,de88ee72ff23b352851568d1493337e4,0,0,0,0,1,0,0,8,4,1,1,3,1,0,0,0,0,12,0,1.0,0.0,0.0,0.0,0.0,0.0,0.0,0.0,0,0,0.0,1,1,0.7567567567567568,0,0.0,0,0.0,0,0,0,0.0,0.0,0.0,0.0,0.0,0.0,0.0,0.0,0.0,0.0,0.0,0.0,0.0,0.0,0.0
A000000246877,닥터자르트 세라마이딘 울트라 모이스처라이징 크림,건성,be6cb69c8cb80d9a9bd5c48bc4cb9f6a,1,0,0,0,0,0,0,8,7,2,17,3,3,0,0,2,0,2,4,1.0,1.0,1.0,0.0,3.0,2.0,0.0,2.0,0,0,0.0,1,0,0.8064516129032258,1,0.8387096774193549,0,0.0,1,1,0,0.8293460668755827,1.0,0.0,0.0,0.0,0.0,0.0,0.0,0.0,0.0,0.0,0.0,1.4693460668755827,0.0,0.0
A000000246877,닥터자르트 세라마이딘 울트라 모이스처라이징 크림,약건성,be6cb69c8cb80d9a9bd5c48bc4cb9f6a,0,0,0,1,0,0,0,8,7,2,17,3,3,0,0,2,0,2,4,1.0,1.0,1.0,0.0,3.0,2.0,0.0,2.0,0,0,0.0,1,0,0.8064516129032258,1,0.8387096774193549,0,0.0,1,1,0,0.8293460668755827,1.0,0.0,0.0,0.0,0.0,0.0,0.0,0.0,0.0,0.0,0.0,1.4693460668755827,0.0,0.0
A000000246877,닥터자르트 세라마이딘 울트라 모이스처라이징 크림,지성,be6cb69c8cb80d9a9bd5c48bc4cb9f6a,0,0,0,0,0,1,0,8,7,2,17,3,3,0,0,2,0,2,4,1.0,1.0,1.0,0.0,3.0,2.0,0.0,2.0,0,0,0.0,1,0,0.8064516129032258,1,0.8387096774193549,0,0.0,1,1,0,0.0,0.0,0.0,0.0,0.0,0.0,0.0,0.35224759967003194,0.4730197464677636,0.0,0.0,0.0,0.0,0.0,0.0
A000000246877,닥터자르트 세라마이딘 울트라 모이스처라이징 크림,복합성,be6cb69c8cb80d9a9bd5c48bc4cb9f6a,0,0,1,0,0,0,0,8,7,2,17,3,3,0,0,2,0,2,4,1.0,1.0,1.0,0.0,3.0,2.0,0.0,2.0,0,0,0.0,1,0,0.8064516129032258,1,0.8387096774193549,0,0.0,1,1,0,0.0,0.0,0.0,0.0,0.0,0.0,0.0,0.0,0.0,0.0,0.0,0.0,0.0,0.0,0.0
A000000246877,닥터자르트 세라마이딘 울트라 모이스처라이징 크림,민감성,be6cb69c8cb80d9a9bd5c48bc4cb9f6a,0,1,0,0,0,0,0,8,7,2,17,3,3,0,0,2,0,2,4,1.0,1.0,1.0,0.0,3.0,2.0,0.0,2.0,0,0,0.0,1,0,0.8064516129032258,1,0.8387096774193549,0,0.0,1,1,0,0.0,0.0,0.9192210527846431,0.0,0.0,0.8646647167633873,0.0,0.0,0.0,0.0,0.0,0.0,0.44122610533662865,0.24902343842785551,0.10987564187505844
A000000246877,닥터자르트 세라마이딘 울트라 모이스처라이징 크림,트러블성,be6cb69c8cb80d9a9bd5c48bc4cb9f6a,0,0,0,0,0,0,1,8,7,2,17,3,3,0,0,2,0,2,4,1.0,1.0,1.0,0.0,3.0,2.0,0.0,2.0,0,0,0.0,1,0,0.8064516129032258,1,0.8387096774193549,0,0.0,1,1,0,0.0,0.0,0.0,0.0,0.0,0.0,0.0,0.0,0.0,0.0,0.0,0.0,0.0,0.0,0.0
A000000246877,닥터자르트 세라마이딘 울트라 모이스처라이징 크림,중성,be6cb69c8cb80d9a9bd5c48bc4cb9f6a,0,0,0,0,1,0,0,8,7,2,17,3,3,0,0,2,0,2,4,1.0,1.0,1.0,0.0,3.0,2.0,0.0,2.0,0,0,0.0,1,0,0.8064516129032258,1,0.8387096774193549,0,0.0,1,1,0,0.0,0.0,0.0,0.0,0.0,0.0,0.0,0.0,0.0,0.0,0.0,0.0,0.0,0.0,0.0
A000000247202,아벤느 똘레랑스 하이드레이팅 크림,건성,30e495cc02b2c2f66ac0b7442e1c9afa,1,0,0,0,0,0,0,2,3,1,0,0,0,0,0,0,0,0,1,0.0,0.0,0.0,0.0,1.0,0.0,1.0,0.0,0,0,0.0,0,0,0.0,0,0.0,0,0.0,0,0,0,0.5298325815428023,0.0,0.0,0.0,0.0,0.0,0.0,0.0,0.0,0.0,0.0,0.0,0.5298325815428023,0.0,0.0
A000000247202,아벤느 똘레랑스 하이드레이팅 크림,약건성,30e495cc02b2c2f66ac0b7442e1c9afa,0,0,0,1,0,0,0,2,3,1,0,0,0,0,0,0,0,0,1,0.0,0.0,0.0,0.0,1.0,0.0,1.0,0.0,0,0,0.0,0,0,0.0,0,0.0,0,0.0,0,0,0,0.5298325815428023,0.0,0.0,0.0,0.0,0.0,0.0,0.0,0.0,0.0,0.0,0.0,0.5298325815428023,0.0,0.0
A000000247202,아벤느 똘레랑스 하이드레이팅 크림,지성,30e495cc02b2c2f66ac0b7442e1c9afa,0,0,0,0,0,1,0,2,3,1,0,0,0,0,0,0,0,0,1,0.0,0.0,0.0,0.0,1.0,0.0,1.0,0.0,0,0,0.0,0,0,0.0,0,0.0,0,0.0,0,0,0,0.0,0.0,0.0,0.0,0.0,0.0,0.0,0.25639747477898106,0.0,0.0,0.0,0.0,0.0,0.0,0.0
A000000247202,아벤느 똘레랑스 하이드레이팅 크림,복합성,30e495cc02b2c2f66ac0b7442e1c9afa,0,0,1,0,0,0,0,2,3,1,0,0,0,0,0,0,0,0,1,0.0,0.0,0.0,0.0,1.0,0.0,1.0,0.0,0,0,0.0,0,0,0.0,0,0.0,0,0.0,0,0,0,0.0,0.0,0.0,0.0,0.0,0.0,0.0,0.0,0.0,0.0,0.0,0.0,0.0,0.0,0.0
A000000247202,아벤느 똘레랑스 하이드레이팅 크림,민감성,30e495cc02b2c2f66ac0b7442e1c9afa,0,1,0,0,0,0,0,2,3,1,0,0,0,0,0,0,0,0,1,0.0,0.0,0.0,0.0,1.0,0.0,1.0,0.0,0,0,0.0,0,0,0.0,0,0.0,0,0.0,0,0,0,0.0,0.0,0.0,0.0,0.0,0.0,0.0,0.0,0.0,0.0,0.0,0.0,0.0,0.0,0.0
A000000247202,아벤느 똘레랑스 하이드레이팅 크림,트러블성,30e495cc02b2c2f66ac0b7442e1c9afa,0,0,0,0,0,0,1,2,3,1,0,0,0,0,0,0,0,0,1,0.0,0.0,0.0,0.0,1.0,0.0,1.0,0.0,0,0,0.0,0,0,0.0,0,0.0,0,0.0,0,0,0,0.0,0.0,0.0,0.0,0.0,0.0,0.0,0.0,0.0,0.0,0.0,0.0,0.0,0.0,0.0
A000000247202,아벤느 똘레랑스 하이드레이팅 크림,중성,30e495cc02b2c2f66ac0b7442e1c9afa,0,0,0,0,1,0,0,2,3,1,0,0,0,0,0,0,0,0,1,0.0,0.0,0.0,0.0,1.0,0.0,1.0,0.0,0,0,0.0,0,0,0.0,0,0.0,0,0.0,0,0,0,0.0,0.0,0.0,0.0,0.0,0.0,0.0,0.0,0.0,0.0,0.0,0.0,0.0,0.0,0.0
A000000247713,브링그린 징크테카 리페어 흔적 크림,건성,dc86bb6f42ad33544a1dd81e5aa2cd2b,1,0,0,0,0,0,0,7,4,4,6,5,2,0,0,2,0,7,3,1.0,0.0,2.0,0.0,1.0,1.0,2.0,0.0,1,1,0.8333333333333334,1,0,0.08333333333333337,1,0.20833333333333337,0,0.0,0,1,0,0.8772678946529621,0.6666666666666666,0.0,0.0,0.0,0.0,0.0,0.0,0.0,0.0,0.0,0.0,1.3039345613196287,0.0,0.0
A000000247713,브링그린 징크테카 리페어 흔적 크림,약건성,dc86bb6f42ad33544a1dd81e5aa2cd2b,0,0,0,1,0,0,0,7,4,4,6,5,2,0,0,2,0,7,3,1.0,0.0,2.0,0.0,1.0,1.0,2.0,0.0,1,1,0.8333333333333334,1,0,0.08333333333333337,1,0.20833333333333337,0,0.0,0,1,0,0.8772678946529621,0.6666666666666666,0.0,0.0,0.0,0.0,0.0,0.0,0.0,0.0,0.0,0.0,1.3039345613196287,0.0,0.0
A000000247713,브링그린 징크테카 리페어 흔적 크림,지성,dc86bb6f42ad33544a1dd81e5aa2cd2b,0,0,0,0,0,1,0,7,4,4,6,5,2,0,0,2,0,7,3,1.0,0.0,2.0,0.0,1.0,1.0,2.0,0.0,1,1,0.8333333333333334,1,0,0.08333333333333337,1,0.20833333333333337,0,0.0,0,1,0,0.0,0.0,0.0,0.0,0.0,0.0,0.8333333333333334,0.41290084933453014,0.3418632997053081,0.0,0.0,0.0,0.6666666666666667,0.0,0.0
A000000247713,브링그린 징크테카 리페어 흔적 크림,복합성,dc86bb6f42ad33544a1dd81e5aa2cd2b,0,0,1,0,0,0,0,7,4,4,6,5,2,0,0,2,0,7,3,1.0,0.0,2.0,0.0,1.0,1.0,2.0,0.0,1,1,0.8333333333333334,1,0,0.08333333333333337,1,0.20833333333333337,0,0.0,0,1,0,0.0,0.0,0.0,0.0,0.0,0.0,0.0,0.0,0.0,0.0,0.0,0.0,0.0,0.0,0.0
A000000247713,브링그린 징크테카 리페어 흔적 크림,민감성,dc86bb6f42ad33544a1dd81e5aa2cd2b,0,1,0,0,0,0,0,7,4,4,6,5,2,0,0,2,0,7,3,1.0,0.0,2.0,0.0,1.0,1.0,2.0,0.0,1,1,0.8333333333333334,1,0,0.08333333333333337,1,0.20833333333333337,0,0.0,0,1,0,0.0,0.0,0.9554496404959314,0.0,0.0,0.0,0.0,0.0,0.0,0.0,0.0,0.0,0.4586158274380471,0.0,0.0
A000000247713,브링그린 징크테카 리페어 흔적 크림,트러블성,dc86bb6f42ad33544a1dd81e5aa2cd2b,0,0,0,0,0,0,1,7,4,4,6,5,2,0,0,2,0,7,3,1.0,0.0,2.0,0.0,1.0,1.0,2.0,0.0,1,1,0.8333333333333334,1,0,0.08333333333333337,1,0.20833333333333337,0,0.0,0,1,0,0.0,0.0,0.0,0.0,0.0,0.0,0.0,0.0,0.0,1.0,0.0,0.0,0.7,0.0,0.0
A000000247713,브링그린 징크테카 리페어 흔적 크림,중성,dc86bb6f42ad33544a1dd81e5aa2cd2b,0,0,0,0,1,0,0,7,4,4,6,5,2,0,0,2,0,7,3,1.0,0.0,2.0,0.0,1.0,1.0,2.0,0.0,1,1,0.8333333333333334,1,0,0.08333333333333337,1,0.20833333333333337,0,0.0,0,1,0,0.0,0.0,0.0,0.0,0.0,0.0,0.0,0.0,0.0,0.0,0.0,0.0,0.0,0.0,0.0
A000000247726,메이크프렘 인테카 수딩크림,건성,e974e261d6fafafcd56798cc97f38912,1,0,0,0,0,0,0,10,2,2,1,3,2,0,0,1,0,0,1,0.0,0.0,1.0,1.0,0.0,1.0,0.0,0.0,1,1,0.7586206896551724,0,0,0.0,0,0.0,0,0.0,0,0,0,0.7276813370984301,0.0,0.0,0.0,0.0,0.0,0.0,0.0,0.0,0.0,0.0,0.0,0.7276813370984301,0.0,0.0
A000000247726,메이크프렘 인테카 수딩크림,약건성,e974e261d6fafafcd56798cc97f38912,0,0,0,1,0,0,0,10,2,2,1,3,2,0,0,1,0,0,1,0.0,0.0,1.0,1.0,0.0,1.0,0.0,0.0,1,1,0.7586206896551724,0,0,0.0,0,0.0,0,0.0,0,0,0,0.7276813370984301,0.0,0.0,0.0,0.0,0.0,0.0,0.0,0.0,0.0,0.0,0.0,0.7276813370984301,0.0,0.0
A000000247726,메이크프렘 인테카 수딩크림,지성,e974e261d6fafafcd56798cc97f38912,0,0,0,0,0,1,0,10,2,2,1,3,2,0,0,1,0,0,1,0.0,0.0,1.0,1.0,0.0,1.0,0.0,0.0,1,1,0.7586206896551724,0,0,0.0,0,0.0,0,0.0,0,0,0,0.0,0.0,0.0,0.0,0.0,0.0,0.7586206896551724,0.25639747477898106,0.13115644676245553,0.0,0.0,0.0,0.6068965517241379,0.0,0.0
A000000247726,메이크프렘 인테카 수딩크림,복합성,e974e261d6fafafcd56798cc97f38912,0,0,1,0,0,0,0,10,2,2,1,3,2,0,0,1,0,0,1,0.0,0.0,1.0,1.0,0.0,1.0,0.0,0.0,1,1,0.7586206896551724,0,0,0.0,0,0.0,0,0.0,0,0,0,0.0,0.0,0.0,0.0,0.0,0.0,0.0,0.0,0.0,0.0,0.0,0.0,0.0,0.0,0.0
A000000247726,메이크프렘 인테카 수딩크림,민감성,e974e261d6fafafcd56798cc97f38912,0,1,0,0,0,0,0,10,2,2,1,3,2,0,0,1,0,0,1,0.0,0.0,1.0,1.0,0.0,1.0,0.0,0.0,1,1,0.7586206896551724,0,0,0.0,0,0.0,0,0.0,0,0,0,0.0,0.0,0.6736273621134925,0.0,0.0,0.0,0.0,0.0,0.0,0.0,0.0,0.0,0.3233411338144764,0.0,0.0
A000000247726,메이크프렘 인테카 수딩크림,트러블성,e974e261d6fafafcd56798cc97f38912,0,0,0,0,0,0,1,10,2,2,1,3,2,0,0,1,0,0,1,0.0,0.0,1.0,1.0,0.0,1.0,0.0,0.0,1,1,0.7586206896551724,0,0,0.0,0,0.0,0,0.0,0,0,0,0.0,0.0,0.0,0.0,0.0,0.0,0.0,0.0,0.0,0.0,0.0,0.0,0.0,0.0,0.0
A000000247726,메이크프렘 인테카 수딩크림,중성,e974e261d6fafafcd56798cc97f38912,0,0,0,0,1,0,0,10,2,2,1,3,2,0,0,1,0,0,1,0.0,0.0,1.0,1.0,0.0,1.0,0.0,0.0,1,1,0.7586206896551724,0,0,0.0,0,0.0,0,0.0,0,0,0,0.0,0.0,0.0,0.0,0.0,0.0,0.0,0.0,0.0,0.0,0.0,0.0,0.0,0.0,0.0
A000000247776,이즈앤트리 어니언 뉴페어 겔크림 플러스,건성,dcbfcfff303fb9198fc9cbde3c33fc81,1,0,0,0,0,0,0,14,4,3,3,4,5,0,0,1,1,3,0,0.0,0.0,1.0,1.0,1.0,0.0,0.0,0.0,1,1,0.9387755102040817,1,0,0.5306122448979591,0,0.0,0,0.0,0,0,0,0.8730335230991224,0.0,0.0,0.0,0.0,0.0,0.0,0.0,0.0,0.0,0.0,0.0,0.8730335230991224,0.0,0.0
A000000247776,이즈앤트리 어니언 뉴페어 겔크림 플러스,약건성,dcbfcfff303fb9198fc9cbde3c33fc81,0,0,0,1,0,0,0,14,4,3,3,4,5,0,0,1,1,3,0,0.0,0.0,1.0,1.0,1.0,0.0,0.0,0.0,1,1,0.9387755102040817,1,0,0.5306122448979591,0,0.0,0,0.0,0,0,0,0.8730335230991224,0.0,0.0,0.0,0.0,0.0,0.0,0.0,0.0,0.0,0.0,0.0,0.8730335230991224,0.0,0.0
A000000247776,이즈앤트리 어니언 뉴페어 겔크림 플러스,지성,dcbfcfff303fb9198fc9cbde3c33fc81,0,0,0,0,0,1,0,14,4,3,3,4,5,0,0,1,1,3,0,0.0,0.0,1.0,1.0,1.0,0.0,0.0,0.0,1,1,0.9387755102040817,1,0,0.5306122448979591,0,0.0,0,0.0,0,0,0,0.0,0.0,0.0,0.0,0.0,0.0,0.9387755102040817,0.25639747477898106,0.13115644676245553,0.0,0.0,0.0,0.7510204081632654,0.0,0.0
A000000247776,이즈앤트리 어니언 뉴페어 겔크림 플러스,복합성,dcbfcfff303fb9198fc9cbde3c33fc81,0,0,1,0,0,0,0,14,4,3,3,4,5,0,0,1,1,3,0,0.0,0.0,1.0,1.0,1.0,0.0,0.0,0.0,1,1,0.9387755102040817,1,0,0.5306122448979591,0,0.0,0,0.0,0,0,0,0.0,0.0,0.0,0.0,0.0,0.0,0.0,0.0,0.0,0.0,0.0,0.0,0.0,0.0,0.0
A000000247776,이즈앤트리 어니언 뉴페어 겔크림 플러스,민감성,dcbfcfff303fb9198fc9cbde3c33fc81,0,1,0,0,0,0,0,14,4,3,3,4,5,0,0,1,1,3,0,0.0,0.0,1.0,1.0,1.0,0.0,0.0,0.0,1,1,0.9387755102040817,1,0,0.5306122448979591,0,0.0,0,0.0,0,0,0,0.0,0.0,0.875787346839594,0.0,0.0,0.0,0.0,0.0,0.0,0.0,0.0,0.0,0.4203779264830051,0.0,0.0
A000000247776,이즈앤트리 어니언 뉴페어 겔크림 플러스,트러블성,dcbfcfff303fb9198fc9cbde3c33fc81,0,0,0,0,0,0,1,14,4,3,3,4,5,0,0,1,1,3,0,0.0,0.0,1.0,1.0,1.0,0.0,0.0,0.0,1,1,0.9387755102040817,1,0,0.5306122448979591,0,0.0,0,0.0,0,0,0,0.0,0.0,0.0,0.0,0.0,0.0,0.0,0.0,0.0,0.0,0.0,0.0,0.0,0.0,0.0
A000000247776,이즈앤트리 어니언 뉴페어 겔크림 플러스,중성,dcbfcfff303fb9198fc9cbde3c33fc81,0,0,0,0,1,0,0,14,4,3,3,4,5,0,0,1,1,3,0,0.0,0.0,1.0,1.0,1.0,0.0,0.0,0.0,1,1,0.9387755102040817,1,0,0.5306122448979591,0,0.0,0,0.0,0,0,0,0.0,0.0,0.0,0.0,0.0,0.0,0.0,0.0,0.0,0.0,0.0,0.0,0.0,0.0,0.0
A000000248200,유세린 하이알루론 3X 나이트크림,건성,2cc32e49c864879788fce5e416eb5309,1,0,0,0,0,0,0,6,6,2,1,1,1,1,0,1,0,1,1,0.0,0.0,1.0,0.0,3.0,0.0,1.0,0.0,0,0,0.0,1,1,0.8518518518518519,0,0.0,0,0.0,0,0,0,0.8038151669655724,0.0,0.0,0.0,0.0,0.0,0.0,0.0,0.0,0.0,0.0,0.0,0.8038151669655724,0.0,0.0
A000000248200,유세린 하이알루론 3X 나이트크림,약건성,2cc32e49c864879788fce5e416eb5309,0,0,0,1,0,0,0,6,6,2,1,1,1,1,0,1,0,1,1,0.0,0.0,1.0,0.0,3.0,0.0,1.0,0.0,0,0,0.0,1,1,0.8518518518518519,0,0.0,0,0.0,0,0,0,0.8038151669655724,0.0,0.0,0.0,0.0,0.0,0.0,0.0,0.0,0.0,0.0,0.0,0.8038151669655724,0.0,0.0
A000000248200,유세린 하이알루론 3X 나이트크림,지성,2cc32e49c864879788fce5e416eb5309,0,0,0,0,0,1,0,6,6,2,1,1,1,1,0,1,0,1,1,0.0,0.0,1.0,0.0,3.0,0.0,1.0,0.0,0,0,0.0,1,1,0.8518518518518519,0,0.0,0,0.0,0,0,0,0.0,0.0,0.0,0.0,0.0,0.0,0.0,0.35224759967003194,0.13115644676245553,0.0,0.0,0.0,0.0,0.0,0.0
A000000248200,유세린 하이알루론 3X 나이트크림,복합성,2cc32e49c864879788fce5e416eb5309,0,0,1,0,0,0,0,6,6,2,1,1,1,1,0,1,0,1,1,0.0,0.0,1.0,0.0,3.0,0.0,1.0,0.0,0,0,0.0,1,1,0.8518518518518519,0,0.0,0,0.0,0,0,0,0.0,0.0,0.0,0.0,0.0,0.0,0.0,0.0,0.0,0.0,0.0,0.0,0.0,0.0,0.0
A000000248200,유세린 하이알루론 3X 나이트크림,민감성,2cc32e49c864879788fce5e416eb5309,0,1,0,0,0,0,0,6,6,2,1,1,1,1,0,1,0,1,1,0.0,0.0,1.0,0.0,3.0,0.0,1.0,0.0,0,0,0.0,1,1,0.8518518518518519,0,0.0,0,0.0,0,0,0,0.0,0.0,0.5369583472925852,0.6321205588285577,0.0,0.0,0.0,0.0,0.0,0.0,0.0,0.0,0.2577400067004409,0.5056964470628461,0.1303382056543671
A000000248200,유세린 하이알루론 3X 나이트크림,트러블성,2cc32e49c864879788fce5e416eb5309,0,0,0,0,0,0,1,6,6,2,1,1,1,1,0,1,0,1,1,0.0,0.0,1.0,0.0,3.0,0.0,1.0,0.0,0,0,0.0,1,1,0.8518518518518519,0,0.0,0,0.0,0,0,0,0.0,0.0,0.0,0.0,0.0,0.0,0.0,0.0,0.0,0.0,0.0,0.0,0.0,0.0,0.0
A000000248200,유세린 하이알루론 3X 나이트크림,중성,2cc32e49c864879788fce5e416eb5309,0,0,0,0,1,0,0,6,6,2,1,1,1,1,0,1,0,1,1,0.0,0.0,1.0,0.0,3.0,0.0,1.0,0.0,0,0,0.0,1,1,0.8518518518518519,0,0.0,0,0.0,0,0,0,0.0,0.0,0.0,0.0,0.0,0.0,0.0,0.0,0.0,0.0,0.0,0.0,0.0,0.0,0.0
A000000248363,지피덤 셀트리온EGF 스킨베리어 인텐시브 크림,건성,f8bf79a026e113d96c31c4b6bc6c6fbd,1,0,0,0,0,0,0,7,10,4,12,2,6,0,1,0,1,5,6,2.0,0.0,0.0,1.0,2.0,4.0,2.0,0.0,1,1,0.859375,1,0,0.75,1,0.53125,0,0.0,1,1,0,0.9187646374393118,1.0,0.0,0.0,0.0,0.0,0.0,0.0,0.0,0.0,0.0,0.0,1.5587646374393118,0.0,0.0
A000000248363,지피덤 셀트리온EGF 스킨베리어 인텐시브 크림,약건성,f8bf79a026e113d96c31c4b6bc6c6fbd,0,0,0,1,0,0,0,7,10,4,12,2,6,0,1,0,1,5,6,2.0,0.0,0.0,1.0,2.0,4.0,2.0,0.0,1,1,0.859375,1,0,0.75,1,0.53125,0,0.0,1,1,0,0.9187646374393118,1.0,0.0,0.0,0.0,0.0,0.0,0.0,0.0,0.0,0.0,0.0,1.5587646374393118,0.0,0.0
A000000248363,지피덤 셀트리온EGF 스킨베리어 인텐시브 크림,지성,f8bf79a026e113d96c31c4b6bc6c6fbd,0,0,0,0,0,1,0,7,10,4,12,2,6,0,1,0,1,5,6,2.0,0.0,0.0,1.0,2.0,4.0,2.0,0.0,1,1,0.859375,1,0,0.75,1,0.53125,0,0.0,1,1,0,0.0,0.0,0.0,0.0,0.0,0.0,0.859375,0.7483926377959725,0.21070685294285255,0.0,0.0,0.0,0.6875,0.0,0.0
A000000248363,지피덤 셀트리온EGF 스킨베리어 인텐시브 크림,복합성,f8bf79a026e113d96c31c4b6bc6c6fbd,0,0,1,0,0,0,0,7,10,4,12,2,6,0,1,0,1,5,6,2.0,0.0,0.0,1.0,2.0,4.0,2.0,0.0,1,1,0.859375,1,0,0.75,1,0.53125,0,0.0,1,1,0,0.0,0.0,0.0,0.0,0.0,0.0,0.0,0.0,0.0,0.0,0.0,0.0,0.0,0.0,0.0
A000000248363,지피덤 셀트리온EGF 스킨베리어 인텐시브 크림,민감성,f8bf79a026e113d96c31c4b6bc6c6fbd,0,1,0,0,0,0,0,7,10,4,12,2,6,0,1,0,1,5,6,2.0,0.0,0.0,1.0,2.0,4.0,2.0,0.0,1,1,0.859375,1,0,0.75,1,0.53125,0,0.0,1,1,0,0.0,0.0,0.8575129555137339,0.0,0.6321205588285577,0.0,0.0,0.0,0.0,0.0,0.0,0.0015668702111118538,0.41160621864659225,0.28350338439741624,0.1166917560253318
A000000248363,지피덤 셀트리온EGF 스킨베리어 인텐시브 크림,트러블성,f8bf79a026e113d96c31c4b6bc6c6fbd,0,0,0,0,0,0,1,7,10,4,12,2,6,0,1,0,1,5,6,2.0,0.0,0.0,1.0,2.0,4.0,2.0,0.0,1,1,0.859375,1,0,0.75,1,0.53125,0,0.0,1,1,0,0.0,0.0,0.0,0.0,0.0,0.0,0.0,0.0,0.0,1.0,0.0,0.0015668702111118538,0.7,0.0003133740422223708,0.00021936182955565952
A000000248363,지피덤 셀트리온EGF 스킨베리어 인텐시브 크림,중성,f8bf79a026e113d96c31c4b6bc6c6fbd,0,0,0,0,1,0,0,7,10,4,12,2,6,0,1,0,1,5,6,2.0,0.0,0.0,1.0,2.0,4.0,2.0,0.0,1,1,0.859375,1,0,0.75,1,0.53125,0,0.0,1,1,0,0.0,0.0,0.0,0.0,0.0,0.0,0.0,0.0,0.0,0.0,0.0,0.0,0.0,0.0,0.0
A000000248422,아누아 어성초 77 B3 징크 수딩 크림,건성,a6d80c5636d840b2dbb9a6ecee92d61e,1,0,0,0,0,0,0,8,0,0,2,5,5,0,2,0,0,1,0,0.0,0.0,0.0,0.0,0.0,0.0,0.0,0.0,1,1,0.9666666666666667,1,1,0.9,0,0.0,1,0.09999999999999998,0,0,2,0.0,0.0,0.0,0.0,0.0,0.0,0.0,0.0,0.0,0.0,0.0,0.0,0.0,0.0,0.0
A000000248422,아누아 어성초 77 B3 징크 수딩 크림,약건성,a6d80c5636d840b2dbb9a6ecee92d61e,0,0,0,1,0,0,0,8,0,0,2,5,5,0,2,0,0,1,0,0.0,0.0,0.0,0.0,0.0,0.0,0.0,0.0,1,1,0.9666666666666667,1,1,0.9,0,0.0,1,0.09999999999999998,0,0,2,0.0,0.0,0.0,0.0,0.0,0.0,0.0,0.0,0.0,0.0,0.0,0.0,0.0,0.0,0.0
A000000248422,아누아 어성초 77 B3 징크 수딩 크림,지성,a6d80c5636d840b2dbb9a6ecee92d61e,0,0,0,0,0,1,0,8,0,0,2,5,5,0,2,0,0,1,0,0.0,0.0,0.0,0.0,0.0,0.0,0.0,0.0,1,1,0.9666666666666667,1,1,0.9,0,0.0,1,0.09999999999999998,0,0,2,0.0,0.0,0.0,0.0,0.0,0.0,0.9666666666666667,0.0,0.0,0.0,0.0,0.0,0.7733333333333334,0.0,0.0
A000000248422,아누아 어성초 77 B3 징크 수딩 크림,복합성,a6d80c5636d840b2dbb9a6ecee92d61e,0,0,1,0,0,0,0,8,0,0,2,5,5,0,2,0,0,1,0,0.0,0.0,0.0,0.0,0.0,0.0,0.0,0.0,1,1,0.9666666666666667,1,1,0.9,0,0.0,1,0.09999999999999998,0,0,2,0.0,0.0,0.0,0.0,0.0,0.0,0.0,0.0,0.0,0.0,0.0,0.0,0.0,0.0,0.0
A000000248422,아누아 어성초 77 B3 징크 수딩 크림,민감성,a6d80c5636d840b2dbb9a6ecee92d61e,0,1,0,0,0,0,0,8,0,0,2,5,5,0,2,0,0,1,0,0.0,0.0,0.0,0.0,0.0,0.0,0.0,0.0,1,1,0.9666666666666667,1,1,0.9,0,0.0,1,0.09999999999999998,0,0,2,0.0,0.0,0.8340667228748998,0.0,0.8646647167633873,0.0,0.0,0.0,0.0,0.0,0.0,0.3180923728035784,0.40035202697995187,0.4509882676707132,0.18055406710614713
A000000248422,아누아 어성초 77 B3 징크 수딩 크림,트러블성,a6d80c5636d840b2dbb9a6ecee92d61e,0,0,0,0,0,0,1,8,0,0,2,5,5,0,2,0,0,1,0,0.0,0.0,0.0,0.0,0.0,0.0,0.0,0.0,1,1,0.9666666666666667,1,1,0.9,0,0.0,1,0.09999999999999998,0,0,2,0.0,0.0,0.0,0.0,0.0,0.0,0.0,0.0,0.0,0.0,0.7950600976206501,0.3180923728035784,0.15901201952413002,0.06361847456071568,0.01011610211894389
A000000248422,아누아 어성초 77 B3 징크 수딩 크림,중성,a6d80c5636d840b2dbb9a6ecee92d61e,0,0,0,0,1,0,0,8,0,0,2,5,5,0,2,0,0,1,0,0.0,0.0,0.0,0.0,0.0,0.0,0.0,0.0,1,1,0.9666666666666667,1,1,0.9,0,0.0,1,0.09999999999999998,0,0,2,0.0,0.0,0.0,0.0,0.0,0.0,0.0,0.0,0.0,0.0,0.0,0.0,0.0,0.0,0.0
A000000248501,아누아 어성초 77 B3 징크 수딩 크림,건성,a6d80c5636d840b2dbb9a6ecee92d61e,1,0,0,0,0,0,0,8,0,0,2,5,5,0,2,0,0,1,0,0.0,0.0,0.0,0.0,0.0,0.0,0.0,0.0,1,1,0.9666666666666667,1,1,0.9,0,0.0,1,0.09999999999999998,0,0,2,0.0,0.0,0.0,0.0,0.0,0.0,0.0,0.0,0.0,0.0,0.0,0.0,0.0,0.0,0.0
A000000248501,아누아 어성초 77 B3 징크 수딩 크림,약건성,a6d80c5636d840b2dbb9a6ecee92d61e,0,0,0,1,0,0,0,8,0,0,2,5,5,0,2,0,0,1,0,0.0,0.0,0.0,0.0,0.0,0.0,0.0,0.0,1,1,0.9666666666666667,1,1,0.9,0,0.0,1,0.09999999999999998,0,0,2,0.0,0.0,0.0,0.0,0.0,0.0,0.0,0.0,0.0,0.0,0.0,0.0,0.0,0.0,0.0
A000000248501,아누아 어성초 77 B3 징크 수딩 크림,지성,a6d80c5636d840b2dbb9a6ecee92d61e,0,0,0,0,0,1,0,8,0,0,2,5,5,0,2,0,0,1,0,0.0,0.0,0.0,0.0,0.0,0.0,0.0,0.0,1,1,0.9666666666666667,1,1,0.9,0,0.0,1,0.09999999999999998,0,0,2,0.0,0.0,0.0,0.0,0.0,0.0,0.9666666666666667,0.0,0.0,0.0,0.0,0.0,0.7733333333333334,0.0,0.0
A000000248501,아누아 어성초 77 B3 징크 수딩 크림,복합성,a6d80c5636d840b2dbb9a6ecee92d61e,0,0,1,0,0,0,0,8,0,0,2,5,5,0,2,0,0,1,0,0.0,0.0,0.0,0.0,0.0,0.0,0.0,0.0,1,1,0.9666666666666667,1,1,0.9,0,0.0,1,0.09999999999999998,0,0,2,0.0,0.0,0.0,0.0,0.0,0.0,0.0,0.0,0.0,0.0,0.0,0.0,0.0,0.0,0.0
A000000248501,아누아 어성초 77 B3 징크 수딩 크림,민감성,a6d80c5636d840b2dbb9a6ecee92d61e,0,1,0,0,0,0,0,8,0,0,2,5,5,0,2,0,0,1,0,0.0,0.0,0.0,0.0,0.0,0.0,0.0,0.0,1,1,0.9666666666666667,1,1,0.9,0,0.0,1,0.09999999999999998,0,0,2,0.0,0.0,0.8340667228748998,0.0,0.8646647167633873,0.0,0.0,0.0,0.0,0.0,0.0,0.3180923728035784,0.40035202697995187,0.4509882676707132,0.18055406710614713
A000000248501,아누아 어성초 77 B3 징크 수딩 크림,트러블성,a6d80c5636d840b2dbb9a6ecee92d61e,0,0,0,0,0,0,1,8,0,0,2,5,5,0,2,0,0,1,0,0.0,0.0,0.0,0.0,0.0,0.0,0.0,0.0,1,1,0.9666666666666667,1,1,0.9,0,0.0,1,0.09999999999999998,0,0,2,0.0,0.0,0.0,0.0,0.0,0.0,0.0,0.0,0.0,0.0,0.7950600976206501,0.3180923728035784,0.15901201952413002,0.06361847456071568,0.01011610211894389
A000000248501,아누아 어성초 77 B3 징크 수딩 크림,중성,a6d80c5636d840b2dbb9a6ecee92d61e,0,0,0,0,1,0,0,8,0,0,2,5,5,0,2,0,0,1,0,0.0,0.0,0.0,0.0,0.0,0.0,0.0,0.0,1,1,0.9666666666666667,1,1,0.9,0,0.0,1,0.09999999999999998,0,0,2,0.0,0.0,0.0,0.0,0.0,0.0,0.0,0.0,0.0,0.0,0.0,0.0,0.0,0.0,0.0
A000000248587,톤28 해남404 새벽크림 센텔라 아시아티카 크림,건성,a664487f8b606d3601af5ee5e4ad7f0b,1,0,0,0,0,0,0,6,3,1,1,8,3,6,0,0,1,2,12,1.0,0.0,0.0,0.0,0.0,4.0,1.0,7.0,1,1,0.8085106382978724,1,0,0.6808510638297872,0,0.0,0,0.0,0,0,0,0.6417545631434803,0.0,0.0,0.0,0.0,0.0,0.0,0.0,0.0,0.0,0.0,0.0,0.6417545631434803,0.0,0.0
A000000248587,톤28 해남404 새벽크림 센텔라 아시아티카 크림,약건성,a664487f8b606d3601af5ee5e4ad7f0b,0,0,0,1,0,0,0,6,3,1,1,8,3,6,0,0,1,2,12,1.0,0.0,0.0,0.0,0.0,4.0,1.0,7.0,1,1,0.8085106382978724,1,0,0.6808510638297872,0,0.0,0,0.0,0,0,0,0.6417545631434803,0.0,0.0,0.0,0.0,0.0,0.0,0.0,0.0,0.0,0.0,0.0,0.6417545631434803,0.0,0.0
A000000248587,톤28 해남404 새벽크림 센텔라 아시아티카 크림,지성,a664487f8b606d3601af5ee5e4ad7f0b,0,0,0,0,0,1,0,6,3,1,1,8,3,6,0,0,1,2,12,1.0,0.0,0.0,0.0,0.0,4.0,1.0,7.0,1,1,0.8085106382978724,1,0,0.6808510638297872,0,0.0,0,0.0,0,0,0,0.0,0.0,0.0,0.0,0.0,0.0,0.8085106382978724,0.3741963188979862,0.13115644676245553,0.0,0.0,0.0,0.6468085106382979,0.0,0.0
A000000248587,톤28 해남404 새벽크림 센텔라 아시아티카 크림,복합성,a664487f8b606d3601af5ee5e4ad7f0b,0,0,1,0,0,0,0,6,3,1,1,8,3,6,0,0,1,2,12,1.0,0.0,0.0,0.0,0.0,4.0,1.0,7.0,1,1,0.8085106382978724,1,0,0.6808510638297872,0,0.0,0,0.0,0,0,0,0.0,0.0,0.0,0.0,0.0,0.0,0.0,0.0,0.0,0.0,0.0,0.0,0.0,0.0,0.0
A000000248587,톤28 해남404 새벽크림 센텔라 아시아티카 크림,민감성,a664487f8b606d3601af5ee5e4ad7f0b,0,1,0,0,0,0,0,6,3,1,1,8,3,6,0,0,1,2,12,1.0,0.0,0.0,0.0,0.0,4.0,1.0,7.0,1,1,0.8085106382978724,1,0,0.6808510638297872,0,0.0,0,0.0,0,0,0,0.0,0.0,0.7282730793448764,0.9975212478233336,0.0,0.9990881180344455,0.0,0.0,0.0,0.0,0.0,0.0,0.34957107808554067,1.0857543762525872,0.37954832784271064
A000000248587,톤28 해남404 새벽크림 센텔라 아시아티카 크림,트러블성,a664487f8b606d3601af5ee5e4ad7f0b,0,0,0,0,0,0,1,6,3,1,1,8,3,6,0,0,1,2,12,1.0,0.0,0.0,0.0,0.0,4.0,1.0,7.0,1,1,0.8085106382978724,1,0,0.6808510638297872,0,0.0,0,0.0,0,0,0,0.0,0.0,0.0,0.0,0.0,0.0,0.0,0.0,0.0,0.0,0.0,0.0,0.0,0.0,0.0
A000000248587,톤28 해남404 새벽크림 센텔라 아시아티카 크림,중성,a664487f8b606d3601af5ee5e4ad7f0b,0,0,0,0,1,0,0,6,3,1,1,8,3,6,0,0,1,2,12,1.0,0.0,0.0,0.0,0.0,4.0,1.0,7.0,1,1,0.8085106382978724,1,0,0.6808510638297872,0,0.0,0,0.0,0,0,0,0.0,0.0,0.0,0.0,0.0,0.0,0.0,0.0,0.0,0.0,0.0,0.0,0.0,0.0,0.0
A000000248826,메디큐브 PDRN 핑크 콜라겐 캡슐크림,건성,05fbc34584075f58465efb6f275ebf3e,1,0,0,0,0,0,0,16,6,2,3,0,9,0,0,1,4,7,2,0.0,0.0,0.0,0.0,1.0,2.0,0.0,0.0,1,1,0.9655172413793104,0,0,0.0,1,0.24137931034482762,0,0.0,0,0,0,0.8423766899814404,0.3333333333333333,0.0,0.0,0.0,0.0,0.0,0.0,0.0,0.0,0.0,0.0,1.0557100233147738,0.0,0.0
A000000248826,메디큐브 PDRN 핑크 콜라겐 캡슐크림,약건성,05fbc34584075f58465efb6f275ebf3e,0,0,0,1,0,0,0,16,6,2,3,0,9,0,0,1,4,7,2,0.0,0.0,0.0,0.0,1.0,2.0,0.0,0.0,1,1,0.9655172413793104,0,0,0.0,1,0.24137931034482762,0,0.0,0,0,0,0.8423766899814404,0.3333333333333333,0.0,0.0,0.0,0.0,0.0,0.0,0.0,0.0,0.0,0.0,1.0557100233147738,0.0,0.0
A000000248826,메디큐브 PDRN 핑크 콜라겐 캡슐크림,지성,05fbc34584075f58465efb6f275ebf3e,0,0,0,0,0,1,0,16,6,2,3,0,9,0,0,1,4,7,2,0.0,0.0,0.0,0.0,1.0,2.0,0.0,0.0,1,1,0.9655172413793104,0,0,0.0,1,0.24137931034482762,0,0.0,0,0,0,0.0,0.0,0.0,0.0,0.0,0.0,0.9655172413793104,0.25639747477898106,0.0,0.0,0.0,0.0,0.7724137931034484,0.0,0.0
A000000248826,메디큐브 PDRN 핑크 콜라겐 캡슐크림,복합성,05fbc34584075f58465efb6f275ebf3e,0,0,1,0,0,0,0,16,6,2,3,0,9,0,0,1,4,7,2,0.0,0.0,0.0,0.0,1.0,2.0,0.0,0.0,1,1,0.9655172413793104,0,0,0.0,1,0.24137931034482762,0,0.0,0,0,0,0.0,0.0,0.0,0.0,0.0,0.0,0.0,0.0,0.0,0.0,0.0,0.0,0.0,0.0,0.0
A000000248826,메디큐브 PDRN 핑크 콜라겐 캡슐크림,민감성,05fbc34584075f58465efb6f275ebf3e,0,1,0,0,0,0,0,16,6,2,3,0,9,0,0,1,4,7,2,0.0,0.0,0.0,0.0,1.0,2.0,0.0,0.0,1,1,0.9655172413793104,0,0,0.0,1,0.24137931034482762,0,0.0,0,0,0,0.0,0.0,0.0,0.0,0.0,0.0,0.0,0.0,0.0,0.0,0.0,0.0,0.0,0.0,0.0
A000000248826,메디큐브 PDRN 핑크 콜라겐 캡슐크림,트러블성,05fbc34584075f58465efb6f275ebf3e,0,0,0,0,0,0,1,16,6,2,3,0,9,0,0,1,4,7,2,0.0,0.0,0.0,0.0,1.0,2.0,0.0,0.0,1,1,0.9655172413793104,0,0,0.0,1,0.24137931034482762,0,0.0,0,0,0,0.0,0.0,0.0,0.0,0.0,0.0,0.0,0.0,0.0,1.0,0.0,0.0,0.7,0.0,0.0
A000000248826,메디큐브 PDRN 핑크 콜라겐 캡슐크림,중성,05fbc34584075f58465efb6f275ebf3e,0,0,0,0,1,0,0,16,6,2,3,0,9,0,0,1,4,7,2,0.0,0.0,0.0,0.0,1.0,2.0,0.0,0.0,1,1,0.9655172413793104,0,0,0.0,1,0.24137931034482762,0,0.0,0,0,0,0.0,0.0,0.0,0.0,0.0,0.0,0.0,0.0,0.0,0.0,0.0,0.0,0.0,0.0,0.0
A000000249211,리얼베리어 익스트림 크림,건성,be0da518d632ed61b2aa61755c58de5e,1,0,0,0,0,0,0,10,3,1,2,4,3,0,0,1,2,1,10,0.0,0.0,1.0,0.0,1.0,10.0,0.0,0.0,0,0,0.0,1,1,0.8695652173913043,0,0.0,0,0.0,0,1,0,0.6655198487406239,0.3333333333333333,0.0,0.0,0.0,0.0,0.0,0.0,0.0,0.0,0.0,0.0,0.8788531820739571,0.0,0.0
A000000249211,리얼베리어 익스트림 크림,약건성,be0da518d632ed61b2aa61755c58de5e,0,0,0,1,0,0,0,10,3,1,2,4,3,0,0,1,2,1,10,0.0,0.0,1.0,0.0,1.0,10.0,0.0,0.0,0,0,0.0,1,1,0.8695652173913043,0,0.0,0,0.0,0,1,0,0.6655198487406239,0.3333333333333333,0.0,0.0,0.0,0.0,0.0,0.0,0.0,0.0,0.0,0.0,0.8788531820739571,0.0,0.0
A000000249211,리얼베리어 익스트림 크림,지성,be0da518d632ed61b2aa61755c58de5e,0,0,0,0,0,1,0,10,3,1,2,4,3,0,0,1,2,1,10,0.0,0.0,1.0,0.0,1.0,10.0,0.0,0.0,0,0,0.0,1,1,0.8695652173913043,0,0.0,0,0.0,0,1,0,0.0,0.0,0.0,0.0,0.0,0.0,0.0,0.3466828483220703,0.13115644676245553,0.0,0.0,0.0,0.0,0.0,0.0
A000000249211,리얼베리어 익스트림 크림,복합성,be0da518d632ed61b2aa61755c58de5e,0,0,1,0,0,0,0,10,3,1,2,4,3,0,0,1,2,1,10,0.0,0.0,1.0,0.0,1.0,10.0,0.0,0.0,0,0,0.0,1,1,0.8695652173913043,0,0.0,0,0.0,0,1,0,0.0,0.0,0.0,0.0,0.0,0.0,0.0,0.0,0.0,0.0,0.0,0.0,0.0,0.0,0.0
A000000249211,리얼베리어 익스트림 크림,민감성,be0da518d632ed61b2aa61755c58de5e,0,1,0,0,0,0,0,10,3,1,2,4,3,0,0,1,2,1,10,0.0,0.0,1.0,0.0,1.0,10.0,0.0,0.0,0,0,0.0,1,1,0.8695652173913043,0,0.0,0,0.0,0,1,0,0.0,0.0,0.8176156913504861,0.0,0.0,0.0,0.0,0.0,0.0,0.0,0.0,0.0,0.3924555318482333,0.0,0.0
A000000249211,리얼베리어 익스트림 크림,트러블성,be0da518d632ed61b2aa61755c58de5e,0,0,0,0,0,0,1,10,3,1,2,4,3,0,0,1,2,1,10,0.0,0.0,1.0,0.0,1.0,10.0,0.0,0.0,0,0,0.0,1,1,0.8695652173913043,0,0.0,0,0.0,0,1,0,0.0,0.0,0.0,0.0,0.0,0.0,0.0,0.0,0.0,0.0,0.0,0.0,0.0,0.0,0.0
A000000249211,리얼베리어 익스트림 크림,중성,be0da518d632ed61b2aa61755c58de5e,0,0,0,0,1,0,0,10,3,1,2,4,3,0,0,1,2,1,10,0.0,0.0,1.0,0.0,1.0,10.0,0.0,0.0,0,0,0.0,1,1,0.8695652173913043,0,0.0,0,0.0,0,1,0,0.0,0.0,0.0,0.0,0.0,0.0,0.0,0.0,0.0,0.0,0.0,0.0,0.0,0.0,0.0
A000000249580,제로이드 핌프로브 레드 컨트롤 크림 pH4,건성,7de131b65587c0ca720e9462addaae1c,1,0,0,0,0,0,0,4,5,2,1,0,1,0,0,1,0,0,1,0.0,0.0,1.0,0.0,2.0,1.0,1.0,0.0,0,0,0.0,0,0,0.0,0,0.0,0,0.0,0,1,0,0.7531924364425228,0.3333333333333333,0.0,0.0,0.0,0.0,0.0,0.0,0.0,0.0,0.0,0.0,0.966525769775856,0.0,0.0
A000000249580,제로이드 핌프로브 레드 컨트롤 크림 pH4,약건성,7de131b65587c0ca720e9462addaae1c,0,0,0,1,0,0,0,4,5,2,1,0,1,0,0,1,0,0,1,0.0,0.0,1.0,0.0,2.0,1.0,1.0,0.0,0,0,0.0,0,0,0.0,0,0.0,0,0.0,0,1,0,0.7531924364425228,0.3333333333333333,0.0,0.0,0.0,0.0,0.0,0.0,0.0,0.0,0.0,0.0,0.966525769775856,0.0,0.0
A000000249580,제로이드 핌프로브 레드 컨트롤 크림 pH4,지성,7de131b65587c0ca720e9462addaae1c,0,0,0,0,0,1,0,4,5,2,1,0,1,0,0,1,0,0,1,0.0,0.0,1.0,0.0,2.0,1.0,1.0,0.0,0,0,0.0,0,0,0.0,0,0.0,0,0.0,0,1,0,0.0,0.0,0.0,0.0,0.0,0.0,0.0,0.4144276144861205,0.13115644676245553,0.0,0.0,0.0,0.0,0.0,0.0
A000000249580,제로이드 핌프로브 레드 컨트롤 크림 pH4,복합성,7de131b65587c0ca720e9462addaae1c,0,0,1,0,0,0,0,4,5,2,1,0,1,0,0,1,0,0,1,0.0,0.0,1.0,0.0,2.0,1.0,1.0,0.0,0,0,0.0,0,0,0.0,0,0.0,0,0.0,0,1,0,0.0,0.0,0.0,0.0,0.0,0.0,0.0,0.0,0.0,0.0,0.0,0.0,0.0,0.0,0.0
A000000249580,제로이드 핌프로브 레드 컨트롤 크림 pH4,민감성,7de131b65587c0ca720e9462addaae1c,0,1,0,0,0,0,0,4,5,2,1,0,1,0,0,1,0,0,1,0.0,0.0,1.0,0.0,2.0,1.0,1.0,0.0,0,0,0.0,0,0,0.0,0,0.0,0,0.0,0,1,0,0.0,0.0,0.0,0.0,0.0,0.0,0.0,0.0,0.0,0.0,0.0,0.0,0.0,0.0,0.0
A000000249580,제로이드 핌프로브 레드 컨트롤 크림 pH4,트러블성,7de131b65587c0ca720e9462addaae1c,0,0,0,0,0,0,1,4,5,2,1,0,1,0,0,1,0,0,1,0.0,0.0,1.0,0.0,2.0,1.0,1.0,0.0,0,0,0.0,0,0,0.0,0,0.0,0,0.0,0,1,0,0.0,0.0,0.0,0.0,0.0,0.0,0.0,0.0,0.0,0.0,0.0,0.0,0.0,0.0,0.0
A000000249580,제로이드 핌프로브 레드 컨트롤 크림 pH4,중성,7de131b65587c0ca720e9462addaae1c,0,0,0,0,1,0,0,4,5,2,1,0,1,0,0,1,0,0,1,0.0,0.0,1.0,0.0,2.0,1.0,1.0,0.0,0,0,0.0,0,0,0.0,0,0.0,0,0.0,0,1,0,0.0,0.0,0.0,0.0,0.0,0.0,0.0,0.0,0.0,0.0,0.0,0.0,0.0,0.0,0.0
A000000249659,동국제약 마데카셀 베리어 엠디 크림,건성,f91abd364fec54cec130184f5becda3f,1,0,0,0,0,0,0,4,2,1,2,1,1,0,0,1,0,0,0,0.0,0.0,1.0,0.0,1.0,0.0,0.0,0.0,0,0,0.0,0,0,0.0,0,0.0,0,0.0,0,1,0,0.5679046526399114,0.3333333333333333,0.0,0.0,0.0,0.0,0.0,0.0,0.0,0.0,0.0,0.0,0.7812379859732448,0.0,0.0
A000000249659,동국제약 마데카셀 베리어 엠디 크림,약건성,f91abd364fec54cec130184f5becda3f,0,0,0,1,0,0,0,4,2,1,2,1,1,0,0,1,0,0,0,0.0,0.0,1.0,0.0,1.0,0.0,0.0,0.0,0,0,0.0,0,0,0.0,0,0.0,0,0.0,0,1,0,0.5679046526399114,0.3333333333333333,0.0,0.0,0.0,0.0,0.0,0.0,0.0,0.0,0.0,0.0,0.7812379859732448,0.0,0.0
A000000249659,동국제약 마데카셀 베리어 엠디 크림,지성,f91abd364fec54cec130184f5becda3f,0,0,0,0,0,1,0,4,2,1,2,1,1,0,0,1,0,0,0,0.0,0.0,1.0,0.0,1.0,0.0,0.0,0.0,0,0,0.0,0,0,0.0,0,0.0,0,0.0,0,1,0,0.0,0.0,0.0,0.0,0.0,0.0,0.0,0.09836733507184164,0.13115644676245553,0.0,0.0,0.0,0.0,0.0,0.0
A000000249659,동국제약 마데카셀 베리어 엠디 크림,복합성,f91abd364fec54cec130184f5becda3f,0,0,1,0,0,0,0,4,2,1,2,1,1,0,0,1,0,0,0,0.0,0.0,1.0,0.0,1.0,0.0,0.0,0.0,0,0,0.0,0,0,0.0,0,0.0,0,0.0,0,1,0,0.0,0.0,0.0,0.0,0.0,0.0,0.0,0.0,0.0,0.0,0.0,0.0,0.0,0.0,0.0
A000000249659,동국제약 마데카셀 베리어 엠디 크림,민감성,f91abd364fec54cec130184f5becda3f,0,1,0,0,0,0,0,4,2,1,2,1,1,0,0,1,0,0,0,0.0,0.0,1.0,0.0,1.0,0.0,0.0,0.0,0,0,0.0,0,0,0.0,0,0.0,0,0.0,0,1,0,0.0,0.0,0.0,0.0,0.0,0.0,0.0,0.0,0.0,0.0,0.0,0.0,0.0,0.0,0.0
A000000249659,동국제약 마데카셀 베리어 엠디 크림,트러블성,f91abd364fec54cec130184f5becda3f,0,0,0,0,0,0,1,4,2,1,2,1,1,0,0,1,0,0,0,0.0,0.0,1.0,0.0,1.0,0.0,0.0,0.0,0,0,0.0,0,0,0.0,0,0.0,0,0.0,0,1,0,0.0,0.0,0.0,0.0,0.0,0.0,0.0,0.0,0.0,0.0,0.0,0.0,0.0,0.0,0.0
A000000249659,동국제약 마데카셀 베리어 엠디 크림,중성,f91abd364fec54cec130184f5becda3f,0,0,0,0,1,0,0,4,2,1,2,1,1,0,0,1,0,0,0,0.0,0.0,1.0,0.0,1.0,0.0,0.0,0.0,0,0,0.0,0,0,0.0,0,0.0,0,0.0,0,1,0,0.0,0.0,0.0,0.0,0.0,0.0,0.0,0.0,0.0,0.0,0.0,0.0,0.0,0.0,0.0
A000000249736,동국제약 멜라-셋 기미 토닝 크림,건성,ef86e0a5d6511be16909cd87ca691572,1,0,0,0,0,0,0,7,5,4,5,5,7,0,0,3,0,4,0,2.0,1.0,2.0,0.0,1.0,0.0,0.0,0.0,1,0,0.39622641509433965,1,0,0.5283018867924528,0,0.0,0,0.0,0,0,0,0.894919172561357,0.0,0.0,0.0,0.0,0.0,0.0,0.0,0.0,0.0,0.0,0.0,0.894919172561357,0.0,0.0
A000000249736,동국제약 멜라-셋 기미 토닝 크림,약건성,ef86e0a5d6511be16909cd87ca691572,0,0,0,1,0,0,0,7,5,4,5,5,7,0,0,3,0,4,0,2.0,1.0,2.0,0.0,1.0,0.0,0.0,0.0,1,0,0.39622641509433965,1,0,0.5283018867924528,0,0.0,0,0.0,0,0,0,0.894919172561357,0.0,0.0,0.0,0.0,0.0,0.0,0.0,0.0,0.0,0.0,0.0,0.894919172561357,0.0,0.0
A000000249736,동국제약 멜라-셋 기미 토닝 크림,지성,ef86e0a5d6511be16909cd87ca691572,0,0,0,0,0,1,0,7,5,4,5,5,7,0,0,3,0,4,0,2.0,1.0,2.0,0.0,1.0,0.0,0.0,0.0,1,0,0.39622641509433965,1,0,0.5283018867924528,0,0.0,0,0.0,0,0,0,0.0,0.0,0.0,0.0,0.0,0.0,0.39622641509433965,0.09836733507184164,0.6321205588285577,0.0,0.0,0.0,0.31698113207547174,0.0,0.0
A000000249736,동국제약 멜라-셋 기미 토닝 크림,복합성,ef86e0a5d6511be16909cd87ca691572,0,0,1,0,0,0,0,7,5,4,5,5,7,0,0,3,0,4,0,2.0,1.0,2.0,0.0,1.0,0.0,0.0,0.0,1,0,0.39622641509433965,1,0,0.5283018867924528,0,0.0,0,0.0,0,0,0,0.0,0.0,0.0,0.0,0.0,0.0,0.0,0.0,0.0,0.0,0.0,0.0,0.0,0.0,0.0
A000000249736,동국제약 멜라-셋 기미 토닝 크림,민감성,ef86e0a5d6511be16909cd87ca691572,0,1,0,0,0,0,0,7,5,4,5,5,7,0,0,3,0,4,0,2.0,1.0,2.0,0.0,1.0,0.0,0.0,0.0,1,0,0.39622641509433965,1,0,0.5283018867924528,0,0.0,0,0.0,0,0,0,0.0,0.0,0.9444993100863363,0.0,0.0,0.0,0.0,0.0,0.0,0.0,0.0,0.0,0.4533596688414414,0.0,0.0
A000000249736,동국제약 멜라-셋 기미 토닝 크림,트러블성,ef86e0a5d6511be16909cd87ca691572,0,0,0,0,0,0,1,7,5,4,5,5,7,0,0,3,0,4,0,2.0,1.0,2.0,0.0,1.0,0.0,0.0,0.0,1,0,0.39622641509433965,1,0,0.5283018867924528,0,0.0,0,0.0,0,0,0,0.0,0.0,0.0,0.0,0.0,0.0,0.0,0.0,0.0,0.0,0.0,0.0,0.0,0.0,0.0
A000000249736,동국제약 멜라-셋 기미 토닝 크림,중성,ef86e0a5d6511be16909cd87ca691572,0,0,0,0,1,0,0,7,5,4,5,5,7,0,0,3,0,4,0,2.0,1.0,2.0,0.0,1.0,0.0,0.0,0.0,1,0,0.39622641509433965,1,0,0.5283018867924528,0,0.0,0,0.0,0,0,0,0.0,0.0,0.0,0.0,0.0,0.0,0.0,0.0,0.0,0.0,0.0,0.0,0.0,0.0,0.0
A000000250103,이지듀 EGFx 다운타임 크림,건성,72590800784124e2b322efb8c7fe9ca3,1,0,0,0,0,0,0,9,6,4,8,4,7,0,0,1,1,1,7,1.0,0.0,1.0,0.0,1.0,6.0,2.0,0.0,1,1,0.8676470588235294,1,0,0.5294117647058824,1,0.2647058823529411,0,0.0,1,1,0,0.9207955325866957,1.0,0.0,0.0,0.0,0.0,0.0,0.0,0.0,0.0,0.0,0.0,1.5607955325866958,0.0,0.0
A000000250103,이지듀 EGFx 다운타임 크림,약건성,72590800784124e2b322efb8c7fe9ca3,0,0,0,1,0,0,0,9,6,4,8,4,7,0,0,1,1,1,7,1.0,0.0,1.0,0.0,1.0,6.0,2.0,0.0,1,1,0.8676470588235294,1,0,0.5294117647058824,1,0.2647058823529411,0,0.0,1,1,0,0.9207955325866957,1.0,0.0,0.0,0.0,0.0,0.0,0.0,0.0,0.0,0.0,0.0,1.5607955325866958,0.0,0.0
A000000250103,이지듀 EGFx 다운타임 크림,지성,72590800784124e2b322efb8c7fe9ca3,0,0,0,0,0,1,0,9,6,4,8,4,7,0,0,1,1,1,7,1.0,0.0,1.0,0.0,1.0,6.0,2.0,0.0,1,1,0.8676470588235294,1,0,0.5294117647058824,1,0.2647058823529411,0,0.0,1,1,0,0.0,0.0,0.0,0.0,0.0,0.0,0.8676470588235294,0.5520867471707225,0.26231289352491105,0.0,0.0,0.0,0.6941176470588236,0.0,0.0
A000000250103,이지듀 EGFx 다운타임 크림,복합성,72590800784124e2b322efb8c7fe9ca3,0,0,1,0,0,0,0,9,6,4,8,4,7,0,0,1,1,1,7,1.0,0.0,1.0,0.0,1.0,6.0,2.0,0.0,1,1,0.8676470588235294,1,0,0.5294117647058824,1,0.2647058823529411,0,0.0,1,1,0,0.0,0.0,0.0,0.0,0.0,0.0,0.0,0.0,0.0,0.0,0.0,0.0,0.0,0.0,0.0
A000000250103,이지듀 EGFx 다운타임 크림,민감성,72590800784124e2b322efb8c7fe9ca3,0,1,0,0,0,0,0,9,6,4,8,4,7,0,0,1,1,1,7,1.0,0.0,1.0,0.0,1.0,6.0,2.0,0.0,1,1,0.8676470588235294,1,0,0.5294117647058824,1,0.2647058823529411,0,0.0,1,1,0,0.0,0.0,0.9468326018305236,0.0,0.0,0.0,0.0,0.0,0.0,0.0,0.0,0.0,0.45447964887865133,0.0,0.0
A000000250103,이지듀 EGFx 다운타임 크림,트러블성,72590800784124e2b322efb8c7fe9ca3,0,0,0,0,0,0,1,9,6,4,8,4,7,0,0,1,1,1,7,1.0,0.0,1.0,0.0,1.0,6.0,2.0,0.0,1,1,0.8676470588235294,1,0,0.5294117647058824,1,0.2647058823529411,0,0.0,1,1,0,0.0,0.0,0.0,0.0,0.0,0.0,0.0,0.0,0.0,1.0,0.0,0.0,0.7,0.0,0.0
A000000250103,이지듀 EGFx 다운타임 크림,중성,72590800784124e2b322efb8c7fe9ca3,0,0,0,0,1,0,0,9,6,4,8,4,7,0,0,1,1,1,7,1.0,0.0,1.0,0.0,1.0,6.0,2.0,0.0,1,1,0.8676470588235294,1,0,0.5294117647058824,1,0.2647058823529411,0,0.0,1,1,0,0.0,0.0,0.0,0.0,0.0,0.0,0.0,0.0,0.0,0.0,0.0,0.0,0.0,0.0,0.0
A000000250106,이지듀 EGFx 다운타임 오인트 겔,건성,f246cc5c47efd9072b310a82a8b1b977,1,0,0,0,0,0,0,10,4,3,6,1,6,0,0,3,1,2,0,1.0,0.0,3.0,0.0,1.0,0.0,0.0,0.0,1,1,0.8771929824561404,1,0,0.7543859649122807,1,0.14035087719298245,0,0.0,1,1,0,0.8652467155861164,1.0,0.0,0.0,0.0,0.0,0.0,0.0,0.0,0.0,0.0,0.0,1.5052467155861164,0.0,0.0
A000000250106,이지듀 EGFx 다운타임 오인트 겔,약건성,f246cc5c47efd9072b310a82a8b1b977,0,0,0,1,0,0,0,10,4,3,6,1,6,0,0,3,1,2,0,1.0,0.0,3.0,0.0,1.0,0.0,0.0,0.0,1,1,0.8771929824561404,1,0,0.7543859649122807,1,0.14035087719298245,0,0.0,1,1,0,0.8652467155861164,1.0,0.0,0.0,0.0,0.0,0.0,0.0,0.0,0.0,0.0,0.0,1.5052467155861164,0.0,0.0
A000000250106,이지듀 EGFx 다운타임 오인트 겔,지성,f246cc5c47efd9072b310a82a8b1b977,0,0,0,0,0,1,0,10,4,3,6,1,6,0,0,3,1,2,0,1.0,0.0,3.0,0.0,1.0,0.0,0.0,0.0,1,1,0.8771929824561404,1,0,0.7543859649122807,1,0.14035087719298245,0,0.0,1,1,0,0.0,0.0,0.0,0.0,0.0,0.0,0.8771929824561404,0.09836733507184164,0.3901130600463123,0.0,0.0,0.0,0.7017543859649124,0.0,0.0
A000000250106,이지듀 EGFx 다운타임 오인트 겔,복합성,f246cc5c47efd9072b310a82a8b1b977,0,0,1,0,0,0,0,10,4,3,6,1,6,0,0,3,1,2,0,1.0,0.0,3.0,0.0,1.0,0.0,0.0,0.0,1,1,0.8771929824561404,1,0,0.7543859649122807,1,0.14035087719298245,0,0.0,1,1,0,0.0,0.0,0.0,0.0,0.0,0.0,0.0,0.0,0.0,0.0,0.0,0.0,0.0,0.0,0.0
A000000250106,이지듀 EGFx 다운타임 오인트 겔,민감성,f246cc5c47efd9072b310a82a8b1b977,0,1,0,0,0,0,0,10,4,3,6,1,6,0,0,3,1,2,0,1.0,0.0,3.0,0.0,1.0,0.0,0.0,0.0,1,1,0.8771929824561404,1,0,0.7543859649122807,1,0.14035087719298245,0,0.0,1,1,0,0.0,0.0,0.7204059280833964,0.0,0.0,0.0,0.0,0.0,0.0,0.0,0.0,0.0,0.34579484548003026,0.0,0.0
A000000250106,이지듀 EGFx 다운타임 오인트 겔,트러블성,f246cc5c47efd9072b310a82a8b1b977,0,0,0,0,0,0,1,10,4,3,6,1,6,0,0,3,1,2,0,1.0,0.0,3.0,0.0,1.0,0.0,0.0,0.0,1,1,0.8771929824561404,1,0,0.7543859649122807,1,0.14035087719298245,0,0.0,1,1,0,0.0,0.0,0.0,0.0,0.0,0.0,0.0,0.0,0.0,1.0,0.0,0.0,0.7,0.0,0.0
A000000250106,이지듀 EGFx 다운타임 오인트 겔,중성,f246cc5c47efd9072b310a82a8b1b977,0,0,0,0,1,0,0,10,4,3,6,1,6,0,0,3,1,2,0,1.0,0.0,3.0,0.0,1.0,0.0,0.0,0.0,1,1,0.8771929824561404,1,0,0.7543859649122807,1,0.14035087719298245,0,0.0,1,1,0,0.0,0.0,0.0,0.0,0.0,0.0,0.0,0.0,0.0,0.0,0.0,0.0,0.0,0.0,0.0
A000000250188,가히 멀티밤,건성,7d007f82f4a92d13876211ac02702903,1,0,0,0,0,0,0,3,2,6,2,1,4,5,0,0,0,13,7,0.0,0.0,0.0,1.0,0.0,6.0,4.0,0.0,0,0,0.0,0,0,0.0,0,0.0,0,0.0,0,1,0,0.7241139636899523,0.3333333333333333,0.0,0.0,0.0,0.0,0.0,0.0,0.0,0.0,0.0,0.0,0.9374472970232857,0.0,0.0
A000000250188,가히 멀티밤,약건성,7d007f82f4a92d13876211ac02702903,0,0,0,1,0,0,0,3,2,6,2,1,4,5,0,0,0,13,7,0.0,0.0,0.0,1.0,0.0,6.0,4.0,0.0,0,0,0.0,0,0,0.0,0,0.0,0,0.0,0,1,0,0.7241139636899523,0.3333333333333333,0.0,0.0,0.0,0.0,0.0,0.0,0.0,0.0,0.0,0.0,0.9374472970232857,0.0,0.0
A000000250188,가히 멀티밤,지성,7d007f82f4a92d13876211ac02702903,0,0,0,0,0,1,0,3,2,6,2,1,4,5,0,0,0,13,7,0.0,0.0,0.0,1.0,0.0,6.0,4.0,0.0,0,0,0.0,0,0,0.0,0,0.0,0,0.0,0,1,0,0.0,0.0,0.0,0.0,0.0,0.0,0.0,0.6410044628929898,0.0,0.0,0.0,0.0,0.0,0.0,0.0
A000000250188,가히 멀티밤,복합성,7d007f82f4a92d13876211ac02702903,0,0,1,0,0,0,0,3,2,6,2,1,4,5,0,0,0,13,7,0.0,0.0,0.0,1.0,0.0,6.0,4.0,0.0,0,0,0.0,0,0,0.0,0,0.0,0,0.0,0,1,0,0.0,0.0,0.0,0.0,0.0,0.0,0.0,0.0,0.0,0.0,0.0,0.0,0.0,0.0,0.0
A000000250188,가히 멀티밤,민감성,7d007f82f4a92d13876211ac02702903,0,1,0,0,0,0,0,3,2,6,2,1,4,5,0,0,0,13,7,0.0,0.0,0.0,1.0,0.0,6.0,4.0,0.0,0,0,0.0,0,0,0.0,0,0.0,0,0.0,0,1,0,0.0,0.0,0.0,0.9932620530009145,0.0,0.0,0.0,0.0,0.0,0.0,0.0,0.0,0.0,0.7946096424007316,0.0
A000000250188,가히 멀티밤,트러블성,7d007f82f4a92d13876211ac02702903,0,0,0,0,0,0,1,3,2,6,2,1,4,5,0,0,0,13,7,0.0,0.0,0.0,1.0,0.0,6.0,4.0,0.0,0,0,0.0,0,0,0.0,0,0.0,0,0.0,0,1,0,0.0,0.0,0.0,0.0,0.0,0.0,0.0,0.0,0.0,0.0,0.0,0.0,0.0,0.0,0.0
A000000250188,가히 멀티밤,중성,7d007f82f4a92d13876211ac02702903,0,0,0,0,1,0,0,3,2,6,2,1,4,5,0,0,0,13,7,0.0,0.0,0.0,1.0,0.0,6.0,4.0,0.0,0,0,0.0,0,0,0.0,0,0.0,0,0.0,0,1,0,0.0,0.0,0.0,0.0,0.0,0.0,0.0,0.0,0.0,0.0,0.0,0.0,0.0,0.0,0.0
A000000250254,아이소이 모이스춰 닥터 장수진 수분크림,건성,53119c2970ca261e1b16fc1a68d94f51,1,0,0,0,0,0,0,11,2,0,4,3,0,1,0,0,0,12,2,1.0,0.0,0.0,0.0,0.0,1.0,0.0,1.0,0,0,0.0,1,0,0.6,1,0.5428571428571429,0,0.0,0,0,0,0.0,0.3333333333333333,0.0,0.0,0.0,0.0,0.0,0.0,0.0,0.0,0.0,0.0,0.21333333333333332,0.0,0.0
A000000250254,아이소이 모이스춰 닥터 장수진 수분크림,약건성,53119c2970ca261e1b16fc1a68d94f51,0,0,0,1,0,0,0,11,2,0,4,3,0,1,0,0,0,12,2,1.0,0.0,0.0,0.0,0.0,1.0,0.0,1.0,0,0,0.0,1,0,0.6,1,0.5428571428571429,0,0.0,0,0,0,0.0,0.3333333333333333,0.0,0.0,0.0,0.0,0.0,0.0,0.0,0.0,0.0,0.0,0.21333333333333332,0.0,0.0
A000000250254,아이소이 모이스춰 닥터 장수진 수분크림,지성,53119c2970ca261e1b16fc1a68d94f51,0,0,0,0,0,1,0,11,2,0,4,3,0,1,0,0,0,12,2,1.0,0.0,0.0,0.0,0.0,1.0,0.0,1.0,0,0,0.0,1,0,0.6,1,0.5428571428571429,0,0.0,0,0,0,0.0,0.0,0.0,0.0,0.0,0.0,0.0,0.09836733507184164,0.13115644676245553,0.0,0.0,0.0,0.0,0.0,0.0
A000000250254,아이소이 모이스춰 닥터 장수진 수분크림,복합성,53119c2970ca261e1b16fc1a68d94f51,0,0,1,0,0,0,0,11,2,0,4,3,0,1,0,0,0,12,2,1.0,0.0,0.0,0.0,0.0,1.0,0.0,1.0,0,0,0.0,1,0,0.6,1,0.5428571428571429,0,0.0,0,0,0,0.0,0.0,0.0,0.0,0.0,0.0,0.0,0.0,0.0,0.0,0.0,0.0,0.0,0.0,0.0
A000000250254,아이소이 모이스춰 닥터 장수진 수분크림,민감성,53119c2970ca261e1b16fc1a68d94f51,0,1,0,0,0,0,0,11,2,0,4,3,0,1,0,0,0,12,2,1.0,0.0,0.0,0.0,0.0,1.0,0.0,1.0,0,0,0.0,1,0,0.6,1,0.5428571428571429,0,0.0,0,0,0,0.0,0.0,0.875787346839594,0.6321205588285577,0.0,0.6321205588285577,0.0,0.0,0.0,0.0,0.0,0.0,0.4203779264830051,0.6877471680054708,0.2891137284306987
A000000250254,아이소이 모이스춰 닥터 장수진 수분크림,트러블성,53119c2970ca261e1b16fc1a68d94f51,0,0,0,0,0,0,1,11,2,0,4,3,0,1,0,0,0,12,2,1.0,0.0,0.0,0.0,0.0,1.0,0.0,1.0,0,0,0.0,1,0,0.6,1,0.5428571428571429,0,0.0,0,0,0,0.0,0.0,0.0,0.0,0.0,0.0,0.0,0.0,0.0,0.0,0.0,0.0,0.0,0.0,0.0
A000000250254,아이소이 모이스춰 닥터 장수진 수분크림,중성,53119c2970ca261e1b16fc1a68d94f51,0,0,0,0,1,0,0,11,2,0,4,3,0,1,0,0,0,12,2,1.0,0.0,0.0,0.0,0.0,1.0,0.0,1.0,0,0,0.0,1,0,0.6,1,0.5428571428571429,0,0.0,0,0,0,0.0,0.0,0.0,0.0,0.0,0.0,0.0,0.0,0.0,0.0,0.0,0.0,0.0,0.0,0.0
A000000250472,에스트라 에이시카365 리페어 크림 pH4.5,건성,40ffad983a3deecd1c587d13d91a4146,1,0,0,0,0,0,0,5,1,2,2,5,4,0,1,2,1,0,0,0.0,0.0,2.0,0.0,1.0,0.0,0.0,0.0,1,1,0.8857142857142857,1,0,0.6857142857142857,0,0.0,0,0.0,0,0,1,0.5864974015094526,0.0,0.0,0.0,0.0,0.0,0.0,0.0,0.0,0.0,0.0,0.0,0.5864974015094526,0.0,0.0
A000000250472,에스트라 에이시카365 리페어 크림 pH4.5,약건성,40ffad983a3deecd1c587d13d91a4146,0,0,0,1,0,0,0,5,1,2,2,5,4,0,1,2,1,0,0,0.0,0.0,2.0,0.0,1.0,0.0,0.0,0.0,1,1,0.8857142857142857,1,0,0.6857142857142857,0,0.0,0,0.0,0,0,1,0.5864974015094526,0.0,0.0,0.0,0.0,0.0,0.0,0.0,0.0,0.0,0.0,0.0,0.5864974015094526,0.0,0.0
A000000250472,에스트라 에이시카365 리페어 크림 pH4.5,지성,40ffad983a3deecd1c587d13d91a4146,0,0,0,0,0,1,0,5,1,2,2,5,4,0,1,2,1,0,0,0.0,0.0,2.0,0.0,1.0,0.0,0.0,0.0,1,1,0.8857142857142857,1,0,0.6857142857142857,0,0.0,0,0.0,0,0,1,0.0,0.0,0.0,0.0,0.0,0.0,0.8857142857142857,0.09836733507184164,0.21070685294285255,0.0,0.0,0.0,0.7085714285714286,0.0,0.0
A000000250472,에스트라 에이시카365 리페어 크림 pH4.5,복합성,40ffad983a3deecd1c587d13d91a4146,0,0,1,0,0,0,0,5,1,2,2,5,4,0,1,2,1,0,0,0.0,0.0,2.0,0.0,1.0,0.0,0.0,0.0,1,1,0.8857142857142857,1,0,0.6857142857142857,0,0.0,0,0.0,0,0,1,0.0,0.0,0.0,0.0,0.0,0.0,0.0,0.0,0.0,0.0,0.0,0.0,0.0,0.0,0.0
A000000250472,에스트라 에이시카365 리페어 크림 pH4.5,민감성,40ffad983a3deecd1c587d13d91a4146,0,1,0,0,0,0,0,5,1,2,2,5,4,0,1,2,1,0,0,0.0,0.0,2.0,0.0,1.0,0.0,0.0,0.0,1,1,0.8857142857142857,1,0,0.6857142857142857,0,0.0,0,0.0,0,0,1,0.0,0.0,0.8340667228748998,0.0,0.6321205588285577,0.0,0.0,0.0,0.0,0.0,0.0,0.23254415793482963,0.40035202697995187,0.3296988419421598,0.13199559966448646
A000000250472,에스트라 에이시카365 리페어 크림 pH4.5,트러블성,40ffad983a3deecd1c587d13d91a4146,0,0,0,0,0,0,1,5,1,2,2,5,4,0,1,2,1,0,0,0.0,0.0,2.0,0.0,1.0,0.0,0.0,0.0,1,1,0.8857142857142857,1,0,0.6857142857142857,0,0.0,0,0.0,0,0,1,0.0,0.0,0.0,0.0,0.0,0.0,0.0,0.0,0.0,0.0,0.0,0.23254415793482963,0.0,0.04650883158696593,0.0
A000000250472,에스트라 에이시카365 리페어 크림 pH4.5,중성,40ffad983a3deecd1c587d13d91a4146,0,0,0,0,1,0,0,5,1,2,2,5,4,0,1,2,1,0,0,0.0,0.0,2.0,0.0,1.0,0.0,0.0,0.0,1,1,0.8857142857142857,1,0,0.6857142857142857,0,0.0,0,0.0,0,0,1,0.0,0.0,0.0,0.0,0.0,0.0,0.0,0.0,0.0,0.0,0.0,0.0,0.0,0.0,0.0
A000000250781,더마픽스 리얼콜라겐 텐션업 앰플크림,건성,2a6b9502ade1d4f2ca77494878823720,1,0,0,0,0,0,0,8,0,0,3,2,2,5,0,0,1,1,1,0.0,0.0,0.0,0.0,0.0,1.0,0.0,0.0,0,0,0.0,1,0,0.782608695652174,0,0.0,0,0.0,0,1,0,0.0,0.3333333333333333,0.0,0.0,0.0,0.0,0.0,0.0,0.0,0.0,0.0,0.0,0.21333333333333332,0.0,0.0
A000000250781,더마픽스 리얼콜라겐 텐션업 앰플크림,약건성,2a6b9502ade1d4f2ca77494878823720,0,0,0,1,0,0,0,8,0,0,3,2,2,5,0,0,1,1,1,0.0,0.0,0.0,0.0,0.0,1.0,0.0,0.0,0,0,0.0,1,0,0.782608695652174,0,0.0,0,0.0,0,1,0,0.0,0.3333333333333333,0.0,0.0,0.0,0.0,0.0,0.0,0.0,0.0,0.0,0.0,0.21333333333333332,0.0,0.0
A000000250781,더마픽스 리얼콜라겐 텐션업 앰플크림,지성,2a6b9502ade1d4f2ca77494878823720,0,0,0,0,0,1,0,8,0,0,3,2,2,5,0,0,1,1,1,0.0,0.0,0.0,0.0,0.0,1.0,0.0,0.0,0,0,0.0,1,0,0.782608695652174,0,0.0,0,0.0,0,1,0,0.0,0.0,0.0,0.0,0.0,0.0,0.0,0.09836733507184164,0.0,0.0,0.0,0.0,0.0,0.0,0.0
A000000250781,더마픽스 리얼콜라겐 텐션업 앰플크림,복합성,2a6b9502ade1d4f2ca77494878823720,0,0,1,0,0,0,0,8,0,0,3,2,2,5,0,0,1,1,1,0.0,0.0,0.0,0.0,0.0,1.0,0.0,0.0,0,0,0.0,1,0,0.782608695652174,0,0.0,0,0.0,0,1,0,0.0,0.0,0.0,0.0,0.0,0.0,0.0,0.0,0.0,0.0,0.0,0.0,0.0,0.0,0.0
A000000250781,더마픽스 리얼콜라겐 텐션업 앰플크림,민감성,2a6b9502ade1d4f2ca77494878823720,0,1,0,0,0,0,0,8,0,0,3,2,2,5,0,0,1,1,1,0.0,0.0,0.0,0.0,0.0,1.0,0.0,0.0,0,0,0.0,1,0,0.782608695652174,0,0.0,0,0.0,0,1,0,0.0,0.0,0.7889498396298451,0.9932620530009145,0.0,0.0,0.0,0.0,0.0,0.0,0.0,0.0,0.37869592302232563,0.7946096424007316,0.30091543197138515
A000000250781,더마픽스 리얼콜라겐 텐션업 앰플크림,트러블성,2a6b9502ade1d4f2ca77494878823720,0,0,0,0,0,0,1,8,0,0,3,2,2,5,0,0,1,1,1,0.0,0.0,0.0,0.0,0.0,1.0,0.0,0.0,0,0,0.0,1,0,0.782608695652174,0,0.0,0,0.0,0,1,0,0.0,0.0,0.0,0.0,0.0,0.0,0.0,0.0,0.0,0.0,0.0,0.0,0.0,0.0,0.0
A000000250781,더마픽스 리얼콜라겐 텐션업 앰플크림,중성,2a6b9502ade1d4f2ca77494878823720,0,0,0,0,1,0,0,8,0,0,3,2,2,5,0,0,1,1,1,0.0,0.0,0.0,0.0,0.0,1.0,0.0,0.0,0,0,0.0,1,0,0.782608695652174,0,0.0,0,0.0,0,1,0,0.0,0.0,0.0,0.0,0.0,0.0,0.0,0.0,0.0,0.0,0.0,0.0,0.0,0.0,0.0
A000000251274,아벤느 시칼파트 플러스 S.O.S 크림,건성,68591b1b3cc34d35742803d57ec9f797,1,0,0,0,0,0,0,2,1,3,0,0,0,0,0,0,0,0,2,0.0,0.0,0.0,1.0,0.0,2.0,2.0,0.0,0,0,0.0,0,0,0.0,0,0.0,0,0.0,0,0,0,0.5298325815428024,0.0,0.0,0.0,0.0,0.0,0.0,0.0,0.0,0.0,0.0,0.0,0.5298325815428024,0.0,0.0
A000000251274,아벤느 시칼파트 플러스 S.O.S 크림,약건성,68591b1b3cc34d35742803d57ec9f797,0,0,0,1,0,0,0,2,1,3,0,0,0,0,0,0,0,0,2,0.0,0.0,0.0,1.0,0.0,2.0,2.0,0.0,0,0,0.0,0,0,0.0,0,0.0,0,0.0,0,0,0,0.5298325815428024,0.0,0.0,0.0,0.0,0.0,0.0,0.0,0.0,0.0,0.0,0.0,0.5298325815428024,0.0,0.0
A000000251274,아벤느 시칼파트 플러스 S.O.S 크림,지성,68591b1b3cc34d35742803d57ec9f797,0,0,0,0,0,1,0,2,1,3,0,0,0,0,0,0,0,0,2,0.0,0.0,0.0,1.0,0.0,2.0,2.0,0.0,0,0,0.0,0,0,0.0,0,0.0,0,0.0,0,0,0,0.0,0.0,0.0,0.0,0.0,0.0,0.0,0.5322264586051256,0.0,0.0,0.0,0.0,0.0,0.0,0.0
A000000251274,아벤느 시칼파트 플러스 S.O.S 크림,복합성,68591b1b3cc34d35742803d57ec9f797,0,0,1,0,0,0,0,2,1,3,0,0,0,0,0,0,0,0,2,0.0,0.0,0.0,1.0,0.0,2.0,2.0,0.0,0,0,0.0,0,0,0.0,0,0.0,0,0.0,0,0,0,0.0,0.0,0.0,0.0,0.0,0.0,0.0,0.0,0.0,0.0,0.0,0.0,0.0,0.0,0.0
A000000251274,아벤느 시칼파트 플러스 S.O.S 크림,민감성,68591b1b3cc34d35742803d57ec9f797,0,1,0,0,0,0,0,2,1,3,0,0,0,0,0,0,0,0,2,0.0,0.0,0.0,1.0,0.0,2.0,2.0,0.0,0,0,0.0,0,0,0.0,0,0.0,0,0.0,0,0,0,0.0,0.0,0.0,0.0,0.0,0.0,0.0,0.0,0.0,0.0,0.0,0.0,0.0,0.0,0.0
A000000251274,아벤느 시칼파트 플러스 S.O.S 크림,트러블성,68591b1b3cc34d35742803d57ec9f797,0,0,0,0,0,0,1,2,1,3,0,0,0,0,0,0,0,0,2,0.0,0.0,0.0,1.0,0.0,2.0,2.0,0.0,0,0,0.0,0,0,0.0,0,0.0,0,0.0,0,0,0,0.0,0.0,0.0,0.0,0.0,0.0,0.0,0.0,0.0,0.0,0.0,0.0,0.0,0.0,0.0
A000000251274,아벤느 시칼파트 플러스 S.O.S 크림,중성,68591b1b3cc34d35742803d57ec9f797,0,0,0,0,1,0,0,2,1,3,0,0,0,0,0,0,0,0,2,0.0,0.0,0.0,1.0,0.0,2.0,2.0,0.0,0,0,0.0,0,0,0.0,0,0.0,0,0.0,0,0,0,0.0,0.0,0.0,0.0,0.0,0.0,0.0,0.0,0.0,0.0,0.0,0.0,0.0,0.0,0.0
A000000251275,아벤느 이드랑스 리치 하이드레이팅 크림,건성,3b0d99f798f3b494527f91845e942e95,1,0,0,0,0,0,0,2,5,4,0,0,0,1,0,1,0,0,3,1.0,0.0,1.0,1.0,1.0,2.0,1.0,0.0,0,0,0.0,0,0,0.0,0,0.0,0,0.0,0,0,0,0.7282307447544971,0.0,0.0,0.0,0.0,0.0,0.0,0.0,0.0,0.0,0.0,0.0,0.7282307447544971,0.0,0.0
A000000251275,아벤느 이드랑스 리치 하이드레이팅 크림,약건성,3b0d99f798f3b494527f91845e942e95,0,0,0,1,0,0,0,2,5,4,0,0,0,1,0,1,0,0,3,1.0,0.0,1.0,1.0,1.0,2.0,1.0,0.0,0,0,0.0,0,0,0.0,0,0.0,0,0.0,0,0,0,0.7282307447544971,0.0,0.0,0.0,0.0,0.0,0.0,0.0,0.0,0.0,0.0,0.0,0.7282307447544971,0.0,0.0
A000000251275,아벤느 이드랑스 리치 하이드레이팅 크림,지성,3b0d99f798f3b494527f91845e942e95,0,0,0,0,0,1,0,2,5,4,0,0,0,1,0,1,0,0,3,1.0,0.0,1.0,1.0,1.0,2.0,1.0,0.0,0,0,0.0,0,0,0.0,0,0.0,0,0.0,0,0,0,0.0,0.0,0.0,0.0,0.0,0.0,0.0,0.5724577541932598,0.26231289352491105,0.0,0.0,0.0,0.0,0.0,0.0
A000000251275,아벤느 이드랑스 리치 하이드레이팅 크림,복합성,3b0d99f798f3b494527f91845e942e95,0,0,1,0,0,0,0,2,5,4,0,0,0,1,0,1,0,0,3,1.0,0.0,1.0,1.0,1.0,2.0,1.0,0.0,0,0,0.0,0,0,0.0,0,0.0,0,0.0,0,0,0,0.0,0.0,0.0,0.0,0.0,0.0,0.0,0.0,0.0,0.0,0.0,0.0,0.0,0.0,0.0
A000000251275,아벤느 이드랑스 리치 하이드레이팅 크림,민감성,3b0d99f798f3b494527f91845e942e95,0,1,0,0,0,0,0,2,5,4,0,0,0,1,0,1,0,0,3,1.0,0.0,1.0,1.0,1.0,2.0,1.0,0.0,0,0,0.0,0,0,0.0,0,0.0,0,0.0,0,0,0,0.0,0.0,0.0,0.6321205588285577,0.0,0.0,0.0,0.0,0.0,0.0,0.0,0.0,0.0,0.5056964470628461,0.0
A000000251275,아벤느 이드랑스 리치 하이드레이팅 크림,트러블성,3b0d99f798f3b494527f91845e942e95,0,0,0,0,0,0,1,2,5,4,0,0,0,1,0,1,0,0,3,1.0,0.0,1.0,1.0,1.0,2.0,1.0,0.0,0,0,0.0,0,0,0.0,0,0.0,0,0.0,0,0,0,0.0,0.0,0.0,0.0,0.0,0.0,0.0,0.0,0.0,0.0,0.0,0.0,0.0,0.0,0.0
A000000251275,아벤느 이드랑스 리치 하이드레이팅 크림,중성,3b0d99f798f3b494527f91845e942e95,0,0,0,0,1,0,0,2,5,4,0,0,0,1,0,1,0,0,3,1.0,0.0,1.0,1.0,1.0,2.0,1.0,0.0,0,0,0.0,0,0,0.0,0,0.0,0,0.0,0,0,0,0.0,0.0,0.0,0.0,0.0,0.0,0.0,0.0,0.0,0.0,0.0,0.0,0.0,0.0,0.0
A000000251445,도미나스 크림 Rx,건성,90073e433906fdbb6723667f70553937,1,0,0,0,0,0,0,10,8,4,3,4,9,6,1,3,0,8,1,1.0,0.0,3.0,1.0,3.0,1.0,0.0,0.0,1,1,0.9761904761904762,1,1,0.9404761904761905,0,0.0,0,0.0,0,0,1,0.9354368978954515,0.0,0.0,0.0,0.0,0.0,0.0,0.0,0.0,0.0,0.0,0.0,0.9354368978954515,0.0,0.0
A000000251445,도미나스 크림 Rx,약건성,90073e433906fdbb6723667f70553937,0,0,0,1,0,0,0,10,8,4,3,4,9,6,1,3,0,8,1,1.0,0.0,3.0,1.0,3.0,1.0,0.0,0.0,1,1,0.9761904761904762,1,1,0.9404761904761905,0,0.0,0,0.0,0,0,1,0.9354368978954515,0.0,0.0,0.0,0.0,0.0,0.0,0.0,0.0,0.0,0.0,0.0,0.9354368978954515,0.0,0.0
A000000251445,도미나스 크림 Rx,지성,90073e433906fdbb6723667f70553937,0,0,0,0,0,1,0,10,8,4,3,4,9,6,1,3,0,8,1,1.0,0.0,3.0,1.0,3.0,1.0,0.0,0.0,1,1,0.9761904761904762,1,1,0.9404761904761905,0,0.0,0,0.0,0,0,1,0.0,0.0,0.0,0.0,0.0,0.0,0.9761904761904762,0.45061493474187364,0.3901130600463123,0.0,0.0,0.0,0.780952380952381,0.0,0.0
A000000251445,도미나스 크림 Rx,복합성,90073e433906fdbb6723667f70553937,0,0,1,0,0,0,0,10,8,4,3,4,9,6,1,3,0,8,1,1.0,0.0,3.0,1.0,3.0,1.0,0.0,0.0,1,1,0.9761904761904762,1,1,0.9404761904761905,0,0.0,0,0.0,0,0,1,0.0,0.0,0.0,0.0,0.0,0.0,0.0,0.0,0.0,0.0,0.0,0.0,0.0,0.0,0.0
A000000251445,도미나스 크림 Rx,민감성,90073e433906fdbb6723667f70553937,0,1,0,0,0,0,0,10,8,4,3,4,9,6,1,3,0,8,1,1.0,0.0,3.0,1.0,3.0,1.0,0.0,0.0,1,1,0.9761904761904762,1,1,0.9404761904761905,0,0.0,0,0.0,0,0,1,0.0,0.0,0.875787346839594,0.9975212478233336,0.6321205588285577,0.0,0.0,0.0,0.0,0.0,0.0,0.141045161524531,0.4203779264830051,1.109416040918767,0.466374014888416
A000000251445,도미나스 크림 Rx,트러블성,90073e433906fdbb6723667f70553937,0,0,0,0,0,0,1,10,8,4,3,4,9,6,1,3,0,8,1,1.0,0.0,3.0,1.0,3.0,1.0,0.0,0.0,1,1,0.9761904761904762,1,1,0.9404761904761905,0,0.0,0,0.0,0,0,1,0.0,0.0,0.0,0.0,0.0,0.0,0.0,0.0,0.0,0.0,0.0,0.141045161524531,0.0,0.028209032304906203,0.0
A000000251445,도미나스 크림 Rx,중성,90073e433906fdbb6723667f70553937,0,0,0,0,1,0,0,10,8,4,3,4,9,6,1,3,0,8,1,1.0,0.0,3.0,1.0,3.0,1.0,0.0,0.0,1,1,0.9761904761904762,1,1,0.9404761904761905,0,0.0,0,0.0,0,0,1,0.0,0.0,0.0,0.0,0.0,0.0,0.0,0.0,0.0,0.0,0.0,0.0,0.0,0.0,0.0
A000000251453,도미나스 크림 Rx,건성,90073e433906fdbb6723667f70553937,1,0,0,0,0,0,0,10,8,4,3,4,9,6,1,3,0,8,1,1.0,0.0,3.0,1.0,3.0,1.0,0.0,0.0,1,1,0.9761904761904762,1,1,0.9404761904761905,0,0.0,0,0.0,0,0,1,0.9354368978954515,0.0,0.0,0.0,0.0,0.0,0.0,0.0,0.0,0.0,0.0,0.0,0.9354368978954515,0.0,0.0
A000000251453,도미나스 크림 Rx,약건성,90073e433906fdbb6723667f70553937,0,0,0,1,0,0,0,10,8,4,3,4,9,6,1,3,0,8,1,1.0,0.0,3.0,1.0,3.0,1.0,0.0,0.0,1,1,0.9761904761904762,1,1,0.9404761904761905,0,0.0,0,0.0,0,0,1,0.9354368978954515,0.0,0.0,0.0,0.0,0.0,0.0,0.0,0.0,0.0,0.0,0.0,0.9354368978954515,0.0,0.0
A000000251453,도미나스 크림 Rx,지성,90073e433906fdbb6723667f70553937,0,0,0,0,0,1,0,10,8,4,3,4,9,6,1,3,0,8,1,1.0,0.0,3.0,1.0,3.0,1.0,0.0,0.0,1,1,0.9761904761904762,1,1,0.9404761904761905,0,0.0,0,0.0,0,0,1,0.0,0.0,0.0,0.0,0.0,0.0,0.9761904761904762,0.45061493474187364,0.3901130600463123,0.0,0.0,0.0,0.780952380952381,0.0,0.0
A000000251453,도미나스 크림 Rx,복합성,90073e433906fdbb6723667f70553937,0,0,1,0,0,0,0,10,8,4,3,4,9,6,1,3,0,8,1,1.0,0.0,3.0,1.0,3.0,1.0,0.0,0.0,1,1,0.9761904761904762,1,1,0.9404761904761905,0,0.0,0,0.0,0,0,1,0.0,0.0,0.0,0.0,0.0,0.0,0.0,0.0,0.0,0.0,0.0,0.0,0.0,0.0,0.0
A000000251453,도미나스 크림 Rx,민감성,90073e433906fdbb6723667f70553937,0,1,0,0,0,0,0,10,8,4,3,4,9,6,1,3,0,8,1,1.0,0.0,3.0,1.0,3.0,1.0,0.0,0.0,1,1,0.9761904761904762,1,1,0.9404761904761905,0,0.0,0,0.0,0,0,1,0.0,0.0,0.875787346839594,0.9975212478233336,0.6321205588285577,0.0,0.0,0.0,0.0,0.0,0.0,0.141045161524531,0.4203779264830051,1.109416040918767,0.466374014888416
A000000251453,도미나스 크림 Rx,트러블성,90073e433906fdbb6723667f70553937,0,0,0,0,0,0,1,10,8,4,3,4,9,6,1,3,0,8,1,1.0,0.0,3.0,1.0,3.0,1.0,0.0,0.0,1,1,0.9761904761904762,1,1,0.9404761904761905,0,0.0,0,0.0,0,0,1,0.0,0.0,0.0,0.0,0.0,0.0,0.0,0.0,0.0,0.0,0.0,0.141045161524531,0.0,0.028209032304906203,0.0
A000000251453,도미나스 크림 Rx,중성,90073e433906fdbb6723667f70553937,0,0,0,0,1,0,0,10,8,4,3,4,9,6,1,3,0,8,1,1.0,0.0,3.0,1.0,3.0,1.0,0.0,0.0,1,1,0.9761904761904762,1,1,0.9404761904761905,0,0.0,0,0.0,0,0,1,0.0,0.0,0.0,0.0,0.0,0.0,0.0,0.0,0.0,0.0,0.0,0.0,0.0,0.0,0.0
A000000251494,도미나스 크림 Rx,건성,90073e433906fdbb6723667f70553937,1,0,0,0,0,0,0,10,8,4,3,4,9,6,1,3,0,8,1,1.0,0.0,3.0,1.0,3.0,1.0,0.0,0.0,1,1,0.9761904761904762,1,1,0.9404761904761905,0,0.0,0,0.0,0,0,1,0.9354368978954515,0.0,0.0,0.0,0.0,0.0,0.0,0.0,0.0,0.0,0.0,0.0,0.9354368978954515,0.0,0.0
A000000251494,도미나스 크림 Rx,약건성,90073e433906fdbb6723667f70553937,0,0,0,1,0,0,0,10,8,4,3,4,9,6,1,3,0,8,1,1.0,0.0,3.0,1.0,3.0,1.0,0.0,0.0,1,1,0.9761904761904762,1,1,0.9404761904761905,0,0.0,0,0.0,0,0,1,0.9354368978954515,0.0,0.0,0.0,0.0,0.0,0.0,0.0,0.0,0.0,0.0,0.0,0.9354368978954515,0.0,0.0
A000000251494,도미나스 크림 Rx,지성,90073e433906fdbb6723667f70553937,0,0,0,0,0,1,0,10,8,4,3,4,9,6,1,3,0,8,1,1.0,0.0,3.0,1.0,3.0,1.0,0.0,0.0,1,1,0.9761904761904762,1,1,0.9404761904761905,0,0.0,0,0.0,0,0,1,0.0,0.0,0.0,0.0,0.0,0.0,0.9761904761904762,0.45061493474187364,0.3901130600463123,0.0,0.0,0.0,0.780952380952381,0.0,0.0
A000000251494,도미나스 크림 Rx,복합성,90073e433906fdbb6723667f70553937,0,0,1,0,0,0,0,10,8,4,3,4,9,6,1,3,0,8,1,1.0,0.0,3.0,1.0,3.0,1.0,0.0,0.0,1,1,0.9761904761904762,1,1,0.9404761904761905,0,0.0,0,0.0,0,0,1,0.0,0.0,0.0,0.0,0.0,0.0,0.0,0.0,0.0,0.0,0.0,0.0,0.0,0.0,0.0
A000000251494,도미나스 크림 Rx,민감성,90073e433906fdbb6723667f70553937,0,1,0,0,0,0,0,10,8,4,3,4,9,6,1,3,0,8,1,1.0,0.0,3.0,1.0,3.0,1.0,0.0,0.0,1,1,0.9761904761904762,1,1,0.9404761904761905,0,0.0,0,0.0,0,0,1,0.0,0.0,0.875787346839594,0.9975212478233336,0.6321205588285577,0.0,0.0,0.0,0.0,0.0,0.0,0.141045161524531,0.4203779264830051,1.109416040918767,0.466374014888416
A000000251494,도미나스 크림 Rx,트러블성,90073e433906fdbb6723667f70553937,0,0,0,0,0,0,1,10,8,4,3,4,9,6,1,3,0,8,1,1.0,0.0,3.0,1.0,3.0,1.0,0.0,0.0,1,1,0.9761904761904762,1,1,0.9404761904761905,0,0.0,0,0.0,0,0,1,0.0,0.0,0.0,0.0,0.0,0.0,0.0,0.0,0.0,0.0,0.0,0.141045161524531,0.0,0.028209032304906203,0.0
A000000251494,도미나스 크림 Rx,중성,90073e433906fdbb6723667f70553937,0,0,0,0,1,0,0,10,8,4,3,4,9,6,1,3,0,8,1,1.0,0.0,3.0,1.0,3.0,1.0,0.0,0.0,1,1,0.9761904761904762,1,1,0.9404761904761905,0,0.0,0,0.0,0,0,1,0.0,0.0,0.0,0.0,0.0,0.0,0.0,0.0,0.0,0.0,0.0,0.0,0.0,0.0,0.0
A000000251651,닥터지 레드 블레미쉬 클리어 수딩크림 EX,건성,e0552194492bef7197785efb3b3393fb,1,0,0,0,0,0,0,8,5,2,4,10,2,0,0,0,0,5,0,2.0,0.0,0.0,1.0,0.0,0.0,0.0,0.0,1,1,0.9069767441860466,1,0,0.5813953488372092,1,0.046511627906976716,0,0.0,0,0,0,0.8142832375796794,0.3333333333333333,0.0,0.0,0.0,0.0,0.0,0.0,0.0,0.0,0.0,0.0,1.0276165709130127,0.0,0.0
A000000251651,닥터지 레드 블레미쉬 클리어 수딩크림 EX,약건성,e0552194492bef7197785efb3b3393fb,0,0,0,1,0,0,0,8,5,2,4,10,2,0,0,0,0,5,0,2.0,0.0,0.0,1.0,0.0,0.0,0.0,0.0,1,1,0.9069767441860466,1,0,0.5813953488372092,1,0.046511627906976716,0,0.0,0,0,0,0.8142832375796794,0.3333333333333333,0.0,0.0,0.0,0.0,0.0,0.0,0.0,0.0,0.0,0.0,1.0276165709130127,0.0,0.0
A000000251651,닥터지 레드 블레미쉬 클리어 수딩크림 EX,지성,e0552194492bef7197785efb3b3393fb,0,0,0,0,0,1,0,8,5,2,4,10,2,0,0,0,0,5,0,2.0,0.0,0.0,1.0,0.0,0.0,0.0,0.0,1,1,0.9069767441860466,1,0,0.5813953488372092,1,0.046511627906976716,0,0.0,0,0,0,0.0,0.0,0.0,0.0,0.0,0.0,0.9069767441860466,0.15803013970713942,0.21070685294285255,0.0,0.0,0.0,0.7255813953488373,0.0,0.0
A000000251651,닥터지 레드 블레미쉬 클리어 수딩크림 EX,복합성,e0552194492bef7197785efb3b3393fb,0,0,1,0,0,0,0,8,5,2,4,10,2,0,0,0,0,5,0,2.0,0.0,0.0,1.0,0.0,0.0,0.0,0.0,1,1,0.9069767441860466,1,0,0.5813953488372092,1,0.046511627906976716,0,0.0,0,0,0,0.0,0.0,0.0,0.0,0.0,0.0,0.0,0.0,0.0,0.0,0.0,0.0,0.0,0.0,0.0
A000000251651,닥터지 레드 블레미쉬 클리어 수딩크림 EX,민감성,e0552194492bef7197785efb3b3393fb,0,1,0,0,0,0,0,8,5,2,4,10,2,0,0,0,0,5,0,2.0,0.0,0.0,1.0,0.0,0.0,0.0,0.0,1,1,0.9069767441860466,1,0,0.5813953488372092,1,0.046511627906976716,0,0.0,0,0,0,0.0,0.0,0.9505402842611108,0.0,0.0,0.0,0.0,0.0,0.0,0.0,0.0,0.0,0.4562593364453332,0.0,0.0
A000000251651,닥터지 레드 블레미쉬 클리어 수딩크림 EX,트러블성,e0552194492bef7197785efb3b3393fb,0,0,0,0,0,0,1,8,5,2,4,10,2,0,0,0,0,5,0,2.0,0.0,0.0,1.0,0.0,0.0,0.0,0.0,1,1,0.9069767441860466,1,0,0.5813953488372092,1,0.046511627906976716,0,0.0,0,0,0,0.0,0.0,0.0,0.0,0.0,0.0,0.0,0.0,0.0,1.0,0.0,0.0,0.7,0.0,0.0
A000000251651,닥터지 레드 블레미쉬 클리어 수딩크림 EX,중성,e0552194492bef7197785efb3b3393fb,0,0,0,0,1,0,0,8,5,2,4,10,2,0,0,0,0,5,0,2.0,0.0,0.0,1.0,0.0,0.0,0.0,0.0,1,1,0.9069767441860466,1,0,0.5813953488372092,1,0.046511627906976716,0,0.0,0,0,0,0.0,0.0,0.0,0.0,0.0,0.0,0.0,0.0,0.0,0.0,0.0,0.0,0.0,0.0,0.0
A000000251937,세타필 시카 세라 장벽 크림,건성,974be55a99bb7371a4d576f206215137,1,0,0,0,0,0,0,6,6,2,2,3,3,0,0,1,0,1,2,0.0,0.0,1.0,0.0,3.0,1.0,1.0,0.0,1,0,0.5517241379310345,1,0,0.3448275862068966,1,0.13793103448275867,0,0.0,0,0,0,0.8038151669655724,0.3333333333333333,0.0,0.0,0.0,0.0,0.0,0.0,0.0,0.0,0.0,0.0,1.0171485002989058,0.0,0.0
A000000251937,세타필 시카 세라 장벽 크림,약건성,974be55a99bb7371a4d576f206215137,0,0,0,1,0,0,0,6,6,2,2,3,3,0,0,1,0,1,2,0.0,0.0,1.0,0.0,3.0,1.0,1.0,0.0,1,0,0.5517241379310345,1,0,0.3448275862068966,1,0.13793103448275867,0,0.0,0,0,0,0.8038151669655724,0.3333333333333333,0.0,0.0,0.0,0.0,0.0,0.0,0.0,0.0,0.0,0.0,1.0171485002989058,0.0,0.0
A000000251937,세타필 시카 세라 장벽 크림,지성,974be55a99bb7371a4d576f206215137,0,0,0,0,0,1,0,6,6,2,2,3,3,0,0,1,0,1,2,0.0,0.0,1.0,0.0,3.0,1.0,1.0,0.0,1,0,0.5517241379310345,1,0,0.3448275862068966,1,0.13793103448275867,0,0.0,0,0,0,0.0,0.0,0.0,0.0,0.0,0.0,0.5517241379310345,0.45061493474187364,0.13115644676245553,0.0,0.0,0.0,0.4413793103448276,0.0,0.0
A000000251937,세타필 시카 세라 장벽 크림,복합성,974be55a99bb7371a4d576f206215137,0,0,1,0,0,0,0,6,6,2,2,3,3,0,0,1,0,1,2,0.0,0.0,1.0,0.0,3.0,1.0,1.0,0.0,1,0,0.5517241379310345,1,0,0.3448275862068966,1,0.13793103448275867,0,0.0,0,0,0,0.0,0.0,0.0,0.0,0.0,0.0,0.0,0.0,0.0,0.0,0.0,0.0,0.0,0.0,0.0
A000000251937,세타필 시카 세라 장벽 크림,민감성,974be55a99bb7371a4d576f206215137,0,1,0,0,0,0,0,6,6,2,2,3,3,0,0,1,0,1,2,0.0,0.0,1.0,0.0,3.0,1.0,1.0,0.0,1,0,0.5517241379310345,1,0,0.3448275862068966,1,0.13793103448275867,0,0.0,0,0,0,0.0,0.0,0.7889498396298451,0.0,0.0,0.0,0.0,0.0,0.0,0.0,0.0,0.0,0.37869592302232563,0.0,0.0
A000000251937,세타필 시카 세라 장벽 크림,트러블성,974be55a99bb7371a4d576f206215137,0,0,0,0,0,0,1,6,6,2,2,3,3,0,0,1,0,1,2,0.0,0.0,1.0,0.0,3.0,1.0,1.0,0.0,1,0,0.5517241379310345,1,0,0.3448275862068966,1,0.13793103448275867,0,0.0,0,0,0,0.0,0.0,0.0,0.0,0.0,0.0,0.0,0.0,0.0,1.0,0.0,0.0,0.7,0.0,0.0
A000000251937,세타필 시카 세라 장벽 크림,중성,974be55a99bb7371a4d576f206215137,0,0,0,0,1,0,0,6,6,2,2,3,3,0,0,1,0,1,2,0.0,0.0,1.0,0.0,3.0,1.0,1.0,0.0,1,0,0.5517241379310345,1,0,0.3448275862068966,1,0.13793103448275867,0,0.0,0,0,0,0.0,0.0,0.0,0.0,0.0,0.0,0.0,0.0,0.0,0.0,0.0,0.0,0.0,0.0,0.0
A000000253592,셀리맥스 트라넥삼산 잡티 크림,건성,fef4762b574a6186b28ad77b5d611a39,1,0,0,0,0,0,0,8,5,2,8,1,5,0,0,3,1,6,1,1.0,0.0,2.0,0.0,2.0,1.0,0.0,0.0,1,1,0.9555555555555556,0,0,0.0,1,0.4666666666666667,0,0.0,1,0,0,0.8142832375796794,0.6666666666666666,0.0,0.0,0.0,0.0,0.0,0.0,0.0,0.0,0.0,0.0,1.2409499042463459,0.0,0.0
A000000253592,셀리맥스 트라넥삼산 잡티 크림,약건성,fef4762b574a6186b28ad77b5d611a39,0,0,0,1,0,0,0,8,5,2,8,1,5,0,0,3,1,6,1,1.0,0.0,2.0,0.0,2.0,1.0,0.0,0.0,1,1,0.9555555555555556,0,0,0.0,1,0.4666666666666667,0,0.0,1,0,0,0.8142832375796794,0.6666666666666666,0.0,0.0,0.0,0.0,0.0,0.0,0.0,0.0,0.0,0.0,1.2409499042463459,0.0,0.0
A000000253592,셀리맥스 트라넥삼산 잡티 크림,지성,fef4762b574a6186b28ad77b5d611a39,0,0,0,0,0,1,0,8,5,2,8,1,5,0,0,3,1,6,1,1.0,0.0,2.0,0.0,2.0,1.0,0.0,0.0,1,1,0.9555555555555556,0,0,0.0,1,0.4666666666666667,0,0.0,1,0,0,0.0,0.0,0.0,0.0,0.0,0.0,0.9555555555555556,0.25639747477898106,0.3418632997053081,0.0,0.0,0.0,0.7644444444444445,0.0,0.0
A000000253592,셀리맥스 트라넥삼산 잡티 크림,복합성,fef4762b574a6186b28ad77b5d611a39,0,0,1,0,0,0,0,8,5,2,8,1,5,0,0,3,1,6,1,1.0,0.0,2.0,0.0,2.0,1.0,0.0,0.0,1,1,0.9555555555555556,0,0,0.0,1,0.4666666666666667,0,0.0,1,0,0,0.0,0.0,0.0,0.0,0.0,0.0,0.0,0.0,0.0,0.0,0.0,0.0,0.0,0.0,0.0
A000000253592,셀리맥스 트라넥삼산 잡티 크림,민감성,fef4762b574a6186b28ad77b5d611a39,0,1,0,0,0,0,0,8,5,2,8,1,5,0,0,3,1,6,1,1.0,0.0,2.0,0.0,2.0,1.0,0.0,0.0,1,1,0.9555555555555556,0,0,0.0,1,0.4666666666666667,0,0.0,1,0,0,0.0,0.0,0.7282730793448764,0.0,0.0,0.0,0.0,0.0,0.0,0.0,0.0,0.0,0.34957107808554067,0.0,0.0
A000000253592,셀리맥스 트라넥삼산 잡티 크림,트러블성,fef4762b574a6186b28ad77b5d611a39,0,0,0,0,0,0,1,8,5,2,8,1,5,0,0,3,1,6,1,1.0,0.0,2.0,0.0,2.0,1.0,0.0,0.0,1,1,0.9555555555555556,0,0,0.0,1,0.4666666666666667,0,0.0,1,0,0,0.0,0.0,0.0,0.0,0.0,0.0,0.0,0.0,0.0,1.0,0.0,0.0,0.7,0.0,0.0
A000000253592,셀리맥스 트라넥삼산 잡티 크림,중성,fef4762b574a6186b28ad77b5d611a39,0,0,0,0,1,0,0,8,5,2,8,1,5,0,0,3,1,6,1,1.0,0.0,2.0,0.0,2.0,1.0,0.0,0.0,1,1,0.9555555555555556,0,0,0.0,1,0.4666666666666667,0,0.0,1,0,0,0.0,0.0,0.0,0.0,0.0,0.0,0.0,0.0,0.0,0.0,0.0,0.0,0.0,0.0,0.0
A000000253621,센텔리안24 마데카 크림 액티브 리뉴 PDRN,건성,dc6563099585ffaee7054a3b6b778a6c,1,0,0,0,0,0,0,17,8,3,4,7,7,2,0,2,0,7,6,0.0,1.0,1.0,0.0,4.0,2.0,1.0,4.0,1,1,0.9102564102564102,1,0,0.5128205128205128,1,0.14102564102564108,0,0.0,0,0,0,0.9125816115681974,0.3333333333333333,0.0,0.0,0.0,0.0,0.0,0.0,0.0,0.0,0.0,0.0,1.1259149449015307,0.0,0.0
A000000253621,센텔리안24 마데카 크림 액티브 리뉴 PDRN,약건성,dc6563099585ffaee7054a3b6b778a6c,0,0,0,1,0,0,0,17,8,3,4,7,7,2,0,2,0,7,6,0.0,1.0,1.0,0.0,4.0,2.0,1.0,4.0,1,1,0.9102564102564102,1,0,0.5128205128205128,1,0.14102564102564108,0,0.0,0,0,0,0.9125816115681974,0.3333333333333333,0.0,0.0,0.0,0.0,0.0,0.0,0.0,0.0,0.0,0.0,1.1259149449015307,0.0,0.0
A000000253621,센텔리안24 마데카 크림 액티브 리뉴 PDRN,지성,dc6563099585ffaee7054a3b6b778a6c,0,0,0,0,0,1,0,17,8,3,4,7,7,2,0,2,0,7,6,0.0,1.0,1.0,0.0,4.0,2.0,1.0,4.0,1,1,0.9102564102564102,1,0,0.5128205128205128,1,0.14102564102564108,0,0.0,0,0,0,0.0,0.0,0.0,0.0,0.0,0.0,0.9102564102564102,0.5322264586051256,0.3418632997053081,0.0,0.0,0.0,0.7282051282051283,0.0,0.0
A000000253621,센텔리안24 마데카 크림 액티브 리뉴 PDRN,복합성,dc6563099585ffaee7054a3b6b778a6c,0,0,1,0,0,0,0,17,8,3,4,7,7,2,0,2,0,7,6,0.0,1.0,1.0,0.0,4.0,2.0,1.0,4.0,1,1,0.9102564102564102,1,0,0.5128205128205128,1,0.14102564102564108,0,0.0,0,0,0,0.0,0.0,0.0,0.0,0.0,0.0,0.0,0.0,0.0,0.0,0.0,0.0,0.0,0.0,0.0
A000000253621,센텔리안24 마데카 크림 액티브 리뉴 PDRN,민감성,dc6563099585ffaee7054a3b6b778a6c,0,1,0,0,0,0,0,17,8,3,4,7,7,2,0,2,0,7,6,0.0,1.0,1.0,0.0,4.0,2.0,1.0,4.0,1,1,0.9102564102564102,1,0,0.5128205128205128,1,0.14102564102564108,0,0.0,0,0,0,0.0,0.0,0.9429971128281471,0.8646647167633873,0.0,0.9816843611112658,0.0,0.0,0.0,0.0,0.0,0.0,0.4526386141575106,0.9744568694107545,0.4410768069263502
A000000253621,센텔리안24 마데카 크림 액티브 리뉴 PDRN,트러블성,dc6563099585ffaee7054a3b6b778a6c,0,0,0,0,0,0,1,17,8,3,4,7,7,2,0,2,0,7,6,0.0,1.0,1.0,0.0,4.0,2.0,1.0,4.0,1,1,0.9102564102564102,1,0,0.5128205128205128,1,0.14102564102564108,0,0.0,0,0,0,0.0,0.0,0.0,0.0,0.0,0.0,0.0,0.0,0.0,1.0,0.0,0.0,0.7,0.0,0.0
A000000253621,센텔리안24 마데카 크림 액티브 리뉴 PDRN,중성,dc6563099585ffaee7054a3b6b778a6c,0,0,0,0,1,0,0,17,8,3,4,7,7,2,0,2,0,7,6,0.0,1.0,1.0,0.0,4.0,2.0,1.0,4.0,1,1,0.9102564102564102,1,0,0.5128205128205128,1,0.14102564102564108,0,0.0,0,0,0,0.0,0.0,0.0,0.0,0.0,0.0,0.0,0.0,0.0,0.0,0.0,0.0,0.0,0.0,0.0
A000000253623,센텔리안24 마데카 크림 타임리버스,건성,f588029a4c0bb098cf3d5f29947b01ba,1,0,0,0,0,0,0,15,8,6,5,15,8,3,0,2,1,9,19,1.0,1.0,1.0,1.0,2.0,12.0,3.0,7.0,1,1,0.9345794392523364,1,0,0.6542056074766356,1,0.36448598130841126,0,0.0,0,0,0,0.9748823722849063,0.3333333333333333,0.0,0.0,0.0,0.0,0.0,0.0,0.0,0.0,0.0,0.0,1.1882157056182396,0.0,0.0
A000000253623,센텔리안24 마데카 크림 타임리버스,약건성,f588029a4c0bb098cf3d5f29947b01ba,0,0,0,1,0,0,0,15,8,6,5,15,8,3,0,2,1,9,19,1.0,1.0,1.0,1.0,2.0,12.0,3.0,7.0,1,1,0.9345794392523364,1,0,0.6542056074766356,1,0.36448598130841126,0,0.0,0,0,0,0.9748823722849063,0.3333333333333333,0.0,0.0,0.0,0.0,0.0,0.0,0.0,0.0,0.0,0.0,1.1882157056182396,0.0,0.0
A000000253623,센텔리안24 마데카 크림 타임리버스,지성,f588029a4c0bb098cf3d5f29947b01ba,0,0,0,0,0,1,0,15,8,6,5,15,8,3,0,2,1,9,19,1.0,1.0,1.0,1.0,2.0,12.0,3.0,7.0,1,1,0.9345794392523364,1,0,0.6542056074766356,1,0.36448598130841126,0,0.0,0,0,0,0.0,0.0,0.0,0.0,0.0,0.0,0.9345794392523364,0.8029938242781463,0.4730197464677636,0.0,0.0,0.0,0.7476635514018692,0.0,0.0
A000000253623,센텔리안24 마데카 크림 타임리버스,복합성,f588029a4c0bb098cf3d5f29947b01ba,0,0,1,0,0,0,0,15,8,6,5,15,8,3,0,2,1,9,19,1.0,1.0,1.0,1.0,2.0,12.0,3.0,7.0,1,1,0.9345794392523364,1,0,0.6542056074766356,1,0.36448598130841126,0,0.0,0,0,0,0.0,0.0,0.0,0.0,0.0,0.0,0.0,0.0,0.0,0.0,0.0,0.0,0.0,0.0,0.0
A000000253623,센텔리안24 마데카 크림 타임리버스,민감성,f588029a4c0bb098cf3d5f29947b01ba,0,1,0,0,0,0,0,15,8,6,5,15,8,3,0,2,1,9,19,1.0,1.0,1.0,1.0,2.0,12.0,3.0,7.0,1,1,0.9345794392523364,1,0,0.6542056074766356,1,0.36448598130841126,0,0.0,0,0,0,0.0,0.0,0.9716743381598422,0.950212931632136,0.0,0.9990881180344455,0.0,0.0,0.0,0.0,0.0,0.0,0.46640368231672424,1.0479077232996292,0.48874802087508207
A000000253623,센텔리안24 마데카 크림 타임리버스,트러블성,f588029a4c0bb098cf3d5f29947b01ba,0,0,0,0,0,0,1,15,8,6,5,15,8,3,0,2,1,9,19,1.0,1.0,1.0,1.0,2.0,12.0,3.0,7.0,1,1,0.9345794392523364,1,0,0.6542056074766356,1,0.36448598130841126,0,0.0,0,0,0,0.0,0.0,0.0,0.0,0.0,0.0,0.0,0.0,0.0,1.0,0.0,0.0,0.7,0.0,0.0
A000000253623,센텔리안24 마데카 크림 타임리버스,중성,f588029a4c0bb098cf3d5f29947b01ba,0,0,0,0,1,0,0,15,8,6,5,15,8,3,0,2,1,9,19,1.0,1.0,1.0,1.0,2.0,12.0,3.0,7.0,1,1,0.9345794392523364,1,0,0.6542056074766356,1,0.36448598130841126,0,0.0,0,0,0,0.0,0.0,0.0,0.0,0.0,0.0,0.0,0.0,0.0,0.0,0.0,0.0,0.0,0.0,0.0
A000000254006,쥬베룩 PDLLA 프로텍팅 크림,건성,a280a4b0fc920c2d9e17ec7be9fe520f,1,0,0,0,0,0,0,9,3,2,3,1,16,0,1,2,12,0,2,0.0,1.0,1.0,0.0,1.0,2.0,0.0,0.0,1,1,0.8723404255319149,1,1,0.9361702127659575,0,0.0,0,0.0,0,1,0,0.77563316577504,0.3333333333333333,0.0,0.0,0.0,0.0,0.0,0.0,0.0,0.0,0.0,0.0,0.9889664991083733,0.0,0.0
A000000254006,쥬베룩 PDLLA 프로텍팅 크림,약건성,a280a4b0fc920c2d9e17ec7be9fe520f,0,0,0,1,0,0,0,9,3,2,3,1,16,0,1,2,12,0,2,0.0,1.0,1.0,0.0,1.0,2.0,0.0,0.0,1,1,0.8723404255319149,1,1,0.9361702127659575,0,0.0,0,0.0,0,1,0,0.77563316577504,0.3333333333333333,0.0,0.0,0.0,0.0,0.0,0.0,0.0,0.0,0.0,0.0,0.9889664991083733,0.0,0.0
A000000254006,쥬베룩 PDLLA 프로텍팅 크림,지성,a280a4b0fc920c2d9e17ec7be9fe520f,0,0,0,0,0,1,0,9,3,2,3,1,16,0,1,2,12,0,2,0.0,1.0,1.0,0.0,1.0,2.0,0.0,0.0,1,1,0.8723404255319149,1,1,0.9361702127659575,0,0.0,0,0.0,0,1,0,0.0,0.0,0.0,0.0,0.0,0.0,0.8723404255319149,0.25639747477898106,0.3418632997053081,0.0,0.0,0.0,0.697872340425532,0.0,0.0
A000000254006,쥬베룩 PDLLA 프로텍팅 크림,복합성,a280a4b0fc920c2d9e17ec7be9fe520f,0,0,1,0,0,0,0,9,3,2,3,1,16,0,1,2,12,0,2,0.0,1.0,1.0,0.0,1.0,2.0,0.0,0.0,1,1,0.8723404255319149,1,1,0.9361702127659575,0,0.0,0,0.0,0,1,0,0.0,0.0,0.0,0.0,0.0,0.0,0.0,0.0,0.0,0.0,0.0,0.0,0.0,0.0,0.0
A000000254006,쥬베룩 PDLLA 프로텍팅 크림,민감성,a280a4b0fc920c2d9e17ec7be9fe520f,0,1,0,0,0,0,0,9,3,2,3,1,16,0,1,2,12,0,2,0.0,1.0,1.0,0.0,1.0,2.0,0.0,0.0,1,1,0.8723404255319149,1,1,0.9361702127659575,0,0.0,0,0.0,0,1,0,0.0,0.0,0.6736273621134925,0.0,0.6321205588285577,0.0,0.0,0.0,0.0,0.0,0.0,0.141045161524531,0.3233411338144764,0.31139904266010004,0.10068811952245925
A000000254006,쥬베룩 PDLLA 프로텍팅 크림,트러블성,a280a4b0fc920c2d9e17ec7be9fe520f,0,0,0,0,0,0,1,9,3,2,3,1,16,0,1,2,12,0,2,0.0,1.0,1.0,0.0,1.0,2.0,0.0,0.0,1,1,0.8723404255319149,1,1,0.9361702127659575,0,0.0,0,0.0,0,1,0,0.0,0.0,0.0,0.0,0.0,0.0,0.0,0.0,0.0,0.0,0.0,0.141045161524531,0.0,0.028209032304906203,0.0
A000000254006,쥬베룩 PDLLA 프로텍팅 크림,중성,a280a4b0fc920c2d9e17ec7be9fe520f,0,0,0,0,1,0,0,9,3,2,3,1,16,0,1,2,12,0,2,0.0,1.0,1.0,0.0,1.0,2.0,0.0,0.0,1,1,0.8723404255319149,1,1,0.9361702127659575,0,0.0,0,0.0,0,1,0,0.0,0.0,0.0,0.0,0.0,0.0,0.0,0.0,0.0,0.0,0.0,0.0,0.0,0.0,0.0
A000000254067,VT 피디알엔 캡슐 크림,건성,b909109de48f062567a47cadaf924c9d,1,0,0,0,0,0,0,17,6,4,5,2,12,0,0,2,9,3,2,0.0,0.0,2.0,0.0,3.0,1.0,1.0,0.0,1,1,0.9242424242424242,1,1,0.8939393939393939,1,0.7272727272727273,0,0.0,0,1,0,0.9355231963763222,0.6666666666666666,0.0,0.0,0.0,0.0,0.0,0.0,0.0,0.0,0.0,0.0,1.362189863042989,0.0,0.0
A000000254067,VT 피디알엔 캡슐 크림,약건성,b909109de48f062567a47cadaf924c9d,0,0,0,1,0,0,0,17,6,4,5,2,12,0,0,2,9,3,2,0.0,0.0,2.0,0.0,3.0,1.0,1.0,0.0,1,1,0.9242424242424242,1,1,0.8939393939393939,1,0.7272727272727273,0,0.0,0,1,0,0.9355231963763222,0.6666666666666666,0.0,0.0,0.0,0.0,0.0,0.0,0.0,0.0,0.0,0.0,1.362189863042989,0.0,0.0
A000000254067,VT 피디알엔 캡슐 크림,지성,b909109de48f062567a47cadaf924c9d,0,0,0,0,0,1,0,17,6,4,5,2,12,0,0,2,9,3,2,0.0,0.0,2.0,0.0,3.0,1.0,1.0,0.0,1,1,0.9242424242424242,1,1,0.8939393939393939,1,0.7272727272727273,0,0.0,0,1,0,0.0,0.0,0.0,0.0,0.0,0.0,0.9242424242424242,0.45061493474187364,0.21070685294285255,0.0,0.0,0.0,0.7393939393939394,0.0,0.0
A000000254067,VT 피디알엔 캡슐 크림,복합성,b909109de48f062567a47cadaf924c9d,0,0,1,0,0,0,0,17,6,4,5,2,12,0,0,2,9,3,2,0.0,0.0,2.0,0.0,3.0,1.0,1.0,0.0,1,1,0.9242424242424242,1,1,0.8939393939393939,1,0.7272727272727273,0,0.0,0,1,0,0.0,0.0,0.0,0.0,0.0,0.0,0.0,0.0,0.0,0.0,0.0,0.0,0.0,0.0,0.0
A000000254067,VT 피디알엔 캡슐 크림,민감성,b909109de48f062567a47cadaf924c9d,0,1,0,0,0,0,0,17,6,4,5,2,12,0,0,2,9,3,2,0.0,0.0,2.0,0.0,3.0,1.0,1.0,0.0,1,1,0.9242424242424242,1,1,0.8939393939393939,1,0.7272727272727273,0,0.0,0,1,0,0.0,0.0,0.8340667228748998,0.0,0.0,0.0,0.0,0.0,0.0,0.0,0.0,0.0,0.40035202697995187,0.0,0.0
A000000254067,VT 피디알엔 캡슐 크림,트러블성,b909109de48f062567a47cadaf924c9d,0,0,0,0,0,0,1,17,6,4,5,2,12,0,0,2,9,3,2,0.0,0.0,2.0,0.0,3.0,1.0,1.0,0.0,1,1,0.9242424242424242,1,1,0.8939393939393939,1,0.7272727272727273,0,0.0,0,1,0,0.0,0.0,0.0,0.0,0.0,0.0,0.0,0.0,0.0,1.0,0.0,0.0,0.7,0.0,0.0
A000000254067,VT 피디알엔 캡슐 크림,중성,b909109de48f062567a47cadaf924c9d,0,0,0,0,1,0,0,17,6,4,5,2,12,0,0,2,9,3,2,0.0,0.0,2.0,0.0,3.0,1.0,1.0,0.0,1,1,0.9242424242424242,1,1,0.8939393939393939,1,0.7272727272727273,0,0.0,0,1,0,0.0,0.0,0.0,0.0,0.0,0.0,0.0,0.0,0.0,0.0,0.0,0.0,0.0,0.0,0.0
A000000254720,아이오페 비타민C 엑스퍼트 40% 마스크 컨센트레이트,건성,4c5782be86af747bd35a9e9807f7d9d4,1,0,0,0,0,0,0,0,4,3,0,0,2,0,0,3,1,0,0,3.0,1.0,1.0,1.0,0.0,0.0,0.0,0.0,0,0,0.0,0,0,0.0,0,0.0,0,0.0,0,0,0,0.0,0.0,0.0,0.0,0.0,0.0,0.0,0.0,0.0,0.0,0.0,0.0,0.0,0.0,0.0
A000000254720,아이오페 비타민C 엑스퍼트 40% 마스크 컨센트레이트,약건성,4c5782be86af747bd35a9e9807f7d9d4,0,0,0,1,0,0,0,0,4,3,0,0,2,0,0,3,1,0,0,3.0,1.0,1.0,1.0,0.0,0.0,0.0,0.0,0,0,0.0,0,0,0.0,0,0.0,0,0.0,0,0,0,0.0,0.0,0.0,0.0,0.0,0.0,0.0,0.0,0.0,0.0,0.0,0.0,0.0,0.0,0.0
A000000254720,아이오페 비타민C 엑스퍼트 40% 마스크 컨센트레이트,지성,4c5782be86af747bd35a9e9807f7d9d4,0,0,0,0,0,1,0,0,4,3,0,0,2,0,0,3,1,0,0,3.0,1.0,1.0,1.0,0.0,0.0,0.0,0.0,0,0,0.0,0,0,0.0,0,0.0,0,0.0,0,0,0,0.0,0.0,0.0,0.0,0.0,0.0,0.0,0.15803013970713942,0.6008199129891648,0.0,0.0,0.0,0.0,0.0,0.0
A000000254720,아이오페 비타민C 엑스퍼트 40% 마스크 컨센트레이트,복합성,4c5782be86af747bd35a9e9807f7d9d4,0,0,1,0,0,0,0,0,4,3,0,0,2,0,0,3,1,0,0,3.0,1.0,1.0,1.0,0.0,0.0,0.0,0.0,0,0,0.0,0,0,0.0,0,0.0,0,0.0,0,0,0,0.0,0.0,0.0,0.0,0.0,0.0,0.0,0.0,0.0,0.0,0.0,0.0,0.0,0.0,0.0
A000000254720,아이오페 비타민C 엑스퍼트 40% 마스크 컨센트레이트,민감성,4c5782be86af747bd35a9e9807f7d9d4,0,1,0,0,0,0,0,0,4,3,0,0,2,0,0,3,1,0,0,3.0,1.0,1.0,1.0,0.0,0.0,0.0,0.0,0,0,0.0,0,0,0.0,0,0.0,0,0.0,0,0,0,0.0,0.0,0.0,0.0,0.0,0.0,0.0,0.0,0.0,0.0,0.0,0.0,0.0,0.0,0.0
A000000254720,아이오페 비타민C 엑스퍼트 40% 마스크 컨센트레이트,트러블성,4c5782be86af747bd35a9e9807f7d9d4,0,0,0,0,0,0,1,0,4,3,0,0,2,0,0,3,1,0,0,3.0,1.0,1.0,1.0,0.0,0.0,0.0,0.0,0,0,0.0,0,0,0.0,0,0.0,0,0.0,0,0,0,0.0,0.0,0.0,0.0,0.0,0.0,0.0,0.0,0.0,0.0,0.0,0.0,0.0,0.0,0.0
A000000254720,아이오페 비타민C 엑스퍼트 40% 마스크 컨센트레이트,중성,4c5782be86af747bd35a9e9807f7d9d4,0,0,0,0,1,0,0,0,4,3,0,0,2,0,0,3,1,0,0,3.0,1.0,1.0,1.0,0.0,0.0,0.0,0.0,0,0,0.0,0,0,0.0,0,0.0,0,0.0,0,0,0,0.0,0.0,0.0,0.0,0.0,0.0,0.0,0.0,0.0,0.0,0.0,0.0,0.0,0.0,0.0
A000000254747,에스트라 아토베리어365 하이드로 수딩크림,건성,4f7d6fe03952a0b84b030e02d9352ed3,1,0,0,0,0,0,0,8,3,2,8,1,1,0,0,1,0,0,1,0.0,0.0,1.0,0.0,1.0,1.0,0.0,0.0,0,0,0.0,0,0,0.0,1,0.38235294117647056,0,0.0,1,1,0,0.770236495573647,1.0,0.0,0.0,0.0,0.0,0.0,0.0,0.0,0.0,0.0,0.0,1.410236495573647,0.0,0.0
A000000254747,에스트라 아토베리어365 하이드로 수딩크림,약건성,4f7d6fe03952a0b84b030e02d9352ed3,0,0,0,1,0,0,0,8,3,2,8,1,1,0,0,1,0,0,1,0.0,0.0,1.0,0.0,1.0,1.0,0.0,0.0,0,0,0.0,0,0,0.0,1,0.38235294117647056,0,0.0,1,1,0,0.770236495573647,1.0,0.0,0.0,0.0,0.0,0.0,0.0,0.0,0.0,0.0,0.0,1.410236495573647,0.0,0.0
A000000254747,에스트라 아토베리어365 하이드로 수딩크림,지성,4f7d6fe03952a0b84b030e02d9352ed3,0,0,0,0,0,1,0,8,3,2,8,1,1,0,0,1,0,0,1,0.0,0.0,1.0,0.0,1.0,1.0,0.0,0.0,0,0,0.0,0,0,0.0,1,0.38235294117647056,0,0.0,1,1,0,0.0,0.0,0.0,0.0,0.0,0.0,0.0,0.1967346701436833,0.13115644676245553,0.0,0.0,0.0,0.0,0.0,0.0
A000000254747,에스트라 아토베리어365 하이드로 수딩크림,복합성,4f7d6fe03952a0b84b030e02d9352ed3,0,0,1,0,0,0,0,8,3,2,8,1,1,0,0,1,0,0,1,0.0,0.0,1.0,0.0,1.0,1.0,0.0,0.0,0,0,0.0,0,0,0.0,1,0.38235294117647056,0,0.0,1,1,0,0.0,0.0,0.0,0.0,0.0,0.0,0.0,0.0,0.0,0.0,0.0,0.0,0.0,0.0,0.0
A000000254747,에스트라 아토베리어365 하이드로 수딩크림,민감성,4f7d6fe03952a0b84b030e02d9352ed3,0,1,0,0,0,0,0,8,3,2,8,1,1,0,0,1,0,0,1,0.0,0.0,1.0,0.0,1.0,1.0,0.0,0.0,0,0,0.0,0,0,0.0,1,0.38235294117647056,0,0.0,1,1,0,0.0,0.0,0.0,0.0,0.0,0.0,0.0,0.0,0.0,0.0,0.0,0.0,0.0,0.0,0.0
A000000254747,에스트라 아토베리어365 하이드로 수딩크림,트러블성,4f7d6fe03952a0b84b030e02d9352ed3,0,0,0,0,0,0,1,8,3,2,8,1,1,0,0,1,0,0,1,0.0,0.0,1.0,0.0,1.0,1.0,0.0,0.0,0,0,0.0,0,0,0.0,1,0.38235294117647056,0,0.0,1,1,0,0.0,0.0,0.0,0.0,0.0,0.0,0.0,0.0,0.0,0.0,0.0,0.0,0.0,0.0,0.0
A000000254747,에스트라 아토베리어365 하이드로 수딩크림,중성,4f7d6fe03952a0b84b030e02d9352ed3,0,0,0,0,1,0,0,8,3,2,8,1,1,0,0,1,0,0,1,0.0,0.0,1.0,0.0,1.0,1.0,0.0,0.0,0,0,0.0,0,0,0.0,1,0.38235294117647056,0,0.0,1,1,0,0.0,0.0,0.0,0.0,0.0,0.0,0.0,0.0,0.0,0.0,0.0,0.0,0.0,0.0,0.0
A000000254760,에스트라 아토베리어365 크림,건성,a57e4febad5eca8f519ae0838d1c052a,1,0,0,0,0,0,0,4,6,4,8,1,2,0,0,2,0,0,0,2.0,0.0,2.0,1.0,2.0,0.0,0.0,0.0,1,0,0.4390243902439024,0,0,0.0,1,0.41463414634146345,0,0.0,1,1,0,0.845787730267586,1.0,0.0,0.0,0.0,0.0,0.0,0.0,0.0,0.0,0.0,0.0,1.4857877302675861,0.0,0.0
A000000254760,에스트라 아토베리어365 크림,약건성,a57e4febad5eca8f519ae0838d1c052a,0,0,0,1,0,0,0,4,6,4,8,1,2,0,0,2,0,0,0,2.0,0.0,2.0,1.0,2.0,0.0,0.0,0.0,1,0,0.4390243902439024,0,0,0.0,1,0.41463414634146345,0,0.0,1,1,0,0.845787730267586,1.0,0.0,0.0,0.0,0.0,0.0,0.0,0.0,0.0,0.0,0.0,1.4857877302675861,0.0,0.0
A000000254760,에스트라 아토베리어365 크림,지성,a57e4febad5eca8f519ae0838d1c052a,0,0,0,0,0,1,0,4,6,4,8,1,2,0,0,2,0,0,0,2.0,0.0,2.0,1.0,2.0,0.0,0.0,0.0,1,0,0.4390243902439024,0,0,0.0,1,0.41463414634146345,0,0.0,1,1,0,0.0,0.0,0.0,0.0,0.0,0.0,0.4390243902439024,0.31606027941427883,0.4214137058857051,0.0,0.0,0.0,0.35121951219512193,0.0,0.0
A000000254760,에스트라 아토베리어365 크림,복합성,a57e4febad5eca8f519ae0838d1c052a,0,0,1,0,0,0,0,4,6,4,8,1,2,0,0,2,0,0,0,2.0,0.0,2.0,1.0,2.0,0.0,0.0,0.0,1,0,0.4390243902439024,0,0,0.0,1,0.41463414634146345,0,0.0,1,1,0,0.0,0.0,0.0,0.0,0.0,0.0,0.0,0.0,0.0,0.0,0.0,0.0,0.0,0.0,0.0
A000000254760,에스트라 아토베리어365 크림,민감성,a57e4febad5eca8f519ae0838d1c052a,0,1,0,0,0,0,0,4,6,4,8,1,2,0,0,2,0,0,0,2.0,0.0,2.0,1.0,2.0,0.0,0.0,0.0,1,0,0.4390243902439024,0,0,0.0,1,0.41463414634146345,0,0.0,1,1,0,0.0,0.0,0.7282730793448764,0.0,0.0,0.0,0.0,0.0,0.0,0.0,0.0,0.0,0.34957107808554067,0.0,0.0
A000000254760,에스트라 아토베리어365 크림,트러블성,a57e4febad5eca8f519ae0838d1c052a,0,0,0,0,0,0,1,4,6,4,8,1,2,0,0,2,0,0,0,2.0,0.0,2.0,1.0,2.0,0.0,0.0,0.0,1,0,0.4390243902439024,0,0,0.0,1,0.41463414634146345,0,0.0,1,1,0,0.0,0.0,0.0,0.0,0.0,0.0,0.0,0.0,0.0,1.0,0.0,0.0,0.7,0.0,0.0
A000000254760,에스트라 아토베리어365 크림,중성,a57e4febad5eca8f519ae0838d1c052a,0,0,0,0,1,0,0,4,6,4,8,1,2,0,0,2,0,0,0,2.0,0.0,2.0,1.0,2.0,0.0,0.0,0.0,1,0,0.4390243902439024,0,0,0.0,1,0.41463414634146345,0,0.0,1,1,0,0.0,0.0,0.0,0.0,0.0,0.0,0.0,0.0,0.0,0.0,0.0,0.0,0.0,0.0,0.0
A000000255244,라운드랩 자작나무 수분 크림,건성,de88ee72ff23b352851568d1493337e4,1,0,0,0,0,0,0,8,4,1,1,3,1,0,0,0,0,12,0,1.0,0.0,0.0,0.0,0.0,0.0,0.0,0.0,0,0,0.0,1,1,0.7567567567567568,0,0.0,0,0.0,0,0,0,0.6815445438106533,0.0,0.0,0.0,0.0,0.0,0.0,0.0,0.0,0.0,0.0,0.0,0.6815445438106533,0.0,0.0
A000000255244,라운드랩 자작나무 수분 크림,약건성,de88ee72ff23b352851568d1493337e4,0,0,0,1,0,0,0,8,4,1,1,3,1,0,0,0,0,12,0,1.0,0.0,0.0,0.0,0.0,0.0,0.0,0.0,0,0,0.0,1,1,0.7567567567567568,0,0.0,0,0.0,0,0,0,0.6815445438106533,0.0,0.0,0.0,0.0,0.0,0.0,0.0,0.0,0.0,0.0,0.0,0.6815445438106533,0.0,0.0
A000000255244,라운드랩 자작나무 수분 크림,지성,de88ee72ff23b352851568d1493337e4,0,0,0,0,0,1,0,8,4,1,1,3,1,0,0,0,0,12,0,1.0,0.0,0.0,0.0,0.0,0.0,0.0,0.0,0,0,0.0,1,1,0.7567567567567568,0,0.0,0,0.0,0,0,0,0.0,0.0,0.0,0.0,0.0,0.0,0.0,0.0,0.13115644676245553,0.0,0.0,0.0,0.0,0.0,0.0
A000000255244,라운드랩 자작나무 수분 크림,복합성,de88ee72ff23b352851568d1493337e4,0,0,1,0,0,0,0,8,4,1,1,3,1,0,0,0,0,12,0,1.0,0.0,0.0,0.0,0.0,0.0,0.0,0.0,0,0,0.0,1,1,0.7567567567567568,0,0.0,0,0.0,0,0,0,0.0,0.0,0.0,0.0,0.0,0.0,0.0,0.0,0.0,0.0,0.0,0.0,0.0,0.0,0.0
A000000255244,라운드랩 자작나무 수분 크림,민감성,de88ee72ff23b352851568d1493337e4,0,1,0,0,0,0,0,8,4,1,1,3,1,0,0,0,0,12,0,1.0,0.0,0.0,0.0,0.0,0.0,0.0,0.0,0,0,0.0,1,1,0.7567567567567568,0,0.0,0,0.0,0,0,0,0.0,0.0,0.6736273621134925,0.0,0.0,0.0,0.0,0.0,0.0,0.0,0.0,0.0,0.3233411338144764,0.0,0.0
A000000255244,라운드랩 자작나무 수분 크림,트러블성,de88ee72ff23b352851568d1493337e4,0,0,0,0,0,0,1,8,4,1,1,3,1,0,0,0,0,12,0,1.0,0.0,0.0,0.0,0.0,0.0,0.0,0.0,0,0,0.0,1,1,0.7567567567567568,0,0.0,0,0.0,0,0,0,0.0,0.0,0.0,0.0,0.0,0.0,0.0,0.0,0.0,0.0,0.0,0.0,0.0,0.0,0.0
A000000255244,라운드랩 자작나무 수분 크림,중성,de88ee72ff23b352851568d1493337e4,0,0,0,0,1,0,0,8,4,1,1,3,1,0,0,0,0,12,0,1.0,0.0,0.0,0.0,0.0,0.0,0.0,0.0,0,0,0.0,1,1,0.7567567567567568,0,0.0,0,0.0,0,0,0,0.0,0.0,0.0,0.0,0.0,0.0,0.0,0.0,0.0,0.0,0.0,0.0,0.0,0.0,0.0
A000000255499,쿠피 멜라스마 클리어 트라넥삼산 레몬수 기미크림,건성,c65d957427f9cff6ea08069853066956,1,0,0,0,0,0,0,9,5,2,4,6,7,0,1,1,0,5,2,1.0,0.0,1.0,1.0,1.0,2.0,0.0,0.0,1,1,0.9032258064516129,0,0,0.0,0,0.0,1,0.32258064516129037,0,1,1,0.8199885217475857,0.3333333333333333,0.0,0.0,0.0,0.0,0.0,0.0,0.0,0.0,0.0,0.0,1.0333218550809191,0.0,0.0
A000000255499,쿠피 멜라스마 클리어 트라넥삼산 레몬수 기미크림,약건성,c65d957427f9cff6ea08069853066956,0,0,0,1,0,0,0,9,5,2,4,6,7,0,1,1,0,5,2,1.0,0.0,1.0,1.0,1.0,2.0,0.0,0.0,1,1,0.9032258064516129,0,0,0.0,0,0.0,1,0.32258064516129037,0,1,1,0.8199885217475857,0.3333333333333333,0.0,0.0,0.0,0.0,0.0,0.0,0.0,0.0,0.0,0.0,1.0333218550809191,0.0,0.0
A000000255499,쿠피 멜라스마 클리어 트라넥삼산 레몬수 기미크림,지성,c65d957427f9cff6ea08069853066956,0,0,0,0,0,1,0,9,5,2,4,6,7,0,1,1,0,5,2,1.0,0.0,1.0,1.0,1.0,2.0,0.0,0.0,1,1,0.9032258064516129,0,0,0.0,0,0.0,1,0.32258064516129037,0,1,1,0.0,0.0,0.0,0.0,0.0,0.0,0.9032258064516129,0.4144276144861205,0.26231289352491105,0.0,0.0,0.0,0.7225806451612904,0.0,0.0
A000000255499,쿠피 멜라스마 클리어 트라넥삼산 레몬수 기미크림,복합성,c65d957427f9cff6ea08069853066956,0,0,1,0,0,0,0,9,5,2,4,6,7,0,1,1,0,5,2,1.0,0.0,1.0,1.0,1.0,2.0,0.0,0.0,1,1,0.9032258064516129,0,0,0.0,0,0.0,1,0.32258064516129037,0,1,1,0.0,0.0,0.0,0.0,0.0,0.0,0.0,0.0,0.0,0.0,0.0,0.0,0.0,0.0,0.0
A000000255499,쿠피 멜라스마 클리어 트라넥삼산 레몬수 기미크림,민감성,c65d957427f9cff6ea08069853066956,0,1,0,0,0,0,0,9,5,2,4,6,7,0,1,1,0,5,2,1.0,0.0,1.0,1.0,1.0,2.0,0.0,0.0,1,1,0.9032258064516129,0,0,0.0,0,0.0,1,0.32258064516129037,0,1,1,0.0,0.0,0.9366044669328256,0.0,0.6321205588285577,0.0,0.0,0.0,0.0,0.0,0.0,0.08554821486874875,0.44957014412775625,0.3002996533289436,0.1350057584286084
A000000255499,쿠피 멜라스마 클리어 트라넥삼산 레몬수 기미크림,트러블성,c65d957427f9cff6ea08069853066956,0,0,0,0,0,0,1,9,5,2,4,6,7,0,1,1,0,5,2,1.0,0.0,1.0,1.0,1.0,2.0,0.0,0.0,1,1,0.9032258064516129,0,0,0.0,0,0.0,1,0.32258064516129037,0,1,1,0.0,0.0,0.0,0.0,0.0,0.0,0.0,0.0,0.0,0.0,0.9298734950321937,0.08554821486874875,0.18597469900643876,0.017109642973749752,0.00318196070215074
A000000255499,쿠피 멜라스마 클리어 트라넥삼산 레몬수 기미크림,중성,c65d957427f9cff6ea08069853066956,0,0,0,0,1,0,0,9,5,2,4,6,7,0,1,1,0,5,2,1.0,0.0,1.0,1.0,1.0,2.0,0.0,0.0,1,1,0.9032258064516129,0,0,0.0,0,0.0,1,0.32258064516129037,0,1,1,0.0,0.0,0.0,0.0,0.0,0.0,0.0,0.0,0.0,0.0,0.0,0.0,0.0,0.0,0.0
A000000255625,코스알엑스 더 블루 펩타이드 바쿠치올 플럼프 바운스 크림,건성,469dce545add08b460e876d8b4075535,1,0,0,0,0,0,0,14,4,6,8,2,10,0,0,4,6,0,0,0.0,2.0,2.0,0.0,1.0,0.0,1.0,0.0,1,1,0.9215686274509804,1,0,0.33333333333333337,1,0.07843137254901966,0,0.0,1,1,0,0.9336594099783274,1.0,0.0,0.0,0.0,0.0,0.0,0.0,0.0,0.0,0.0,0.0,1.5736594099783274,0.0,0.0
A000000255625,코스알엑스 더 블루 펩타이드 바쿠치올 플럼프 바운스 크림,약건성,469dce545add08b460e876d8b4075535,0,0,0,1,0,0,0,14,4,6,8,2,10,0,0,4,6,0,0,0.0,2.0,2.0,0.0,1.0,0.0,1.0,0.0,1,1,0.9215686274509804,1,0,0.33333333333333337,1,0.07843137254901966,0,0.0,1,1,0,0.9336594099783274,1.0,0.0,0.0,0.0,0.0,0.0,0.0,0.0,0.0,0.0,0.0,1.5736594099783274,0.0,0.0
A000000255625,코스알엑스 더 블루 펩타이드 바쿠치올 플럼프 바운스 크림,지성,469dce545add08b460e876d8b4075535,0,0,0,0,0,1,0,14,4,6,8,2,10,0,0,4,6,0,0,0.0,2.0,2.0,0.0,1.0,0.0,1.0,0.0,1,1,0.9215686274509804,1,0,0.33333333333333337,1,0.07843137254901966,0,0.0,1,1,0,0.0,0.0,0.0,0.0,0.0,0.0,0.9215686274509804,0.25639747477898106,0.49892842519731495,0.0,0.0,0.0,0.7372549019607844,0.0,0.0
A000000255625,코스알엑스 더 블루 펩타이드 바쿠치올 플럼프 바운스 크림,복합성,469dce545add08b460e876d8b4075535,0,0,1,0,0,0,0,14,4,6,8,2,10,0,0,4,6,0,0,0.0,2.0,2.0,0.0,1.0,0.0,1.0,0.0,1,1,0.9215686274509804,1,0,0.33333333333333337,1,0.07843137254901966,0,0.0,1,1,0,0.0,0.0,0.0,0.0,0.0,0.0,0.0,0.0,0.0,0.0,0.0,0.0,0.0,0.0,0.0
A000000255625,코스알엑스 더 블루 펩타이드 바쿠치올 플럼프 바운스 크림,민감성,469dce545add08b460e876d8b4075535,0,1,0,0,0,0,0,14,4,6,8,2,10,0,0,4,6,0,0,0.0,2.0,2.0,0.0,1.0,0.0,1.0,0.0,1,1,0.9215686274509804,1,0,0.33333333333333337,1,0.07843137254901966,0,0.0,1,1,0,0.0,0.0,0.8529506986669436,0.0,0.0,0.0,0.0,0.0,0.0,0.0,0.0,0.0,0.40941633536013294,0.0,0.0
A000000255625,코스알엑스 더 블루 펩타이드 바쿠치올 플럼프 바운스 크림,트러블성,469dce545add08b460e876d8b4075535,0,0,0,0,0,0,1,14,4,6,8,2,10,0,0,4,6,0,0,0.0,2.0,2.0,0.0,1.0,0.0,1.0,0.0,1,1,0.9215686274509804,1,0,0.33333333333333337,1,0.07843137254901966,0,0.0,1,1,0,0.0,0.0,0.0,0.0,0.0,0.0,0.0,0.0,0.0,1.0,0.0,0.0,0.7,0.0,0.0
A000000255625,코스알엑스 더 블루 펩타이드 바쿠치올 플럼프 바운스 크림,중성,469dce545add08b460e876d8b4075535,0,0,0,0,1,0,0,14,4,6,8,2,10,0,0,4,6,0,0,0.0,2.0,2.0,0.0,1.0,0.0,1.0,0.0,1,1,0.9215686274509804,1,0,0.33333333333333337,1,0.07843137254901966,0,0.0,1,1,0,0.0,0.0,0.0,0.0,0.0,0.0,0.0,0.0,0.0,0.0,0.0,0.0,0.0,0.0,0.0
A000000255677,메디큐브 PDRN 핑크 히알루로닉 수분크림,건성,d98c0d1a2b9dd9b801b76ab442f8138e,1,0,0,0,0,0,0,13,4,2,10,2,8,1,0,1,5,6,1,1.0,1.0,0.0,1.0,1.0,1.0,0.0,0.0,1,1,0.8947368421052632,1,0,0.6491228070175439,1,0.4035087719298246,0,0.0,1,1,0,0.8140232074382826,1.0,0.0,0.0,0.0,0.0,0.0,0.0,0.0,0.0,0.0,0.0,1.4540232074382826,0.0,0.0
A000000255677,메디큐브 PDRN 핑크 히알루로닉 수분크림,약건성,d98c0d1a2b9dd9b801b76ab442f8138e,0,0,0,1,0,0,0,13,4,2,10,2,8,1,0,1,5,6,1,1.0,1.0,0.0,1.0,1.0,1.0,0.0,0.0,1,1,0.8947368421052632,1,0,0.6491228070175439,1,0.4035087719298246,0,0.0,1,1,0,0.8140232074382826,1.0,0.0,0.0,0.0,0.0,0.0,0.0,0.0,0.0,0.0,0.0,1.4540232074382826,0.0,0.0
A000000255677,메디큐브 PDRN 핑크 히알루로닉 수분크림,지성,d98c0d1a2b9dd9b801b76ab442f8138e,0,0,0,0,0,1,0,13,4,2,10,2,8,1,0,1,5,6,1,1.0,1.0,0.0,1.0,1.0,1.0,0.0,0.0,1,1,0.8947368421052632,1,0,0.6491228070175439,1,0.4035087719298246,0,0.0,1,1,0,0.0,0.0,0.0,0.0,0.0,0.0,0.8947368421052632,0.3547648098508227,0.3418632997053081,0.0,0.0,0.0,0.7157894736842105,0.0,0.0
A000000255677,메디큐브 PDRN 핑크 히알루로닉 수분크림,복합성,d98c0d1a2b9dd9b801b76ab442f8138e,0,0,1,0,0,0,0,13,4,2,10,2,8,1,0,1,5,6,1,1.0,1.0,0.0,1.0,1.0,1.0,0.0,0.0,1,1,0.8947368421052632,1,0,0.6491228070175439,1,0.4035087719298246,0,0.0,1,1,0,0.0,0.0,0.0,0.0,0.0,0.0,0.0,0.0,0.0,0.0,0.0,0.0,0.0,0.0,0.0
A000000255677,메디큐브 PDRN 핑크 히알루로닉 수분크림,민감성,d98c0d1a2b9dd9b801b76ab442f8138e,0,1,0,0,0,0,0,13,4,2,10,2,8,1,0,1,5,6,1,1.0,1.0,0.0,1.0,1.0,1.0,0.0,0.0,1,1,0.8947368421052632,1,0,0.6491228070175439,1,0.4035087719298246,0,0.0,1,1,0,0.0,0.0,0.8562907508720434,0.6321205588285577,0.0,0.0,0.0,0.0,0.0,0.0,0.0,0.0,0.41101956041858084,0.5056964470628461,0.20785113137700914
A000000255677,메디큐브 PDRN 핑크 히알루로닉 수분크림,트러블성,d98c0d1a2b9dd9b801b76ab442f8138e,0,0,0,0,0,0,1,13,4,2,10,2,8,1,0,1,5,6,1,1.0,1.0,0.0,1.0,1.0,1.0,0.0,0.0,1,1,0.8947368421052632,1,0,0.6491228070175439,1,0.4035087719298246,0,0.0,1,1,0,0.0,0.0,0.0,0.0,0.0,0.0,0.0,0.0,0.0,1.0,0.0,0.0,0.7,0.0,0.0
A000000255677,메디큐브 PDRN 핑크 히알루로닉 수분크림,중성,d98c0d1a2b9dd9b801b76ab442f8138e,0,0,0,0,1,0,0,13,4,2,10,2,8,1,0,1,5,6,1,1.0,1.0,0.0,1.0,1.0,1.0,0.0,0.0,1,1,0.8947368421052632,1,0,0.6491228070175439,1,0.4035087719298246,0,0.0,1,1,0,0.0,0.0,0.0,0.0,0.0,0.0,0.0,0.0,0.0,0.0,0.0,0.0,0.0,0.0,0.0
A000000255721,동아제약 색소침착 프로 크림제,건성,828608a7d64a4394ad6dd172310ecf37,1,0,0,0,0,0,0,8,8,2,5,1,9,0,0,1,0,0,3,0.0,0.0,1.0,0.0,3.0,2.0,1.0,0.0,1,1,0.9333333333333333,1,0,0.2666666666666667,1,0.19999999999999996,0,0.0,1,0,0,0.8327192985381119,0.6666666666666666,0.0,0.0,0.0,0.0,0.0,0.0,0.0,0.0,0.0,0.0,1.2593859652047785,0.0,0.0
A000000255721,동아제약 색소침착 프로 크림제,약건성,828608a7d64a4394ad6dd172310ecf37,0,0,0,1,0,0,0,8,8,2,5,1,9,0,0,1,0,0,3,0.0,0.0,1.0,0.0,3.0,2.0,1.0,0.0,1,1,0.9333333333333333,1,0,0.2666666666666667,1,0.19999999999999996,0,0.0,1,0,0,0.8327192985381119,0.6666666666666666,0.0,0.0,0.0,0.0,0.0,0.0,0.0,0.0,0.0,0.0,1.2593859652047785,0.0,0.0
A000000255721,동아제약 색소침착 프로 크림제,지성,828608a7d64a4394ad6dd172310ecf37,0,0,0,0,0,1,0,8,8,2,5,1,9,0,0,1,0,0,3,0.0,0.0,1.0,0.0,3.0,2.0,1.0,0.0,1,1,0.9333333333333333,1,0,0.2666666666666667,1,0.19999999999999996,0,0.0,1,0,0,0.0,0.0,0.0,0.0,0.0,0.0,0.9333333333333333,0.5102777393771714,0.13115644676245553,0.0,0.0,0.0,0.7466666666666667,0.0,0.0
A000000255721,동아제약 색소침착 프로 크림제,복합성,828608a7d64a4394ad6dd172310ecf37,0,0,1,0,0,0,0,8,8,2,5,1,9,0,0,1,0,0,3,0.0,0.0,1.0,0.0,3.0,2.0,1.0,0.0,1,1,0.9333333333333333,1,0,0.2666666666666667,1,0.19999999999999996,0,0.0,1,0,0,0.0,0.0,0.0,0.0,0.0,0.0,0.0,0.0,0.0,0.0,0.0,0.0,0.0,0.0,0.0
A000000255721,동아제약 색소침착 프로 크림제,민감성,828608a7d64a4394ad6dd172310ecf37,0,1,0,0,0,0,0,8,8,2,5,1,9,0,0,1,0,0,3,0.0,0.0,1.0,0.0,3.0,2.0,1.0,0.0,1,1,0.9333333333333333,1,0,0.2666666666666667,1,0.19999999999999996,0,0.0,1,0,0,0.0,0.0,0.7121494144931567,0.0,0.0,0.0,0.0,0.0,0.0,0.0,0.0,0.0,0.3418317189567152,0.0,0.0
A000000255721,동아제약 색소침착 프로 크림제,트러블성,828608a7d64a4394ad6dd172310ecf37,0,0,0,0,0,0,1,8,8,2,5,1,9,0,0,1,0,0,3,0.0,0.0,1.0,0.0,3.0,2.0,1.0,0.0,1,1,0.9333333333333333,1,0,0.2666666666666667,1,0.19999999999999996,0,0.0,1,0,0,0.0,0.0,0.0,0.0,0.0,0.0,0.0,0.0,0.0,1.0,0.0,0.0,0.7,0.0,0.0
A000000255721,동아제약 색소침착 프로 크림제,중성,828608a7d64a4394ad6dd172310ecf37,0,0,0,0,1,0,0,8,8,2,5,1,9,0,0,1,0,0,3,0.0,0.0,1.0,0.0,3.0,2.0,1.0,0.0,1,1,0.9333333333333333,1,0,0.2666666666666667,1,0.19999999999999996,0,0.0,1,0,0,0.0,0.0,0.0,0.0,0.0,0.0,0.0,0.0,0.0,0.0,0.0,0.0,0.0,0.0,0.0
A000000255752,닥터지 레드블레미쉬 클리어 수딩크림 EX,건성,e0552194492bef7197785efb3b3393fb,1,0,0,0,0,0,0,8,5,2,4,10,2,0,0,0,0,5,0,2.0,0.0,0.0,1.0,0.0,0.0,0.0,0.0,1,1,0.9069767441860466,1,0,0.5813953488372092,1,0.046511627906976716,0,0.0,0,0,0,0.8142832375796794,0.3333333333333333,0.0,0.0,0.0,0.0,0.0,0.0,0.0,0.0,0.0,0.0,1.0276165709130127,0.0,0.0
A000000255752,닥터지 레드블레미쉬 클리어 수딩크림 EX,약건성,e0552194492bef7197785efb3b3393fb,0,0,0,1,0,0,0,8,5,2,4,10,2,0,0,0,0,5,0,2.0,0.0,0.0,1.0,0.0,0.0,0.0,0.0,1,1,0.9069767441860466,1,0,0.5813953488372092,1,0.046511627906976716,0,0.0,0,0,0,0.8142832375796794,0.3333333333333333,0.0,0.0,0.0,0.0,0.0,0.0,0.0,0.0,0.0,0.0,1.0276165709130127,0.0,0.0
A000000255752,닥터지 레드블레미쉬 클리어 수딩크림 EX,지성,e0552194492bef7197785efb3b3393fb,0,0,0,0,0,1,0,8,5,2,4,10,2,0,0,0,0,5,0,2.0,0.0,0.0,1.0,0.0,0.0,0.0,0.0,1,1,0.9069767441860466,1,0,0.5813953488372092,1,0.046511627906976716,0,0.0,0,0,0,0.0,0.0,0.0,0.0,0.0,0.0,0.9069767441860466,0.15803013970713942,0.21070685294285255,0.0,0.0,0.0,0.7255813953488373,0.0,0.0
A000000255752,닥터지 레드블레미쉬 클리어 수딩크림 EX,복합성,e0552194492bef7197785efb3b3393fb,0,0,1,0,0,0,0,8,5,2,4,10,2,0,0,0,0,5,0,2.0,0.0,0.0,1.0,0.0,0.0,0.0,0.0,1,1,0.9069767441860466,1,0,0.5813953488372092,1,0.046511627906976716,0,0.0,0,0,0,0.0,0.0,0.0,0.0,0.0,0.0,0.0,0.0,0.0,0.0,0.0,0.0,0.0,0.0,0.0
A000000255752,닥터지 레드블레미쉬 클리어 수딩크림 EX,민감성,e0552194492bef7197785efb3b3393fb,0,1,0,0,0,0,0,8,5,2,4,10,2,0,0,0,0,5,0,2.0,0.0,0.0,1.0,0.0,0.0,0.0,0.0,1,1,0.9069767441860466,1,0,0.5813953488372092,1,0.046511627906976716,0,0.0,0,0,0,0.0,0.0,0.9505402842611108,0.0,0.0,0.0,0.0,0.0,0.0,0.0,0.0,0.0,0.4562593364453332,0.0,0.0
A000000255752,닥터지 레드블레미쉬 클리어 수딩크림 EX,트러블성,e0552194492bef7197785efb3b3393fb,0,0,0,0,0,0,1,8,5,2,4,10,2,0,0,0,0,5,0,2.0,0.0,0.0,1.0,0.0,0.0,0.0,0.0,1,1,0.9069767441860466,1,0,0.5813953488372092,1,0.046511627906976716,0,0.0,0,0,0,0.0,0.0,0.0,0.0,0.0,0.0,0.0,0.0,0.0,1.0,0.0,0.0,0.7,0.0,0.0
A000000255752,닥터지 레드블레미쉬 클리어 수딩크림 EX,중성,e0552194492bef7197785efb3b3393fb,0,0,0,0,1,0,0,8,5,2,4,10,2,0,0,0,0,5,0,2.0,0.0,0.0,1.0,0.0,0.0,0.0,0.0,1,1,0.9069767441860466,1,0,0.5813953488372092,1,0.046511627906976716,0,0.0,0,0,0,0.0,0.0,0.0,0.0,0.0,0.0,0.0,0.0,0.0,0.0,0.0,0.0,0.0,0.0,0.0
A000000255827,동국제약 멜라-셋 기미 토닝 크림,건성,ef86e0a5d6511be16909cd87ca691572,1,0,0,0,0,0,0,7,5,4,5,5,7,0,0,3,0,4,0,2.0,1.0,2.0,0.0,1.0,0.0,0.0,0.0,1,0,0.39622641509433965,1,0,0.5283018867924528,0,0.0,0,0.0,0,0,0,0.894919172561357,0.0,0.0,0.0,0.0,0.0,0.0,0.0,0.0,0.0,0.0,0.0,0.894919172561357,0.0,0.0
A000000255827,동국제약 멜라-셋 기미 토닝 크림,약건성,ef86e0a5d6511be16909cd87ca691572,0,0,0,1,0,0,0,7,5,4,5,5,7,0,0,3,0,4,0,2.0,1.0,2.0,0.0,1.0,0.0,0.0,0.0,1,0,0.39622641509433965,1,0,0.5283018867924528,0,0.0,0,0.0,0,0,0,0.894919172561357,0.0,0.0,0.0,0.0,0.0,0.0,0.0,0.0,0.0,0.0,0.0,0.894919172561357,0.0,0.0
A000000255827,동국제약 멜라-셋 기미 토닝 크림,지성,ef86e0a5d6511be16909cd87ca691572,0,0,0,0,0,1,0,7,5,4,5,5,7,0,0,3,0,4,0,2.0,1.0,2.0,0.0,1.0,0.0,0.0,0.0,1,0,0.39622641509433965,1,0,0.5283018867924528,0,0.0,0,0.0,0,0,0,0.0,0.0,0.0,0.0,0.0,0.0,0.39622641509433965,0.09836733507184164,0.6321205588285577,0.0,0.0,0.0,0.31698113207547174,0.0,0.0
A000000255827,동국제약 멜라-셋 기미 토닝 크림,복합성,ef86e0a5d6511be16909cd87ca691572,0,0,1,0,0,0,0,7,5,4,5,5,7,0,0,3,0,4,0,2.0,1.0,2.0,0.0,1.0,0.0,0.0,0.0,1,0,0.39622641509433965,1,0,0.5283018867924528,0,0.0,0,0.0,0,0,0,0.0,0.0,0.0,0.0,0.0,0.0,0.0,0.0,0.0,0.0,0.0,0.0,0.0,0.0,0.0
A000000255827,동국제약 멜라-셋 기미 토닝 크림,민감성,ef86e0a5d6511be16909cd87ca691572,0,1,0,0,0,0,0,7,5,4,5,5,7,0,0,3,0,4,0,2.0,1.0,2.0,0.0,1.0,0.0,0.0,0.0,1,0,0.39622641509433965,1,0,0.5283018867924528,0,0.0,0,0.0,0,0,0,0.0,0.0,0.9444993100863363,0.0,0.0,0.0,0.0,0.0,0.0,0.0,0.0,0.0,0.4533596688414414,0.0,0.0
A000000255827,동국제약 멜라-셋 기미 토닝 크림,트러블성,ef86e0a5d6511be16909cd87ca691572,0,0,0,0,0,0,1,7,5,4,5,5,7,0,0,3,0,4,0,2.0,1.0,2.0,0.0,1.0,0.0,0.0,0.0,1,0,0.39622641509433965,1,0,0.5283018867924528,0,0.0,0,0.0,0,0,0,0.0,0.0,0.0,0.0,0.0,0.0,0.0,0.0,0.0,0.0,0.0,0.0,0.0,0.0,0.0
A000000255827,동국제약 멜라-셋 기미 토닝 크림,중성,ef86e0a5d6511be16909cd87ca691572,0,0,0,0,1,0,0,7,5,4,5,5,7,0,0,3,0,4,0,2.0,1.0,2.0,0.0,1.0,0.0,0.0,0.0,1,0,0.39622641509433965,1,0,0.5283018867924528,0,0.0,0,0.0,0,0,0,0.0,0.0,0.0,0.0,0.0,0.0,0.0,0.0,0.0,0.0,0.0,0.0,0.0,0.0,0.0
A000000255828,센텔리안24 마데카 수분크림 하이드라 카밍,건성,6e26ea5cd33ed1e05e142203ae084e61,1,0,0,0,0,0,0,25,6,3,12,14,4,2,0,3,1,10,6,1.0,0.0,2.0,0.0,4.0,2.0,1.0,3.0,1,1,0.9431818181818182,1,1,0.8977272727272727,1,0.34090909090909094,0,0.0,1,1,0,0.9036944145441954,1.0,0.0,0.0,0.0,0.0,0.0,0.0,0.0,0.0,0.0,0.0,1.5436944145441953,0.0,0.0
A000000255828,센텔리안24 마데카 수분크림 하이드라 카밍,약건성,6e26ea5cd33ed1e05e142203ae084e61,0,0,0,1,0,0,0,25,6,3,12,14,4,2,0,3,1,10,6,1.0,0.0,2.0,0.0,4.0,2.0,1.0,3.0,1,1,0.9431818181818182,1,1,0.8977272727272727,1,0.34090909090909094,0,0.0,1,1,0,0.9036944145441954,1.0,0.0,0.0,0.0,0.0,0.0,0.0,0.0,0.0,0.0,0.0,1.5436944145441953,0.0,0.0
A000000255828,센텔리안24 마데카 수분크림 하이드라 카밍,지성,6e26ea5cd33ed1e05e142203ae084e61,0,0,0,0,0,1,0,25,6,3,12,14,4,2,0,3,1,10,6,1.0,0.0,2.0,0.0,4.0,2.0,1.0,3.0,1,1,0.9431818181818182,1,1,0.8977272727272727,1,0.34090909090909094,0,0.0,1,1,0,0.0,0.0,0.0,0.0,0.0,0.0,0.9431818181818182,0.5322264586051256,0.3418632997053081,0.0,0.0,0.0,0.7545454545454546,0.0,0.0
A000000255828,센텔리안24 마데카 수분크림 하이드라 카밍,복합성,6e26ea5cd33ed1e05e142203ae084e61,0,0,1,0,0,0,0,25,6,3,12,14,4,2,0,3,1,10,6,1.0,0.0,2.0,0.0,4.0,2.0,1.0,3.0,1,1,0.9431818181818182,1,1,0.8977272727272727,1,0.34090909090909094,0,0.0,1,1,0,0.0,0.0,0.0,0.0,0.0,0.0,0.0,0.0,0.0,0.0,0.0,0.0,0.0,0.0,0.0
A000000255828,센텔리안24 마데카 수분크림 하이드라 카밍,민감성,6e26ea5cd33ed1e05e142203ae084e61,0,1,0,0,0,0,0,25,6,3,12,14,4,2,0,3,1,10,6,1.0,0.0,2.0,0.0,4.0,2.0,1.0,3.0,1,1,0.9431818181818182,1,1,0.8977272727272727,1,0.34090909090909094,0,0.0,1,1,0,0.0,0.0,0.9988692639803554,0.8646647167633873,0.0,0.950212931632136,0.0,0.0,0.0,0.0,0.0,0.0,0.47945724671057055,0.9653930977207651,0.4628647166265868
A000000255828,센텔리안24 마데카 수분크림 하이드라 카밍,트러블성,6e26ea5cd33ed1e05e142203ae084e61,0,0,0,0,0,0,1,25,6,3,12,14,4,2,0,3,1,10,6,1.0,0.0,2.0,0.0,4.0,2.0,1.0,3.0,1,1,0.9431818181818182,1,1,0.8977272727272727,1,0.34090909090909094,0,0.0,1,1,0,0.0,0.0,0.0,0.0,0.0,0.0,0.0,0.0,0.0,1.0,0.0,0.0,0.7,0.0,0.0
A000000255828,센텔리안24 마데카 수분크림 하이드라 카밍,중성,6e26ea5cd33ed1e05e142203ae084e61,0,0,0,0,1,0,0,25,6,3,12,14,4,2,0,3,1,10,6,1.0,0.0,2.0,0.0,4.0,2.0,1.0,3.0,1,1,0.9431818181818182,1,1,0.8977272727272727,1,0.34090909090909094,0,0.0,1,1,0,0.0,0.0,0.0,0.0,0.0,0.0,0.0,0.0,0.0,0.0,0.0,0.0,0.0,0.0,0.0
A000000255949,헤브블루 살몬 케어링 센텔라 크림,건성,fedfb00d379b64631faf8d22b94b2c3a,1,0,0,0,0,0,0,11,2,1,1,4,3,0,0,1,0,4,1,0.0,1.0,0.0,0.0,0.0,1.0,0.0,0.0,0,0,0.0,1,0,0.45945945945945943,0,0.0,0,0.0,0,0,0,0.6234788764358508,0.0,0.0,0.0,0.0,0.0,0.0,0.0,0.0,0.0,0.0,0.0,0.6234788764358508,0.0,0.0
A000000255949,헤브블루 살몬 케어링 센텔라 크림,약건성,fedfb00d379b64631faf8d22b94b2c3a,0,0,0,1,0,0,0,11,2,1,1,4,3,0,0,1,0,4,1,0.0,1.0,0.0,0.0,0.0,1.0,0.0,0.0,0,0,0.0,1,0,0.45945945945945943,0,0.0,0,0.0,0,0,0,0.6234788764358508,0.0,0.0,0.0,0.0,0.0,0.0,0.0,0.0,0.0,0.0,0.0,0.6234788764358508,0.0,0.0
A000000255949,헤브블루 살몬 케어링 센텔라 크림,지성,fedfb00d379b64631faf8d22b94b2c3a,0,0,0,0,0,1,0,11,2,1,1,4,3,0,0,1,0,4,1,0.0,1.0,0.0,0.0,0.0,1.0,0.0,0.0,0,0,0.0,1,0,0.45945945945945943,0,0.0,0,0.0,0,0,0,0.0,0.0,0.0,0.0,0.0,0.0,0.0,0.09836733507184164,0.21070685294285255,0.0,0.0,0.0,0.0,0.0,0.0
A000000255949,헤브블루 살몬 케어링 센텔라 크림,복합성,fedfb00d379b64631faf8d22b94b2c3a,0,0,1,0,0,0,0,11,2,1,1,4,3,0,0,1,0,4,1,0.0,1.0,0.0,0.0,0.0,1.0,0.0,0.0,0,0,0.0,1,0,0.45945945945945943,0,0.0,0,0.0,0,0,0,0.0,0.0,0.0,0.0,0.0,0.0,0.0,0.0,0.0,0.0,0.0,0.0,0.0,0.0,0.0
A000000255949,헤브블루 살몬 케어링 센텔라 크림,민감성,fedfb00d379b64631faf8d22b94b2c3a,0,1,0,0,0,0,0,11,2,1,1,4,3,0,0,1,0,4,1,0.0,1.0,0.0,0.0,0.0,1.0,0.0,0.0,0,0,0.0,1,0,0.45945945945945943,0,0.0,0,0.0,0,0,0,0.0,0.0,0.6981030652663972,0.0,0.0,0.0,0.0,0.0,0.0,0.0,0.0,0.0,0.33508947132787065,0.0,0.0
A000000255949,헤브블루 살몬 케어링 센텔라 크림,트러블성,fedfb00d379b64631faf8d22b94b2c3a,0,0,0,0,0,0,1,11,2,1,1,4,3,0,0,1,0,4,1,0.0,1.0,0.0,0.0,0.0,1.0,0.0,0.0,0,0,0.0,1,0,0.45945945945945943,0,0.0,0,0.0,0,0,0,0.0,0.0,0.0,0.0,0.0,0.0,0.0,0.0,0.0,0.0,0.0,0.0,0.0,0.0,0.0
A000000255949,헤브블루 살몬 케어링 센텔라 크림,중성,fedfb00d379b64631faf8d22b94b2c3a,0,0,0,0,1,0,0,11,2,1,1,4,3,0,0,1,0,4,1,0.0,1.0,0.0,0.0,0.0,1.0,0.0,0.0,0,0,0.0,1,0,0.45945945945945943,0,0.0,0,0.0,0,0,0,0.0,0.0,0.0,0.0,0.0,0.0,0.0,0.0,0.0,0.0,0.0,0.0,0.0,0.0,0.0
A000000255981,제로이드 핌프로브 레드 컨트롤 크림 pH4,건성,7de131b65587c0ca720e9462addaae1c,1,0,0,0,0,0,0,4,5,2,1,0,1,0,0,1,0,0,1,0.0,0.0,1.0,0.0,2.0,1.0,1.0,0.0,0,0,0.0,0,0,0.0,0,0.0,0,0.0,0,1,0,0.7531924364425228,0.3333333333333333,0.0,0.0,0.0,0.0,0.0,0.0,0.0,0.0,0.0,0.0,0.966525769775856,0.0,0.0
A000000255981,제로이드 핌프로브 레드 컨트롤 크림 pH4,약건성,7de131b65587c0ca720e9462addaae1c,0,0,0,1,0,0,0,4,5,2,1,0,1,0,0,1,0,0,1,0.0,0.0,1.0,0.0,2.0,1.0,1.0,0.0,0,0,0.0,0,0,0.0,0,0.0,0,0.0,0,1,0,0.7531924364425228,0.3333333333333333,0.0,0.0,0.0,0.0,0.0,0.0,0.0,0.0,0.0,0.0,0.966525769775856,0.0,0.0
A000000255981,제로이드 핌프로브 레드 컨트롤 크림 pH4,지성,7de131b65587c0ca720e9462addaae1c,0,0,0,0,0,1,0,4,5,2,1,0,1,0,0,1,0,0,1,0.0,0.0,1.0,0.0,2.0,1.0,1.0,0.0,0,0,0.0,0,0,0.0,0,0.0,0,0.0,0,1,0,0.0,0.0,0.0,0.0,0.0,0.0,0.0,0.4144276144861205,0.13115644676245553,0.0,0.0,0.0,0.0,0.0,0.0
A000000255981,제로이드 핌프로브 레드 컨트롤 크림 pH4,복합성,7de131b65587c0ca720e9462addaae1c,0,0,1,0,0,0,0,4,5,2,1,0,1,0,0,1,0,0,1,0.0,0.0,1.0,0.0,2.0,1.0,1.0,0.0,0,0,0.0,0,0,0.0,0,0.0,0,0.0,0,1,0,0.0,0.0,0.0,0.0,0.0,0.0,0.0,0.0,0.0,0.0,0.0,0.0,0.0,0.0,0.0
A000000255981,제로이드 핌프로브 레드 컨트롤 크림 pH4,민감성,7de131b65587c0ca720e9462addaae1c,0,1,0,0,0,0,0,4,5,2,1,0,1,0,0,1,0,0,1,0.0,0.0,1.0,0.0,2.0,1.0,1.0,0.0,0,0,0.0,0,0,0.0,0,0.0,0,0.0,0,1,0,0.0,0.0,0.0,0.0,0.0,0.0,0.0,0.0,0.0,0.0,0.0,0.0,0.0,0.0,0.0
A000000255981,제로이드 핌프로브 레드 컨트롤 크림 pH4,트러블성,7de131b65587c0ca720e9462addaae1c,0,0,0,0,0,0,1,4,5,2,1,0,1,0,0,1,0,0,1,0.0,0.0,1.0,0.0,2.0,1.0,1.0,0.0,0,0,0.0,0,0,0.0,0,0.0,0,0.0,0,1,0,0.0,0.0,0.0,0.0,0.0,0.0,0.0,0.0,0.0,0.0,0.0,0.0,0.0,0.0,0.0
A000000255981,제로이드 핌프로브 레드 컨트롤 크림 pH4,중성,7de131b65587c0ca720e9462addaae1c,0,0,0,0,1,0,0,4,5,2,1,0,1,0,0,1,0,0,1,0.0,0.0,1.0,0.0,2.0,1.0,1.0,0.0,0,0,0.0,0,0,0.0,0,0.0,0,0.0,0,1,0,0.0,0.0,0.0,0.0,0.0,0.0,0.0,0.0,0.0,0.0,0.0,0.0,0.0,0.0,0.0
A000000256048,토리든 다이브인 저분자 히알루론산 수딩 크림,건성,e7f76d8f110b81f125db6c0e1d635f08,1,0,0,0,0,0,0,12,2,1,2,5,1,0,0,1,0,9,0,0.0,1.0,0.0,0.0,1.0,0.0,0.0,0.0,0,0,0.0,1,1,0.85,0,0.0,0,0.0,0,0,0,0.6250204515756583,0.0,0.0,0.0,0.0,0.0,0.0,0.0,0.0,0.0,0.0,0.0,0.6250204515756583,0.0,0.0
A000000256048,토리든 다이브인 저분자 히알루론산 수딩 크림,약건성,e7f76d8f110b81f125db6c0e1d635f08,0,0,0,1,0,0,0,12,2,1,2,5,1,0,0,1,0,9,0,0.0,1.0,0.0,0.0,1.0,0.0,0.0,0.0,0,0,0.0,1,1,0.85,0,0.0,0,0.0,0,0,0,0.6250204515756583,0.0,0.0,0.0,0.0,0.0,0.0,0.0,0.0,0.0,0.0,0.0,0.6250204515756583,0.0,0.0
A000000256048,토리든 다이브인 저분자 히알루론산 수딩 크림,지성,e7f76d8f110b81f125db6c0e1d635f08,0,0,0,0,0,1,0,12,2,1,2,5,1,0,0,1,0,9,0,0.0,1.0,0.0,0.0,1.0,0.0,0.0,0.0,0,0,0.0,1,1,0.85,0,0.0,0,0.0,0,0,0,0.0,0.0,0.0,0.0,0.0,0.0,0.0,0.09836733507184164,0.21070685294285255,0.0,0.0,0.0,0.0,0.0,0.0
A000000256048,토리든 다이브인 저분자 히알루론산 수딩 크림,복합성,e7f76d8f110b81f125db6c0e1d635f08,0,0,1,0,0,0,0,12,2,1,2,5,1,0,0,1,0,9,0,0.0,1.0,0.0,0.0,1.0,0.0,0.0,0.0,0,0,0.0,1,1,0.85,0,0.0,0,0.0,0,0,0,0.0,0.0,0.0,0.0,0.0,0.0,0.0,0.0,0.0,0.0,0.0,0.0,0.0,0.0,0.0
A000000256048,토리든 다이브인 저분자 히알루론산 수딩 크림,민감성,e7f76d8f110b81f125db6c0e1d635f08,0,1,0,0,0,0,0,12,2,1,2,5,1,0,0,1,0,9,0,0.0,1.0,0.0,0.0,1.0,0.0,0.0,0.0,0,0,0.0,1,1,0.85,0,0.0,0,0.0,0,0,0,0.0,0.0,0.8340667228748998,0.0,0.0,0.0,0.0,0.0,0.0,0.0,0.0,0.0,0.40035202697995187,0.0,0.0
A000000256048,토리든 다이브인 저분자 히알루론산 수딩 크림,트러블성,e7f76d8f110b81f125db6c0e1d635f08,0,0,0,0,0,0,1,12,2,1,2,5,1,0,0,1,0,9,0,0.0,1.0,0.0,0.0,1.0,0.0,0.0,0.0,0,0,0.0,1,1,0.85,0,0.0,0,0.0,0,0,0,0.0,0.0,0.0,0.0,0.0,0.0,0.0,0.0,0.0,0.0,0.0,0.0,0.0,0.0,0.0
A000000256048,토리든 다이브인 저분자 히알루론산 수딩 크림,중성,e7f76d8f110b81f125db6c0e1d635f08,0,0,0,0,1,0,0,12,2,1,2,5,1,0,0,1,0,9,0,0.0,1.0,0.0,0.0,1.0,0.0,0.0,0.0,0,0,0.0,1,1,0.85,0,0.0,0,0.0,0,0,0,0.0,0.0,0.0,0.0,0.0,0.0,0.0,0.0,0.0,0.0,0.0,0.0,0.0,0.0,0.0
A000000256050,토리든 밸런스풀 시카 진정 크림,건성,41e14398f0a362ce2ca453f35662a2d1,1,0,0,0,0,0,0,7,2,0,1,7,2,0,1,0,1,6,0,0.0,0.0,0.0,0.0,1.0,0.0,0.0,0.0,0,0,0.0,1,1,0.8837209302325582,0,0.0,1,0.2558139534883721,0,0,1,0.0,0.0,0.0,0.0,0.0,0.0,0.0,0.0,0.0,0.0,0.0,0.0,0.0,0.0,0.0
A000000256050,토리든 밸런스풀 시카 진정 크림,약건성,41e14398f0a362ce2ca453f35662a2d1,0,0,0,1,0,0,0,7,2,0,1,7,2,0,1,0,1,6,0,0.0,0.0,0.0,0.0,1.0,0.0,0.0,0.0,0,0,0.0,1,1,0.8837209302325582,0,0.0,1,0.2558139534883721,0,0,1,0.0,0.0,0.0,0.0,0.0,0.0,0.0,0.0,0.0,0.0,0.0,0.0,0.0,0.0,0.0
A000000256050,토리든 밸런스풀 시카 진정 크림,지성,41e14398f0a362ce2ca453f35662a2d1,0,0,0,0,0,1,0,7,2,0,1,7,2,0,1,0,1,6,0,0.0,0.0,0.0,0.0,1.0,0.0,0.0,0.0,0,0,0.0,1,1,0.8837209302325582,0,0.0,1,0.2558139534883721,0,0,1,0.0,0.0,0.0,0.0,0.0,0.0,0.0,0.09836733507184164,0.0,0.0,0.0,0.0,0.0,0.0,0.0
A000000256050,토리든 밸런스풀 시카 진정 크림,복합성,41e14398f0a362ce2ca453f35662a2d1,0,0,1,0,0,0,0,7,2,0,1,7,2,0,1,0,1,6,0,0.0,0.0,0.0,0.0,1.0,0.0,0.0,0.0,0,0,0.0,1,1,0.8837209302325582,0,0.0,1,0.2558139534883721,0,0,1,0.0,0.0,0.0,0.0,0.0,0.0,0.0,0.0,0.0,0.0,0.0,0.0,0.0,0.0,0.0
A000000256050,토리든 밸런스풀 시카 진정 크림,민감성,41e14398f0a362ce2ca453f35662a2d1,0,1,0,0,0,0,0,7,2,0,1,7,2,0,1,0,1,6,0,0.0,0.0,0.0,0.0,1.0,0.0,0.0,0.0,0,0,0.0,1,1,0.8837209302325582,0,0.0,1,0.2558139534883721,0,0,1,0.0,0.0,0.7253229449904468,0.0,0.6321205588285577,0.0,0.0,0.0,0.0,0.0,0.0,0.3834004995642036,0.34815501359541445,0.3598701102680346,0.12529058313295088
A000000256050,토리든 밸런스풀 시카 진정 크림,트러블성,41e14398f0a362ce2ca453f35662a2d1,0,0,0,0,0,0,1,7,2,0,1,7,2,0,1,0,1,6,0,0.0,0.0,0.0,0.0,1.0,0.0,0.0,0.0,0,0,0.0,1,1,0.8837209302325582,0,0.0,1,0.2558139534883721,0,0,1,0.0,0.0,0.0,0.0,0.0,0.0,0.0,0.0,0.0,0.0,0.6272713450233213,0.3834004995642036,0.12545426900466425,0.07668009991284072,0.009619845881770051
A000000256050,토리든 밸런스풀 시카 진정 크림,중성,41e14398f0a362ce2ca453f35662a2d1,0,0,0,0,1,0,0,7,2,0,1,7,2,0,1,0,1,6,0,0.0,0.0,0.0,0.0,1.0,0.0,0.0,0.0,0,0,0.0,1,1,0.8837209302325582,0,0.0,1,0.2558139534883721,0,0,1,0.0,0.0,0.0,0.0,0.0,0.0,0.0,0.0,0.0,0.0,0.0,0.0,0.0,0.0,0.0
A000000256802,웰라쥬 리얼 히알루로닉 수딩 크림,건성,b61f5019ae9eaceefb6372fc0107b757,1,0,0,0,0,0,0,14,3,2,3,2,4,0,0,2,0,2,0,1.0,1.0,1.0,0.0,1.0,0.0,0.0,0.0,1,1,0.9230769230769231,1,1,0.8846153846153846,0,0.0,0,0.0,0,0,0,0.7864690675494375,0.0,0.0,0.0,0.0,0.0,0.0,0.0,0.0,0.0,0.0,0.0,0.7864690675494375,0.0,0.0
A000000256802,웰라쥬 리얼 히알루로닉 수딩 크림,약건성,b61f5019ae9eaceefb6372fc0107b757,0,0,0,1,0,0,0,14,3,2,3,2,4,0,0,2,0,2,0,1.0,1.0,1.0,0.0,1.0,0.0,0.0,0.0,1,1,0.9230769230769231,1,1,0.8846153846153846,0,0.0,0,0.0,0,0,0,0.7864690675494375,0.0,0.0,0.0,0.0,0.0,0.0,0.0,0.0,0.0,0.0,0.0,0.7864690675494375,0.0,0.0
A000000256802,웰라쥬 리얼 히알루로닉 수딩 크림,지성,b61f5019ae9eaceefb6372fc0107b757,0,0,0,0,0,1,0,14,3,2,3,2,4,0,0,2,0,2,0,1.0,1.0,1.0,0.0,1.0,0.0,0.0,0.0,1,1,0.9230769230769231,1,1,0.8846153846153846,0,0.0,0,0.0,0,0,0,0.0,0.0,0.0,0.0,0.0,0.0,0.9230769230769231,0.09836733507184164,0.4730197464677636,0.0,0.0,0.0,0.7384615384615385,0.0,0.0
A000000256802,웰라쥬 리얼 히알루로닉 수딩 크림,복합성,b61f5019ae9eaceefb6372fc0107b757,0,0,1,0,0,0,0,14,3,2,3,2,4,0,0,2,0,2,0,1.0,1.0,1.0,0.0,1.0,0.0,0.0,0.0,1,1,0.9230769230769231,1,1,0.8846153846153846,0,0.0,0,0.0,0,0,0,0.0,0.0,0.0,0.0,0.0,0.0,0.0,0.0,0.0,0.0,0.0,0.0,0.0,0.0,0.0
A000000256802,웰라쥬 리얼 히알루로닉 수딩 크림,민감성,b61f5019ae9eaceefb6372fc0107b757,0,1,0,0,0,0,0,14,3,2,3,2,4,0,0,2,0,2,0,1.0,1.0,1.0,0.0,1.0,0.0,0.0,0.0,1,1,0.9230769230769231,1,1,0.8846153846153846,0,0.0,0,0.0,0,0,0,0.0,0.0,0.7889498396298451,0.0,0.0,0.0,0.0,0.0,0.0,0.0,0.0,0.0,0.37869592302232563,0.0,0.0
A000000256802,웰라쥬 리얼 히알루로닉 수딩 크림,트러블성,b61f5019ae9eaceefb6372fc0107b757,0,0,0,0,0,0,1,14,3,2,3,2,4,0,0,2,0,2,0,1.0,1.0,1.0,0.0,1.0,0.0,0.0,0.0,1,1,0.9230769230769231,1,1,0.8846153846153846,0,0.0,0,0.0,0,0,0,0.0,0.0,0.0,0.0,0.0,0.0,0.0,0.0,0.0,0.0,0.0,0.0,0.0,0.0,0.0
A000000256802,웰라쥬 리얼 히알루로닉 수딩 크림,중성,b61f5019ae9eaceefb6372fc0107b757,0,0,0,0,1,0,0,14,3,2,3,2,4,0,0,2,0,2,0,1.0,1.0,1.0,0.0,1.0,0.0,0.0,0.0,1,1,0.9230769230769231,1,1,0.8846153846153846,0,0.0,0,0.0,0,0,0,0.0,0.0,0.0,0.0,0.0,0.0,0.0,0.0,0.0,0.0,0.0,0.0,0.0,0.0,0.0
A000000257128,구달 어성초 히알루론 수딩 크림,건성,a519675d4f55515f966dac909069c204,1,0,0,0,0,0,0,23,3,2,12,5,1,0,0,2,0,5,4,0.0,1.0,1.0,0.0,1.0,3.0,0.0,1.0,0,0,0.0,1,0,0.5,1,0.44999999999999996,0,0.0,1,1,0,0.788826698000027,1.0,0.0,0.0,0.0,0.0,0.0,0.0,0.0,0.0,0.0,0.0,1.428826698000027,0.0,0.0
A000000257128,구달 어성초 히알루론 수딩 크림,약건성,a519675d4f55515f966dac909069c204,0,0,0,1,0,0,0,23,3,2,12,5,1,0,0,2,0,5,4,0.0,1.0,1.0,0.0,1.0,3.0,0.0,1.0,0,0,0.0,1,0,0.5,1,0.44999999999999996,0,0.0,1,1,0,0.788826698000027,1.0,0.0,0.0,0.0,0.0,0.0,0.0,0.0,0.0,0.0,0.0,1.428826698000027,0.0,0.0
A000000257128,구달 어성초 히알루론 수딩 크림,지성,a519675d4f55515f966dac909069c204,0,0,0,0,0,1,0,23,3,2,12,5,1,0,0,2,0,5,4,0.0,1.0,1.0,0.0,1.0,3.0,0.0,1.0,0,0,0.0,1,0,0.5,1,0.44999999999999996,0,0.0,1,1,0,0.0,0.0,0.0,0.0,0.0,0.0,0.0,0.2925847950347342,0.3418632997053081,0.0,0.0,0.0,0.0,0.0,0.0
A000000257128,구달 어성초 히알루론 수딩 크림,복합성,a519675d4f55515f966dac909069c204,0,0,1,0,0,0,0,23,3,2,12,5,1,0,0,2,0,5,4,0.0,1.0,1.0,0.0,1.0,3.0,0.0,1.0,0,0,0.0,1,0,0.5,1,0.44999999999999996,0,0.0,1,1,0,0.0,0.0,0.0,0.0,0.0,0.0,0.0,0.0,0.0,0.0,0.0,0.0,0.0,0.0,0.0
A000000257128,구달 어성초 히알루론 수딩 크림,민감성,a519675d4f55515f966dac909069c204,0,1,0,0,0,0,0,23,3,2,12,5,1,0,0,2,0,5,4,0.0,1.0,1.0,0.0,1.0,3.0,0.0,1.0,0,0,0.0,1,0,0.5,1,0.44999999999999996,0,0.0,1,1,0,0.0,0.0,0.9710498844518647,0.0,0.0,0.6321205588285577,0.0,0.0,0.0,0.0,0.0,0.0,0.466103944536895,0.1820507209426246,0.08485455913714285
A000000257128,구달 어성초 히알루론 수딩 크림,트러블성,a519675d4f55515f966dac909069c204,0,0,0,0,0,0,1,23,3,2,12,5,1,0,0,2,0,5,4,0.0,1.0,1.0,0.0,1.0,3.0,0.0,1.0,0,0,0.0,1,0,0.5,1,0.44999999999999996,0,0.0,1,1,0,0.0,0.0,0.0,0.0,0.0,0.0,0.0,0.0,0.0,0.0,0.0,0.0,0.0,0.0,0.0
A000000257128,구달 어성초 히알루론 수딩 크림,중성,a519675d4f55515f966dac909069c204,0,0,0,0,1,0,0,23,3,2,12,5,1,0,0,2,0,5,4,0.0,1.0,1.0,0.0,1.0,3.0,0.0,1.0,0,0,0.0,1,0,0.5,1,0.44999999999999996,0,0.0,1,1,0,0.0,0.0,0.0,0.0,0.0,0.0,0.0,0.0,0.0,0.0,0.0,0.0,0.0,0.0,0.0
A000000257193,비욘드 엔젤 아쿠아 이온 히알루10% 수분 진정 크림,건성,61edd02c1aa22e2dd9741b47364e6509,1,0,0,0,0,0,0,15,4,3,2,7,3,0,0,2,1,2,1,0.0,0.0,2.0,0.0,1.0,1.0,0.0,0.0,0,0,0.0,1,1,0.8518518518518519,0,0.0,0,0.0,0,0,0,0.8738159094652974,0.0,0.0,0.0,0.0,0.0,0.0,0.0,0.0,0.0,0.0,0.0,0.8738159094652974,0.0,0.0
A000000257193,비욘드 엔젤 아쿠아 이온 히알루10% 수분 진정 크림,약건성,61edd02c1aa22e2dd9741b47364e6509,0,0,0,1,0,0,0,15,4,3,2,7,3,0,0,2,1,2,1,0.0,0.0,2.0,0.0,1.0,1.0,0.0,0.0,0,0,0.0,1,1,0.8518518518518519,0,0.0,0,0.0,0,0,0,0.8738159094652974,0.0,0.0,0.0,0.0,0.0,0.0,0.0,0.0,0.0,0.0,0.0,0.8738159094652974,0.0,0.0
A000000257193,비욘드 엔젤 아쿠아 이온 히알루10% 수분 진정 크림,지성,61edd02c1aa22e2dd9741b47364e6509,0,0,0,0,0,1,0,15,4,3,2,7,3,0,0,2,1,2,1,0.0,0.0,2.0,0.0,1.0,1.0,0.0,0.0,0,0,0.0,1,1,0.8518518518518519,0,0.0,0,0.0,0,0,0,0.0,0.0,0.0,0.0,0.0,0.0,0.0,0.1967346701436833,0.21070685294285255,0.0,0.0,0.0,0.0,0.0,0.0
A000000257193,비욘드 엔젤 아쿠아 이온 히알루10% 수분 진정 크림,복합성,61edd02c1aa22e2dd9741b47364e6509,0,0,1,0,0,0,0,15,4,3,2,7,3,0,0,2,1,2,1,0.0,0.0,2.0,0.0,1.0,1.0,0.0,0.0,0,0,0.0,1,1,0.8518518518518519,0,0.0,0,0.0,0,0,0,0.0,0.0,0.0,0.0,0.0,0.0,0.0,0.0,0.0,0.0,0.0,0.0,0.0,0.0,0.0
A000000257193,비욘드 엔젤 아쿠아 이온 히알루10% 수분 진정 크림,민감성,61edd02c1aa22e2dd9741b47364e6509,0,1,0,0,0,0,0,15,4,3,2,7,3,0,0,2,1,2,1,0.0,0.0,2.0,0.0,1.0,1.0,0.0,0.0,0,0,0.0,1,1,0.8518518518518519,0,0.0,0,0.0,0,0,0,0.0,0.0,0.849495512377433,0.0,0.0,0.0,0.0,0.0,0.0,0.0,0.0,0.0,0.4077578459411678,0.0,0.0
A000000257193,비욘드 엔젤 아쿠아 이온 히알루10% 수분 진정 크림,트러블성,61edd02c1aa22e2dd9741b47364e6509,0,0,0,0,0,0,1,15,4,3,2,7,3,0,0,2,1,2,1,0.0,0.0,2.0,0.0,1.0,1.0,0.0,0.0,0,0,0.0,1,1,0.8518518518518519,0,0.0,0,0.0,0,0,0,0.0,0.0,0.0,0.0,0.0,0.0,0.0,0.0,0.0,0.0,0.0,0.0,0.0,0.0,0.0
A000000257193,비욘드 엔젤 아쿠아 이온 히알루10% 수분 진정 크림,중성,61edd02c1aa22e2dd9741b47364e6509,0,0,0,0,1,0,0,15,4,3,2,7,3,0,0,2,1,2,1,0.0,0.0,2.0,0.0,1.0,1.0,0.0,0.0,0,0,0.0,1,1,0.8518518518518519,0,0.0,0,0.0,0,0,0,0.0,0.0,0.0,0.0,0.0,0.0,0.0,0.0,0.0,0.0,0.0,0.0,0.0,0.0,0.0
A000000257543,닥터지 레드 블레미쉬 클리어 수딩크림 EX,건성,e0552194492bef7197785efb3b3393fb,1,0,0,0,0,0,0,8,5,2,4,10,2,0,0,0,0,5,0,2.0,0.0,0.0,1.0,0.0,0.0,0.0,0.0,1,1,0.9069767441860466,1,0,0.5813953488372092,1,0.046511627906976716,0,0.0,0,0,0,0.8142832375796794,0.3333333333333333,0.0,0.0,0.0,0.0,0.0,0.0,0.0,0.0,0.0,0.0,1.0276165709130127,0.0,0.0
A000000257543,닥터지 레드 블레미쉬 클리어 수딩크림 EX,약건성,e0552194492bef7197785efb3b3393fb,0,0,0,1,0,0,0,8,5,2,4,10,2,0,0,0,0,5,0,2.0,0.0,0.0,1.0,0.0,0.0,0.0,0.0,1,1,0.9069767441860466,1,0,0.5813953488372092,1,0.046511627906976716,0,0.0,0,0,0,0.8142832375796794,0.3333333333333333,0.0,0.0,0.0,0.0,0.0,0.0,0.0,0.0,0.0,0.0,1.0276165709130127,0.0,0.0
A000000257543,닥터지 레드 블레미쉬 클리어 수딩크림 EX,지성,e0552194492bef7197785efb3b3393fb,0,0,0,0,0,1,0,8,5,2,4,10,2,0,0,0,0,5,0,2.0,0.0,0.0,1.0,0.0,0.0,0.0,0.0,1,1,0.9069767441860466,1,0,0.5813953488372092,1,0.046511627906976716,0,0.0,0,0,0,0.0,0.0,0.0,0.0,0.0,0.0,0.9069767441860466,0.15803013970713942,0.21070685294285255,0.0,0.0,0.0,0.7255813953488373,0.0,0.0
A000000257543,닥터지 레드 블레미쉬 클리어 수딩크림 EX,복합성,e0552194492bef7197785efb3b3393fb,0,0,1,0,0,0,0,8,5,2,4,10,2,0,0,0,0,5,0,2.0,0.0,0.0,1.0,0.0,0.0,0.0,0.0,1,1,0.9069767441860466,1,0,0.5813953488372092,1,0.046511627906976716,0,0.0,0,0,0,0.0,0.0,0.0,0.0,0.0,0.0,0.0,0.0,0.0,0.0,0.0,0.0,0.0,0.0,0.0
A000000257543,닥터지 레드 블레미쉬 클리어 수딩크림 EX,민감성,e0552194492bef7197785efb3b3393fb,0,1,0,0,0,0,0,8,5,2,4,10,2,0,0,0,0,5,0,2.0,0.0,0.0,1.0,0.0,0.0,0.0,0.0,1,1,0.9069767441860466,1,0,0.5813953488372092,1,0.046511627906976716,0,0.0,0,0,0,0.0,0.0,0.9505402842611108,0.0,0.0,0.0,0.0,0.0,0.0,0.0,0.0,0.0,0.4562593364453332,0.0,0.0
A000000257543,닥터지 레드 블레미쉬 클리어 수딩크림 EX,트러블성,e0552194492bef7197785efb3b3393fb,0,0,0,0,0,0,1,8,5,2,4,10,2,0,0,0,0,5,0,2.0,0.0,0.0,1.0,0.0,0.0,0.0,0.0,1,1,0.9069767441860466,1,0,0.5813953488372092,1,0.046511627906976716,0,0.0,0,0,0,0.0,0.0,0.0,0.0,0.0,0.0,0.0,0.0,0.0,1.0,0.0,0.0,0.7,0.0,0.0
A000000257543,닥터지 레드 블레미쉬 클리어 수딩크림 EX,중성,e0552194492bef7197785efb3b3393fb,0,0,0,0,1,0,0,8,5,2,4,10,2,0,0,0,0,5,0,2.0,0.0,0.0,1.0,0.0,0.0,0.0,0.0,1,1,0.9069767441860466,1,0,0.5813953488372092,1,0.046511627906976716,0,0.0,0,0,0,0.0,0.0,0.0,0.0,0.0,0.0,0.0,0.0,0.0,0.0,0.0,0.0,0.0,0.0,0.0
A000000257713,달바 비타 캡슐 크림 나이아신아마이드 5퍼센트,건성,468a26d4bab7f30a28dd90e2ccde7fdf,1,0,0,0,0,0,0,11,6,4,5,5,7,6,0,2,1,22,10,1.0,0.0,2.0,1.0,1.0,10.0,1.0,0.0,1,1,0.9431818181818182,1,0,0.5340909090909092,1,0.375,0,0.0,1,0,0,0.9285551391754929,0.6666666666666666,0.0,0.0,0.0,0.0,0.0,0.0,0.0,0.0,0.0,0.0,1.3552218058421595,0.0,0.0
A000000257713,달바 비타 캡슐 크림 나이아신아마이드 5퍼센트,약건성,468a26d4bab7f30a28dd90e2ccde7fdf,0,0,0,1,0,0,0,11,6,4,5,5,7,6,0,2,1,22,10,1.0,0.0,2.0,1.0,1.0,10.0,1.0,0.0,1,1,0.9431818181818182,1,0,0.5340909090909092,1,0.375,0,0.0,1,0,0,0.9285551391754929,0.6666666666666666,0.0,0.0,0.0,0.0,0.0,0.0,0.0,0.0,0.0,0.0,1.3552218058421595,0.0,0.0
A000000257713,달바 비타 캡슐 크림 나이아신아마이드 5퍼센트,지성,468a26d4bab7f30a28dd90e2ccde7fdf,0,0,0,0,0,1,0,11,6,4,5,5,7,6,0,2,1,22,10,1.0,0.0,2.0,1.0,1.0,10.0,1.0,0.0,1,1,0.9431818181818182,1,0,0.5340909090909092,1,0.375,0,0.0,1,0,0,0.0,0.0,0.0,0.0,0.0,0.0,0.9431818181818182,0.6627431277363491,0.3418632997053081,0.0,0.0,0.0,0.7545454545454546,0.0,0.0
A000000257713,달바 비타 캡슐 크림 나이아신아마이드 5퍼센트,복합성,468a26d4bab7f30a28dd90e2ccde7fdf,0,0,1,0,0,0,0,11,6,4,5,5,7,6,0,2,1,22,10,1.0,0.0,2.0,1.0,1.0,10.0,1.0,0.0,1,1,0.9431818181818182,1,0,0.5340909090909092,1,0.375,0,0.0,1,0,0,0.0,0.0,0.0,0.0,0.0,0.0,0.0,0.0,0.0,0.0,0.0,0.0,0.0,0.0,0.0
A000000257713,달바 비타 캡슐 크림 나이아신아마이드 5퍼센트,민감성,468a26d4bab7f30a28dd90e2ccde7fdf,0,1,0,0,0,0,0,11,6,4,5,5,7,6,0,2,1,22,10,1.0,0.0,2.0,1.0,1.0,10.0,1.0,0.0,1,1,0.9431818181818182,1,0,0.5340909090909092,1,0.375,0,0.0,1,0,0,0.0,0.0,0.9444993100863363,0.9975212478233336,0.0,0.0,0.0,0.0,0.0,0.0,0.0,0.0,0.4533596688414414,0.7980169982586669,0.36178872206039037
A000000257713,달바 비타 캡슐 크림 나이아신아마이드 5퍼센트,트러블성,468a26d4bab7f30a28dd90e2ccde7fdf,0,0,0,0,0,0,1,11,6,4,5,5,7,6,0,2,1,22,10,1.0,0.0,2.0,1.0,1.0,10.0,1.0,0.0,1,1,0.9431818181818182,1,0,0.5340909090909092,1,0.375,0,0.0,1,0,0,0.0,0.0,0.0,0.0,0.0,0.0,0.0,0.0,0.0,1.0,0.0,0.0,0.7,0.0,0.0
A000000257713,달바 비타 캡슐 크림 나이아신아마이드 5퍼센트,중성,468a26d4bab7f30a28dd90e2ccde7fdf,0,0,0,0,1,0,0,11,6,4,5,5,7,6,0,2,1,22,10,1.0,0.0,2.0,1.0,1.0,10.0,1.0,0.0,1,1,0.9431818181818182,1,0,0.5340909090909092,1,0.375,0,0.0,1,0,0,0.0,0.0,0.0,0.0,0.0,0.0,0.0,0.0,0.0,0.0,0.0,0.0,0.0,0.0,0.0
A000000257827,라로슈포제 시카플라스트 멀티 리페어 크림,건성,1b70416ff93d84c256f8ff075b5fec57,1,0,0,0,0,0,0,5,5,3,1,3,3,0,1,0,0,1,0,1.0,0.0,0.0,0.0,2.0,0.0,3.0,0.0,0,0,0.0,1,1,0.9487179487179487,0,0.0,1,0.28205128205128205,0,0,1,0.8331938668000801,0.0,0.0,0.0,0.0,0.0,0.0,0.0,0.0,0.0,0.0,0.0,0.8331938668000801,0.0,0.0
A000000257827,라로슈포제 시카플라스트 멀티 리페어 크림,약건성,1b70416ff93d84c256f8ff075b5fec57,0,0,0,1,0,0,0,5,5,3,1,3,3,0,1,0,0,1,0,1.0,0.0,0.0,0.0,2.0,0.0,3.0,0.0,0,0,0.0,1,1,0.9487179487179487,0,0.0,1,0.28205128205128205,0,0,1,0.8331938668000801,0.0,0.0,0.0,0.0,0.0,0.0,0.0,0.0,0.0,0.0,0.0,0.8331938668000801,0.0,0.0
A000000257827,라로슈포제 시카플라스트 멀티 리페어 크림,지성,1b70416ff93d84c256f8ff075b5fec57,0,0,0,0,0,1,0,5,5,3,1,3,3,0,1,0,0,1,0,1.0,0.0,0.0,0.0,2.0,0.0,3.0,0.0,0,0,0.0,1,1,0.9487179487179487,0,0.0,1,0.28205128205128205,0,0,1,0.0,0.0,0.0,0.0,0.0,0.0,0.0,0.3955833726151734,0.13115644676245553,0.0,0.0,0.0,0.0,0.0,0.0
A000000257827,라로슈포제 시카플라스트 멀티 리페어 크림,복합성,1b70416ff93d84c256f8ff075b5fec57,0,0,1,0,0,0,0,5,5,3,1,3,3,0,1,0,0,1,0,1.0,0.0,0.0,0.0,2.0,0.0,3.0,0.0,0,0,0.0,1,1,0.9487179487179487,0,0.0,1,0.28205128205128205,0,0,1,0.0,0.0,0.0,0.0,0.0,0.0,0.0,0.0,0.0,0.0,0.0,0.0,0.0,0.0,0.0
A000000257827,라로슈포제 시카플라스트 멀티 리페어 크림,민감성,1b70416ff93d84c256f8ff075b5fec57,0,1,0,0,0,0,0,5,5,3,1,3,3,0,1,0,0,1,0,1.0,0.0,0.0,0.0,2.0,0.0,3.0,0.0,0,0,0.0,1,1,0.9487179487179487,0,0.0,1,0.28205128205128205,0,0,1,0.0,0.0,0.6736273621134925,0.0,0.6321205588285577,0.0,0.0,0.0,0.0,0.0,0.0,0.3834004995642036,0.3233411338144764,0.3598701102680346,0.11636080948000695
A000000257827,라로슈포제 시카플라스트 멀티 리페어 크림,트러블성,1b70416ff93d84c256f8ff075b5fec57,0,0,0,0,0,0,1,5,5,3,1,3,3,0,1,0,0,1,0,1.0,0.0,0.0,0.0,2.0,0.0,3.0,0.0,0,0,0.0,1,1,0.9487179487179487,0,0.0,1,0.28205128205128205,0,0,1,0.0,0.0,0.0,0.0,0.0,0.0,0.0,0.0,0.0,0.0,0.6272713450233213,0.3834004995642036,0.12545426900466425,0.07668009991284072,0.009619845881770051
A000000257827,라로슈포제 시카플라스트 멀티 리페어 크림,중성,1b70416ff93d84c256f8ff075b5fec57,0,0,0,0,1,0,0,5,5,3,1,3,3,0,1,0,0,1,0,1.0,0.0,0.0,0.0,2.0,0.0,3.0,0.0,0,0,0.0,1,1,0.9487179487179487,0,0.0,1,0.28205128205128205,0,0,1,0.0,0.0,0.0,0.0,0.0,0.0,0.0,0.0,0.0,0.0,0.0,0.0,0.0,0.0,0.0
A000000257828,아비브 히알루로닉 붐 크림 워터,건성,a99add6458f6b311fc40002f9ecc2716,1,0,0,0,0,0,0,14,1,0,5,3,1,0,0,0,0,1,0,0.0,0.0,0.0,0.0,0.0,0.0,0.0,0.0,0,0,0.0,1,0,0.08571428571428574,1,0.5428571428571429,0,0.0,0,1,0,0.0,0.6666666666666666,0.0,0.0,0.0,0.0,0.0,0.0,0.0,0.0,0.0,0.0,0.42666666666666664,0.0,0.0
A000000257828,아비브 히알루로닉 붐 크림 워터,약건성,a99add6458f6b311fc40002f9ecc2716,0,0,0,1,0,0,0,14,1,0,5,3,1,0,0,0,0,1,0,0.0,0.0,0.0,0.0,0.0,0.0,0.0,0.0,0,0,0.0,1,0,0.08571428571428574,1,0.5428571428571429,0,0.0,0,1,0,0.0,0.6666666666666666,0.0,0.0,0.0,0.0,0.0,0.0,0.0,0.0,0.0,0.0,0.42666666666666664,0.0,0.0
A000000257828,아비브 히알루로닉 붐 크림 워터,지성,a99add6458f6b311fc40002f9ecc2716,0,0,0,0,0,1,0,14,1,0,5,3,1,0,0,0,0,1,0,0.0,0.0,0.0,0.0,0.0,0.0,0.0,0.0,0,0,0.0,1,0,0.08571428571428574,1,0.5428571428571429,0,0.0,0,1,0,0.0,0.0,0.0,0.0,0.0,0.0,0.0,0.0,0.0,0.0,0.0,0.0,0.0,0.0,0.0
A000000257828,아비브 히알루로닉 붐 크림 워터,복합성,a99add6458f6b311fc40002f9ecc2716,0,0,1,0,0,0,0,14,1,0,5,3,1,0,0,0,0,1,0,0.0,0.0,0.0,0.0,0.0,0.0,0.0,0.0,0,0,0.0,1,0,0.08571428571428574,1,0.5428571428571429,0,0.0,0,1,0,0.0,0.0,0.0,0.0,0.0,0.0,0.0,0.0,0.0,0.0,0.0,0.0,0.0,0.0,0.0
A000000257828,아비브 히알루로닉 붐 크림 워터,민감성,a99add6458f6b311fc40002f9ecc2716,0,1,0,0,0,0,0,14,1,0,5,3,1,0,0,0,0,1,0,0.0,0.0,0.0,0.0,0.0,0.0,0.0,0.0,0,0,0.0,1,0,0.08571428571428574,1,0.5428571428571429,0,0.0,0,1,0,0.0,0.0,0.89340883503259,0.0,0.0,0.0,0.0,0.0,0.0,0.0,0.0,0.0,0.4288362408156432,0.0,0.0
A000000257828,아비브 히알루로닉 붐 크림 워터,트러블성,a99add6458f6b311fc40002f9ecc2716,0,0,0,0,0,0,1,14,1,0,5,3,1,0,0,0,0,1,0,0.0,0.0,0.0,0.0,0.0,0.0,0.0,0.0,0,0,0.0,1,0,0.08571428571428574,1,0.5428571428571429,0,0.0,0,1,0,0.0,0.0,0.0,0.0,0.0,0.0,0.0,0.0,0.0,0.0,0.0,0.0,0.0,0.0,0.0
A000000257828,아비브 히알루로닉 붐 크림 워터,중성,a99add6458f6b311fc40002f9ecc2716,0,0,0,0,1,0,0,14,1,0,5,3,1,0,0,0,0,1,0,0.0,0.0,0.0,0.0,0.0,0.0,0.0,0.0,0,0,0.0,1,0,0.08571428571428574,1,0.5428571428571429,0,0.0,0,1,0,0.0,0.0,0.0,0.0,0.0,0.0,0.0,0.0,0.0,0.0,0.0,0.0,0.0,0.0,0.0
A000000257834,퍼셀 80억/mL 글루타치온 TXA 캡슐 크림,건성,9b14eb7c6278457248cfeb795aa4c607,1,0,0,0,0,0,0,9,6,3,5,4,6,0,0,3,0,3,1,2.0,0.0,2.0,1.0,2.0,1.0,0.0,0.0,1,1,0.9433962264150944,1,0,0.4528301886792453,1,0.4339622641509434,0,0.0,1,0,0,0.8885121646408571,0.6666666666666666,0.0,0.0,0.0,0.0,0.0,0.0,0.0,0.0,0.0,0.0,1.3151788313075237,0.0,0.0
A000000257834,퍼셀 80억/mL 글루타치온 TXA 캡슐 크림,약건성,9b14eb7c6278457248cfeb795aa4c607,0,0,0,1,0,0,0,9,6,3,5,4,6,0,0,3,0,3,1,2.0,0.0,2.0,1.0,2.0,1.0,0.0,0.0,1,1,0.9433962264150944,1,0,0.4528301886792453,1,0.4339622641509434,0,0.0,1,0,0,0.8885121646408571,0.6666666666666666,0.0,0.0,0.0,0.0,0.0,0.0,0.0,0.0,0.0,0.0,1.3151788313075237,0.0,0.0
A000000257834,퍼셀 80억/mL 글루타치온 TXA 캡슐 크림,지성,9b14eb7c6278457248cfeb795aa4c607,0,0,0,0,0,1,0,9,6,3,5,4,6,0,0,3,0,3,1,2.0,0.0,2.0,1.0,2.0,1.0,0.0,0.0,1,1,0.9433962264150944,1,0,0.4528301886792453,1,0.4339622641509434,0,0.0,1,0,0,0.0,0.0,0.0,0.0,0.0,0.0,0.9433962264150944,0.4144276144861205,0.4214137058857051,0.0,0.0,0.0,0.7547169811320755,0.0,0.0
A000000257834,퍼셀 80억/mL 글루타치온 TXA 캡슐 크림,복합성,9b14eb7c6278457248cfeb795aa4c607,0,0,1,0,0,0,0,9,6,3,5,4,6,0,0,3,0,3,1,2.0,0.0,2.0,1.0,2.0,1.0,0.0,0.0,1,1,0.9433962264150944,1,0,0.4528301886792453,1,0.4339622641509434,0,0.0,1,0,0,0.0,0.0,0.0,0.0,0.0,0.0,0.0,0.0,0.0,0.0,0.0,0.0,0.0,0.0,0.0
A000000257834,퍼셀 80억/mL 글루타치온 TXA 캡슐 크림,민감성,9b14eb7c6278457248cfeb795aa4c607,0,1,0,0,0,0,0,9,6,3,5,4,6,0,0,3,0,3,1,2.0,0.0,2.0,1.0,2.0,1.0,0.0,0.0,1,1,0.9433962264150944,1,0,0.4528301886792453,1,0.4339622641509434,0,0.0,1,0,0,0.0,0.0,0.92587011952055,0.0,0.0,0.0,0.0,0.0,0.0,0.0,0.0,0.0,0.444417657369864,0.0,0.0
A000000257834,퍼셀 80억/mL 글루타치온 TXA 캡슐 크림,트러블성,9b14eb7c6278457248cfeb795aa4c607,0,0,0,0,0,0,1,9,6,3,5,4,6,0,0,3,0,3,1,2.0,0.0,2.0,1.0,2.0,1.0,0.0,0.0,1,1,0.9433962264150944,1,0,0.4528301886792453,1,0.4339622641509434,0,0.0,1,0,0,0.0,0.0,0.0,0.0,0.0,0.0,0.0,0.0,0.0,1.0,0.0,0.0,0.7,0.0,0.0
A000000257834,퍼셀 80억/mL 글루타치온 TXA 캡슐 크림,중성,9b14eb7c6278457248cfeb795aa4c607,0,0,0,0,1,0,0,9,6,3,5,4,6,0,0,3,0,3,1,2.0,0.0,2.0,1.0,2.0,1.0,0.0,0.0,1,1,0.9433962264150944,1,0,0.4528301886792453,1,0.4339622641509434,0,0.0,1,0,0,0.0,0.0,0.0,0.0,0.0,0.0,0.0,0.0,0.0,0.0,0.0,0.0,0.0,0.0,0.0
A000000258055,LBB 퓨어 래디언스 크림,건성,407ad5d60e7badd75bfd3cfb392024a8,1,0,0,0,0,0,0,6,4,1,7,3,5,2,0,2,0,5,2,2.0,0.0,1.0,0.0,0.0,1.0,0.0,1.0,1,1,0.9454545454545454,1,1,0.8545454545454545,1,0.4727272727272728,0,0.0,0,1,0,0.665072194029554,0.6666666666666666,0.0,0.0,0.0,0.0,0.0,0.0,0.0,0.0,0.0,0.0,1.0917388606962206,0.0,0.0
A000000258055,LBB 퓨어 래디언스 크림,약건성,407ad5d60e7badd75bfd3cfb392024a8,0,0,0,1,0,0,0,6,4,1,7,3,5,2,0,2,0,5,2,2.0,0.0,1.0,0.0,0.0,1.0,0.0,1.0,1,1,0.9454545454545454,1,1,0.8545454545454545,1,0.4727272727272728,0,0.0,0,1,0,0.665072194029554,0.6666666666666666,0.0,0.0,0.0,0.0,0.0,0.0,0.0,0.0,0.0,0.0,1.0917388606962206,0.0,0.0
A000000258055,LBB 퓨어 래디언스 크림,지성,407ad5d60e7badd75bfd3cfb392024a8,0,0,0,0,0,1,0,6,4,1,7,3,5,2,0,2,0,5,2,2.0,0.0,1.0,0.0,0.0,1.0,0.0,1.0,1,1,0.9454545454545454,1,1,0.8545454545454545,1,0.4727272727272728,0,0.0,0,1,0,0.0,0.0,0.0,0.0,0.0,0.0,0.9454545454545454,0.09836733507184164,0.3418632997053081,0.0,0.0,0.0,0.7563636363636363,0.0,0.0
A000000258055,LBB 퓨어 래디언스 크림,복합성,407ad5d60e7badd75bfd3cfb392024a8,0,0,1,0,0,0,0,6,4,1,7,3,5,2,0,2,0,5,2,2.0,0.0,1.0,0.0,0.0,1.0,0.0,1.0,1,1,0.9454545454545454,1,1,0.8545454545454545,1,0.4727272727272728,0,0.0,0,1,0,0.0,0.0,0.0,0.0,0.0,0.0,0.0,0.0,0.0,0.0,0.0,0.0,0.0,0.0,0.0
A000000258055,LBB 퓨어 래디언스 크림,민감성,407ad5d60e7badd75bfd3cfb392024a8,0,1,0,0,0,0,0,6,4,1,7,3,5,2,0,2,0,5,2,2.0,0.0,1.0,0.0,0.0,1.0,0.0,1.0,1,1,0.9454545454545454,1,1,0.8545454545454545,1,0.4727272727272728,0,0.0,0,1,0,0.0,0.0,0.9099353508104996,0.8646647167633873,0.0,0.6321205588285577,0.0,0.0,0.0,0.0,0.0,0.0,0.4367689683890398,0.8737824943533345,0.38164107865510793
A000000258055,LBB 퓨어 래디언스 크림,트러블성,407ad5d60e7badd75bfd3cfb392024a8,0,0,0,0,0,0,1,6,4,1,7,3,5,2,0,2,0,5,2,2.0,0.0,1.0,0.0,0.0,1.0,0.0,1.0,1,1,0.9454545454545454,1,1,0.8545454545454545,1,0.4727272727272728,0,0.0,0,1,0,0.0,0.0,0.0,0.0,0.0,0.0,0.0,0.0,0.0,1.0,0.0,0.0,0.7,0.0,0.0
A000000258055,LBB 퓨어 래디언스 크림,중성,407ad5d60e7badd75bfd3cfb392024a8,0,0,0,0,1,0,0,6,4,1,7,3,5,2,0,2,0,5,2,2.0,0.0,1.0,0.0,0.0,1.0,0.0,1.0,1,1,0.9454545454545454,1,1,0.8545454545454545,1,0.4727272727272728,0,0.0,0,1,0,0.0,0.0,0.0,0.0,0.0,0.0,0.0,0.0,0.0,0.0,0.0,0.0,0.0,0.0,0.0
A000000258214,믹순 히알레배 포어 워터풀 젤크림,건성,bbdf7f09cd077b7684ce7c2c16f3cc84,1,0,0,0,0,0,0,10,1,0,2,3,6,0,2,0,0,10,0,1.0,0.0,0.0,0.0,0.0,0.0,0.0,0.0,1,1,0.9302325581395349,0,0,0.0,1,0.09302325581395354,1,0.2790697674418605,0,0,2,0.0,0.3333333333333333,0.0,0.0,0.0,0.0,0.0,0.0,0.0,0.0,0.0,0.0,0.21333333333333332,0.0,0.0
A000000258214,믹순 히알레배 포어 워터풀 젤크림,약건성,bbdf7f09cd077b7684ce7c2c16f3cc84,0,0,0,1,0,0,0,10,1,0,2,3,6,0,2,0,0,10,0,1.0,0.0,0.0,0.0,0.0,0.0,0.0,0.0,1,1,0.9302325581395349,0,0,0.0,1,0.09302325581395354,1,0.2790697674418605,0,0,2,0.0,0.3333333333333333,0.0,0.0,0.0,0.0,0.0,0.0,0.0,0.0,0.0,0.0,0.21333333333333332,0.0,0.0
A000000258214,믹순 히알레배 포어 워터풀 젤크림,지성,bbdf7f09cd077b7684ce7c2c16f3cc84,0,0,0,0,0,1,0,10,1,0,2,3,6,0,2,0,0,10,0,1.0,0.0,0.0,0.0,0.0,0.0,0.0,0.0,1,1,0.9302325581395349,0,0,0.0,1,0.09302325581395354,1,0.2790697674418605,0,0,2,0.0,0.0,0.0,0.0,0.0,0.0,0.9302325581395349,0.0,0.13115644676245553,0.0,0.0,0.0,0.7441860465116279,0.0,0.0
A000000258214,믹순 히알레배 포어 워터풀 젤크림,복합성,bbdf7f09cd077b7684ce7c2c16f3cc84,0,0,1,0,0,0,0,10,1,0,2,3,6,0,2,0,0,10,0,1.0,0.0,0.0,0.0,0.0,0.0,0.0,0.0,1,1,0.9302325581395349,0,0,0.0,1,0.09302325581395354,1,0.2790697674418605,0,0,2,0.0,0.0,0.0,0.0,0.0,0.0,0.0,0.0,0.0,0.0,0.0,0.0,0.0,0.0,0.0
A000000258214,믹순 히알레배 포어 워터풀 젤크림,민감성,bbdf7f09cd077b7684ce7c2c16f3cc84,0,1,0,0,0,0,0,10,1,0,2,3,6,0,2,0,0,10,0,1.0,0.0,0.0,0.0,0.0,0.0,0.0,0.0,1,1,0.9302325581395349,0,0,0.0,1,0.09302325581395354,1,0.2790697674418605,0,0,2,0.0,0.0,0.7889498396298451,0.0,0.8646647167633873,0.0,0.0,0.0,0.0,0.0,0.0,0.3180923728035784,0.37869592302232563,0.4509882676707132,0.1707874182978004
A000000258214,믹순 히알레배 포어 워터풀 젤크림,트러블성,bbdf7f09cd077b7684ce7c2c16f3cc84,0,0,0,0,0,0,1,10,1,0,2,3,6,0,2,0,0,10,0,1.0,0.0,0.0,0.0,0.0,0.0,0.0,0.0,1,1,0.9302325581395349,0,0,0.0,1,0.09302325581395354,1,0.2790697674418605,0,0,2,0.0,0.0,0.0,0.0,0.0,0.0,0.0,0.0,0.0,1.0,0.7950600976206501,0.3180923728035784,0.85901201952413,0.06361847456071568,0.05464903431144486
A000000258214,믹순 히알레배 포어 워터풀 젤크림,중성,bbdf7f09cd077b7684ce7c2c16f3cc84,0,0,0,0,1,0,0,10,1,0,2,3,6,0,2,0,0,10,0,1.0,0.0,0.0,0.0,0.0,0.0,0.0,0.0,1,1,0.9302325581395349,0,0,0.0,1,0.09302325581395354,1,0.2790697674418605,0,0,2,0.0,0.0,0.0,0.0,0.0,0.0,0.0,0.0,0.0,0.0,0.0,0.0,0.0,0.0,0.0
A000000258294,토리든 다이브인 저분자 히알루론산 수딩 크림,건성,e7f76d8f110b81f125db6c0e1d635f08,1,0,0,0,0,0,0,12,2,1,2,5,1,0,0,1,0,9,0,0.0,1.0,0.0,0.0,1.0,0.0,0.0,0.0,0,0,0.0,1,1,0.85,0,0.0,0,0.0,0,0,0,0.6250204515756583,0.0,0.0,0.0,0.0,0.0,0.0,0.0,0.0,0.0,0.0,0.0,0.6250204515756583,0.0,0.0
A000000258294,토리든 다이브인 저분자 히알루론산 수딩 크림,약건성,e7f76d8f110b81f125db6c0e1d635f08,0,0,0,1,0,0,0,12,2,1,2,5,1,0,0,1,0,9,0,0.0,1.0,0.0,0.0,1.0,0.0,0.0,0.0,0,0,0.0,1,1,0.85,0,0.0,0,0.0,0,0,0,0.6250204515756583,0.0,0.0,0.0,0.0,0.0,0.0,0.0,0.0,0.0,0.0,0.0,0.6250204515756583,0.0,0.0
A000000258294,토리든 다이브인 저분자 히알루론산 수딩 크림,지성,e7f76d8f110b81f125db6c0e1d635f08,0,0,0,0,0,1,0,12,2,1,2,5,1,0,0,1,0,9,0,0.0,1.0,0.0,0.0,1.0,0.0,0.0,0.0,0,0,0.0,1,1,0.85,0,0.0,0,0.0,0,0,0,0.0,0.0,0.0,0.0,0.0,0.0,0.0,0.09836733507184164,0.21070685294285255,0.0,0.0,0.0,0.0,0.0,0.0
A000000258294,토리든 다이브인 저분자 히알루론산 수딩 크림,복합성,e7f76d8f110b81f125db6c0e1d635f08,0,0,1,0,0,0,0,12,2,1,2,5,1,0,0,1,0,9,0,0.0,1.0,0.0,0.0,1.0,0.0,0.0,0.0,0,0,0.0,1,1,0.85,0,0.0,0,0.0,0,0,0,0.0,0.0,0.0,0.0,0.0,0.0,0.0,0.0,0.0,0.0,0.0,0.0,0.0,0.0,0.0
A000000258294,토리든 다이브인 저분자 히알루론산 수딩 크림,민감성,e7f76d8f110b81f125db6c0e1d635f08,0,1,0,0,0,0,0,12,2,1,2,5,1,0,0,1,0,9,0,0.0,1.0,0.0,0.0,1.0,0.0,0.0,0.0,0,0,0.0,1,1,0.85,0,0.0,0,0.0,0,0,0,0.0,0.0,0.8340667228748998,0.0,0.0,0.0,0.0,0.0,0.0,0.0,0.0,0.0,0.40035202697995187,0.0,0.0
A000000258294,토리든 다이브인 저분자 히알루론산 수딩 크림,트러블성,e7f76d8f110b81f125db6c0e1d635f08,0,0,0,0,0,0,1,12,2,1,2,5,1,0,0,1,0,9,0,0.0,1.0,0.0,0.0,1.0,0.0,0.0,0.0,0,0,0.0,1,1,0.85,0,0.0,0,0.0,0,0,0,0.0,0.0,0.0,0.0,0.0,0.0,0.0,0.0,0.0,0.0,0.0,0.0,0.0,0.0,0.0
A000000258294,토리든 다이브인 저분자 히알루론산 수딩 크림,중성,e7f76d8f110b81f125db6c0e1d635f08,0,0,0,0,1,0,0,12,2,1,2,5,1,0,0,1,0,9,0,0.0,1.0,0.0,0.0,1.0,0.0,0.0,0.0,0,0,0.0,1,1,0.85,0,0.0,0,0.0,0,0,0,0.0,0.0,0.0,0.0,0.0,0.0,0.0,0.0,0.0,0.0,0.0,0.0,0.0,0.0,0.0
A000000258830,피지오겔 DMT 리제너러티브 크림,건성,e17b553b83239f14ed44e4346435168a,1,0,0,0,0,0,0,7,6,3,10,1,3,0,0,1,0,0,3,1.0,1.0,0.0,0.0,3.0,2.0,1.0,0.0,1,0,0.2564102564102564,1,1,0.7692307692307692,1,0.3846153846153846,0,0.0,1,1,0,0.8735547776354732,1.0,0.0,0.0,0.0,0.0,0.0,0.0,0.0,0.0,0.0,0.0,1.5135547776354732,0.0,0.0
A000000258830,피지오겔 DMT 리제너러티브 크림,약건성,e17b553b83239f14ed44e4346435168a,0,0,0,1,0,0,0,7,6,3,10,1,3,0,0,1,0,0,3,1.0,1.0,0.0,0.0,3.0,2.0,1.0,0.0,1,0,0.2564102564102564,1,1,0.7692307692307692,1,0.3846153846153846,0,0.0,1,1,0,0.8735547776354732,1.0,0.0,0.0,0.0,0.0,0.0,0.0,0.0,0.0,0.0,0.0,1.5135547776354732,0.0,0.0
A000000258830,피지오겔 DMT 리제너러티브 크림,지성,e17b553b83239f14ed44e4346435168a,0,0,0,0,0,1,0,7,6,3,10,1,3,0,0,1,0,0,3,1.0,1.0,0.0,0.0,3.0,2.0,1.0,0.0,1,0,0.2564102564102564,1,1,0.7692307692307692,1,0.3846153846153846,0,0.0,1,1,0,0.0,0.0,0.0,0.0,0.0,0.0,0.2564102564102564,0.5102777393771714,0.3418632997053081,0.0,0.0,0.0,0.20512820512820512,0.0,0.0
A000000258830,피지오겔 DMT 리제너러티브 크림,복합성,e17b553b83239f14ed44e4346435168a,0,0,1,0,0,0,0,7,6,3,10,1,3,0,0,1,0,0,3,1.0,1.0,0.0,0.0,3.0,2.0,1.0,0.0,1,0,0.2564102564102564,1,1,0.7692307692307692,1,0.3846153846153846,0,0.0,1,1,0,0.0,0.0,0.0,0.0,0.0,0.0,0.0,0.0,0.0,0.0,0.0,0.0,0.0,0.0,0.0
A000000258830,피지오겔 DMT 리제너러티브 크림,민감성,e17b553b83239f14ed44e4346435168a,0,1,0,0,0,0,0,7,6,3,10,1,3,0,0,1,0,0,3,1.0,1.0,0.0,0.0,3.0,2.0,1.0,0.0,1,0,0.2564102564102564,1,1,0.7692307692307692,1,0.3846153846153846,0,0.0,1,1,0,0.0,0.0,0.7311249090091024,0.0,0.0,0.0,0.0,0.0,0.0,0.0,0.0,0.0,0.35093995632436914,0.0,0.0
A000000258830,피지오겔 DMT 리제너러티브 크림,트러블성,e17b553b83239f14ed44e4346435168a,0,0,0,0,0,0,1,7,6,3,10,1,3,0,0,1,0,0,3,1.0,1.0,0.0,0.0,3.0,2.0,1.0,0.0,1,0,0.2564102564102564,1,1,0.7692307692307692,1,0.3846153846153846,0,0.0,1,1,0,0.0,0.0,0.0,0.0,0.0,0.0,0.0,0.0,0.0,1.0,0.0,0.0,0.7,0.0,0.0
A000000258830,피지오겔 DMT 리제너러티브 크림,중성,e17b553b83239f14ed44e4346435168a,0,0,0,0,1,0,0,7,6,3,10,1,3,0,0,1,0,0,3,1.0,1.0,0.0,0.0,3.0,2.0,1.0,0.0,1,0,0.2564102564102564,1,1,0.7692307692307692,1,0.3846153846153846,0,0.0,1,1,0,0.0,0.0,0.0,0.0,0.0,0.0,0.0,0.0,0.0,0.0,0.0,0.0,0.0,0.0,0.0
A000000258831,피지오겔 레드수딩 AI 리페어 크림,건성,cfcab495ec229236c0dfe9c9216137f6,1,0,0,0,0,0,0,3,1,1,2,0,1,0,0,0,0,0,3,0.0,0.0,0.0,0.0,0.0,3.0,0.0,0.0,0,0,0.0,0,0,0.0,0,0.0,0,0.0,0,0,0,0.46082981538193235,0.0,0.0,0.0,0.0,0.0,0.0,0.0,0.0,0.0,0.0,0.0,0.46082981538193235,0.0,0.0
A000000258831,피지오겔 레드수딩 AI 리페어 크림,약건성,cfcab495ec229236c0dfe9c9216137f6,0,0,0,1,0,0,0,3,1,1,2,0,1,0,0,0,0,0,3,0.0,0.0,0.0,0.0,0.0,3.0,0.0,0.0,0,0,0.0,0,0,0.0,0,0.0,0,0.0,0,0,0,0.46082981538193235,0.0,0.0,0.0,0.0,0.0,0.0,0.0,0.0,0.0,0.0,0.0,0.46082981538193235,0.0,0.0
A000000258831,피지오겔 레드수딩 AI 리페어 크림,지성,cfcab495ec229236c0dfe9c9216137f6,0,0,0,0,0,1,0,3,1,1,2,0,1,0,0,0,0,0,3,0.0,0.0,0.0,0.0,0.0,3.0,0.0,0.0,0,0,0.0,0,0,0.0,0,0.0,0,0.0,0,0,0,0.0,0.0,0.0,0.0,0.0,0.0,0.0,0.19421745996289255,0.0,0.0,0.0,0.0,0.0,0.0,0.0
A000000258831,피지오겔 레드수딩 AI 리페어 크림,복합성,cfcab495ec229236c0dfe9c9216137f6,0,0,1,0,0,0,0,3,1,1,2,0,1,0,0,0,0,0,3,0.0,0.0,0.0,0.0,0.0,3.0,0.0,0.0,0,0,0.0,0,0,0.0,0,0.0,0,0.0,0,0,0,0.0,0.0,0.0,0.0,0.0,0.0,0.0,0.0,0.0,0.0,0.0,0.0,0.0,0.0,0.0
A000000258831,피지오겔 레드수딩 AI 리페어 크림,민감성,cfcab495ec229236c0dfe9c9216137f6,0,1,0,0,0,0,0,3,1,1,2,0,1,0,0,0,0,0,3,0.0,0.0,0.0,0.0,0.0,3.0,0.0,0.0,0,0,0.0,0,0,0.0,0,0.0,0,0.0,0,0,0,0.0,0.0,0.0,0.0,0.0,0.0,0.0,0.0,0.0,0.0,0.0,0.0,0.0,0.0,0.0
A000000258831,피지오겔 레드수딩 AI 리페어 크림,트러블성,cfcab495ec229236c0dfe9c9216137f6,0,0,0,0,0,0,1,3,1,1,2,0,1,0,0,0,0,0,3,0.0,0.0,0.0,0.0,0.0,3.0,0.0,0.0,0,0,0.0,0,0,0.0,0,0.0,0,0.0,0,0,0,0.0,0.0,0.0,0.0,0.0,0.0,0.0,0.0,0.0,0.0,0.0,0.0,0.0,0.0,0.0
A000000258831,피지오겔 레드수딩 AI 리페어 크림,중성,cfcab495ec229236c0dfe9c9216137f6,0,0,0,0,1,0,0,3,1,1,2,0,1,0,0,0,0,0,3,0.0,0.0,0.0,0.0,0.0,3.0,0.0,0.0,0,0,0.0,0,0,0.0,0,0.0,0,0.0,0,0,0,0.0,0.0,0.0,0.0,0.0,0.0,0.0,0.0,0.0,0.0,0.0,0.0,0.0,0.0,0.0
A000000258834,에스트라 아토베리어365 하이드로 수딩크림,건성,4f7d6fe03952a0b84b030e02d9352ed3,1,0,0,0,0,0,0,8,3,2,8,1,1,0,0,1,0,0,1,0.0,0.0,1.0,0.0,1.0,1.0,0.0,0.0,0,0,0.0,0,0,0.0,1,0.38235294117647056,0,0.0,1,1,0,0.770236495573647,1.0,0.0,0.0,0.0,0.0,0.0,0.0,0.0,0.0,0.0,0.0,1.410236495573647,0.0,0.0
A000000258834,에스트라 아토베리어365 하이드로 수딩크림,약건성,4f7d6fe03952a0b84b030e02d9352ed3,0,0,0,1,0,0,0,8,3,2,8,1,1,0,0,1,0,0,1,0.0,0.0,1.0,0.0,1.0,1.0,0.0,0.0,0,0,0.0,0,0,0.0,1,0.38235294117647056,0,0.0,1,1,0,0.770236495573647,1.0,0.0,0.0,0.0,0.0,0.0,0.0,0.0,0.0,0.0,0.0,1.410236495573647,0.0,0.0
A000000258834,에스트라 아토베리어365 하이드로 수딩크림,지성,4f7d6fe03952a0b84b030e02d9352ed3,0,0,0,0,0,1,0,8,3,2,8,1,1,0,0,1,0,0,1,0.0,0.0,1.0,0.0,1.0,1.0,0.0,0.0,0,0,0.0,0,0,0.0,1,0.38235294117647056,0,0.0,1,1,0,0.0,0.0,0.0,0.0,0.0,0.0,0.0,0.1967346701436833,0.13115644676245553,0.0,0.0,0.0,0.0,0.0,0.0
A000000258834,에스트라 아토베리어365 하이드로 수딩크림,복합성,4f7d6fe03952a0b84b030e02d9352ed3,0,0,1,0,0,0,0,8,3,2,8,1,1,0,0,1,0,0,1,0.0,0.0,1.0,0.0,1.0,1.0,0.0,0.0,0,0,0.0,0,0,0.0,1,0.38235294117647056,0,0.0,1,1,0,0.0,0.0,0.0,0.0,0.0,0.0,0.0,0.0,0.0,0.0,0.0,0.0,0.0,0.0,0.0
A000000258834,에스트라 아토베리어365 하이드로 수딩크림,민감성,4f7d6fe03952a0b84b030e02d9352ed3,0,1,0,0,0,0,0,8,3,2,8,1,1,0,0,1,0,0,1,0.0,0.0,1.0,0.0,1.0,1.0,0.0,0.0,0,0,0.0,0,0,0.0,1,0.38235294117647056,0,0.0,1,1,0,0.0,0.0,0.0,0.0,0.0,0.0,0.0,0.0,0.0,0.0,0.0,0.0,0.0,0.0,0.0
A000000258834,에스트라 아토베리어365 하이드로 수딩크림,트러블성,4f7d6fe03952a0b84b030e02d9352ed3,0,0,0,0,0,0,1,8,3,2,8,1,1,0,0,1,0,0,1,0.0,0.0,1.0,0.0,1.0,1.0,0.0,0.0,0,0,0.0,0,0,0.0,1,0.38235294117647056,0,0.0,1,1,0,0.0,0.0,0.0,0.0,0.0,0.0,0.0,0.0,0.0,0.0,0.0,0.0,0.0,0.0,0.0
A000000258834,에스트라 아토베리어365 하이드로 수딩크림,중성,4f7d6fe03952a0b84b030e02d9352ed3,0,0,0,0,1,0,0,8,3,2,8,1,1,0,0,1,0,0,1,0.0,0.0,1.0,0.0,1.0,1.0,0.0,0.0,0,0,0.0,0,0,0.0,1,0.38235294117647056,0,0.0,1,1,0,0.0,0.0,0.0,0.0,0.0,0.0,0.0,0.0,0.0,0.0,0.0,0.0,0.0,0.0,0.0
A000000258860,코이 플로우 리프팅 랩핑 크림 포어앤쿨,건성,9a061645c9165b68856f279303878a66,1,0,0,0,0,0,0,16,2,1,1,4,8,2,0,2,4,21,2,1.0,0.0,1.0,0.0,0.0,1.0,0.0,1.0,1,1,0.9027777777777778,1,0,0.5138888888888888,0,0.0,0,0.0,0,0,0,0.6278698961481485,0.0,0.0,0.0,0.0,0.0,0.0,0.0,0.0,0.0,0.0,0.0,0.6278698961481485,0.0,0.0
A000000258860,코이 플로우 리프팅 랩핑 크림 포어앤쿨,약건성,9a061645c9165b68856f279303878a66,0,0,0,1,0,0,0,16,2,1,1,4,8,2,0,2,4,21,2,1.0,0.0,1.0,0.0,0.0,1.0,0.0,1.0,1,1,0.9027777777777778,1,0,0.5138888888888888,0,0.0,0,0.0,0,0,0,0.6278698961481485,0.0,0.0,0.0,0.0,0.0,0.0,0.0,0.0,0.0,0.0,0.0,0.6278698961481485,0.0,0.0
A000000258860,코이 플로우 리프팅 랩핑 크림 포어앤쿨,지성,9a061645c9165b68856f279303878a66,0,0,0,0,0,1,0,16,2,1,1,4,8,2,0,2,4,21,2,1.0,0.0,1.0,0.0,0.0,1.0,0.0,1.0,1,1,0.9027777777777778,1,0,0.5138888888888888,0,0.0,0,0.0,0,0,0,0.0,0.0,0.0,0.0,0.0,0.0,0.9027777777777778,0.09836733507184164,0.26231289352491105,0.0,0.0,0.0,0.7222222222222223,0.0,0.0
A000000258860,코이 플로우 리프팅 랩핑 크림 포어앤쿨,복합성,9a061645c9165b68856f279303878a66,0,0,1,0,0,0,0,16,2,1,1,4,8,2,0,2,4,21,2,1.0,0.0,1.0,0.0,0.0,1.0,0.0,1.0,1,1,0.9027777777777778,1,0,0.5138888888888888,0,0.0,0,0.0,0,0,0,0.0,0.0,0.0,0.0,0.0,0.0,0.0,0.0,0.0,0.0,0.0,0.0,0.0,0.0,0.0
A000000258860,코이 플로우 리프팅 랩핑 크림 포어앤쿨,민감성,9a061645c9165b68856f279303878a66,0,1,0,0,0,0,0,16,2,1,1,4,8,2,0,2,4,21,2,1.0,0.0,1.0,0.0,0.0,1.0,0.0,1.0,1,1,0.9027777777777778,1,0,0.5138888888888888,0,0.0,0,0.0,0,0,0,0.0,0.0,0.6981030652663972,0.8646647167633873,0.0,0.6321205588285577,0.0,0.0,0.0,0.0,0.0,0.0,0.33508947132787065,0.8737824943533345,0.292795314088407
A000000258860,코이 플로우 리프팅 랩핑 크림 포어앤쿨,트러블성,9a061645c9165b68856f279303878a66,0,0,0,0,0,0,1,16,2,1,1,4,8,2,0,2,4,21,2,1.0,0.0,1.0,0.0,0.0,1.0,0.0,1.0,1,1,0.9027777777777778,1,0,0.5138888888888888,0,0.0,0,0.0,0,0,0,0.0,0.0,0.0,0.0,0.0,0.0,0.0,0.0,0.0,0.0,0.0,0.0,0.0,0.0,0.0
A000000258860,코이 플로우 리프팅 랩핑 크림 포어앤쿨,중성,9a061645c9165b68856f279303878a66,0,0,0,0,1,0,0,16,2,1,1,4,8,2,0,2,4,21,2,1.0,0.0,1.0,0.0,0.0,1.0,0.0,1.0,1,1,0.9027777777777778,1,0,0.5138888888888888,0,0.0,0,0.0,0,0,0,0.0,0.0,0.0,0.0,0.0,0.0,0.0,0.0,0.0,0.0,0.0,0.0,0.0,0.0,0.0
A000000258935,리쥬란 더마 힐러 포어 타이트닝 크림,건성,6bed3c7a7f34199d701510ea4ffc25fe,1,0,0,0,0,0,0,11,3,1,2,0,3,0,0,1,1,2,0,0.0,0.0,1.0,0.0,1.0,0.0,0.0,0.0,1,1,0.8235294117647058,0,0,0.0,1,0.4411764705882353,0,0.0,0,0,0,0.667838101421927,0.3333333333333333,0.0,0.0,0.0,0.0,0.0,0.0,0.0,0.0,0.0,0.0,0.8811714347552604,0.0,0.0
A000000258935,리쥬란 더마 힐러 포어 타이트닝 크림,약건성,6bed3c7a7f34199d701510ea4ffc25fe,0,0,0,1,0,0,0,11,3,1,2,0,3,0,0,1,1,2,0,0.0,0.0,1.0,0.0,1.0,0.0,0.0,0.0,1,1,0.8235294117647058,0,0,0.0,1,0.4411764705882353,0,0.0,0,0,0,0.667838101421927,0.3333333333333333,0.0,0.0,0.0,0.0,0.0,0.0,0.0,0.0,0.0,0.0,0.8811714347552604,0.0,0.0
A000000258935,리쥬란 더마 힐러 포어 타이트닝 크림,지성,6bed3c7a7f34199d701510ea4ffc25fe,0,0,0,0,0,1,0,11,3,1,2,0,3,0,0,1,1,2,0,0.0,0.0,1.0,0.0,1.0,0.0,0.0,0.0,1,1,0.8235294117647058,0,0,0.0,1,0.4411764705882353,0,0.0,0,0,0,0.0,0.0,0.0,0.0,0.0,0.0,0.8235294117647058,0.09836733507184164,0.13115644676245553,0.0,0.0,0.0,0.6588235294117647,0.0,0.0
A000000258935,리쥬란 더마 힐러 포어 타이트닝 크림,복합성,6bed3c7a7f34199d701510ea4ffc25fe,0,0,1,0,0,0,0,11,3,1,2,0,3,0,0,1,1,2,0,0.0,0.0,1.0,0.0,1.0,0.0,0.0,0.0,1,1,0.8235294117647058,0,0,0.0,1,0.4411764705882353,0,0.0,0,0,0,0.0,0.0,0.0,0.0,0.0,0.0,0.0,0.0,0.0,0.0,0.0,0.0,0.0,0.0,0.0
A000000258935,리쥬란 더마 힐러 포어 타이트닝 크림,민감성,6bed3c7a7f34199d701510ea4ffc25fe,0,1,0,0,0,0,0,11,3,1,2,0,3,0,0,1,1,2,0,0.0,0.0,1.0,0.0,1.0,0.0,0.0,0.0,1,1,0.8235294117647058,0,0,0.0,1,0.4411764705882353,0,0.0,0,0,0,0.0,0.0,0.0,0.0,0.0,0.0,0.0,0.0,0.0,0.0,0.0,0.0,0.0,0.0,0.0
A000000258935,리쥬란 더마 힐러 포어 타이트닝 크림,트러블성,6bed3c7a7f34199d701510ea4ffc25fe,0,0,0,0,0,0,1,11,3,1,2,0,3,0,0,1,1,2,0,0.0,0.0,1.0,0.0,1.0,0.0,0.0,0.0,1,1,0.8235294117647058,0,0,0.0,1,0.4411764705882353,0,0.0,0,0,0,0.0,0.0,0.0,0.0,0.0,0.0,0.0,0.0,0.0,1.0,0.0,0.0,0.7,0.0,0.0
A000000258935,리쥬란 더마 힐러 포어 타이트닝 크림,중성,6bed3c7a7f34199d701510ea4ffc25fe,0,0,0,0,1,0,0,11,3,1,2,0,3,0,0,1,1,2,0,0.0,0.0,1.0,0.0,1.0,0.0,0.0,0.0,1,1,0.8235294117647058,0,0,0.0,1,0.4411764705882353,0,0.0,0,0,0,0.0,0.0,0.0,0.0,0.0,0.0,0.0,0.0,0.0,0.0,0.0,0.0,0.0,0.0,0.0
A000000259039,이니스프리 레티놀 시카 모공 흔적 크림,건성,3802df7b962a77e4120db8c743a0e2b4,1,0,0,0,0,0,0,11,3,3,5,6,6,0,0,3,0,2,2,1.0,1.0,2.0,0.0,1.0,2.0,0.0,0.0,1,1,0.935483870967742,1,1,0.8709677419354839,1,0.3709677419354839,0,0.0,0,0,0,0.837819210462152,0.3333333333333333,0.0,0.0,0.0,0.0,0.0,0.0,0.0,0.0,0.0,0.0,1.0511525437954854,0.0,0.0
A000000259039,이니스프리 레티놀 시카 모공 흔적 크림,약건성,3802df7b962a77e4120db8c743a0e2b4,0,0,0,1,0,0,0,11,3,3,5,6,6,0,0,3,0,2,2,1.0,1.0,2.0,0.0,1.0,2.0,0.0,0.0,1,1,0.935483870967742,1,1,0.8709677419354839,1,0.3709677419354839,0,0.0,0,0,0,0.837819210462152,0.3333333333333333,0.0,0.0,0.0,0.0,0.0,0.0,0.0,0.0,0.0,0.0,1.0511525437954854,0.0,0.0
A000000259039,이니스프리 레티놀 시카 모공 흔적 크림,지성,3802df7b962a77e4120db8c743a0e2b4,0,0,0,0,0,1,0,11,3,3,5,6,6,0,0,3,0,2,2,1.0,1.0,2.0,0.0,1.0,2.0,0.0,0.0,1,1,0.935483870967742,1,1,0.8709677419354839,1,0.3709677419354839,0,0.0,0,0,0,0.0,0.0,0.0,0.0,0.0,0.0,0.935483870967742,0.25639747477898106,0.5525701526481607,0.0,0.0,0.0,0.7483870967741937,0.0,0.0
A000000259039,이니스프리 레티놀 시카 모공 흔적 크림,복합성,3802df7b962a77e4120db8c743a0e2b4,0,0,1,0,0,0,0,11,3,3,5,6,6,0,0,3,0,2,2,1.0,1.0,2.0,0.0,1.0,2.0,0.0,0.0,1,1,0.935483870967742,1,1,0.8709677419354839,1,0.3709677419354839,0,0.0,0,0,0,0.0,0.0,0.0,0.0,0.0,0.0,0.0,0.0,0.0,0.0,0.0,0.0,0.0,0.0,0.0
A000000259039,이니스프리 레티놀 시카 모공 흔적 크림,민감성,3802df7b962a77e4120db8c743a0e2b4,0,1,0,0,0,0,0,11,3,3,5,6,6,0,0,3,0,2,2,1.0,1.0,2.0,0.0,1.0,2.0,0.0,0.0,1,1,0.935483870967742,1,1,0.8709677419354839,1,0.3709677419354839,0,0.0,0,0,0,0.0,0.0,0.9554496404959314,0.0,0.0,0.0,0.0,0.0,0.0,0.0,0.0,0.0,0.4586158274380471,0.0,0.0
A000000259039,이니스프리 레티놀 시카 모공 흔적 크림,트러블성,3802df7b962a77e4120db8c743a0e2b4,0,0,0,0,0,0,1,11,3,3,5,6,6,0,0,3,0,2,2,1.0,1.0,2.0,0.0,1.0,2.0,0.0,0.0,1,1,0.935483870967742,1,1,0.8709677419354839,1,0.3709677419354839,0,0.0,0,0,0,0.0,0.0,0.0,0.0,0.0,0.0,0.0,0.0,0.0,1.0,0.0,0.0,0.7,0.0,0.0
A000000259039,이니스프리 레티놀 시카 모공 흔적 크림,중성,3802df7b962a77e4120db8c743a0e2b4,0,0,0,0,1,0,0,11,3,3,5,6,6,0,0,3,0,2,2,1.0,1.0,2.0,0.0,1.0,2.0,0.0,0.0,1,1,0.935483870967742,1,1,0.8709677419354839,1,0.3709677419354839,0,0.0,0,0,0,0.0,0.0,0.0,0.0,0.0,0.0,0.0,0.0,0.0,0.0,0.0,0.0,0.0,0.0,0.0
A000000259298,아비브 히알루로닉 붐 크림 워터,건성,a99add6458f6b311fc40002f9ecc2716,1,0,0,0,0,0,0,14,1,0,5,3,1,0,0,0,0,1,0,0.0,0.0,0.0,0.0,0.0,0.0,0.0,0.0,0,0,0.0,1,0,0.08571428571428574,1,0.5428571428571429,0,0.0,0,1,0,0.0,0.6666666666666666,0.0,0.0,0.0,0.0,0.0,0.0,0.0,0.0,0.0,0.0,0.42666666666666664,0.0,0.0
A000000259298,아비브 히알루로닉 붐 크림 워터,약건성,a99add6458f6b311fc40002f9ecc2716,0,0,0,1,0,0,0,14,1,0,5,3,1,0,0,0,0,1,0,0.0,0.0,0.0,0.0,0.0,0.0,0.0,0.0,0,0,0.0,1,0,0.08571428571428574,1,0.5428571428571429,0,0.0,0,1,0,0.0,0.6666666666666666,0.0,0.0,0.0,0.0,0.0,0.0,0.0,0.0,0.0,0.0,0.42666666666666664,0.0,0.0
A000000259298,아비브 히알루로닉 붐 크림 워터,지성,a99add6458f6b311fc40002f9ecc2716,0,0,0,0,0,1,0,14,1,0,5,3,1,0,0,0,0,1,0,0.0,0.0,0.0,0.0,0.0,0.0,0.0,0.0,0,0,0.0,1,0,0.08571428571428574,1,0.5428571428571429,0,0.0,0,1,0,0.0,0.0,0.0,0.0,0.0,0.0,0.0,0.0,0.0,0.0,0.0,0.0,0.0,0.0,0.0
A000000259298,아비브 히알루로닉 붐 크림 워터,복합성,a99add6458f6b311fc40002f9ecc2716,0,0,1,0,0,0,0,14,1,0,5,3,1,0,0,0,0,1,0,0.0,0.0,0.0,0.0,0.0,0.0,0.0,0.0,0,0,0.0,1,0,0.08571428571428574,1,0.5428571428571429,0,0.0,0,1,0,0.0,0.0,0.0,0.0,0.0,0.0,0.0,0.0,0.0,0.0,0.0,0.0,0.0,0.0,0.0
A000000259298,아비브 히알루로닉 붐 크림 워터,민감성,a99add6458f6b311fc40002f9ecc2716,0,1,0,0,0,0,0,14,1,0,5,3,1,0,0,0,0,1,0,0.0,0.0,0.0,0.0,0.0,0.0,0.0,0.0,0,0,0.0,1,0,0.08571428571428574,1,0.5428571428571429,0,0.0,0,1,0,0.0,0.0,0.89340883503259,0.0,0.0,0.0,0.0,0.0,0.0,0.0,0.0,0.0,0.4288362408156432,0.0,0.0
A000000259298,아비브 히알루로닉 붐 크림 워터,트러블성,a99add6458f6b311fc40002f9ecc2716,0,0,0,0,0,0,1,14,1,0,5,3,1,0,0,0,0,1,0,0.0,0.0,0.0,0.0,0.0,0.0,0.0,0.0,0,0,0.0,1,0,0.08571428571428574,1,0.5428571428571429,0,0.0,0,1,0,0.0,0.0,0.0,0.0,0.0,0.0,0.0,0.0,0.0,0.0,0.0,0.0,0.0,0.0,0.0
A000000259298,아비브 히알루로닉 붐 크림 워터,중성,a99add6458f6b311fc40002f9ecc2716,0,0,0,0,1,0,0,14,1,0,5,3,1,0,0,0,0,1,0,0.0,0.0,0.0,0.0,0.0,0.0,0.0,0.0,0,0,0.0,1,0,0.08571428571428574,1,0.5428571428571429,0,0.0,0,1,0,0.0,0.0,0.0,0.0,0.0,0.0,0.0,0.0,0.0,0.0,0.0,0.0,0.0,0.0,0.0
A000000259386,포들 밤 레티날 모공 리셋 솔루션 캡슐 크림,건성,14d884735caf4bb8bf776713b7ea6640,1,0,0,0,0,0,0,9,6,3,3,0,6,0,0,1,0,2,3,0.0,0.0,1.0,1.0,1.0,3.0,0.0,0.0,1,1,0.92,0,0,0.0,1,0.06000000000000005,0,0.0,0,0,0,0.8885121646408571,0.3333333333333333,0.0,0.0,0.0,0.0,0.0,0.0,0.0,0.0,0.0,0.0,1.1018454979741905,0.0,0.0
A000000259386,포들 밤 레티날 모공 리셋 솔루션 캡슐 크림,약건성,14d884735caf4bb8bf776713b7ea6640,0,0,0,1,0,0,0,9,6,3,3,0,6,0,0,1,0,2,3,0.0,0.0,1.0,1.0,1.0,3.0,0.0,0.0,1,1,0.92,0,0,0.0,1,0.06000000000000005,0,0.0,0,0,0,0.8885121646408571,0.3333333333333333,0.0,0.0,0.0,0.0,0.0,0.0,0.0,0.0,0.0,0.0,1.1018454979741905,0.0,0.0
A000000259386,포들 밤 레티날 모공 리셋 솔루션 캡슐 크림,지성,14d884735caf4bb8bf776713b7ea6640,0,0,0,0,0,1,0,9,6,3,3,0,6,0,0,1,0,2,3,0.0,0.0,1.0,1.0,1.0,3.0,0.0,0.0,1,1,0.92,0,0,0.0,1,0.06000000000000005,0,0.0,0,0,0,0.0,0.0,0.0,0.0,0.0,0.0,0.92,0.4506149347418736,0.13115644676245553,0.0,0.0,0.0,0.7360000000000001,0.0,0.0
A000000259386,포들 밤 레티날 모공 리셋 솔루션 캡슐 크림,복합성,14d884735caf4bb8bf776713b7ea6640,0,0,1,0,0,0,0,9,6,3,3,0,6,0,0,1,0,2,3,0.0,0.0,1.0,1.0,1.0,3.0,0.0,0.0,1,1,0.92,0,0,0.0,1,0.06000000000000005,0,0.0,0,0,0,0.0,0.0,0.0,0.0,0.0,0.0,0.0,0.0,0.0,0.0,0.0,0.0,0.0,0.0,0.0
A000000259386,포들 밤 레티날 모공 리셋 솔루션 캡슐 크림,민감성,14d884735caf4bb8bf776713b7ea6640,0,1,0,0,0,0,0,9,6,3,3,0,6,0,0,1,0,2,3,0.0,0.0,1.0,1.0,1.0,3.0,0.0,0.0,1,1,0.92,0,0,0.0,1,0.06000000000000005,0,0.0,0,0,0,0.0,0.0,0.0,0.0,0.0,0.0,0.0,0.0,0.0,0.0,0.0,0.0,0.0,0.0,0.0
A000000259386,포들 밤 레티날 모공 리셋 솔루션 캡슐 크림,트러블성,14d884735caf4bb8bf776713b7ea6640,0,0,0,0,0,0,1,9,6,3,3,0,6,0,0,1,0,2,3,0.0,0.0,1.0,1.0,1.0,3.0,0.0,0.0,1,1,0.92,0,0,0.0,1,0.06000000000000005,0,0.0,0,0,0,0.0,0.0,0.0,0.0,0.0,0.0,0.0,0.0,0.0,1.0,0.0,0.0,0.7,0.0,0.0
A000000259386,포들 밤 레티날 모공 리셋 솔루션 캡슐 크림,중성,14d884735caf4bb8bf776713b7ea6640,0,0,0,0,1,0,0,9,6,3,3,0,6,0,0,1,0,2,3,0.0,0.0,1.0,1.0,1.0,3.0,0.0,0.0,1,1,0.92,0,0,0.0,1,0.06000000000000005,0,0.0,0,0,0,0.0,0.0,0.0,0.0,0.0,0.0,0.0,0.0,0.0,0.0,0.0,0.0,0.0,0.0,0.0
A000000259494,파넬 시카마누 레드 리페어 크림,건성,f729d14283656dd2568920281f1af699,1,0,0,0,0,0,0,7,7,4,3,9,1,0,0,1,0,9,3,0.0,0.0,1.0,2.0,1.0,3.0,0.0,0.0,0,0,0.0,1,0,0.8076923076923077,0,0.0,0,0.0,0,0,0,0.9114736269671605,0.0,0.0,0.0,0.0,0.0,0.0,0.0,0.0,0.0,0.0,0.0,0.9114736269671605,0.0,0.0
A000000259494,파넬 시카마누 레드 리페어 크림,약건성,f729d14283656dd2568920281f1af699,0,0,0,1,0,0,0,7,7,4,3,9,1,0,0,1,0,9,3,0.0,0.0,1.0,2.0,1.0,3.0,0.0,0.0,0,0,0.0,1,0,0.8076923076923077,0,0.0,0,0.0,0,0,0,0.9114736269671605,0.0,0.0,0.0,0.0,0.0,0.0,0.0,0.0,0.0,0.0,0.0,0.9114736269671605,0.0,0.0
A000000259494,파넬 시카마누 레드 리페어 크림,지성,f729d14283656dd2568920281f1af699,0,0,0,0,0,1,0,7,7,4,3,9,1,0,0,1,0,9,3,0.0,0.0,1.0,2.0,1.0,3.0,0.0,0.0,0,0,0.0,1,0,0.8076923076923077,0,0.0,0,0.0,0,0,0,0.0,0.0,0.0,0.0,0.0,0.0,0.0,0.508750974225581,0.13115644676245553,0.0,0.0,0.0,0.0,0.0,0.0
A000000259494,파넬 시카마누 레드 리페어 크림,복합성,f729d14283656dd2568920281f1af699,0,0,1,0,0,0,0,7,7,4,3,9,1,0,0,1,0,9,3,0.0,0.0,1.0,2.0,1.0,3.0,0.0,0.0,0,0,0.0,1,0,0.8076923076923077,0,0.0,0,0.0,0,0,0,0.0,0.0,0.0,0.0,0.0,0.0,0.0,0.0,0.0,0.0,0.0,0.0,0.0,0.0,0.0
A000000259494,파넬 시카마누 레드 리페어 크림,민감성,f729d14283656dd2568920281f1af699,0,1,0,0,0,0,0,7,7,4,3,9,1,0,0,1,0,9,3,0.0,0.0,1.0,2.0,1.0,3.0,0.0,0.0,0,0,0.0,1,0,0.8076923076923077,0,0.0,0,0.0,0,0,0,0.0,0.0,0.9158666162139576,0.0,0.0,0.0,0.0,0.0,0.0,0.0,0.0,0.0,0.4396159757826996,0.0,0.0
A000000259494,파넬 시카마누 레드 리페어 크림,트러블성,f729d14283656dd2568920281f1af699,0,0,0,0,0,0,1,7,7,4,3,9,1,0,0,1,0,9,3,0.0,0.0,1.0,2.0,1.0,3.0,0.0,0.0,0,0,0.0,1,0,0.8076923076923077,0,0.0,0,0.0,0,0,0,0.0,0.0,0.0,0.0,0.0,0.0,0.0,0.0,0.0,0.0,0.0,0.0,0.0,0.0,0.0
A000000259494,파넬 시카마누 레드 리페어 크림,중성,f729d14283656dd2568920281f1af699,0,0,0,0,1,0,0,7,7,4,3,9,1,0,0,1,0,9,3,0.0,0.0,1.0,2.0,1.0,3.0,0.0,0.0,0,0,0.0,1,0,0.8076923076923077,0,0.0,0,0.0,0,0,0,0.0,0.0,0.0,0.0,0.0,0.0,0.0,0.0,0.0,0.0,0.0,0.0,0.0,0.0,0.0
A000000260257,제로이드 수딩 크림,건성,9487e028a95e10580769138fcdc6bea8,1,0,0,0,0,0,0,6,3,1,1,0,1,0,0,1,0,0,1,0.0,0.0,1.0,0.0,1.0,1.0,0.0,0.0,0,0,0.0,0,0,0.0,0,0.0,0,0.0,0,1,0,0.6417545631434803,0.3333333333333333,0.0,0.0,0.0,0.0,0.0,0.0,0.0,0.0,0.0,0.0,0.8550878964768136,0.0,0.0
A000000260257,제로이드 수딩 크림,약건성,9487e028a95e10580769138fcdc6bea8,0,0,0,1,0,0,0,6,3,1,1,0,1,0,0,1,0,0,1,0.0,0.0,1.0,0.0,1.0,1.0,0.0,0.0,0,0,0.0,0,0,0.0,0,0.0,0,0.0,0,1,0,0.6417545631434803,0.3333333333333333,0.0,0.0,0.0,0.0,0.0,0.0,0.0,0.0,0.0,0.0,0.8550878964768136,0.0,0.0
A000000260257,제로이드 수딩 크림,지성,9487e028a95e10580769138fcdc6bea8,0,0,0,0,0,1,0,6,3,1,1,0,1,0,0,1,0,0,1,0.0,0.0,1.0,0.0,1.0,1.0,0.0,0.0,0,0,0.0,0,0,0.0,0,0.0,0,0.0,0,1,0,0.0,0.0,0.0,0.0,0.0,0.0,0.0,0.1967346701436833,0.13115644676245553,0.0,0.0,0.0,0.0,0.0,0.0
A000000260257,제로이드 수딩 크림,복합성,9487e028a95e10580769138fcdc6bea8,0,0,1,0,0,0,0,6,3,1,1,0,1,0,0,1,0,0,1,0.0,0.0,1.0,0.0,1.0,1.0,0.0,0.0,0,0,0.0,0,0,0.0,0,0.0,0,0.0,0,1,0,0.0,0.0,0.0,0.0,0.0,0.0,0.0,0.0,0.0,0.0,0.0,0.0,0.0,0.0,0.0
A000000260257,제로이드 수딩 크림,민감성,9487e028a95e10580769138fcdc6bea8,0,1,0,0,0,0,0,6,3,1,1,0,1,0,0,1,0,0,1,0.0,0.0,1.0,0.0,1.0,1.0,0.0,0.0,0,0,0.0,0,0,0.0,0,0.0,0,0.0,0,1,0,0.0,0.0,0.0,0.0,0.0,0.0,0.0,0.0,0.0,0.0,0.0,0.0,0.0,0.0,0.0
A000000260257,제로이드 수딩 크림,트러블성,9487e028a95e10580769138fcdc6bea8,0,0,0,0,0,0,1,6,3,1,1,0,1,0,0,1,0,0,1,0.0,0.0,1.0,0.0,1.0,1.0,0.0,0.0,0,0,0.0,0,0,0.0,0,0.0,0,0.0,0,1,0,0.0,0.0,0.0,0.0,0.0,0.0,0.0,0.0,0.0,0.0,0.0,0.0,0.0,0.0,0.0
A000000260257,제로이드 수딩 크림,중성,9487e028a95e10580769138fcdc6bea8,0,0,0,0,1,0,0,6,3,1,1,0,1,0,0,1,0,0,1,0.0,0.0,1.0,0.0,1.0,1.0,0.0,0.0,0,0,0.0,0,0,0.0,0,0.0,0,0.0,0,1,0,0.0,0.0,0.0,0.0,0.0,0.0,0.0,0.0,0.0,0.0,0.0,0.0,0.0,0.0,0.0
A000000260348,리쥬덱스 더마 리페어링 크림,건성,75084446fc859fb044eb70fcb65e2b69,1,0,0,0,0,0,0,5,6,2,1,6,3,0,0,1,1,2,1,0.0,0.0,1.0,0.0,3.0,0.0,1.0,0.0,0,0,0.0,1,0,0.22580645161290325,0,0.0,0,0.0,0,0,0,0.7868696091294605,0.0,0.0,0.0,0.0,0.0,0.0,0.0,0.0,0.0,0.0,0.0,0.7868696091294605,0.0,0.0
A000000260348,리쥬덱스 더마 리페어링 크림,약건성,75084446fc859fb044eb70fcb65e2b69,0,0,0,1,0,0,0,5,6,2,1,6,3,0,0,1,1,2,1,0.0,0.0,1.0,0.0,3.0,0.0,1.0,0.0,0,0,0.0,1,0,0.22580645161290325,0,0.0,0,0.0,0,0,0,0.7868696091294605,0.0,0.0,0.0,0.0,0.0,0.0,0.0,0.0,0.0,0.0,0.0,0.7868696091294605,0.0,0.0
A000000260348,리쥬덱스 더마 리페어링 크림,지성,75084446fc859fb044eb70fcb65e2b69,0,0,0,0,0,1,0,5,6,2,1,6,3,0,0,1,1,2,1,0.0,0.0,1.0,0.0,3.0,0.0,1.0,0.0,0,0,0.0,1,0,0.22580645161290325,0,0.0,0,0.0,0,0,0,0.0,0.0,0.0,0.0,0.0,0.0,0.0,0.35224759967003194,0.13115644676245553,0.0,0.0,0.0,0.0,0.0,0.0
A000000260348,리쥬덱스 더마 리페어링 크림,복합성,75084446fc859fb044eb70fcb65e2b69,0,0,1,0,0,0,0,5,6,2,1,6,3,0,0,1,1,2,1,0.0,0.0,1.0,0.0,3.0,0.0,1.0,0.0,0,0,0.0,1,0,0.22580645161290325,0,0.0,0,0.0,0,0,0,0.0,0.0,0.0,0.0,0.0,0.0,0.0,0.0,0.0,0.0,0.0,0.0,0.0,0.0,0.0
A000000260348,리쥬덱스 더마 리페어링 크림,민감성,75084446fc859fb044eb70fcb65e2b69,0,1,0,0,0,0,0,5,6,2,1,6,3,0,0,1,1,2,1,0.0,0.0,1.0,0.0,3.0,0.0,1.0,0.0,0,0,0.0,1,0,0.22580645161290325,0,0.0,0,0.0,0,0,0,0.0,0.0,0.7204059280833964,0.0,0.0,0.0,0.0,0.0,0.0,0.0,0.0,0.0,0.34579484548003026,0.0,0.0
A000000260348,리쥬덱스 더마 리페어링 크림,트러블성,75084446fc859fb044eb70fcb65e2b69,0,0,0,0,0,0,1,5,6,2,1,6,3,0,0,1,1,2,1,0.0,0.0,1.0,0.0,3.0,0.0,1.0,0.0,0,0,0.0,1,0,0.22580645161290325,0,0.0,0,0.0,0,0,0,0.0,0.0,0.0,0.0,0.0,0.0,0.0,0.0,0.0,0.0,0.0,0.0,0.0,0.0,0.0
A000000260348,리쥬덱스 더마 리페어링 크림,중성,75084446fc859fb044eb70fcb65e2b69,0,0,0,0,1,0,0,5,6,2,1,6,3,0,0,1,1,2,1,0.0,0.0,1.0,0.0,3.0,0.0,1.0,0.0,0,0,0.0,1,0,0.22580645161290325,0,0.0,0,0.0,0,0,0,0.0,0.0,0.0,0.0,0.0,0.0,0.0,0.0,0.0,0.0,0.0,0.0,0.0,0.0,0.0
A000000260462,에스트라 아토베리어365 하이드로 수딩크림,건성,4f7d6fe03952a0b84b030e02d9352ed3,1,0,0,0,0,0,0,8,3,2,8,1,1,0,0,1,0,0,1,0.0,0.0,1.0,0.0,1.0,1.0,0.0,0.0,0,0,0.0,0,0,0.0,1,0.38235294117647056,0,0.0,1,1,0,0.770236495573647,1.0,0.0,0.0,0.0,0.0,0.0,0.0,0.0,0.0,0.0,0.0,1.410236495573647,0.0,0.0
A000000260462,에스트라 아토베리어365 하이드로 수딩크림,약건성,4f7d6fe03952a0b84b030e02d9352ed3,0,0,0,1,0,0,0,8,3,2,8,1,1,0,0,1,0,0,1,0.0,0.0,1.0,0.0,1.0,1.0,0.0,0.0,0,0,0.0,0,0,0.0,1,0.38235294117647056,0,0.0,1,1,0,0.770236495573647,1.0,0.0,0.0,0.0,0.0,0.0,0.0,0.0,0.0,0.0,0.0,1.410236495573647,0.0,0.0
A000000260462,에스트라 아토베리어365 하이드로 수딩크림,지성,4f7d6fe03952a0b84b030e02d9352ed3,0,0,0,0,0,1,0,8,3,2,8,1,1,0,0,1,0,0,1,0.0,0.0,1.0,0.0,1.0,1.0,0.0,0.0,0,0,0.0,0,0,0.0,1,0.38235294117647056,0,0.0,1,1,0,0.0,0.0,0.0,0.0,0.0,0.0,0.0,0.1967346701436833,0.13115644676245553,0.0,0.0,0.0,0.0,0.0,0.0
A000000260462,에스트라 아토베리어365 하이드로 수딩크림,복합성,4f7d6fe03952a0b84b030e02d9352ed3,0,0,1,0,0,0,0,8,3,2,8,1,1,0,0,1,0,0,1,0.0,0.0,1.0,0.0,1.0,1.0,0.0,0.0,0,0,0.0,0,0,0.0,1,0.38235294117647056,0,0.0,1,1,0,0.0,0.0,0.0,0.0,0.0,0.0,0.0,0.0,0.0,0.0,0.0,0.0,0.0,0.0,0.0
A000000260462,에스트라 아토베리어365 하이드로 수딩크림,민감성,4f7d6fe03952a0b84b030e02d9352ed3,0,1,0,0,0,0,0,8,3,2,8,1,1,0,0,1,0,0,1,0.0,0.0,1.0,0.0,1.0,1.0,0.0,0.0,0,0,0.0,0,0,0.0,1,0.38235294117647056,0,0.0,1,1,0,0.0,0.0,0.0,0.0,0.0,0.0,0.0,0.0,0.0,0.0,0.0,0.0,0.0,0.0,0.0
A000000260462,에스트라 아토베리어365 하이드로 수딩크림,트러블성,4f7d6fe03952a0b84b030e02d9352ed3,0,0,0,0,0,0,1,8,3,2,8,1,1,0,0,1,0,0,1,0.0,0.0,1.0,0.0,1.0,1.0,0.0,0.0,0,0,0.0,0,0,0.0,1,0.38235294117647056,0,0.0,1,1,0,0.0,0.0,0.0,0.0,0.0,0.0,0.0,0.0,0.0,0.0,0.0,0.0,0.0,0.0,0.0
A000000260462,에스트라 아토베리어365 하이드로 수딩크림,중성,4f7d6fe03952a0b84b030e02d9352ed3,0,0,0,0,1,0,0,8,3,2,8,1,1,0,0,1,0,0,1,0.0,0.0,1.0,0.0,1.0,1.0,0.0,0.0,0,0,0.0,0,0,0.0,1,0.38235294117647056,0,0.0,1,1,0,0.0,0.0,0.0,0.0,0.0,0.0,0.0,0.0,0.0,0.0,0.0,0.0,0.0,0.0,0.0
