thema,canonical_name,제품에_함유된_개수,테마별_전체_제품수,함유비율
기타/강조문구 약함,정제수,24,24,1.0
기타/강조문구 약함,글리세린,22,24,0.917
기타/강조문구 약함,부틸렌글라이콜,19,24,0.792
기타/강조문구 약함,"1,2-헥산다이올",19,24,0.792
기타/강조문구 약함,프로판다이올,16,24,0.667
기타/강조문구 약함,에틸헥실글리세린,14,24,0.583
기타/강조문구 약함,나이아신아마이드,13,24,0.542
기타/강조문구 약함,카프릴릭/카프릭트라이글리세라이드,13,24,0.542
기타/강조문구 약함,토코페롤,13,24,0.542
기타/강조문구 약함,소듐하이알루로네이트,12,24,0.5
기타/강조문구 약함,아데노신,12,24,0.5
기타/강조문구 약함,아크릴레이트/C10-30알킬아크릴레이트크로스폴리머,12,24,0.5
기타/강조문구 약함,판테놀,11,24,0.458
기타/강조문구 약함,카보머,11,24,0.458
기타/강조문구 약함,잔탄검,11,24,0.458
기타/강조문구 약함,글리세릴스테아레이트,11,24,0.458
기타/강조문구 약함,세테아릴알코올,10,24,0.417
기타/강조문구 약함,카프릴릴글라이콜,10,24,0.417
기타/강조문구 약함,하이드롤라이즈드하이알루로닉애씨드,10,24,0.417
기타/강조문구 약함,다이메티콘,10,24,0.417
기타/강조문구 약함,암모늄아크릴로일다이메틸타우레이트/브이피코폴리머,10,24,0.417
기타/강조문구 약함,다이소듐이디티에이,9,24,0.375
기타/강조문구 약함,솔비탄올리베이트,9,24,0.375
기타/강조문구 약함,하이드로제네이티드레시틴,9,24,0.375
기타/강조문구 약함,트로메타민,9,24,0.375
기타/강조문구 약함,하이드로제네이티드폴리데센,7,24,0.292
기타/강조문구 약함,알지닌,7,24,0.292
기타/강조문구 약함,세테아릴올리베이트,7,24,0.292
기타/강조문구 약함,스쿠알란,7,24,0.292
기타/강조문구 약함,스테아릭애씨드,7,24,0.292
기타/강조문구 약함,폴리메틸실세스퀴옥세인,7,24,0.292
기타/강조문구 약함,향료,7,24,0.292
기타/강조문구 약함,다이메티콘올,7,24,0.292
기타/강조문구 약함,시트릭애씨드,6,24,0.25
기타/강조문구 약함,C14-22알코올,6,24,0.25
기타/강조문구 약함,하이드록시아세토페논,6,24,0.25
기타/강조문구 약함,베타-글루칸,6,24,0.25
기타/강조문구 약함,세라마이드엔피,6,24,0.25
기타/강조문구 약함,황련뿌리추출물,6,24,0.25
기타/강조문구 약함,C12-20알킬글루코사이드,6,24,0.25
기타/강조문구 약함,리날룰,6,24,0.25
기타/강조문구 약함,리모넨,6,24,0.25
기타/강조문구 약함,다이프로필렌글라이콜,6,24,0.25
기타/강조문구 약함,비닐다이메티콘,5,24,0.208
기타/강조문구 약함,펜틸렌글라이콜,5,24,0.208
기타/강조문구 약함,마데카소사이드,5,24,0.208
기타/강조문구 약함,하이알루로닉애씨드,5,24,0.208
기타/강조문구 약함,소듐아세틸레이티드하이알루로네이트,5,24,0.208
기타/강조문구 약함,비사보롤,5,24,0.208
기타/강조문구 약함,다이카프릴릴카보네이트,5,24,0.208
기타/강조문구 약함,알란토인,4,24,0.167
기타/강조문구 약함,사이아노코발아민,4,24,0.167
기타/강조문구 약함,솔비탄아이소스테아레이트,4,24,0.167
기타/강조문구 약함,하이드록시에틸아크릴레이트/소듐아크릴로일다이메틸타우레이트코폴리머,4,24,0.167
기타/강조문구 약함,올리브오일,4,24,0.167
기타/강조문구 약함,병풀추출물,4,24,0.167
기타/강조문구 약함,돌콩오일,4,24,0.167
기타/강조문구 약함,팔미틱애씨드,4,24,0.167
기타/강조문구 약함,시트로넬올,4,24,0.167
기타/강조문구 약함,바쿠치올,4,24,0.167
기타/강조문구 약함,실리카,4,24,0.167
기타/강조문구 약함,황금추출물,4,24,0.167
기타/강조문구 약함,벤질벤조에이트,4,24,0.167
기타/강조문구 약함,포타슘하이드록사이드,4,24,0.167
기타/강조문구 약함,소듐메타바이설파이트,4,24,0.167
기타/강조문구 약함,하이드록시에틸우레아,4,24,0.167
기타/강조문구 약함,에피갈로카테킨갈레이트,4,24,0.167
기타/강조문구 약함,피이지-100스테아레이트,4,24,0.167
기타/강조문구 약함,트라이에틸헥사노인,4,24,0.167
기타/강조문구 약함,티타늄디옥사이드,4,24,0.167
기타/강조문구 약함,시어버터,4,24,0.167
기타/강조문구 약함,하이드록시프로필트라이모늄하이알루로네이트,3,24,0.125
기타/강조문구 약함,덱스트린,3,24,0.125
기타/강조문구 약함,세틸팔미테이트,3,24,0.125
기타/강조문구 약함,토코페릴아세테이트,3,24,0.125
기타/강조문구 약함,소듐파이테이트,3,24,0.125
기타/강조문구 약함,소듐스테아로일글루타메이트,3,24,0.125
기타/강조문구 약함,레스베라트롤,3,24,0.125
기타/강조문구 약함,카프릴릴메티콘,3,24,0.125
기타/강조문구 약함,페녹시에탄올,3,24,0.125
기타/강조문구 약함,소듐하이드록사이드,3,24,0.125
기타/강조문구 약함,슈도알테로모나스발효추출물,3,24,0.125
기타/강조문구 약함,살리실릭애씨드,3,24,0.125
기타/강조문구 약함,트레오닌,3,24,0.125
기타/강조문구 약함,만델릭애씨드,3,24,0.125
기타/강조문구 약함,모란뿌리추출물,3,24,0.125
기타/강조문구 약함,헥실신남알,3,24,0.125
기타/강조문구 약함,시트룰린,3,24,0.125
기타/강조문구 약함,적색산화철,3,24,0.125
기타/강조문구 약함,글라이코젠,3,24,0.125
기타/강조문구 약함,왜당귀뿌리추출물,3,24,0.125
기타/강조문구 약함,하이드로제네이티드폴리아이소부텐,3,24,0.125
기타/강조문구 약함,알라닌,3,24,0.125
기타/강조문구 약함,시스테인에이치씨엘,3,24,0.125
기타/강조문구 약함,삽주뿌리줄기추출물,3,24,0.125
기타/강조문구 약함,마이카,3,24,0.125
기타/강조문구 약함,복숭아씨추출물,3,24,0.125
기타/강조문구 약함,피씨에이,3,24,0.125
기타/강조문구 약함,히스티딘에이치씨엘,3,24,0.125
기타/강조문구 약함,헥실레조시놀,3,24,0.125
기타/강조문구 약함,크리신,3,24,0.125
기타/강조문구 약함,하이드록시데실유비퀴논,3,24,0.125
기타/강조문구 약함,수크로오스,3,24,0.125
기타/강조문구 약함,소듐파이루베이트,3,24,0.125
기타/강조문구 약함,트레할로오스,3,24,0.125
기타/강조문구 약함,폴리글리세릴-10올리에이트,3,24,0.125
기타/강조문구 약함,트라이소듐이디티에이,3,24,0.125
기타/강조문구 약함,유비퀴논,3,24,0.125
기타/강조문구 약함,스페인감초뿌리추출물,3,24,0.125
기타/강조문구 약함,만니톨,3,24,0.125
기타/강조문구 약함,글루타믹애씨드,3,24,0.125
기타/강조문구 약함,베헤닐알코올,3,24,0.125
기타/강조문구 약함,펜타에리스리틸테트라에틸헥사노에이트,3,24,0.125
기타/강조문구 약함,하이드록시시트로넬알,3,24,0.125
기타/강조문구 약함,아스코빌글루코사이드,3,24,0.125
기타/강조문구 약함,아라키딜글루코사이드,3,24,0.125
기타/강조문구 약함,라이신에이치씨엘,3,24,0.125
기타/강조문구 약함,작약뿌리추출물,3,24,0.125
기타/강조문구 약함,세린,3,24,0.125
기타/강조문구 약함,트라넥사믹애씨드,3,24,0.125
기타/강조문구 약함,헥실데실에틸헥사노에이트,3,24,0.125
기타/강조문구 약함,폴리다틴,3,24,0.125
기타/강조문구 약함,질경이추출물,3,24,0.125
기타/강조문구 약함,아라키딜알코올,3,24,0.125
기타/강조문구 약함,폴리글리세릴-3메틸글루코오스다이스테아레이트,3,24,0.125
기타/강조문구 약함,페닐트라이메티콘,3,24,0.125
기타/강조문구 약함,글루코오스,3,24,0.125
기타/강조문구 약함,글리세릴아크릴레이트/아크릴릭애씨드코폴리머,3,24,0.125
기타/강조문구 약함,소듐하이알루로네이트크로스폴리머,3,24,0.125
기타/강조문구 약함,베타인,3,24,0.125
기타/강조문구 약함,아이소노닐아이소노나노에이트,3,24,0.125
기타/강조문구 약함,소듐시트레이트,2,24,0.083
기타/강조문구 약함,바이오사카라이드검-1,2,24,0.083
기타/강조문구 약함,쿼세틴,2,24,0.083
기타/강조문구 약함,글루타티온,2,24,0.083
기타/강조문구 약함,식물성스쿠알란,2,24,0.083
기타/강조문구 약함,메틸카프로오일타이로지네이트,2,24,0.083
기타/강조문구 약함,카놀라오일,2,24,0.083
기타/강조문구 약함,미리스토일/팔미토일옥소스테아라마이드/아라카마이드엠이에이,2,24,0.083
기타/강조문구 약함,피토스테롤,2,24,0.083
기타/강조문구 약함,솔비탄팔미테이트,2,24,0.083
기타/강조문구 약함,폴리글리세릴-10다이스테아레이트,2,24,0.083
기타/강조문구 약함,탄닉애씨드,2,24,0.083
기타/강조문구 약함,녹차수,2,24,0.083
기타/강조문구 약함,폴리쿼터늄-51,2,24,0.083
기타/강조문구 약함,소듐디엔에이,2,24,0.083
기타/강조문구 약함,병풀잎수,2,24,0.083
기타/강조문구 약함,티트리잎수,2,24,0.083
기타/강조문구 약함,트라이소듐에틸렌다이아민다이석시네이트,2,24,0.083
기타/강조문구 약함,클로페네신,2,24,0.083
기타/강조문구 약함,해바라기씨오일,2,24,0.083
기타/강조문구 약함,살구씨오일,2,24,0.083
기타/강조문구 약함,세틸알코올,2,24,0.083
기타/강조문구 약함,비피다발효용해물,2,24,0.083
기타/강조문구 약함,메틸프로판다이올,2,24,0.083
기타/강조문구 약함,락토바실러스발효물,2,24,0.083
기타/강조문구 약함,하이드롤라이즈드식물성단백질,2,24,0.083
기타/강조문구 약함,세틸에틸헥사노에이트,2,24,0.083
기타/강조문구 약함,폴리글리세릴-10라우레이트,2,24,0.083
기타/강조문구 약함,옥수수전분,2,24,0.083
기타/강조문구 약함,스핑고모나스발효추출물,2,24,0.083
기타/강조문구 약함,아세틸다이펩타이드-1세틸에스터,2,24,0.083
기타/강조문구 약함,단삼뿌리추출물,2,24,0.083
기타/강조문구 약함,프로필렌글라이콜,2,24,0.083
기타/강조문구 약함,글리세릴글루코사이드,2,24,0.083
기타/강조문구 약함,다이포타슘글리시리제이트,2,24,0.083
기타/강조문구 약함,메나다이온,2,24,0.083
기타/강조문구 약함,포타슘하이알루로네이트,2,24,0.083
기타/강조문구 약함,하이드롤라이즈드소듐하이알루로네이트,2,24,0.083
기타/강조문구 약함,폴리글리세릴-10다이아이소스테아레이트,2,24,0.083
기타/강조문구 약함,아스타잔틴,2,24,0.083
기타/강조문구 약함,해마토코쿠스 플루비알리스오일,2,24,0.083
기타/강조문구 약함,알지닌/라이신폴리펩타이드,1,24,0.042
기타/강조문구 약함,폴리글리세릴-10스테아레이트,1,24,0.042
기타/강조문구 약함,트라이데세스-10,1,24,0.042
기타/강조문구 약함,데실글루코사이드,1,24,0.042
기타/강조문구 약함,약모밀추출물,1,24,0.042
기타/강조문구 약함,하이드록시에틸셀룰로오스,1,24,0.042
기타/강조문구 약함,소듐폴리아크릴로일다이메틸타우레이트,1,24,0.042
기타/강조문구 약함,양파추출물,1,24,0.042
기타/강조문구 약함,치자추출물,1,24,0.042
기타/강조문구 약함,솔비톨,1,24,0.042
기타/강조문구 약함,페룰릭애씨드,1,24,0.042
기타/강조문구 약함,소듐아스코빌포스페이트,1,24,0.042
기타/강조문구 약함,수크로오스스테아레이트,1,24,0.042
기타/강조문구 약함,비스-피이지-18메틸에터다이메틸실레인,1,24,0.042
기타/강조문구 약함,미리스틸미리스테이트,1,24,0.042
기타/강조문구 약함,하이드록시팔미토일스핑가닌,1,24,0.042
기타/강조문구 약함,로즈마리잎추출물,1,24,0.042
기타/강조문구 약함,아보카도오일,1,24,0.042
기타/강조문구 약함,쌀겨오일,1,24,0.042
기타/강조문구 약함,피이지-8스테아레이트,1,24,0.042
기타/강조문구 약함,스위트아몬드오일,1,24,0.042
기타/강조문구 약함,미리스틱애씨드,1,24,0.042
기타/강조문구 약함,스테아릴알코올,1,24,0.042
기타/강조문구 약함,아이소도데케인,1,24,0.042
기타/강조문구 약함,효모발효여과물,1,24,0.042
기타/강조문구 약함,복숭아수,1,24,0.042
기타/강조문구 약함,복사나무꽃추출물,1,24,0.042
기타/강조문구 약함,호호바에스터,1,24,0.042
기타/강조문구 약함,수용성콜라겐,1,24,0.042
기타/강조문구 약함,펙틴,1,24,0.042
기타/강조문구 약함,갈락토미세스발효여과물,1,24,0.042
기타/강조문구 약함,말토덱스트린,1,24,0.042
기타/강조문구 약함,복숭아추출물,1,24,0.042
기타/강조문구 약함,카카오추출물,1,24,0.042
기타/강조문구 약함,글리세릴스테아레이트시트레이트,1,24,0.042
기타/강조문구 약함,하이드록시프로필스타치포스페이트,1,24,0.042
기타/강조문구 약함,폴리글리세릴-3다이스테아레이트,1,24,0.042
기타/강조문구 약함,에틸셀룰로오스,1,24,0.042
기타/강조문구 약함,다시마추출물,1,24,0.042
기타/강조문구 약함,꿀풀추출물,1,24,0.042
기타/강조문구 약함,프룩탄,1,24,0.042
기타/강조문구 약함,한련초잎추출물,1,24,0.042
기타/강조문구 약함,프룩토올리고사카라이드,1,24,0.042
기타/강조문구 약함,초유,1,24,0.042
기타/강조문구 약함,아이소스테아릴알코올,1,24,0.042
기타/강조문구 약함,블래더랙추출물,1,24,0.042
기타/강조문구 약함,사이클로헥사실록세인,1,24,0.042
기타/강조문구 약함,이노시톨,1,24,0.042
기타/강조문구 약함,부틸렌글라이콜코코에이트,1,24,0.042
기타/강조문구 약함,해수,1,24,0.042
기타/강조문구 약함,소듐살리실레이트,1,24,0.042
기타/강조문구 약함,다이카프릴릴에터,1,24,0.042
기타/강조문구 약함,피이지-10다이메티콘,1,24,0.042
기타/강조문구 약함,타마린드씨검,1,24,0.042
기타/강조문구 약함,피이지-240/에이치디아이코폴리머비스-데실테트라데세스-20에터,1,24,0.042
기타/강조문구 약함,소듐바이카보네이트,1,24,0.042
기타/강조문구 약함,올리브나무잎추출물,1,24,0.042
기타/강조문구 약함,하이드롤라이즈드콘키올린단백질,1,24,0.042
기타/강조문구 약함,아가,1,24,0.042
기타/강조문구 약함,아이소세테스-10,1,24,0.042
기타/강조문구 약함,비에이치티,1,24,0.042
기타/강조문구 약함,락틱애씨드,1,24,0.042
기타/강조문구 약함,메틸파라벤,1,24,0.042
기타/강조문구 약함,하이드로제네이티드코코넛오일,1,24,0.042
기타/강조문구 약함,인삼수,1,24,0.042
기타/강조문구 약함,쌀겨수,1,24,0.042
기타/강조문구 약함,구기자추출물,1,24,0.042
기타/강조문구 약함,꿀추출물,1,24,0.042
기타/강조문구 약함,진흙버섯추출물,1,24,0.042
기타/강조문구 약함,부틸렌글라이콜다이카프릴레이트/다이카프레이트,1,24,0.042
기타/강조문구 약함,무씨추출물,1,24,0.042
기타/강조문구 약함,카카오씨추출물,1,24,0.042
기타/강조문구 약함,잇꽃씨오일,1,24,0.042
기타/강조문구 약함,폴리솔베이트20,1,24,0.042
기타/강조문구 약함,암모늄폴리아크릴로일다이메틸타우레이트,1,24,0.042
기타/강조문구 약함,카프릴릭/카프릭/미리스틱/스테아릭트라이글리세라이드,1,24,0.042
기타/강조문구 약함,소듐메타포스페이트,1,24,0.042
기타/강조문구 약함,메틸트라이메티콘,1,24,0.042
기타/강조문구 약함,포타슘세틸포스페이트,1,24,0.042
기타/강조문구 약함,글리세릴카프릴레이트,1,24,0.042
기타/강조문구 약함,코코넛야자오일,1,24,0.042
기타/강조문구 약함,글루코노락톤,1,24,0.042
기타/강조문구 약함,호호바씨오일,1,24,0.042
기타/강조문구 약함,코코-카프릴레이트/카프레이트,1,24,0.042
기타/강조문구 약함,다마스크장미꽃추출물,1,24,0.042
기타/강조문구 약함,폴리글리세린-3,1,24,0.042
기타/강조문구 약함,소듐구아이아줄렌설포네이트,1,24,0.042
기타/강조문구 약함,마트리카리아꽃추출물,1,24,0.042
기타/강조문구 약함,아시아틱애씨드,1,24,0.042
기타/강조문구 약함,암모늄아크릴로일다이메틸타우레이트/베헤네스-25메타크라일레이트크로스폴리머,1,24,0.042
기타/강조문구 약함,피씨에이다이메티콘,1,24,0.042
기타/강조문구 약함,마데카식애씨드,1,24,0.042
기타/강조문구 약함,쇠비름추출물,1,24,0.042
기타/강조문구 약함,아시아티코사이드,1,24,0.042
기타/강조문구 약함,멘톡시프로판다이올,1,24,0.042
기타/강조문구 약함,사코신,1,24,0.042
기타/강조문구 약함,하이드록시에틸피페라진에탄설포닉애씨드,1,24,0.042
기타/강조문구 약함,테트라소듐이디티에이,1,24,0.042
기타/강조문구 약함,다이메틸실란올하이알루로네이트,1,24,0.042
기타/강조문구 약함,유자추출물,1,24,0.042
기타/강조문구 약함,록샘파이어캘러스배양여과물,1,24,0.042
기타/강조문구 약함,옥타데케인,1,24,0.042
기타/강조문구 약함,산소,1,24,0.042
기타/강조문구 약함,쿠마린,1,24,0.042
기타/강조문구 약함,히비스커스꽃추출물,1,24,0.042
기타/강조문구 약함,소듐하이알루로네이트다이메틸실란올,1,24,0.042
기타/강조문구 약함,락틱애씨드/글라이콜릭애씨드코폴리머,1,24,0.042
기타/강조문구 약함,유제놀,1,24,0.042
기타/강조문구 약함,폴릭애씨드,1,24,0.042
기타/강조문구 약함,아스코빅애씨드,1,24,0.042
기타/강조문구 약함,올레익애씨드,1,24,0.042
기타/강조문구 약함,리보플라빈,1,24,0.042
기타/강조문구 약함,락토바실러스/소이밀크발효여과물,1,24,0.042
기타/강조문구 약함,황벽나무껍질추출물,1,24,0.042
기타/강조문구 약함,리놀레닉애씨드,1,24,0.042
기타/강조문구 약함,아모다이메티콘,1,24,0.042
기타/강조문구 약함,바실러스/소이빈발효추출물,1,24,0.042
기타/강조문구 약함,무화과추출물,1,24,0.042
기타/강조문구 약함,베르가모트오일,1,24,0.042
기타/강조문구 약함,변성알코올,1,24,0.042
기타/강조문구 약함,맥아추출물,1,24,0.042
기타/강조문구 약함,락토바실러스/호밀가루발효물,1,24,0.042
기타/강조문구 약함,티아민에이치씨엘,1,24,0.042
기타/강조문구 약함,피리독신,1,24,0.042
기타/강조문구 약함,마그네슘클로라이드,1,24,0.042
기타/강조문구 약함,리놀레익애씨드,1,24,0.042
기타/강조문구 약함,판토테닉애씨드,1,24,0.042
기타/강조문구 약함,캐스터오일/아이피디아이코폴리머,1,24,0.042
기타/강조문구 약함,글리세릴스테아레이트에스이,1,24,0.042
기타/강조문구 약함,C13-14아이소알케인,1,24,0.042
기타/강조문구 약함,하이드롤라이즈드콩단백질,1,24,0.042
기타/강조문구 약함,트로폴론,1,24,0.042
기타/강조문구 약함,폴리아크릴아마이드,1,24,0.042
기타/강조문구 약함,라우레스-7,1,24,0.042
기타/강조문구 약함,트라이에탄올아민,1,24,0.042
기타/강조문구 약함,스테아레스-10,1,24,0.042
기타/강조문구 약함,비즈왁스,1,24,0.042
기타/강조문구 약함,알로에베라잎추출물,1,24,0.042
기타/강조문구 약함,미네랄오일,1,24,0.042
기타/강조문구 약함,아이소세틸스테아레이트,1,24,0.042
기타/강조문구 약함,아세틸헥사펩타이드-8,1,24,0.042
기타/강조문구 약함,팔미토일펜타펩타이드-4,1,24,0.042
기타/강조문구 약함,카르노신,1,24,0.042
기타/강조문구 약함,폴리락틱애씨드,1,24,0.042
기타/강조문구 약함,아세틸테트라펩타이드-3,1,24,0.042
기타/강조문구 약함,아세틸테트라펩타이드-5,1,24,0.042
기타/강조문구 약함,팔미토일트라이펩타이드-5,1,24,0.042
기타/강조문구 약함,아세틸테트라펩타이드-2,1,24,0.042
기타/강조문구 약함,팔미토일트라이펩타이드-1,1,24,0.042
기타/강조문구 약함,카퍼트라이펩타이드-1,1,24,0.042
기타/강조문구 약함,노나펩타이드-1,1,24,0.042
기타/강조문구 약함,아세틸옥타펩타이드-3,1,24,0.042
기타/강조문구 약함,하이드롤라이즈드콜라겐,1,24,0.042
기타/강조문구 약함,아세틸테트라펩타이드-9,1,24,0.042
기타/강조문구 약함,아텔로콜라겐,1,24,0.042
기타/강조문구 약함,트라이메틸펜타페닐트라이실록세인,1,24,0.042
기타/강조문구 약함,칸디다 봄비콜라/글루코오스/메틸레이프씨데이트발효물,1,24,0.042
기타/강조문구 약함,아스코빅애씨드폴리펩타이드,1,24,0.042
기타/강조문구 약함,락토바실러스발효용해물,1,24,0.042
기타/강조문구 약함,세라마이드엔에스,1,24,0.042
기타/강조문구 약함,마그네슘설페이트,1,24,0.042
기타/강조문구 약함,세라마이드이오피,1,24,0.042
기타/강조문구 약함,솔비탄세스퀴올리에이트,1,24,0.042
기타/강조문구 약함,폴리글리세릴-6올리에이트,1,24,0.042
기타/강조문구 약함,세라마이드에이피,1,24,0.042
기타/강조문구 약함,세라마이드에이에스,1,24,0.042
기타/강조문구 약함,오리스뿌리추출물,1,24,0.042
기타/강조문구 약함,서양송악잎/줄기추출물,1,24,0.042
기타/강조문구 약함,폴리글리세릴-4올리에이트,1,24,0.042
기타/강조문구 약함,폴리하이드록시스테아릭애씨드,1,24,0.042
기타/강조문구 약함,멜론추출물,1,24,0.042
기타/강조문구 약함,콜레스테롤,1,24,0.042
기타/강조문구 약함,서양배추출물,1,24,0.042
기타/강조문구 약함,비피다발효여과물,1,24,0.042
기타/강조문구 약함,다마스크장미꽃수,1,24,0.042
기타/강조문구 약함,피토스핑고신,1,24,0.042
남성·포맨,소듐하이알루로네이트,3,3,1.0
남성·포맨,부틸렌글라이콜,3,3,1.0
남성·포맨,정제수,3,3,1.0
남성·포맨,"1,2-헥산다이올",3,3,1.0
남성·포맨,글리세린,3,3,1.0
남성·포맨,다이소듐이디티에이,2,3,0.667
남성·포맨,에틸헥실글리세린,2,3,0.667
남성·포맨,세테아릴알코올,2,3,0.667
남성·포맨,솔비탄올리베이트,2,3,0.667
남성·포맨,녹차추출물,2,3,0.667
남성·포맨,커피콩추출물,2,3,0.667
남성·포맨,소듐폴리아크릴레이트,2,3,0.667
남성·포맨,프로판다이올,2,3,0.667
남성·포맨,아시아틱애씨드,2,3,0.667
남성·포맨,마데카소사이드,2,3,0.667
남성·포맨,하이알루로닉애씨드,2,3,0.667
남성·포맨,카프릴릭/카프릭트라이글리세라이드,2,3,0.667
남성·포맨,마데카식애씨드,2,3,0.667
남성·포맨,덱스트린,2,3,0.667
남성·포맨,아시아티코사이드,2,3,0.667
남성·포맨,알란토인,2,3,0.667
남성·포맨,암모늄아크릴로일다이메틸타우레이트/브이피코폴리머,2,3,0.667
남성·포맨,폴리글리세릴-3메틸글루코오스다이스테아레이트,2,3,0.667
남성·포맨,토코페롤,2,3,0.667
남성·포맨,다이카프릴릴카보네이트,2,3,0.667
남성·포맨,하이드로제네이티드레시틴,2,3,0.667
남성·포맨,병풀추출물,1,3,0.333
남성·포맨,글라이코프로테인,1,3,0.333
남성·포맨,에틸헥실스테아레이트,1,3,0.333
남성·포맨,하이드롤라이즈드치자추출물,1,3,0.333
남성·포맨,암모늄폴리아크릴로일다이메틸타우레이트,1,3,0.333
남성·포맨,하이드롤라이즈드맥아추출물,1,3,0.333
남성·포맨,인도멀구슬나무잎추출물,1,3,0.333
남성·포맨,데실글루코사이드,1,3,0.333
남성·포맨,비닐다이메티콘,1,3,0.333
남성·포맨,인도멀구슬나무꽃추출물,1,3,0.333
남성·포맨,감자꽃추출물,1,3,0.333
남성·포맨,소나무잎추출물,1,3,0.333
남성·포맨,세테아릴올리베이트,1,3,0.333
남성·포맨,베르가모트잎추출물,1,3,0.333
남성·포맨,병풀잎추출물,1,3,0.333
남성·포맨,하이드롤라이즈드삼색제비꽃추출물,1,3,0.333
남성·포맨,오카무라큰실말추출물,1,3,0.333
남성·포맨,카프릴로일살리실릭애씨드,1,3,0.333
남성·포맨,트라이데세스-6,1,3,0.333
남성·포맨,카카오씨추출물,1,3,0.333
남성·포맨,하이드롤라이즈드하이알루로닉애씨드,1,3,0.333
남성·포맨,흰버드나무껍질추출물,1,3,0.333
남성·포맨,시트릭애씨드,1,3,0.333
남성·포맨,수크로오스스테아레이트,1,3,0.333
남성·포맨,해바라기씨오일,1,3,0.333
남성·포맨,알로에베라잎즙가루,1,3,0.333
남성·포맨,판테놀,1,3,0.333
남성·포맨,나이아신아마이드,1,3,0.333
남성·포맨,세린,1,3,0.333
남성·포맨,수크로오스트라이스테아레이트,1,3,0.333
남성·포맨,세틸팔미테이트,1,3,0.333
남성·포맨,알지닌,1,3,0.333
남성·포맨,카보머,1,3,0.333
남성·포맨,트로메타민,1,3,0.333
남성·포맨,호호바씨오일,1,3,0.333
남성·포맨,글리세릴스테아레이트,1,3,0.333
남성·포맨,스쿠알란,1,3,0.333
남성·포맨,세라마이드엔피,1,3,0.333
남성·포맨,솔비탄팔미테이트,1,3,0.333
남성·포맨,세틸알코올,1,3,0.333
남성·포맨,밤껍질추출물,1,3,0.333
남성·포맨,아스코빅애씨드,1,3,0.333
남성·포맨,C12-16알코올,1,3,0.333
남성·포맨,포도추출물,1,3,0.333
남성·포맨,베타인,1,3,0.333
남성·포맨,초피나무열매추출물,1,3,0.333
남성·포맨,글리세릴카프릴레이트,1,3,0.333
남성·포맨,솔비탄아이소스테아레이트,1,3,0.333
남성·포맨,호장근뿌리추출물,1,3,0.333
남성·포맨,하이드록시에틸아크릴레이트/소듐아크릴로일다이메틸타우레이트코폴리머,1,3,0.333
남성·포맨,감나무잎추출물,1,3,0.333
남성·포맨,폴리쿼터늄-51,1,3,0.333
남성·포맨,치자추출물,1,3,0.333
남성·포맨,페닐트라이메티콘,1,3,0.333
남성·포맨,다이프로필렌글라이콜,1,3,0.333
남성·포맨,글리세릴글루코사이드,1,3,0.333
남성·포맨,잇꽃꽃추출물,1,3,0.333
남성·포맨,카프릴릴메티콘,1,3,0.333
남성·포맨,다이포타슘글리시리제이트,1,3,0.333
남성·포맨,팔미틱애씨드,1,3,0.333
남성·포맨,C30-45알킬세테아릴다이메티콘크로스폴리머,1,3,0.333
남성·포맨,자작나무수액,1,3,0.333
남성·포맨,쇠비름추출물,1,3,0.333
미백·잡티·톤업,"1,2-헥산다이올",23,25,0.92
미백·잡티·톤업,부틸렌글라이콜,22,25,0.88
미백·잡티·톤업,정제수,22,25,0.88
미백·잡티·톤업,글리세린,22,25,0.88
미백·잡티·톤업,아데노신,19,25,0.76
미백·잡티·톤업,나이아신아마이드,18,25,0.72
미백·잡티·톤업,세테아릴알코올,17,25,0.68
미백·잡티·톤업,하이드로제네이티드레시틴,16,25,0.64
미백·잡티·톤업,카프릴릭/카프릭트라이글리세라이드,16,25,0.64
미백·잡티·톤업,에틸헥실글리세린,15,25,0.6
미백·잡티·톤업,토코페롤,15,25,0.6
미백·잡티·톤업,다이소듐이디티에이,13,25,0.52
미백·잡티·톤업,솔비탄올리베이트,12,25,0.48
미백·잡티·톤업,세테아릴올리베이트,12,25,0.48
미백·잡티·톤업,글리세릴스테아레이트,12,25,0.48
미백·잡티·톤업,판테놀,12,25,0.48
미백·잡티·톤업,소듐하이알루로네이트,11,25,0.44
미백·잡티·톤업,잔탄검,11,25,0.44
미백·잡티·톤업,프로판다이올,11,25,0.44
미백·잡티·톤업,솔비탄아이소스테아레이트,11,25,0.44
미백·잡티·톤업,세라마이드엔피,10,25,0.4
미백·잡티·톤업,카프릴릴글라이콜,10,25,0.4
미백·잡티·톤업,아크릴레이트/C10-30알킬아크릴레이트크로스폴리머,10,25,0.4
미백·잡티·톤업,비닐다이메티콘,9,25,0.36
미백·잡티·톤업,다이프로필렌글라이콜,9,25,0.36
미백·잡티·톤업,다이메티콘,9,25,0.36
미백·잡티·톤업,카보머,9,25,0.36
미백·잡티·톤업,트로메타민,9,25,0.36
미백·잡티·톤업,베타인,8,25,0.32
미백·잡티·톤업,트라넥사믹애씨드,8,25,0.32
미백·잡티·톤업,하이드록시에틸아크릴레이트/소듐아크릴로일다이메틸타우레이트코폴리머,8,25,0.32
미백·잡티·톤업,글루타티온,8,25,0.32
미백·잡티·톤업,스테아릭애씨드,7,25,0.28
미백·잡티·톤업,아이소노닐아이소노나노에이트,7,25,0.28
미백·잡티·톤업,콜레스테롤,7,25,0.28
미백·잡티·톤업,베타-글루칸,7,25,0.28
미백·잡티·톤업,암모늄아크릴로일다이메틸타우레이트/브이피코폴리머,7,25,0.28
미백·잡티·톤업,하이드롤라이즈드하이알루로닉애씨드,7,25,0.28
미백·잡티·톤업,리날룰,7,25,0.28
미백·잡티·톤업,해바라기씨오일,7,25,0.28
미백·잡티·톤업,아스코빅애씨드,7,25,0.28
미백·잡티·톤업,하이드록시아세토페논,6,25,0.24
미백·잡티·톤업,하이드로제네이티드폴리데센,6,25,0.24
미백·잡티·톤업,메틸프로판다이올,6,25,0.24
미백·잡티·톤업,스쿠알란,6,25,0.24
미백·잡티·톤업,하이드로제네이티드폴리(C6-14올레핀),6,25,0.24
미백·잡티·톤업,시어버터,6,25,0.24
미백·잡티·톤업,에스에이치-올리고펩타이드-1,6,25,0.24
미백·잡티·톤업,폴리글리세릴-10라우레이트,6,25,0.24
미백·잡티·톤업,알지닌,6,25,0.24
미백·잡티·톤업,소듐파이테이트,6,25,0.24
미백·잡티·톤업,소듐아스코빌포스페이트,6,25,0.24
미백·잡티·톤업,펜타에리스리틸테트라에틸헥사노에이트,6,25,0.24
미백·잡티·톤업,세틸에틸헥사노에이트,6,25,0.24
미백·잡티·톤업,펜틸렌글라이콜,6,25,0.24
미백·잡티·톤업,사이클로헥사실록세인,5,25,0.2
미백·잡티·톤업,팔미틱애씨드,5,25,0.2
미백·잡티·톤업,세테아릴글루코사이드,5,25,0.2
미백·잡티·톤업,다이메티콘올,5,25,0.2
미백·잡티·톤업,페닐트라이메티콘,5,25,0.2
미백·잡티·톤업,황련뿌리추출물,5,25,0.2
미백·잡티·톤업,티타늄디옥사이드,5,25,0.2
미백·잡티·톤업,리모넨,5,25,0.2
미백·잡티·톤업,레시틴,5,25,0.2
미백·잡티·톤업,트라이에틸헥사노인,5,25,0.2
미백·잡티·톤업,피이지-100스테아레이트,5,25,0.2
미백·잡티·톤업,폴리솔베이트60,5,25,0.2
미백·잡티·톤업,알부틴,5,25,0.2
미백·잡티·톤업,베타-카로틴,5,25,0.2
미백·잡티·톤업,캐스터오일/아이피디아이코폴리머,5,25,0.2
미백·잡티·톤업,다이메티콘/비닐다이메티콘크로스폴리머,5,25,0.2
미백·잡티·톤업,아시아티코사이드,5,25,0.2
미백·잡티·톤업,폴리글리세릴-10올리에이트,5,25,0.2
미백·잡티·톤업,폴리글리세릴-10스테아레이트,4,25,0.16
미백·잡티·톤업,소듐스테아로일글루타메이트,4,25,0.16
미백·잡티·톤업,덱스트린,4,25,0.16
미백·잡티·톤업,잇꽃씨오일,4,25,0.16
미백·잡티·톤업,스피어민트추출물,4,25,0.16
미백·잡티·톤업,퀸즈랜드넛오일,4,25,0.16
미백·잡티·톤업,비파나무잎추출물,4,25,0.16
미백·잡티·톤업,사이클로펜타실록세인,4,25,0.16
미백·잡티·톤업,황금추출물,4,25,0.16
미백·잡티·톤업,하이드로제네이티드폴리아이소부텐,4,25,0.16
미백·잡티·톤업,올리브오일,4,25,0.16
미백·잡티·톤업,알파-알부틴,4,25,0.16
미백·잡티·톤업,칸디다 봄비콜라/글루코오스/메틸레이프씨데이트발효물,4,25,0.16
미백·잡티·톤업,스테아릴알코올,4,25,0.16
미백·잡티·톤업,토코페릴아세테이트,4,25,0.16
미백·잡티·톤업,알란토인,4,25,0.16
미백·잡티·톤업,아시아틱애씨드,4,25,0.16
미백·잡티·톤업,바이오틴,4,25,0.16
미백·잡티·톤업,비사보롤,4,25,0.16
미백·잡티·톤업,마데카식애씨드,4,25,0.16
미백·잡티·톤업,다이포타슘글리시리제이트,4,25,0.16
미백·잡티·톤업,폴리쿼터늄-51,3,25,0.12
미백·잡티·톤업,다이카프릴릴카보네이트,3,25,0.12
미백·잡티·톤업,글리세릴스테아레이트에스이,3,25,0.12
미백·잡티·톤업,베헤닐알코올,3,25,0.12
미백·잡티·톤업,병풀추출물,3,25,0.12
미백·잡티·톤업,세틸피이지/피피지-10/1다이메티콘,3,25,0.12
미백·잡티·톤업,라벤더오일,3,25,0.12
미백·잡티·톤업,솔비탄세스퀴올리에이트,3,25,0.12
미백·잡티·톤업,알루미늄하이드록사이드,3,25,0.12
미백·잡티·톤업,에스에이치-폴리펩타이드-3,3,25,0.12
미백·잡티·톤업,에스에이치-폴리펩타이드-1,3,25,0.12
미백·잡티·톤업,에스에이치-올리고펩타이드-2,3,25,0.12
미백·잡티·톤업,소듐클로라이드,3,25,0.12
미백·잡티·톤업,트라이에톡시카프릴릴실레인,3,25,0.12
미백·잡티·톤업,페녹시에탄올,3,25,0.12
미백·잡티·톤업,향료,3,25,0.12
미백·잡티·톤업,글루코오스,3,25,0.12
미백·잡티·톤업,에탄올,3,25,0.12
미백·잡티·톤업,쇠비름추출물,3,25,0.12
미백·잡티·톤업,하이드록시데실유비퀴논,3,25,0.12
미백·잡티·톤업,폴리글리세릴-2스테아레이트,3,25,0.12
미백·잡티·톤업,당근씨오일,3,25,0.12
미백·잡티·톤업,멕시칸주니퍼오일,3,25,0.12
미백·잡티·톤업,유비퀴논,3,25,0.12
미백·잡티·톤업,아모다이메티콘,3,25,0.12
미백·잡티·톤업,아스코빌글루코사이드,3,25,0.12
미백·잡티·톤업,당근추출물,3,25,0.12
미백·잡티·톤업,카놀라오일,3,25,0.12
미백·잡티·톤업,3-O-에틸아스코빅애씨드,3,25,0.12
미백·잡티·톤업,캐모마일꽃오일,3,25,0.12
미백·잡티·톤업,올레익애씨드,3,25,0.12
미백·잡티·톤업,폴리글리세릴-4카프레이트,3,25,0.12
미백·잡티·톤업,포타슘솔베이트,3,25,0.12
미백·잡티·톤업,마데카소사이드,3,25,0.12
미백·잡티·톤업,리보플라빈,3,25,0.12
미백·잡티·톤업,폴리아크릴레이트-13,3,25,0.12
미백·잡티·톤업,엑토인,3,25,0.12
미백·잡티·톤업,사이아노코발아민,3,25,0.12
미백·잡티·톤업,티아민에이치씨엘,3,25,0.12
미백·잡티·톤업,피리독신,3,25,0.12
미백·잡티·톤업,락토바실러스/콩발효추출물,3,25,0.12
미백·잡티·톤업,피토스테릴/베헤닐/옥틸도데실라우로일글루타메이트,3,25,0.12
미백·잡티·톤업,폴리글루타믹애씨드,3,25,0.12
미백·잡티·톤업,하이알루로닉애씨드,3,25,0.12
미백·잡티·톤업,글리세릴스테아레이트시트레이트,3,25,0.12
미백·잡티·톤업,카프릴릴메티콘,3,25,0.12
미백·잡티·톤업,폴리글리세릴-3다이스테아레이트,3,25,0.12
미백·잡티·톤업,베르가모트오일,3,25,0.12
미백·잡티·톤업,소듐폴리아크릴레이트,3,25,0.12
미백·잡티·톤업,폴리메틸실세스퀴옥세인,3,25,0.12
미백·잡티·톤업,오레가노잎추출물,3,25,0.12
미백·잡티·톤업,무화과추출물,2,25,0.08
미백·잡티·톤업,달맞이꽃오일,2,25,0.08
미백·잡티·톤업,말토덱스트린,2,25,0.08
미백·잡티·톤업,마이크로크리스탈린셀룰로오스,2,25,0.08
미백·잡티·톤업,다시마추출물,2,25,0.08
미백·잡티·톤업,한련초잎추출물,2,25,0.08
미백·잡티·톤업,프룩토올리고사카라이드,2,25,0.08
미백·잡티·톤업,세라마이드에이피,2,25,0.08
미백·잡티·톤업,다이카프릴릴에터,2,25,0.08
미백·잡티·톤업,에스에이치-폴리펩타이드-11,2,25,0.08
미백·잡티·톤업,스페인감초뿌리추출물,2,25,0.08
미백·잡티·톤업,에스에이치-폴리펩타이드-9,2,25,0.08
미백·잡티·톤업,에스에이치-폴리펩타이드-22,2,25,0.08
미백·잡티·톤업,C12-16알코올,2,25,0.08
미백·잡티·톤업,글라이코실트레할로오스,2,25,0.08
미백·잡티·톤업,아르간커넬오일,2,25,0.08
미백·잡티·톤업,프로폴리스추출물,2,25,0.08
미백·잡티·톤업,달팽이점액여과물,2,25,0.08
미백·잡티·톤업,프로필렌글라이콜,2,25,0.08
미백·잡티·톤업,진흙버섯추출물,2,25,0.08
미백·잡티·톤업,제라니올,2,25,0.08
미백·잡티·톤업,하이드로제네이티드스타치하이드롤리세이트,2,25,0.08
미백·잡티·톤업,트라이프로필렌글라이콜,2,25,0.08
미백·잡티·톤업,폴리글리세릴-3메틸글루코오스다이스테아레이트,2,25,0.08
미백·잡티·톤업,포스파티딜콜린,2,25,0.08
미백·잡티·톤업,센티드제라늄꽃오일,2,25,0.08
미백·잡티·톤업,폴릭애씨드,2,25,0.08
미백·잡티·톤업,멕시칸치아씨추출물,2,25,0.08
미백·잡티·톤업,폴리글리세릴-4아이소스테아레이트,2,25,0.08
미백·잡티·톤업,로즈마리추출물,2,25,0.08
미백·잡티·톤업,비타민나무열매추출물,2,25,0.08
미백·잡티·톤업,바쿠치올,2,25,0.08
미백·잡티·톤업,메틸트라이메티콘,2,25,0.08
미백·잡티·톤업,폴리솔베이트20,2,25,0.08
미백·잡티·톤업,폴리아이소부텐,2,25,0.08
미백·잡티·톤업,스핑고모나스발효추출물,2,25,0.08
미백·잡티·톤업,시트로넬올,2,25,0.08
미백·잡티·톤업,시트랄,2,25,0.08
미백·잡티·톤업,레몬밤잎추출물,2,25,0.08
미백·잡티·톤업,유채스테롤,2,25,0.08
미백·잡티·톤업,레틴알,2,25,0.08
미백·잡티·톤업,소듐아세틸레이티드하이알루로네이트,2,25,0.08
미백·잡티·톤업,하이드롤라이즈드소듐하이알루로네이트,2,25,0.08
미백·잡티·톤업,하이드록시프로필트라이모늄하이알루로네이트,2,25,0.08
미백·잡티·톤업,소듐하이알루로네이트크로스폴리머,2,25,0.08
미백·잡티·톤업,하이드로제네이티드폴리(C6-20올레핀),2,25,0.08
미백·잡티·톤업,소듐포스페이트,2,25,0.08
미백·잡티·톤업,아스코빌테트라이소팔미테이트,2,25,0.08
미백·잡티·톤업,에틸헥실팔미테이트,2,25,0.08
미백·잡티·톤업,글루코노락톤,2,25,0.08
미백·잡티·톤업,돌콩오일,2,25,0.08
미백·잡티·톤업,에이치디아이/트라이메틸올헥실락톤크로스폴리머,2,25,0.08
미백·잡티·톤업,아보카도오일,2,25,0.08
미백·잡티·톤업,C12-15알킬벤조에이트,2,25,0.08
미백·잡티·톤업,시스테인,2,25,0.08
미백·잡티·톤업,트레할로오스,2,25,0.08
미백·잡티·톤업,육계나무껍질추출물,2,25,0.08
미백·잡티·톤업,시트릭애씨드,2,25,0.08
미백·잡티·톤업,마조람잎오일,2,25,0.08
미백·잡티·톤업,다이펩타이드-2,2,25,0.08
미백·잡티·톤업,팔미토일테트라펩타이드-7,2,25,0.08
미백·잡티·톤업,소듐시트레이트,2,25,0.08
미백·잡티·톤업,왕귤껍질오일,2,25,0.08
미백·잡티·톤업,클로헥시딘다이글루코네이트,2,25,0.08
미백·잡티·톤업,효모발효추출물,2,25,0.08
미백·잡티·톤업,피토스테릴/이소스테아릴/세틸/스테아릴/베헤닐다이머디리놀리에이트,2,25,0.08
미백·잡티·톤업,코코넛야자오일,2,25,0.08
미백·잡티·톤업,메도우폼씨오일,2,25,0.08
미백·잡티·톤업,하이드롤라이즈드콜라겐,2,25,0.08
미백·잡티·톤업,편백잎추출물,2,25,0.08
미백·잡티·톤업,하이드롤라이즈드엘라스틴,2,25,0.08
미백·잡티·톤업,스테아레스-20,2,25,0.08
미백·잡티·톤업,팔미토일에스에이치-트라이펩타이드-3아마이드,2,25,0.08
미백·잡티·톤업,니코티노일다이펩타이드-23,2,25,0.08
미백·잡티·톤업,헤스페리딘메틸칼콘,2,25,0.08
미백·잡티·톤업,흰버드나무껍질추출물,2,25,0.08
미백·잡티·톤업,옥수수전분,1,25,0.04
미백·잡티·톤업,마그네슘설페이트,1,25,0.04
미백·잡티·톤업,호스테일켈프추출물,1,25,0.04
미백·잡티·톤업,자이언트켈프추출물,1,25,0.04
미백·잡티·톤업,감태추출물,1,25,0.04
미백·잡티·톤업,참미역추출물,1,25,0.04
미백·잡티·톤업,대왕소나무잎추출물,1,25,0.04
미백·잡티·톤업,만니톨,1,25,0.04
미백·잡티·톤업,하이드로제네이티드포스파티딜콜린,1,25,0.04
미백·잡티·톤업,당느릅나무뿌리추출물,1,25,0.04
미백·잡티·톤업,치자추출물,1,25,0.04
미백·잡티·톤업,칡뿌리추출물,1,25,0.04
미백·잡티·톤업,하이드록시프로필스타치포스페이트,1,25,0.04
미백·잡티·톤업,잇꽃꽃추출물,1,25,0.04
미백·잡티·톤업,다시마즙,1,25,0.04
미백·잡티·톤업,달맞이꽃꽃추출물,1,25,0.04
미백·잡티·톤업,하이드롤라이즈드식물성단백질,1,25,0.04
미백·잡티·톤업,라우릴폴리글리세릴-3폴리다이메틸실록시에틸다이메티콘,1,25,0.04
미백·잡티·톤업,크로뮴옥사이드그린,1,25,0.04
미백·잡티·톤업,세라마이드엔에스,1,25,0.04
미백·잡티·톤업,세라마이드이오피,1,25,0.04
미백·잡티·톤업,세라마이드에이에스,1,25,0.04
미백·잡티·톤업,카카오씨추출물,1,25,0.04
미백·잡티·톤업,아스코빅애씨드폴리펩타이드,1,25,0.04
미백·잡티·톤업,뽕나무잎추출물,1,25,0.04
미백·잡티·톤업,에스에이치-폴리펩타이드-16,1,25,0.04
미백·잡티·톤업,에스에이치-폴리펩타이드-62,1,25,0.04
미백·잡티·톤업,실리카,1,25,0.04
미백·잡티·톤업,로즈마리잎추출물,1,25,0.04
미백·잡티·톤업,에스에이치-폴리펩타이드-60,1,25,0.04
미백·잡티·톤업,녹차추출물,1,25,0.04
미백·잡티·톤업,마트리카리아꽃추출물,1,25,0.04
미백·잡티·톤업,호장근뿌리추출물,1,25,0.04
미백·잡티·톤업,스타아니스추출물,1,25,0.04
미백·잡티·톤업,유럽밤나무씨추출물,1,25,0.04
미백·잡티·톤업,인동덩굴꽃추출물,1,25,0.04
미백·잡티·톤업,편백수,1,25,0.04
미백·잡티·톤업,네오펜틸글라이콜다이카프레이트,1,25,0.04
미백·잡티·톤업,트라이하이드록시스테아린,1,25,0.04
미백·잡티·톤업,우엉뿌리추출물,1,25,0.04
미백·잡티·톤업,폴리글리세릴-2다이폴리하이드록시스테아레이트,1,25,0.04
미백·잡티·톤업,하이드록시시트로넬알,1,25,0.04
미백·잡티·톤업,벤질살리실레이트,1,25,0.04
미백·잡티·톤업,카라멜,1,25,0.04
미백·잡티·톤업,바이오사카라이드검-1,1,25,0.04
미백·잡티·톤업,라피노오스,1,25,0.04
미백·잡티·톤업,진주가루,1,25,0.04
미백·잡티·톤업,수크로오스,1,25,0.04
미백·잡티·톤업,이눌린라우릴카바메이트,1,25,0.04
미백·잡티·톤업,셀룰로오스검,1,25,0.04
미백·잡티·톤업,다이소듐스테아로일글루타메이트,1,25,0.04
미백·잡티·톤업,하이드롤라이즈드옥수수전분,1,25,0.04
미백·잡티·톤업,참마뿌리추출물,1,25,0.04
미백·잡티·톤업,카바카바잎/뿌리/줄기추출물,1,25,0.04
미백·잡티·톤업,글라이코리피드,1,25,0.04
미백·잡티·톤업,헥실레조시놀,1,25,0.04
미백·잡티·톤업,세틸팔미테이트,1,25,0.04
미백·잡티·톤업,아스코빌팔미테이트,1,25,0.04
미백·잡티·톤업,코직애씨드,1,25,0.04
미백·잡티·톤업,네오펜틸글라이콜다이헵타노에이트,1,25,0.04
미백·잡티·톤업,트라이실록세인,1,25,0.04
미백·잡티·톤업,라우릭애씨드,1,25,0.04
미백·잡티·톤업,소듐라우레이트,1,25,0.04
미백·잡티·톤업,오렌지껍질오일,1,25,0.04
미백·잡티·톤업,티옥틱애씨드,1,25,0.04
미백·잡티·톤업,탄제린추출물,1,25,0.04
미백·잡티·톤업,디엔에이,1,25,0.04
미백·잡티·톤업,타마린드씨검,1,25,0.04
미백·잡티·톤업,블랙커민씨추출물,1,25,0.04
미백·잡티·톤업,소듐폴리글루타메이트,1,25,0.04
미백·잡티·톤업,아라키딕애씨드,1,25,0.04
미백·잡티·톤업,트라이데세스-10,1,25,0.04
미백·잡티·톤업,드럼스틱씨추출물,1,25,0.04
미백·잡티·톤업,소듐폴리아크릴로일다이메틸타우레이트,1,25,0.04
미백·잡티·톤업,살리실릭애씨드,1,25,0.04
미백·잡티·톤업,잇꽃씨추출물,1,25,0.04
미백·잡티·톤업,수크로오스테트라아이소스테아레이트,1,25,0.04
미백·잡티·톤업,레몬수,1,25,0.04
미백·잡티·톤업,마카다미아씨추출물,1,25,0.04
미백·잡티·톤업,소듐메타바이설파이트,1,25,0.04
미백·잡티·톤업,커먼자스민꽃추출물,1,25,0.04
미백·잡티·톤업,로우스위트블루베리추출물,1,25,0.04
미백·잡티·톤업,크랜베리추출물,1,25,0.04
미백·잡티·톤업,진주추출물,1,25,0.04
미백·잡티·톤업,라벤더꽃수,1,25,0.04
미백·잡티·톤업,데이지꽃추출물,1,25,0.04
미백·잡티·톤업,라즈베리추출물,1,25,0.04
미백·잡티·톤업,트라이에톡시실릴에틸폴리다이메틸실록시에틸헥실다이메티콘,1,25,0.04
미백·잡티·톤업,수레국화꽃수,1,25,0.04
미백·잡티·톤업,피이지-40스테아레이트,1,25,0.04
미백·잡티·톤업,효모발효여과물,1,25,0.04
미백·잡티·톤업,"2,3-부탄다이올",1,25,0.04
미백·잡티·톤업,띠뿌리추출물,1,25,0.04
미백·잡티·톤업,석류추출물,1,25,0.04
미백·잡티·톤업,비스-피이지-18메틸에터다이메틸실레인,1,25,0.04
미백·잡티·톤업,마이카,1,25,0.04
미백·잡티·톤업,겨우살이추출물,1,25,0.04
미백·잡티·톤업,더덕뿌리추출물,1,25,0.04
미백·잡티·톤업,알지닌글루타메이트,1,25,0.04
미백·잡티·톤업,하이드록시에틸피페라진에탄설포닉애씨드,1,25,0.04
미백·잡티·톤업,우레아,1,25,0.04
미백·잡티·톤업,적색산화철,1,25,0.04
미백·잡티·톤업,마카다미아씨오일,1,25,0.04
미백·잡티·톤업,글리시레티닉애씨드,1,25,0.04
미백·잡티·톤업,솔비탄스테아레이트,1,25,0.04
미백·잡티·톤업,트라이소듐이디티에이,1,25,0.04
미백·잡티·톤업,다이메틸실란올하이알루로네이트,1,25,0.04
미백·잡티·톤업,모하비유카뿌리추출물,1,25,0.04
미백·잡티·톤업,피이지-10다이메티콘,1,25,0.04
미백·잡티·톤업,고삼뿌리추출물,1,25,0.04
미백·잡티·톤업,하수오뿌리추출물,1,25,0.04
미백·잡티·톤업,하이드롤라이즈드글라이코사미노글리칸,1,25,0.04
미백·잡티·톤업,검은깨추출물,1,25,0.04
미백·잡티·톤업,작약뿌리추출물,1,25,0.04
미백·잡티·톤업,금송뿌리추출물,1,25,0.04
미백·잡티·톤업,몰약수지추출물,1,25,0.04
미백·잡티·톤업,프로필렌글라이콜다이카프릴레이트,1,25,0.04
미백·잡티·톤업,라케모사승마뿌리추출물,1,25,0.04
미백·잡티·톤업,뽕나무껍질추출물,1,25,0.04
미백·잡티·톤업,호호바씨오일,1,25,0.04
미백·잡티·톤업,에칠헥실메톡시신나메이트,1,25,0.04
미백·잡티·톤업,해수,1,25,0.04
미백·잡티·톤업,참당귀뿌리추출물,1,25,0.04
미백·잡티·톤업,소엽잎추출물,1,25,0.04
미백·잡티·톤업,루이보스추출물,1,25,0.04
미백·잡티·톤업,다이소듐포스페이트,1,25,0.04
미백·잡티·톤업,피브이피,1,25,0.04
미백·잡티·톤업,소듐메타포스페이트,1,25,0.04
미백·잡티·톤업,칸데릴라왁스에스터,1,25,0.04
미백·잡티·톤업,레티놀,1,25,0.04
미백·잡티·톤업,다이메틸아이소소바이드,1,25,0.04
미백·잡티·톤업,하이드록시피나콜론레티노에이트,1,25,0.04
미백·잡티·톤업,카나우바왁스,1,25,0.04
미백·잡티·톤업,글리세릴카프릴레이트,1,25,0.04
미백·잡티·톤업,폴리프로필실세스퀴옥세인,1,25,0.04
미백·잡티·톤업,하이드록시에틸셀룰로오스,1,25,0.04
미백·잡티·톤업,수용성콜라겐,1,25,0.04
미백·잡티·톤업,락토바실러스/콩추출물발효여과물,1,25,0.04
미백·잡티·톤업,합성왁스,1,25,0.04
미백·잡티·톤업,하이드로제네이티드로진,1,25,0.04
미백·잡티·톤업,트라이메틸실록시실리케이트,1,25,0.04
미백·잡티·톤업,아라비아고무나무검,1,25,0.04
미백·잡티·톤업,프로필렌글라이콜알지네이트,1,25,0.04
미백·잡티·톤업,풀루란,1,25,0.04
미백·잡티·톤업,알파-비사보롤,1,25,0.04
미백·잡티·톤업,카카두플럼추출물,1,25,0.04
미백·잡티·톤업,비즈왁스,1,25,0.04
미백·잡티·톤업,포트마리골드꽃추출물,1,25,0.04
미백·잡티·톤업,티트리잎오일,1,25,0.04
미백·잡티·톤업,닥풀꽃추출물,1,25,0.04
미백·잡티·톤업,에틸헥산다이올,1,25,0.04
미백·잡티·톤업,실리카다이메틸실릴레이트,1,25,0.04
미백·잡티·톤업,티몰트라이메톡시신나메이트,1,25,0.04
미백·잡티·톤업,폴리글리세릴-4다이아이소스테아레이트/폴리하이드록시스테아레이트/세바케이트,1,25,0.04
미백·잡티·톤업,메틸메타크릴레이트/아크릴로나이트릴코폴리머,1,25,0.04
미백·잡티·톤업,폴리메틸메타크릴레이트,1,25,0.04
미백·잡티·톤업,코질메틸렌다이옥시신나메이트,1,25,0.04
미백·잡티·톤업,콩폴리펩타이드,1,25,0.04
미백·잡티·톤업,레스베라트롤,1,25,0.04
미백·잡티·톤업,비닐다이메티콘/메티콘실세스퀴옥세인크로스폴리머,1,25,0.04
미백·잡티·톤업,하이드로제네이티드캐스터오일다이머다이리놀레에이트,1,25,0.04
미백·잡티·톤업,니코틴아마이드모노뉴클레오타이드,1,25,0.04
미백·잡티·톤업,다이아이소스테아로일폴리글리세릴-3다이머다이리놀리에이트,1,25,0.04
미백·잡티·톤업,베헤네스-25,1,25,0.04
미백·잡티·톤업,필리핀오렌지전초오일,1,25,0.04
미백·잡티·톤업,세드랏껍질오일,1,25,0.04
미백·잡티·톤업,클로렐라발효물,1,25,0.04
미백·잡티·톤업,지치뿌리추출물,1,25,0.04
미백·잡티·톤업,오조케라이트,1,25,0.04
미백·잡티·톤업,자몽껍질오일,1,25,0.04
미백·잡티·톤업,사발팜열매추출물,1,25,0.04
미백·잡티·톤업,참깨오일,1,25,0.04
미백·잡티·톤업,옥틸도데칸올,1,25,0.04
미백·잡티·톤업,펜타에리스리틸테트라-다이-t-부틸하이드록시하이드로신나메이트,1,25,0.04
미백·잡티·톤업,에스에이치-폴리펩타이드-10,1,25,0.04
미백·잡티·톤업,에스에이치-폴리펩타이드-59,1,25,0.04
미백·잡티·톤업,카카오추출물,1,25,0.04
미백·잡티·톤업,베타-시토스테롤,1,25,0.04
미백·잡티·톤업,다이라우릴티오다이프로피오네이트,1,25,0.04
미백·잡티·톤업,셀룰로오스,1,25,0.04
미백·잡티·톤업,병풀잎추출물,1,25,0.04
미백·잡티·톤업,키토산,1,25,0.04
미백·잡티·톤업,폴리글리세릴-10베헤네이트/에이코사디오에이트,1,25,0.04
미백·잡티·톤업,마시멜로뿌리추출물,1,25,0.04
미백·잡티·톤업,헥실신남알,1,25,0.04
미백·잡티·톤업,약모밀추출물,1,25,0.04
미백·잡티·톤업,흰서양송로추출물,1,25,0.04
미백·잡티·톤업,비타민나무수,1,25,0.04
미백·잡티·톤업,합성비즈왁스,1,25,0.04
미백·잡티·톤업,동백나무씨오일,1,25,0.04
미백·잡티·톤업,보검선인장줄기추출물,1,25,0.04
미백·잡티·톤업,페닐프로필디메틸실록시실리케이트,1,25,0.04
미백·잡티·톤업,메나다이온,1,25,0.04
미백·잡티·톤업,연꽃꽃추출물,1,25,0.04
미백·잡티·톤업,아티초크잎추출물,1,25,0.04
미백·잡티·톤업,트루로즈오브예리코추출물,1,25,0.04
미백·잡티·톤업,비타민나무열매오일,1,25,0.04
미백·잡티·톤업,히비스커스꽃추출물,1,25,0.04
미백·잡티·톤업,캐모마일꽃추출물,1,25,0.04
미백·잡티·톤업,다이펩타이드-15,1,25,0.04
미백·잡티·톤업,서양고추나물추출물,1,25,0.04
미백·잡티·톤업,메틸하이드로제네이티드로지네이트,1,25,0.04
미백·잡티·톤업,센티드제라늄추출물,1,25,0.04
미백·잡티·톤업,라벤더꽃추출물,1,25,0.04
미백·잡티·톤업,버지니아풍년화추출물,1,25,0.04
미백·잡티·톤업,폴리글리세릴-10다이아이소스테아레이트,1,25,0.04
미백·잡티·톤업,유칼립투스잎추출물,1,25,0.04
미백·잡티·톤업,티트리잎추출물,1,25,0.04
미백·잡티·톤업,해바라기꽃추출물,1,25,0.04
미백·잡티·톤업,살비아잎추출물,1,25,0.04
미백·잡티·톤업,녹차수,1,25,0.04
미백·잡티·톤업,소듐코코일이세티오네이트,1,25,0.04
미백·잡티·톤업,글라이신,1,25,0.04
미백·잡티·톤업,아마씨오일,1,25,0.04
미백·잡티·톤업,글리세릴아크릴레이트/아크릴릭애씨드코폴리머,1,25,0.04
미백·잡티·톤업,리놀레닉애씨드,1,25,0.04
미백·잡티·톤업,마그네슘아스코빌포스페이트,1,25,0.04
미백·잡티·톤업,아이리쉬모스추출물,1,25,0.04
미백·잡티·톤업,리놀레익애씨드,1,25,0.04
미백·잡티·톤업,소듐아크릴릭애씨드/엠에이코폴리머,1,25,0.04
미백·잡티·톤업,사이클로덱스트린,1,25,0.04
미백·잡티·톤업,포타슘하이알루로네이트,1,25,0.04
미백·잡티·톤업,페룰릭애씨드,1,25,0.04
미백·잡티·톤업,피브이엠/엠에이코폴리머,1,25,0.04
미백·잡티·톤업,프로테아제,1,25,0.04
미백·잡티·톤업,만다린껍질추출물,1,25,0.04
미백·잡티·톤업,아이소펜틸다이올,1,25,0.04
보습·장벽·리페어,정제수,58,61,0.951
보습·장벽·리페어,글리세린,57,61,0.934
보습·장벽·리페어,"1,2-헥산다이올",46,61,0.754
보습·장벽·리페어,부틸렌글라이콜,45,61,0.738
보습·장벽·리페어,토코페롤,42,61,0.689
보습·장벽·리페어,카프릴릭/카프릭트라이글리세라이드,40,61,0.656
보습·장벽·리페어,에틸헥실글리세린,38,61,0.623
보습·장벽·리페어,판테놀,35,61,0.574
보습·장벽·리페어,세라마이드엔피,32,61,0.525
보습·장벽·리페어,하이드로제네이티드레시틴,31,61,0.508
보습·장벽·리페어,세테아릴알코올,30,61,0.492
보습·장벽·리페어,잔탄검,30,61,0.492
보습·장벽·리페어,소듐하이알루로네이트,28,61,0.459
보습·장벽·리페어,글리세릴스테아레이트,28,61,0.459
보습·장벽·리페어,카보머,27,61,0.443
보습·장벽·리페어,프로판다이올,27,61,0.443
보습·장벽·리페어,스테아릭애씨드,26,61,0.426
보습·장벽·리페어,알란토인,23,61,0.377
보습·장벽·리페어,트로메타민,23,61,0.377
보습·장벽·리페어,스쿠알란,22,61,0.361
보습·장벽·리페어,베헤닐알코올,21,61,0.344
보습·장벽·리페어,팔미틱애씨드,21,61,0.344
보습·장벽·리페어,다이메티콘,21,61,0.344
보습·장벽·리페어,나이아신아마이드,19,61,0.311
보습·장벽·리페어,다이소듐이디티에이,19,61,0.311
보습·장벽·리페어,아크릴레이트/C10-30알킬아크릴레이트크로스폴리머,19,61,0.311
보습·장벽·리페어,콜레스테롤,18,61,0.295
보습·장벽·리페어,펜틸렌글라이콜,18,61,0.295
보습·장벽·리페어,베타인,16,61,0.262
보습·장벽·리페어,시어버터,16,61,0.262
보습·장벽·리페어,카프릴릴글라이콜,16,61,0.262
보습·장벽·리페어,솔비탄올리베이트,16,61,0.262
보습·장벽·리페어,세테아릴올리베이트,16,61,0.262
보습·장벽·리페어,하이드록시에틸아크릴레이트/소듐아크릴로일다이메틸타우레이트코폴리머,15,61,0.246
보습·장벽·리페어,글리세릴카프릴레이트,14,61,0.23
보습·장벽·리페어,솔비탄아이소스테아레이트,14,61,0.23
보습·장벽·리페어,피토스핑고신,14,61,0.23
보습·장벽·리페어,아데노신,14,61,0.23
보습·장벽·리페어,해바라기씨오일,14,61,0.23
보습·장벽·리페어,비닐다이메티콘,14,61,0.23
보습·장벽·리페어,아라키딜글루코사이드,13,61,0.213
보습·장벽·리페어,만니톨,13,61,0.213
보습·장벽·리페어,아라키딜알코올,13,61,0.213
보습·장벽·리페어,마데카소사이드,13,61,0.213
보습·장벽·리페어,알지닌,13,61,0.213
보습·장벽·리페어,세틸에틸헥사노에이트,12,61,0.197
보습·장벽·리페어,베타-글루칸,12,61,0.197
보습·장벽·리페어,세틸알코올,12,61,0.197
보습·장벽·리페어,병풀추출물,12,61,0.197
보습·장벽·리페어,다이프로필렌글라이콜,12,61,0.197
보습·장벽·리페어,실리카,11,61,0.18
보습·장벽·리페어,시트릭애씨드,11,61,0.18
보습·장벽·리페어,폴리글리세릴-3메틸글루코오스다이스테아레이트,10,61,0.164
보습·장벽·리페어,암모늄아크릴로일다이메틸타우레이트/브이피코폴리머,10,61,0.164
보습·장벽·리페어,하이드롤라이즈드하이알루로닉애씨드,10,61,0.164
보습·장벽·리페어,하이드로제네이티드폴리아이소부텐,9,61,0.148
보습·장벽·리페어,C14-22알코올,9,61,0.148
보습·장벽·리페어,C12-20알킬글루코사이드,9,61,0.148
보습·장벽·리페어,하이드록시아세토페논,9,61,0.148
보습·장벽·리페어,병풀잎추출물,9,61,0.148
보습·장벽·리페어,메틸프로판다이올,9,61,0.148
보습·장벽·리페어,다이포타슘글리시리제이트,9,61,0.148
보습·장벽·리페어,글루코오스,9,61,0.148
보습·장벽·리페어,다이카프릴릴카보네이트,8,61,0.131
보습·장벽·리페어,다이카프릴릴에터,8,61,0.131
보습·장벽·리페어,하이드로제네이티드폴리데센,8,61,0.131
보습·장벽·리페어,아시아티코사이드,8,61,0.131
보습·장벽·리페어,올리브오일,8,61,0.131
보습·장벽·리페어,글리세릴스테아레이트에스이,8,61,0.131
보습·장벽·리페어,아시아틱애씨드,7,61,0.115
보습·장벽·리페어,마데카식애씨드,7,61,0.115
보습·장벽·리페어,토코페릴아세테이트,7,61,0.115
보습·장벽·리페어,하이알루로닉애씨드,7,61,0.115
보습·장벽·리페어,피토스테롤,7,61,0.115
보습·장벽·리페어,세라마이드에이피,7,61,0.115
보습·장벽·리페어,소듐폴리아크릴레이트,7,61,0.115
보습·장벽·리페어,하이드록시프로필비스팔미타마이드엠이에이,6,61,0.098
보습·장벽·리페어,올레익애씨드,6,61,0.098
보습·장벽·리페어,펜타에리스리틸테트라아이소스테아레이트,6,61,0.098
보습·장벽·리페어,에틸헥실팔미테이트,6,61,0.098
보습·장벽·리페어,스핑고리피드,6,61,0.098
보습·장벽·리페어,다이메티콘올,6,61,0.098
보습·장벽·리페어,부틸렌글라이콜다이카프릴레이트/다이카프레이트,6,61,0.098
보습·장벽·리페어,폴리아크릴레이트크로스폴리머-6,6,61,0.098
보습·장벽·리페어,프로필렌글라이콜,6,61,0.098
보습·장벽·리페어,소듐하이드록사이드,6,61,0.098
보습·장벽·리페어,프룩토올리고사카라이드,6,61,0.098
보습·장벽·리페어,소듐파이테이트,6,61,0.098
보습·장벽·리페어,하이드로제네이티드폴리(C6-14올레핀),6,61,0.098
보습·장벽·리페어,세라마이드이오피,6,61,0.098
보습·장벽·리페어,폴리아크릴레이트-13,5,61,0.082
보습·장벽·리페어,폴리글리세릴-10라우레이트,5,61,0.082
보습·장벽·리페어,미리스틱애씨드,5,61,0.082
보습·장벽·리페어,소듐스테아로일글루타메이트,5,61,0.082
보습·장벽·리페어,호호바에스터,5,61,0.082
보습·장벽·리페어,하이드록시에틸셀룰로오스,5,61,0.082
보습·장벽·리페어,솔비탄세스퀴올리에이트,5,61,0.082
보습·장벽·리페어,사이클로펜타실록세인,5,61,0.082
보습·장벽·리페어,스페인감초뿌리추출물,5,61,0.082
보습·장벽·리페어,녹차추출물,5,61,0.082
보습·장벽·리페어,황금추출물,5,61,0.082
보습·장벽·리페어,자일리톨,5,61,0.082
보습·장벽·리페어,폴리메틸실세스퀴옥세인,5,61,0.082
보습·장벽·리페어,세테아릴글루코사이드,5,61,0.082
보습·장벽·리페어,광곽향오일,5,61,0.082
보습·장벽·리페어,호호바씨오일,5,61,0.082
보습·장벽·리페어,베타-시토스테롤,5,61,0.082
보습·장벽·리페어,펜타에리스리틸테트라에틸헥사노에이트,5,61,0.082
보습·장벽·리페어,마카다미아씨오일,5,61,0.082
보습·장벽·리페어,소듐하이알루로네이트크로스폴리머,5,61,0.082
보습·장벽·리페어,글리세릴스테아레이트시트레이트,5,61,0.082
보습·장벽·리페어,향료,5,61,0.082
보습·장벽·리페어,스테아릴알코올,5,61,0.082
보습·장벽·리페어,세라마이드엔에스,5,61,0.082
보습·장벽·리페어,세라마이드에이에스,5,61,0.082
보습·장벽·리페어,하이드록시프로필비스라우라마이드엠이에이,4,61,0.066
보습·장벽·리페어,징크클로라이드,4,61,0.066
보습·장벽·리페어,하이드로제네이티드쌀겨오일,4,61,0.066
보습·장벽·리페어,트라이소듐에틸렌다이아민다이석시네이트,4,61,0.066
보습·장벽·리페어,폴리글리세린-3,4,61,0.066
보습·장벽·리페어,코코넛야자오일,4,61,0.066
보습·장벽·리페어,사이클로헥사실록세인,4,61,0.066
보습·장벽·리페어,소듐클로라이드,4,61,0.066
보습·장벽·리페어,미네랄오일,4,61,0.066
보습·장벽·리페어,소듐폴리아크릴로일다이메틸타우레이트,4,61,0.066
보습·장벽·리페어,징크피씨에이,4,61,0.066
보습·장벽·리페어,판토락톤,4,61,0.066
보습·장벽·리페어,다이글리세린,4,61,0.066
보습·장벽·리페어,포타슘세틸포스페이트,4,61,0.066
보습·장벽·리페어,글리세릴아크릴레이트/아크릴릭애씨드코폴리머,4,61,0.066
보습·장벽·리페어,클로렐라 불가리스추출물,4,61,0.066
보습·장벽·리페어,합성비즈왁스,4,61,0.066
보습·장벽·리페어,페녹시에탄올,4,61,0.066
보습·장벽·리페어,덱스트린,4,61,0.066
보습·장벽·리페어,하이드로제네이티드식물성오일,4,61,0.066
보습·장벽·리페어,C12-16알코올,4,61,0.066
보습·장벽·리페어,레시틴,4,61,0.066
보습·장벽·리페어,엑토인,4,61,0.066
보습·장벽·리페어,리놀레익애씨드,4,61,0.066
보습·장벽·리페어,마이크로크리스탈린왁스,4,61,0.066
보습·장벽·리페어,소듐디엔에이,4,61,0.066
보습·장벽·리페어,수크로오스스테아레이트,4,61,0.066
보습·장벽·리페어,소듐피씨에이,4,61,0.066
보습·장벽·리페어,글라이신,4,61,0.066
보습·장벽·리페어,글라이코스핑고리피드,4,61,0.066
보습·장벽·리페어,폴리글리세릴-10스테아레이트,4,61,0.066
보습·장벽·리페어,트루로즈오브예리코추출물,4,61,0.066
보습·장벽·리페어,아크릴레이트/암모늄메타크릴레이트코폴리머,3,61,0.049
보습·장벽·리페어,아라키딕애씨드,3,61,0.049
보습·장벽·리페어,하이드록시프로필메틸셀룰로오스,3,61,0.049
보습·장벽·리페어,세틸-피지하이드록시에틸팔미타마이드,3,61,0.049
보습·장벽·리페어,소듐메타포스페이트,3,61,0.049
보습·장벽·리페어,라우릭애씨드,3,61,0.049
보습·장벽·리페어,소듐카보머,3,61,0.049
보습·장벽·리페어,에스에이치-올리고펩타이드-1,3,61,0.049
보습·장벽·리페어,로즈마리잎추출물,3,61,0.049
보습·장벽·리페어,리날룰,3,61,0.049
보습·장벽·리페어,카퍼설페이트,3,61,0.049
보습·장벽·리페어,아세틸다이펩타이드-1세틸에스터,3,61,0.049
보습·장벽·리페어,소듐시트레이트,3,61,0.049
보습·장벽·리페어,징크설페이트,3,61,0.049
보습·장벽·리페어,람노오스,3,61,0.049
보습·장벽·리페어,식물성오일,3,61,0.049
보습·장벽·리페어,소두구씨오일,3,61,0.049
보습·장벽·리페어,덱스판테놀,3,61,0.049
보습·장벽·리페어,로즈마리잎오일,3,61,0.049
보습·장벽·리페어,서양송악잎/줄기추출물,3,61,0.049
보습·장벽·리페어,폴리글리세릴-4카프레이트,3,61,0.049
보습·장벽·리페어,약모밀추출물,3,61,0.049
보습·장벽·리페어,아르간커넬오일,3,61,0.049
보습·장벽·리페어,카프릴릴메티콘,3,61,0.049
보습·장벽·리페어,울금뿌리추출물,3,61,0.049
보습·장벽·리페어,흰버드나무껍질추출물,3,61,0.049
보습·장벽·리페어,퀸즈랜드넛오일,3,61,0.049
보습·장벽·리페어,살비아오일,3,61,0.049
보습·장벽·리페어,멕시칸주니퍼오일,3,61,0.049
보습·장벽·리페어,미리스토일/팔미토일옥소스테아라마이드/아라카마이드엠이에이,3,61,0.049
보습·장벽·리페어,캐모마일꽃오일,3,61,0.049
보습·장벽·리페어,솔비탄스테아레이트,3,61,0.049
보습·장벽·리페어,아세틸헥사펩타이드-8,3,61,0.049
보습·장벽·리페어,소듐아세틸레이티드하이알루로네이트,3,61,0.049
보습·장벽·리페어,카놀라오일,3,61,0.049
보습·장벽·리페어,하이드록시프로필트라이모늄하이알루로네이트,3,61,0.049
보습·장벽·리페어,마그네슘설페이트,3,61,0.049
보습·장벽·리페어,옥틸도데칸올,3,61,0.049
보습·장벽·리페어,헥실신남알,3,61,0.049
보습·장벽·리페어,"2,3-부탄다이올",3,61,0.049
보습·장벽·리페어,락토바실러스발효물,3,61,0.049
보습·장벽·리페어,글리세레스-26,3,61,0.049
보습·장벽·리페어,알라닌,3,61,0.049
보습·장벽·리페어,라우릴알코올,3,61,0.049
보습·장벽·리페어,세린,3,61,0.049
보습·장벽·리페어,글루타믹애씨드,3,61,0.049
보습·장벽·리페어,흰목이버섯폴리사카라이드,3,61,0.049
보습·장벽·리페어,미리스틸알코올,3,61,0.049
보습·장벽·리페어,로즈힙열매추출물,3,61,0.049
보습·장벽·리페어,온천수,3,61,0.049
보습·장벽·리페어,글리세릴글루코사이드,3,61,0.049
보습·장벽·리페어,아이소트라이데실아이소노나노에이트,3,61,0.049
보습·장벽·리페어,카프릴릭/카프릭/미리스틱/스테아릭트라이글리세라이드,3,61,0.049
보습·장벽·리페어,카나우바왁스,3,61,0.049
보습·장벽·리페어,다이아이소스테아릴말레이트,3,61,0.049
보습·장벽·리페어,트레할로오스,3,61,0.049
보습·장벽·리페어,폴리쿼터늄-51,3,61,0.049
보습·장벽·리페어,솔비탄올리에이트,2,61,0.033
보습·장벽·리페어,징크글루코네이트,2,61,0.033
보습·장벽·리페어,아이소헥사데칸,2,61,0.033
보습·장벽·리페어,아크릴아마이드/소듐아크릴로일다이메틸타우레이트코폴리머,2,61,0.033
보습·장벽·리페어,폴리솔베이트80,2,61,0.033
보습·장벽·리페어,폴리글리세릴-6다이스테아레이트,2,61,0.033
보습·장벽·리페어,하이드록시프로필스타치포스페이트,2,61,0.033
보습·장벽·리페어,만노오스,2,61,0.033
보습·장벽·리페어,카프릴로일살리실릭애씨드,2,61,0.033
보습·장벽·리페어,라벤더오일,2,61,0.033
보습·장벽·리페어,마트리카리아꽃추출물,2,61,0.033
보습·장벽·리페어,호장근뿌리추출물,2,61,0.033
보습·장벽·리페어,라미나리아 오크롤레우카추출물,2,61,0.033
보습·장벽·리페어,다이에톡시에틸석시네이트,2,61,0.033
보습·장벽·리페어,에틸헥실스테아레이트,2,61,0.033
보습·장벽·리페어,글루코노락톤,2,61,0.033
보습·장벽·리페어,불가리스쑥오일,2,61,0.033
보습·장벽·리페어,오리스뿌리추출물,2,61,0.033
보습·장벽·리페어,멜론추출물,2,61,0.033
보습·장벽·리페어,서양배추출물,2,61,0.033
보습·장벽·리페어,카프릴릴/카프릴글루코사이드,2,61,0.033
보습·장벽·리페어,다마스크장미꽃수,2,61,0.033
보습·장벽·리페어,팔미타마이드엠이에이,2,61,0.033
보습·장벽·리페어,사코신,2,61,0.033
보습·장벽·리페어,참산호말추출물,2,61,0.033
보습·장벽·리페어,사발팜열매추출물,2,61,0.033
보습·장벽·리페어,참깨오일,2,61,0.033
보습·장벽·리페어,아이비고드열매추출물,2,61,0.033
보습·장벽·리페어,인도멀구슬나무잎추출물,2,61,0.033
보습·장벽·리페어,데실글루코사이드,2,61,0.033
보습·장벽·리페어,커피콩추출물,2,61,0.033
보습·장벽·리페어,가지열매추출물,2,61,0.033
보습·장벽·리페어,에리스리톨,2,61,0.033
보습·장벽·리페어,프룩토오스,2,61,0.033
보습·장벽·리페어,알파-알부틴,2,61,0.033
보습·장벽·리페어,인도멀구슬나무꽃추출물,2,61,0.033
보습·장벽·리페어,폴리글리세릴-6카프릴레이트,2,61,0.033
보습·장벽·리페어,판토테닉애씨드,2,61,0.033
보습·장벽·리페어,소나무잎추출물,2,61,0.033
보습·장벽·리페어,메틸다이아이소프로필프로피온아마이드,2,61,0.033
보습·장벽·리페어,베르가모트잎추출물,2,61,0.033
보습·장벽·리페어,홀리바질잎추출물,2,61,0.033
보습·장벽·리페어,알로에베라꽃추출물,2,61,0.033
보습·장벽·리페어,오카무라큰실말추출물,2,61,0.033
보습·장벽·리페어,도둑놈의지팡이뿌리추출물,2,61,0.033
보습·장벽·리페어,황색4호,2,61,0.033
보습·장벽·리페어,카카오추출물,2,61,0.033
보습·장벽·리페어,폴리글리세릴-4올리에이트,2,61,0.033
보습·장벽·리페어,아이소펜틸다이올,2,61,0.033
보습·장벽·리페어,콘민트오일,2,61,0.033
보습·장벽·리페어,비스-카프릴로일옥시팔미타미도아이소프로판올,2,61,0.033
보습·장벽·리페어,포스포리피드,2,61,0.033
보습·장벽·리페어,다이하이드록시아이소프로필팔모일팜아마이드,2,61,0.033
보습·장벽·리페어,안하이드로자일리톨,2,61,0.033
보습·장벽·리페어,메도우폼씨오일,2,61,0.033
보습·장벽·리페어,자일리틸글루코사이드,2,61,0.033
보습·장벽·리페어,트라이에틸헥사노인,2,61,0.033
보습·장벽·리페어,카퍼트라이펩타이드-1,2,61,0.033
보습·장벽·리페어,메틸메타크릴레이트크로스폴리머,2,61,0.033
보습·장벽·리페어,칸디다 봄비콜라/글루코오스/메틸레이프씨데이트발효물,2,61,0.033
보습·장벽·리페어,리모넨,2,61,0.033
보습·장벽·리페어,하이드롤라이즈드글라이코사미노글리칸,2,61,0.033
보습·장벽·리페어,편백잎추출물,2,61,0.033
보습·장벽·리페어,포트마리골드꽃추출물,2,61,0.033
보습·장벽·리페어,시트로넬올,2,61,0.033
보습·장벽·리페어,하이드롤라이즈드콜라겐,2,61,0.033
보습·장벽·리페어,치자추출물,2,61,0.033
보습·장벽·리페어,당근추출물,2,61,0.033
보습·장벽·리페어,스위트아몬드오일,2,61,0.033
보습·장벽·리페어,수용성프로테오글리칸,2,61,0.033
보습·장벽·리페어,라우릴글루코사이드,2,61,0.033
보습·장벽·리페어,카카오씨추출물,2,61,0.033
보습·장벽·리페어,세테아레스-20,2,61,0.033
보습·장벽·리페어,카페인,2,61,0.033
보습·장벽·리페어,다이소듐에틸렌다이코카마이드피이지-15다이설페이트,2,61,0.033
보습·장벽·리페어,폴리솔베이트60,2,61,0.033
보습·장벽·리페어,콜레스테릴마카다미에이트,2,61,0.033
보습·장벽·리페어,데실렌글라이콜,2,61,0.033
보습·장벽·리페어,하이드로제네이티드포스파티딜콜린,2,61,0.033
보습·장벽·리페어,아이소머라이즈드리놀레익애씨드,2,61,0.033
보습·장벽·리페어,살리실릭애씨드,2,61,0.033
보습·장벽·리페어,폴리글리세릴-10미리스테이트,2,61,0.033
보습·장벽·리페어,다이메티콘/비닐다이메티콘크로스폴리머,2,61,0.033
보습·장벽·리페어,마그네슘스테아레이트,2,61,0.033
보습·장벽·리페어,알루미늄스테아레이트,2,61,0.033
보습·장벽·리페어,비즈왁스,2,61,0.033
보습·장벽·리페어,아쿠아필루스 돌로미아이발효여과물,2,61,0.033
보습·장벽·리페어,징크옥사이드,2,61,0.033
보습·장벽·리페어,피이지-22/도데실글라이콜코폴리머,2,61,0.033
보습·장벽·리페어,폴리글리세릴-2세스퀴이소스테아레이트,2,61,0.033
보습·장벽·리페어,하이드롤라이즈드소듐하이알루로네이트,2,61,0.033
보습·장벽·리페어,폴리글리세릴-10올리에이트,2,61,0.033
보습·장벽·리페어,차가버섯추출물,2,61,0.033
보습·장벽·리페어,비스-다이글리세릴폴리아실아디페이트-2,2,61,0.033
보습·장벽·리페어,블루아가베잎추출물,2,61,0.033
보습·장벽·리페어,돌콩오일,2,61,0.033
보습·장벽·리페어,다이페닐다이메티콘,2,61,0.033
보습·장벽·리페어,트라이소듐이디티에이,2,61,0.033
보습·장벽·리페어,세라마이드엔지,2,61,0.033
보습·장벽·리페어,수크로오스다이스테아레이트,2,61,0.033
보습·장벽·리페어,우레아,2,61,0.033
보습·장벽·리페어,풍선덩굴꽃/잎/덩굴추출물,2,61,0.033
보습·장벽·리페어,해바라기씨오일불검화물,2,61,0.033
보습·장벽·리페어,메틸트라이메티콘,2,61,0.033
보습·장벽·리페어,트라이데세스-10,2,61,0.033
보습·장벽·리페어,폴리글리세릴-2스테아레이트,2,61,0.033
보습·장벽·리페어,세테아릴아이소노나노에이트,1,61,0.016
보습·장벽·리페어,망가니즈글루코네이트,1,61,0.016
보습·장벽·리페어,알파-글루칸올리고사카라이드,1,61,0.016
보습·장벽·리페어,그린와틀꽃왁스,1,61,0.016
보습·장벽·리페어,락토바실러스,1,61,0.016
보습·장벽·리페어,카퍼글루코네이트,1,61,0.016
보습·장벽·리페어,해바라기씨왁스,1,61,0.016
보습·장벽·리페어,야콘뿌리즙,1,61,0.016
보습·장벽·리페어,폴리글리세릴-3비즈왁스,1,61,0.016
보습·장벽·리페어,비트레오스실라발효물,1,61,0.016
보습·장벽·리페어,세틸에스터,1,61,0.016
보습·장벽·리페어,말토덱스트린,1,61,0.016
보습·장벽·리페어,뽕나무잎추출물,1,61,0.016
보습·장벽·리페어,세틸피이지/피피지-10/1다이메티콘,1,61,0.016
보습·장벽·리페어,에스에이치-폴리펩타이드-16,1,61,0.016
보습·장벽·리페어,에스에이치-폴리펩타이드-62,1,61,0.016
보습·장벽·리페어,에스에이치-폴리펩타이드-11,1,61,0.016
보습·장벽·리페어,에스에이치-폴리펩타이드-60,1,61,0.016
보습·장벽·리페어,티타늄디옥사이드,1,61,0.016
보습·장벽·리페어,알루미늄하이드록사이드,1,61,0.016
보습·장벽·리페어,에스에이치-폴리펩타이드-3,1,61,0.016
보습·장벽·리페어,스타아니스추출물,1,61,0.016
보습·장벽·리페어,유럽밤나무씨추출물,1,61,0.016
보습·장벽·리페어,에스에이치-폴리펩타이드-9,1,61,0.016
보습·장벽·리페어,에스에이치-폴리펩타이드-1,1,61,0.016
보습·장벽·리페어,인동덩굴꽃추출물,1,61,0.016
보습·장벽·리페어,편백수,1,61,0.016
보습·장벽·리페어,에스에이치-올리고펩타이드-2,1,61,0.016
보습·장벽·리페어,네오펜틸글라이콜다이카프레이트,1,61,0.016
보습·장벽·리페어,에스에이치-폴리펩타이드-22,1,61,0.016
보습·장벽·리페어,트라이하이드록시스테아린,1,61,0.016
보습·장벽·리페어,트라이에톡시카프릴릴실레인,1,61,0.016
보습·장벽·리페어,폴리글리세릴-4다이아이소스테아레이트/폴리하이드록시스테아레이트/세바케이트,1,61,0.016
보습·장벽·리페어,포도덩굴추출물,1,61,0.016
보습·장벽·리페어,포타슘솔베이트,1,61,0.016
보습·장벽·리페어,징크스테아레이트,1,61,0.016
보습·장벽·리페어,라우레스-3,1,61,0.016
보습·장벽·리페어,카프릴로일글라이신,1,61,0.016
보습·장벽·리페어,소듐글루코네이트,1,61,0.016
보습·장벽·리페어,소듐트라이메타포스페이트,1,61,0.016
보습·장벽·리페어,헥사펩타이드-9,1,61,0.016
보습·장벽·리페어,3-O-에틸아스코빅애씨드,1,61,0.016
보습·장벽·리페어,폴리글리세릴-10베헤네이트/에이코사디오에이트,1,61,0.016
보습·장벽·리페어,라반딘오일,1,61,0.016
보습·장벽·리페어,바닐라열매오일,1,61,0.016
보습·장벽·리페어,트라이에틸시트레이트,1,61,0.016
보습·장벽·리페어,필리핀오렌지껍질오일,1,61,0.016
보습·장벽·리페어,고수열매오일,1,61,0.016
보습·장벽·리페어,"1,3-부틸렌글라이콜",1,61,0.016
보습·장벽·리페어,글리세롤모노스테아레이트,1,61,0.016
보습·장벽·리페어,카프릴릭,1,61,0.016
보습·장벽·리페어,D-판테놀,1,61,0.016
보습·장벽·리페어,돌콩추출물,1,61,0.016
보습·장벽·리페어,아미노메틸프로판다이올,1,61,0.016
보습·장벽·리페어,연필향나무목부오일,1,61,0.016
보습·장벽·리페어,소듐포스페이트,1,61,0.016
보습·장벽·리페어,아세타마이드엠이에이,1,61,0.016
보습·장벽·리페어,오일팜오일,1,61,0.016
보습·장벽·리페어,다이소듐포스페이트,1,61,0.016
보습·장벽·리페어,청색1호,1,61,0.016
보습·장벽·리페어,소듐서팩틴,1,61,0.016
보습·장벽·리페어,덱스트란,1,61,0.016
보습·장벽·리페어,피토스테릴이소스테아릴다이머디리놀리에이트,1,61,0.016
보습·장벽·리페어,팔미토일트라이펩타이드-8,1,61,0.016
보습·장벽·리페어,p-아니식애씨드,1,61,0.016
보습·장벽·리페어,겨우살이열매추출물,1,61,0.016
보습·장벽·리페어,바이오사카라이드검-1,1,61,0.016
보습·장벽·리페어,소듐레불리네이트,1,61,0.016
보습·장벽·리페어,아세틸헵타펩타이드-4,1,61,0.016
보습·장벽·리페어,솔비탄라우레이트,1,61,0.016
보습·장벽·리페어,폴리글리세릴-10다이스테아레이트,1,61,0.016
보습·장벽·리페어,팔미토일펜타펩타이드-4,1,61,0.016
보습·장벽·리페어,카르노신,1,61,0.016
보습·장벽·리페어,아세틸테트라펩타이드-5,1,61,0.016
보습·장벽·리페어,아세틸테트라펩타이드-3,1,61,0.016
보습·장벽·리페어,팔미토일트라이펩타이드-5,1,61,0.016
보습·장벽·리페어,아세틸테트라펩타이드-2,1,61,0.016
보습·장벽·리페어,팔미토일트라이펩타이드-1,1,61,0.016
보습·장벽·리페어,노나펩타이드-1,1,61,0.016
보습·장벽·리페어,아세틸옥타펩타이드-3,1,61,0.016
보습·장벽·리페어,아세틸테트라펩타이드-9,1,61,0.016
보습·장벽·리페어,에스신,1,61,0.016
보습·장벽·리페어,아스코빅애씨드폴리펩타이드,1,61,0.016
보습·장벽·리페어,육계나무껍질추출물,1,61,0.016
보습·장벽·리페어,모란뿌리추출물,1,61,0.016
보습·장벽·리페어,오레가노잎추출물,1,61,0.016
보습·장벽·리페어,락토바실러스/콩발효추출물,1,61,0.016
보습·장벽·리페어,자몽껍질오일,1,61,0.016
보습·장벽·리페어,쇠비름추출물,1,61,0.016
보습·장벽·리페어,티트리잎추출물,1,61,0.016
보습·장벽·리페어,식물성스쿠알란,1,61,0.016
보습·장벽·리페어,하이드록시에틸우레아,1,61,0.016
보습·장벽·리페어,카프로일메틸세리네이트,1,61,0.016
보습·장벽·리페어,소듐아크릴릭애씨드/엠에이코폴리머,1,61,0.016
보습·장벽·리페어,벤질글라이콜,1,61,0.016
보습·장벽·리페어,라즈베리케톤,1,61,0.016
보습·장벽·리페어,타피오카전분,1,61,0.016
보습·장벽·리페어,폴리글리세릴-3다이아이소스테아레이트,1,61,0.016
보습·장벽·리페어,소듐폴리글루타메이트,1,61,0.016
보습·장벽·리페어,유채씨오일,1,61,0.016
보습·장벽·리페어,폴리글리세릴-3폴리리시놀리에이트,1,61,0.016
보습·장벽·리페어,자일로오스,1,61,0.016
보습·장벽·리페어,하이드로제네이티드유채씨오일,1,61,0.016
보습·장벽·리페어,소듐아크릴레이트코폴리머,1,61,0.016
보습·장벽·리페어,에틸헥실올리베이트,1,61,0.016
보습·장벽·리페어,하이드롤라이즈드디엔에이,1,61,0.016
보습·장벽·리페어,그롬웰뿌리추출물,1,61,0.016
보습·장벽·리페어,알파-아이소메틸아이오논,1,61,0.016
보습·장벽·리페어,당근씨오일,1,61,0.016
보습·장벽·리페어,코토니추출물,1,61,0.016
보습·장벽·리페어,폴리글리세릴-2트라이아이소스테아레이트,1,61,0.016
보습·장벽·리페어,사과씨오일,1,61,0.016
보습·장벽·리페어,칸데릴라왁스,1,61,0.016
보습·장벽·리페어,하이드록시시트로넬알,1,61,0.016
보습·장벽·리페어,타라열매추출물,1,61,0.016
보습·장벽·리페어,벤질살리실레이트,1,61,0.016
보습·장벽·리페어,베타-카로틴,1,61,0.016
보습·장벽·리페어,오미자추출물,1,61,0.016
보습·장벽·리페어,쌀겨왁스,1,61,0.016
보습·장벽·리페어,접시꽃추출물,1,61,0.016
보습·장벽·리페어,지치뿌리추출물,1,61,0.016
보습·장벽·리페어,백미꽃추출물,1,61,0.016
보습·장벽·리페어,비에이치티,1,61,0.016
보습·장벽·리페어,바실러스발효물,1,61,0.016
보습·장벽·리페어,유용성감초추출물,1,61,0.016
보습·장벽·리페어,쌀배아오일,1,61,0.016
보습·장벽·리페어,알칸나뿌리추출물,1,61,0.016
보습·장벽·리페어,파라핀,1,61,0.016
보습·장벽·리페어,마누카잎추출물,1,61,0.016
보습·장벽·리페어,병풀꽃/잎/줄기추출물,1,61,0.016
보습·장벽·리페어,병풀뿌리추출물,1,61,0.016
보습·장벽·리페어,멜라토닌,1,61,0.016
보습·장벽·리페어,꿀추출물,1,61,0.016
보습·장벽·리페어,잇꽃꽃추출물,1,61,0.016
보습·장벽·리페어,셀필룸추출물,1,61,0.016
보습·장벽·리페어,테아닌,1,61,0.016
보습·장벽·리페어,에톡시다이글라이콜,1,61,0.016
보습·장벽·리페어,리놀레닉애씨드,1,61,0.016
보습·장벽·리페어,올리브잎세포추출물,1,61,0.016
보습·장벽·리페어,카프릴릴/카프릴트라이글리세라이드,1,61,0.016
보습·장벽·리페어,유칼립투스잎추출물,1,61,0.016
보습·장벽·리페어,폴리라이신,1,61,0.016
보습·장벽·리페어,하이드로제네이티드올리브오일불검화물,1,61,0.016
보습·장벽·리페어,소듐라우로일락틸레이트,1,61,0.016
보습·장벽·리페어,C18-21알케인,1,61,0.016
보습·장벽·리페어,잇꽃씨오일,1,61,0.016
보습·장벽·리페어,포타슘하이드록사이드,1,61,0.016
보습·장벽·리페어,창과감초뿌리추출물,1,61,0.016
보습·장벽·리페어,세틸팔미테이트,1,61,0.016
보습·장벽·리페어,4-t-부틸사이클로헥산올,1,61,0.016
보습·장벽·리페어,메틸팔미테이트,1,61,0.016
보습·장벽·리페어,코코넛야자씨버터,1,61,0.016
보습·장벽·리페어,신선초추출물,1,61,0.016
보습·장벽·리페어,오크라열매추출물,1,61,0.016
보습·장벽·리페어,무화과추출물,1,61,0.016
보습·장벽·리페어,몰로키아잎추출물,1,61,0.016
보습·장벽·리페어,연꽃뿌리추출물,1,61,0.016
보습·장벽·리페어,참마뿌리추출물,1,61,0.016
보습·장벽·리페어,올리브오일불검화물,1,61,0.016
보습·장벽·리페어,밀배아오일불검화물,1,61,0.016
보습·장벽·리페어,알루미늄/마그네슘하이드록사이드스테아레이트,1,61,0.016
보습·장벽·리페어,아이소말트,1,61,0.016
보습·장벽·리페어,t-부틸알코올,1,61,0.016
보습·장벽·리페어,칼슘클로라이드,1,61,0.016
보습·장벽·리페어,돌콩오일불검화물,1,61,0.016
보습·장벽·리페어,소듐아스코빌포스페이트,1,61,0.016
보습·장벽·리페어,포타슘하이알루로네이트,1,61,0.016
보습·장벽·리페어,7-데하이드로콜레스테롤,1,61,0.016
보습·장벽·리페어,꽃가루추출물,1,61,0.016
보습·장벽·리페어,피톨,1,61,0.016
보습·장벽·리페어,에틸헥산다이올,1,61,0.016
보습·장벽·리페어,달팽이점액여과물,1,61,0.016
보습·장벽·리페어,알지닌/라이신폴리펩타이드,1,61,0.016
보습·장벽·리페어,클레리오일,1,61,0.016
보습·장벽·리페어,석시닉애씨드,1,61,0.016
보습·장벽·리페어,피이지-크로스폴리머,1,61,0.016
보습·장벽·리페어,프로폴리스추출물,1,61,0.016
보습·장벽·리페어,소르빅애씨드,1,61,0.016
보습·장벽·리페어,하이드롤라이즈드식물성단백질,1,61,0.016
보습·장벽·리페어,트록세루틴,1,61,0.016
보습·장벽·리페어,헥실데칸올,1,61,0.016
보습·장벽·리페어,하이드로제네이티드채종유,1,61,0.016
보습·장벽·리페어,헥실데실라우레이트,1,61,0.016
보습·장벽·리페어,알지닌에이치씨엘,1,61,0.016
보습·장벽·리페어,소듐락테이트,1,61,0.016
보습·장벽·리페어,락틱애씨드,1,61,0.016
보습·장벽·리페어,카르니틴,1,61,0.016
보습·장벽·리페어,다이올레오일피지-트라이모늄클로라이드,1,61,0.016
보습·장벽·리페어,올리브오일데실에스터,1,61,0.016
보습·장벽·리페어,비터오렌지꽃추출물,1,61,0.016
보습·장벽·리페어,측백나무추출물,1,61,0.016
보습·장벽·리페어,리날릴아세테이트,1,61,0.016
보습·장벽·리페어,폴리락틱애씨드,1,61,0.016
보습·장벽·리페어,유채스테롤,1,61,0.016
보습·장벽·리페어,카카오씨버터,1,61,0.016
보습·장벽·리페어,라피노오스,1,61,0.016
보습·장벽·리페어,양까막까치밥나무씨오일,1,61,0.016
보습·장벽·리페어,메나다이온,1,61,0.016
보습·장벽·리페어,씨솔트,1,61,0.016
보습·장벽·리페어,벤토나이트,1,61,0.016
보습·장벽·리페어,사이클로헥실글리세린,1,61,0.016
보습·장벽·리페어,망고씨버터,1,61,0.016
보습·장벽·리페어,폴리글리세릴-10다이아이소스테아레이트,1,61,0.016
보습·장벽·리페어,가시대나무수액,1,61,0.016
보습·장벽·리페어,개똥쑥추출물,1,61,0.016
보습·장벽·리페어,님잎추출물,1,61,0.016
보습·장벽·리페어,수크로오스트라이스테아레이트,1,61,0.016
보습·장벽·리페어,전호추출물,1,61,0.016
보습·장벽·리페어,자작나무수액,1,61,0.016
보습·장벽·리페어,포도덩굴수액,1,61,0.016
보습·장벽·리페어,하늘타리뿌리추출물,1,61,0.016
보습·장벽·리페어,피이지-10다이메티콘,1,61,0.016
보습·장벽·리페어,다이스테아다이모늄헥토라이트,1,61,0.016
보습·장벽·리페어,카프릴하이드록사믹애씨드,1,61,0.016
보습·장벽·리페어,포도세포추출물,1,61,0.016
보습·장벽·리페어,부틸페닐메틸프로피오날,1,61,0.016
보습·장벽·리페어,프로필렌글라이콜다이카프릴레이트/다이카프레이트,1,61,0.016
보습·장벽·리페어,소리쟁이뿌리추출물,1,61,0.016
보습·장벽·리페어,벤질벤조에이트,1,61,0.016
보습·장벽·리페어,다이-C12-13알킬말레이트,1,61,0.016
보습·장벽·리페어,녹두씨추출물,1,61,0.016
보습·장벽·리페어,페룰릭애씨드,1,61,0.016
보습·장벽·리페어,자몽추출물,1,61,0.016
보습·장벽·리페어,프로필렌카보네이트,1,61,0.016
보습·장벽·리페어,폴리글리세릴-6폴리리시놀리에이트,1,61,0.016
보습·장벽·리페어,트라이-C14-15알킬시트레이트,1,61,0.016
보습·장벽·리페어,자작나무껍질추출물,1,61,0.016
보습·장벽·리페어,글리세릴아라키도네이트,1,61,0.016
보습·장벽·리페어,글리세릴리놀리에이트,1,61,0.016
보습·장벽·리페어,글리세릴리놀리네이트,1,61,0.016
보습·장벽·리페어,히스티딘,1,61,0.016
보습·장벽·리페어,트라이데세스-6,1,61,0.016
보습·장벽·리페어,하이드로제네이티드올리브오일라우릴에스터,1,61,0.016
보습·장벽·리페어,메틸카프로오일타이로지네이트,1,61,0.016
보습·장벽·리페어,C30-45알킬세테아릴다이메티콘크로스폴리머,1,61,0.016
보습·장벽·리페어,코코글리세라이즈,1,61,0.016
보습·장벽·리페어,글리세릴올리에이트,1,61,0.016
보습·장벽·리페어,베르가모트오일,1,61,0.016
보습·장벽·리페어,사이아노코발아민,1,61,0.016
보습·장벽·리페어,카프로오일피토스핑고신,1,61,0.016
보습·장벽·리페어,베헤닉애씨드,1,61,0.016
보습·장벽·리페어,센티드제라늄꽃오일,1,61,0.016
보습·장벽·리페어,글라이코리피드,1,61,0.016
보습·장벽·리페어,카프로오일스핑고신,1,61,0.016
보습·장벽·리페어,아스코빌팔미테이트,1,61,0.016
보습·장벽·리페어,세라마이드이오에스,1,61,0.016
보습·장벽·리페어,세테아레스-25,1,61,0.016
보습·장벽·리페어,다이펜타에리스리틸헥사하이드록시스테아레이트/헥사스테아레이트/헥사로지네이트,1,61,0.016
보습·장벽·리페어,지모뿌리추출물,1,61,0.016
보습·장벽·리페어,아스코빅애씨드,1,61,0.016
보습·장벽·리페어,에키움 플란타기네움씨오일,1,61,0.016
보습·장벽·리페어,비타민나무열매오일,1,61,0.016
보습·장벽·리페어,알파-비사보롤,1,61,0.016
보습·장벽·리페어,프리지어추출물,1,61,0.016
보습·장벽·리페어,동백나무씨오일,1,61,0.016
보습·장벽·리페어,나팔수선화추출물,1,61,0.016
보습·장벽·리페어,콜라겐추출물,1,61,0.016
보습·장벽·리페어,커먼자스민추출물,1,61,0.016
보습·장벽·리페어,장미추출물,1,61,0.016
보습·장벽·리페어,달맞이꽃오일,1,61,0.016
보습·장벽·리페어,아보카도오일,1,61,0.016
보습·장벽·리페어,폴리에틸렌,1,61,0.016
보습·장벽·리페어,데하이드로아세틱애씨드,1,61,0.016
보습·장벽·리페어,폴리글리세릴-2아이소스테아레이트/다이머다이리놀리에이트코폴리머,1,61,0.016
보습·장벽·리페어,참당귀추출물,1,61,0.016
보습·장벽·리페어,사탕무뿌리추출물,1,61,0.016
보습·장벽·리페어,캐모마일꽃추출물,1,61,0.016
보습·장벽·리페어,마돈나백합비늘줄기추출물,1,61,0.016
보습·장벽·리페어,들깨잎추출물,1,61,0.016
보습·장벽·리페어,시트랄,1,61,0.016
보습·장벽·리페어,모나스커스추출물,1,61,0.016
보습·장벽·리페어,흰서양송로추출물,1,61,0.016
보습·장벽·리페어,연꽃꽃추출물,1,61,0.016
보습·장벽·리페어,녹차씨오일,1,61,0.016
보습·장벽·리페어,합성왁스,1,61,0.016
보습·장벽·리페어,글루타티온,1,61,0.016
보습·장벽·리페어,블루플래그아이리스추출물,1,61,0.016
보습·장벽·리페어,보리지추출물,1,61,0.016
보습·장벽·리페어,아세틸글루타민,1,61,0.016
보습·장벽·리페어,치자꽃추출물,1,61,0.016
보습·장벽·리페어,암모늄폴리아크릴로일다이메틸타우레이트,1,61,0.016
보습·장벽·리페어,발삼아미리스껍질오일,1,61,0.016
보습·장벽·리페어,하이드롤라이즈드호호바에스터,1,61,0.016
보습·장벽·리페어,바나나추출물,1,61,0.016
보습·장벽·리페어,비치스트로베리추출물,1,61,0.016
보습·장벽·리페어,목서꽃추출물,1,61,0.016
보습·장벽·리페어,셀룰로오스검,1,61,0.016
보습·장벽·리페어,자주천인국추출물,1,61,0.016
보습·장벽·리페어,쑥잎추출물,1,61,0.016
보습·장벽·리페어,다이포타슘포스페이트,1,61,0.016
보습·장벽·리페어,폴리글리세릴-3다이스테아레이트,1,61,0.016
보습·장벽·리페어,변성알코올,1,61,0.016
보습·장벽·리페어,펄라이트,1,61,0.016
보습·장벽·리페어,트라이에탄올아민,1,61,0.016
보습·장벽·리페어,코카마이드엠이에이,1,61,0.016
보습·장벽·리페어,피이지-100스테아레이트,1,61,0.016
보습·장벽·리페어,아이소세틸스테아레이트,1,61,0.016
보습·장벽·리페어,테트라소듐이디티에이,1,61,0.016
보습·장벽·리페어,브로콜리수,1,61,0.016
보습·장벽·리페어,솔비톨,1,61,0.016
보습·장벽·리페어,글리세레스-25피씨에이아이소스테아레이트,1,61,0.016
보습·장벽·리페어,검정콩추출물,1,61,0.016
보습·장벽·리페어,프로필헵틸카프릴레이트,1,61,0.016
보습·장벽·리페어,테트라아세틸피토스핑고신,1,61,0.016
보습·장벽·리페어,사플라워오일/팜오일아미노프로판다이올에스터,1,61,0.016
보습·장벽·리페어,이눌린,1,61,0.016
보습·장벽·리페어,펜타에리스리틸다이스테아레이트,1,61,0.016
보습·장벽·리페어,글리세릴베헤네이트,1,61,0.016
보습·장벽·리페어,락토바실러스발효용해물,1,61,0.016
보습·장벽·리페어,스테아릴다이메티콘,1,61,0.016
보습·장벽·리페어,아세틸테트라펩타이드-11,1,61,0.016
보습·장벽·리페어,비스-하이드록시에톡시프로필다이메티콘,1,61,0.016
보습·장벽·리페어,미역추출물,1,61,0.016
보습·장벽·리페어,폴리글리세릴-6라우레이트,1,61,0.016
보습·장벽·리페어,칸데릴라/호호바/쌀겨폴리글리세릴-3에스터,1,61,0.016
보습·장벽·리페어,미리스틸글루코사이드,1,61,0.016
보습·장벽·리페어,C13-16아이소알케인,1,61,0.016
보습·장벽·리페어,헵틸운데실레네이트,1,61,0.016
보습·장벽·리페어,바오밥나무씨오일,1,61,0.016
보습·장벽·리페어,황련뿌리추출물,1,61,0.016
보습·장벽·리페어,귀리커넬추출물,1,61,0.016
보습·장벽·리페어,쌀추출물,1,61,0.016
보습·장벽·리페어,브로멜라인,1,61,0.016
보습·장벽·리페어,오리자놀,1,61,0.016
보습·장벽·리페어,쌀겨수,1,61,0.016
보습·장벽·리페어,락토코쿠스발효용해물,1,61,0.016
보습·장벽·리페어,리파아제,1,61,0.016
보습·장벽·리페어,파파인,1,61,0.016
보습·장벽·리페어,녹차수,1,61,0.016
보습·장벽·리페어,쌀지게미추출물,1,61,0.016
보습·장벽·리페어,락토바실러스/쌀발효물,1,61,0.016
보습·장벽·리페어,하이드록시프로필사이클로덱스트린,1,61,0.016
보습·장벽·리페어,쌀겨오일,1,61,0.016
보습·장벽·리페어,실버위드추출물,1,61,0.016
보습·장벽·리페어,향부자추출물,1,61,0.016
보습·장벽·리페어,아티초크잎추출물,1,61,0.016
보습·장벽·리페어,프로테아제,1,61,0.016
보습·장벽·리페어,글리세릴폴리메타크릴레이트,1,61,0.016
보습·장벽·리페어,코직다이팔미테이트,1,61,0.016
수분·수부지·아쿠아,글리세린,50,50,1.0
수분·수부지·아쿠아,정제수,48,50,0.96
수분·수부지·아쿠아,"1,2-헥산다이올",45,50,0.9
수분·수부지·아쿠아,부틸렌글라이콜,44,50,0.88
수분·수부지·아쿠아,소듐하이알루로네이트,42,50,0.84
수분·수부지·아쿠아,에틸헥실글리세린,40,50,0.8
수분·수부지·아쿠아,판테놀,28,50,0.56
수분·수부지·아쿠아,하이알루로닉애씨드,24,50,0.48
수분·수부지·아쿠아,암모늄아크릴로일다이메틸타우레이트/브이피코폴리머,24,50,0.48
수분·수부지·아쿠아,하이드롤라이즈드하이알루로닉애씨드,24,50,0.48
수분·수부지·아쿠아,다이소듐이디티에이,23,50,0.46
수분·수부지·아쿠아,세테아릴알코올,23,50,0.46
수분·수부지·아쿠아,프로판다이올,23,50,0.46
수분·수부지·아쿠아,토코페롤,22,50,0.44
수분·수부지·아쿠아,카보머,22,50,0.44
수분·수부지·아쿠아,알란토인,21,50,0.42
수분·수부지·아쿠아,소듐하이알루로네이트크로스폴리머,21,50,0.42
수분·수부지·아쿠아,카프릴릭/카프릭트라이글리세라이드,21,50,0.42
수분·수부지·아쿠아,트로메타민,20,50,0.4
수분·수부지·아쿠아,펜틸렌글라이콜,20,50,0.4
수분·수부지·아쿠아,아크릴레이트/C10-30알킬아크릴레이트크로스폴리머,19,50,0.38
수분·수부지·아쿠아,베타인,19,50,0.38
수분·수부지·아쿠아,소듐아세틸레이티드하이알루로네이트,19,50,0.38
수분·수부지·아쿠아,나이아신아마이드,19,50,0.38
수분·수부지·아쿠아,세라마이드엔피,19,50,0.38
수분·수부지·아쿠아,하이드록시에틸아크릴레이트/소듐아크릴로일다이메틸타우레이트코폴리머,19,50,0.38
수분·수부지·아쿠아,아데노신,18,50,0.36
수분·수부지·아쿠아,하이드로제네이티드레시틴,18,50,0.36
수분·수부지·아쿠아,솔비탄아이소스테아레이트,18,50,0.36
수분·수부지·아쿠아,스테아릭애씨드,17,50,0.34
수분·수부지·아쿠아,글리세릴카프릴레이트,17,50,0.34
수분·수부지·아쿠아,하이드롤라이즈드소듐하이알루로네이트,16,50,0.32
수분·수부지·아쿠아,스쿠알란,16,50,0.32
수분·수부지·아쿠아,하이드록시프로필트라이모늄하이알루로네이트,15,50,0.3
수분·수부지·아쿠아,잔탄검,15,50,0.3
수분·수부지·아쿠아,알지닌,14,50,0.28
수분·수부지·아쿠아,폴리글리세릴-3메틸글루코오스다이스테아레이트,12,50,0.24
수분·수부지·아쿠아,솔비탄올리베이트,12,50,0.24
수분·수부지·아쿠아,팔미틱애씨드,11,50,0.22
수분·수부지·아쿠아,콜레스테롤,11,50,0.22
수분·수부지·아쿠아,다이메티콘,11,50,0.22
수분·수부지·아쿠아,글리세릴스테아레이트,11,50,0.22
수분·수부지·아쿠아,세테아릴올리베이트,11,50,0.22
수분·수부지·아쿠아,향료,11,50,0.22
수분·수부지·아쿠아,포타슘하이알루로네이트,10,50,0.2
수분·수부지·아쿠아,베헤닐알코올,10,50,0.2
수분·수부지·아쿠아,글리세릴아크릴레이트/아크릴릭애씨드코폴리머,10,50,0.2
수분·수부지·아쿠아,카프릴릴글라이콜,9,50,0.18
수분·수부지·아쿠아,덱스트린,9,50,0.18
수분·수부지·아쿠아,세틸에틸헥사노에이트,9,50,0.18
수분·수부지·아쿠아,메틸트라이메티콘,9,50,0.18
수분·수부지·아쿠아,트레할로오스,9,50,0.18
수분·수부지·아쿠아,시트릭애씨드,9,50,0.18
수분·수부지·아쿠아,하이드로제네이티드폴리데센,8,50,0.16
수분·수부지·아쿠아,글리세릴글루코사이드,8,50,0.16
수분·수부지·아쿠아,펜타에리스리틸테트라에틸헥사노에이트,8,50,0.16
수분·수부지·아쿠아,마데카소사이드,8,50,0.16
수분·수부지·아쿠아,피브이엠/엠에이코폴리머,8,50,0.16
수분·수부지·아쿠아,엑토인,8,50,0.16
수분·수부지·아쿠아,글루코오스,7,50,0.14
수분·수부지·아쿠아,비닐다이메티콘,7,50,0.14
수분·수부지·아쿠아,메틸프로판다이올,7,50,0.14
수분·수부지·아쿠아,아이소노닐아이소노나노에이트,7,50,0.14
수분·수부지·아쿠아,C14-22알코올,7,50,0.14
수분·수부지·아쿠아,피토스핑고신,7,50,0.14
수분·수부지·아쿠아,C12-20알킬글루코사이드,7,50,0.14
수분·수부지·아쿠아,베타-글루칸,7,50,0.14
수분·수부지·아쿠아,인도멀구슬나무잎추출물,7,50,0.14
수분·수부지·아쿠아,인도멀구슬나무꽃추출물,7,50,0.14
수분·수부지·아쿠아,병풀잎추출물,7,50,0.14
수분·수부지·아쿠아,시어버터,7,50,0.14
수분·수부지·아쿠아,하이드록시아세토페논,6,50,0.12
수분·수부지·아쿠아,만니톨,6,50,0.12
수분·수부지·아쿠아,실리카,6,50,0.12
수분·수부지·아쿠아,소듐디엔에이,6,50,0.12
수분·수부지·아쿠아,참산호말추출물,6,50,0.12
수분·수부지·아쿠아,아이비고드열매추출물,6,50,0.12
수분·수부지·아쿠아,가지열매추출물,6,50,0.12
수분·수부지·아쿠아,다이포타슘글리시리제이트,6,50,0.12
수분·수부지·아쿠아,홀리바질잎추출물,6,50,0.12
수분·수부지·아쿠아,울금뿌리추출물,6,50,0.12
수분·수부지·아쿠아,소듐파이테이트,6,50,0.12
수분·수부지·아쿠아,말라카이트추출물,6,50,0.12
수분·수부지·아쿠아,녹차추출물,6,50,0.12
수분·수부지·아쿠아,아세틸헥사펩타이드-8,5,50,0.1
수분·수부지·아쿠아,자일리톨,5,50,0.1
수분·수부지·아쿠아,치자추출물,5,50,0.1
수분·수부지·아쿠아,하이드로제네이티드폴리(C6-14올레핀),5,50,0.1
수분·수부지·아쿠아,아라키딜알코올,5,50,0.1
수분·수부지·아쿠아,미리스틱애씨드,5,50,0.1
수분·수부지·아쿠아,프로필렌글라이콜,5,50,0.1
수분·수부지·아쿠아,호호바에스터,5,50,0.1
수분·수부지·아쿠아,알로에베라꽃추출물,5,50,0.1
수분·수부지·아쿠아,자작나무수액,5,50,0.1
수분·수부지·아쿠아,다이글리세린,5,50,0.1
수분·수부지·아쿠아,리모넨,5,50,0.1
수분·수부지·아쿠아,카퍼트라이펩타이드-1,5,50,0.1
수분·수부지·아쿠아,에리스리톨,5,50,0.1
수분·수부지·아쿠아,카프릴릴메티콘,5,50,0.1
수분·수부지·아쿠아,메도우폼씨오일,5,50,0.1
수분·수부지·아쿠아,소듐폴리아크릴로일다이메틸타우레이트,5,50,0.1
수분·수부지·아쿠아,다이프로필렌글라이콜,5,50,0.1
수분·수부지·아쿠아,하이드롤라이즈드콜라겐,4,50,0.08
수분·수부지·아쿠아,옥수수전분,4,50,0.08
수분·수부지·아쿠아,소듐스테아로일글루타메이트,4,50,0.08
수분·수부지·아쿠아,아라키딜글루코사이드,4,50,0.08
수분·수부지·아쿠아,스핑고리피드,4,50,0.08
수분·수부지·아쿠아,폴리글리세릴-10라우레이트,4,50,0.08
수분·수부지·아쿠아,소듐메타포스페이트,4,50,0.08
수분·수부지·아쿠아,피토스테롤,4,50,0.08
수분·수부지·아쿠아,아이소도데케인,4,50,0.08
수분·수부지·아쿠아,아스코빅애씨드,4,50,0.08
수분·수부지·아쿠아,아시아티코사이드,4,50,0.08
수분·수부지·아쿠아,다이메틸실란올하이알루로네이트,4,50,0.08
수분·수부지·아쿠아,소듐하이알루로네이트다이메틸실란올,4,50,0.08
수분·수부지·아쿠아,글라이신,4,50,0.08
수분·수부지·아쿠아,트라이소듐이디티에이,4,50,0.08
수분·수부지·아쿠아,마트리카리아꽃추출물,4,50,0.08
수분·수부지·아쿠아,다이카프릴릴에터,4,50,0.08
수분·수부지·아쿠아,트라이소듐에틸렌다이아민다이석시네이트,4,50,0.08
수분·수부지·아쿠아,병풀추출물,4,50,0.08
수분·수부지·아쿠아,세라마이드엔에스,4,50,0.08
수분·수부지·아쿠아,세라마이드에이피,4,50,0.08
수분·수부지·아쿠아,세라마이드에이에스,4,50,0.08
수분·수부지·아쿠아,셀룰로오스,4,50,0.08
수분·수부지·아쿠아,세틸알코올,4,50,0.08
수분·수부지·아쿠아,하이알루로닉애씨드/폴리아이소프로필아크릴아마이드코폴리머,4,50,0.08
수분·수부지·아쿠아,약모밀추출물,4,50,0.08
수분·수부지·아쿠아,황금추출물,4,50,0.08
수분·수부지·아쿠아,쇠비름추출물,4,50,0.08
수분·수부지·아쿠아,온천수,4,50,0.08
수분·수부지·아쿠아,안하이드로자일리톨,3,50,0.06
수분·수부지·아쿠아,자일리틸글루코사이드,3,50,0.06
수분·수부지·아쿠아,폴리쿼터늄-51,3,50,0.06
수분·수부지·아쿠아,하이드록시프로필스타치포스페이트,3,50,0.06
수분·수부지·아쿠아,다이카프릴릴카보네이트,3,50,0.06
수분·수부지·아쿠아,말토덱스트린,3,50,0.06
수분·수부지·아쿠아,하이드로제네이티드폴리아이소부텐,3,50,0.06
수분·수부지·아쿠아,다이메티콘올,3,50,0.06
수분·수부지·아쿠아,하이드록시프로필메틸셀룰로오스,3,50,0.06
수분·수부지·아쿠아,세틸-피지하이드록시에틸팔미타마이드,3,50,0.06
수분·수부지·아쿠아,징크클로라이드,3,50,0.06
수분·수부지·아쿠아,라우릭애씨드,3,50,0.06
수분·수부지·아쿠아,하이드로제네이티드쌀겨오일,3,50,0.06
수분·수부지·아쿠아,폴리아크릴레이트크로스폴리머-6,3,50,0.06
수분·수부지·아쿠아,벤질글라이콜,3,50,0.06
수분·수부지·아쿠아,카페인,3,50,0.06
수분·수부지·아쿠아,버지니아풍년화추출물,3,50,0.06
수분·수부지·아쿠아,아가,3,50,0.06
수분·수부지·아쿠아,드럼스틱씨추출물,3,50,0.06
수분·수부지·아쿠아,화이트루핀씨추출물,3,50,0.06
수분·수부지·아쿠아,하이드롤라이즈드오크라추출물,3,50,0.06
수분·수부지·아쿠아,폴리데센,3,50,0.06
수분·수부지·아쿠아,아라비아고무나무검,3,50,0.06
수분·수부지·아쿠아,다이페닐실록시페닐트라이메티콘,3,50,0.06
수분·수부지·아쿠아,피씨에이다이메티콘,3,50,0.06
수분·수부지·아쿠아,스테아릴다이메티콘,3,50,0.06
수분·수부지·아쿠아,트라이에틸헥사노인,3,50,0.06
수분·수부지·아쿠아,리날룰,3,50,0.06
수분·수부지·아쿠아,시트랄,3,50,0.06
수분·수부지·아쿠아,글리세릴폴리메타크릴레이트,3,50,0.06
수분·수부지·아쿠아,하이드로제네이티드다이데센,3,50,0.06
수분·수부지·아쿠아,"2,3-부탄다이올",3,50,0.06
수분·수부지·아쿠아,수레국화꽃추출물,3,50,0.06
수분·수부지·아쿠아,클레리추출물,3,50,0.06
수분·수부지·아쿠아,히아신스전초추출물,3,50,0.06
수분·수부지·아쿠아,보리지추출물,3,50,0.06
수분·수부지·아쿠아,비스-하이드록시에톡시프로필다이메티콘,3,50,0.06
수분·수부지·아쿠아,폴리메틸실세스퀴옥세인,3,50,0.06
수분·수부지·아쿠아,글리세릴스테아레이트시트레이트,3,50,0.06
수분·수부지·아쿠아,해바라기씨오일,3,50,0.06
수분·수부지·아쿠아,세라마이드이오피,3,50,0.06
수분·수부지·아쿠아,옥틸도데칸올,3,50,0.06
수분·수부지·아쿠아,하이드롤라이즈드글라이코사미노글리칸,3,50,0.06
수분·수부지·아쿠아,히스티딘,3,50,0.06
수분·수부지·아쿠아,아이소헥사데칸,3,50,0.06
수분·수부지·아쿠아,아세틸글루코사민,3,50,0.06
수분·수부지·아쿠아,세테아릴글루코사이드,3,50,0.06
수분·수부지·아쿠아,수용성콜라겐,3,50,0.06
수분·수부지·아쿠아,스페인감초뿌리추출물,3,50,0.06
수분·수부지·아쿠아,락토바실러스발효용해물,3,50,0.06
수분·수부지·아쿠아,소듐폴리아크릴레이트,3,50,0.06
수분·수부지·아쿠아,로즈마리잎추출물,3,50,0.06
수분·수부지·아쿠아,호장근뿌리추출물,3,50,0.06
수분·수부지·아쿠아,마그네슘설페이트,2,50,0.04
수분·수부지·아쿠아,잇꽃꽃추출물,2,50,0.04
수분·수부지·아쿠아,하이드롤라이즈드식물성단백질,2,50,0.04
수분·수부지·아쿠아,잇꽃씨오일,2,50,0.04
수분·수부지·아쿠아,폴리아크릴레이트-13,2,50,0.04
수분·수부지·아쿠아,아라키딕애씨드,2,50,0.04
수분·수부지·아쿠아,에틸헥실팔미테이트,2,50,0.04
수분·수부지·아쿠아,부틸렌글라이콜다이카프릴레이트/다이카프레이트,2,50,0.04
수분·수부지·아쿠아,C18-21알케인,2,50,0.04
수분·수부지·아쿠아,폴리글리세릴-4카프레이트,2,50,0.04
수분·수부지·아쿠아,폴리글루타믹애씨드,2,50,0.04
수분·수부지·아쿠아,카프릴로일살리실릭애씨드,2,50,0.04
수분·수부지·아쿠아,메틸다이아이소프로필프로피온아마이드,2,50,0.04
수분·수부지·아쿠아,다이메티콘/비닐다이메티콘크로스폴리머,2,50,0.04
수분·수부지·아쿠아,아미노메틸프로판다이올,2,50,0.04
수분·수부지·아쿠아,C12-13알케스-9,2,50,0.04
수분·수부지·아쿠아,락토바실러스/콩발효추출물,2,50,0.04
수분·수부지·아쿠아,로즈마리잎오일,2,50,0.04
수분·수부지·아쿠아,글루코닉애씨드,2,50,0.04
수분·수부지·아쿠아,라벤더꽃추출물,2,50,0.04
수분·수부지·아쿠아,글루타티온,2,50,0.04
수분·수부지·아쿠아,감초추출물,2,50,0.04
수분·수부지·아쿠아,레시틴,2,50,0.04
수분·수부지·아쿠아,병풀꽃/잎/줄기추출물,2,50,0.04
수분·수부지·아쿠아,황해쑥잎수,2,50,0.04
수분·수부지·아쿠아,락토바실러스발효물,2,50,0.04
수분·수부지·아쿠아,수크로오스스테아레이트,2,50,0.04
수분·수부지·아쿠아,아시아틱애씨드,2,50,0.04
수분·수부지·아쿠아,병풀잎수,2,50,0.04
수분·수부지·아쿠아,폴리솔베이트60,2,50,0.04
수분·수부지·아쿠아,마데카식애씨드,2,50,0.04
수분·수부지·아쿠아,하이드롤라이즈드치자추출물,2,50,0.04
수분·수부지·아쿠아,꿀풀추출물,2,50,0.04
수분·수부지·아쿠아,오크라열매추출물,2,50,0.04
수분·수부지·아쿠아,소듐아크릴레이트코폴리머,2,50,0.04
수분·수부지·아쿠아,팔미토일펜타펩타이드-4,2,50,0.04
수분·수부지·아쿠아,글리세레스-26,2,50,0.04
수분·수부지·아쿠아,팔미토일테트라펩타이드-7,2,50,0.04
수분·수부지·아쿠아,사이클로펜타실록세인,2,50,0.04
수분·수부지·아쿠아,사이아노코발아민,2,50,0.04
수분·수부지·아쿠아,팔미토일트라이펩타이드-1,2,50,0.04
수분·수부지·아쿠아,노니열매추출물,2,50,0.04
수분·수부지·아쿠아,폴리글리세릴-4올리에이트,2,50,0.04
수분·수부지·아쿠아,블래더랙추출물,2,50,0.04
수분·수부지·아쿠아,에틸헥실올리베이트,2,50,0.04
수분·수부지·아쿠아,여주열매추출물,2,50,0.04
수분·수부지·아쿠아,카프릴릭/카프릭/미리스틱/스테아릭트라이글리세라이드,2,50,0.04
수분·수부지·아쿠아,세린,2,50,0.04
수분·수부지·아쿠아,수크로오스라우레이트,2,50,0.04
수분·수부지·아쿠아,코코-카프릴레이트/카프레이트,2,50,0.04
수분·수부지·아쿠아,리솔레시틴,2,50,0.04
수분·수부지·아쿠아,페녹시에탄올,2,50,0.04
수분·수부지·아쿠아,소듐하이드록사이드,2,50,0.04
수분·수부지·아쿠아,칼슘클로라이드,2,50,0.04
수분·수부지·아쿠아,피이지-100스테아레이트,2,50,0.04
수분·수부지·아쿠아,자일로글루칸,2,50,0.04
수분·수부지·아쿠아,에틸헥실아이소노나노에이트,2,50,0.04
수분·수부지·아쿠아,티트리잎추출물,2,50,0.04
수분·수부지·아쿠아,폴리글리세릴-10올리에이트,2,50,0.04
수분·수부지·아쿠아,레몬껍질오일,2,50,0.04
수분·수부지·아쿠아,소듐스테아로일락틸레이트,2,50,0.04
수분·수부지·아쿠아,판토락톤,2,50,0.04
수분·수부지·아쿠아,스테아릴알코올,2,50,0.04
수분·수부지·아쿠아,레몬껍질가루,2,50,0.04
수분·수부지·아쿠아,스클레로튬검,2,50,0.04
수분·수부지·아쿠아,디우탄검,2,50,0.04
수분·수부지·아쿠아,살비아오일,2,50,0.04
수분·수부지·아쿠아,올리브오일,2,50,0.04
수분·수부지·아쿠아,트라이데세스-10,2,50,0.04
수분·수부지·아쿠아,페닐트라이메티콘,2,50,0.04
수분·수부지·아쿠아,소듐피씨에이,2,50,0.04
수분·수부지·아쿠아,폴리글리세릴-10스테아레이트,1,50,0.02
수분·수부지·아쿠아,호스테일켈프추출물,1,50,0.02
수분·수부지·아쿠아,무화과추출물,1,50,0.02
수분·수부지·아쿠아,자이언트켈프추출물,1,50,0.02
수분·수부지·아쿠아,감태추출물,1,50,0.02
수분·수부지·아쿠아,참미역추출물,1,50,0.02
수분·수부지·아쿠아,대왕소나무잎추출물,1,50,0.02
수분·수부지·아쿠아,달맞이꽃오일,1,50,0.02
수분·수부지·아쿠아,하이드로제네이티드포스파티딜콜린,1,50,0.02
수분·수부지·아쿠아,당느릅나무뿌리추출물,1,50,0.02
수분·수부지·아쿠아,칡뿌리추출물,1,50,0.02
수분·수부지·아쿠아,사이클로헥사실록세인,1,50,0.02
수분·수부지·아쿠아,다시마즙,1,50,0.02
수분·수부지·아쿠아,달맞이꽃꽃추출물,1,50,0.02
수분·수부지·아쿠아,라우릴폴리글리세릴-3폴리다이메틸실록시에틸다이메티콘,1,50,0.02
수분·수부지·아쿠아,크로뮴옥사이드그린,1,50,0.02
수분·수부지·아쿠아,마이크로크리스탈린셀룰로오스,1,50,0.02
수분·수부지·아쿠아,하이드록시프로필비스팔미타마이드엠이에이,1,50,0.02
수분·수부지·아쿠아,올레익애씨드,1,50,0.02
수분·수부지·아쿠아,펜타에리스리틸테트라아이소스테아레이트,1,50,0.02
수분·수부지·아쿠아,아크릴레이트/암모늄메타크릴레이트코폴리머,1,50,0.02
수분·수부지·아쿠아,하이드록시프로필비스라우라마이드엠이에이,1,50,0.02
수분·수부지·아쿠아,샤프란꽃추출물,1,50,0.02
수분·수부지·아쿠아,소듐카보머,1,50,0.02
수분·수부지·아쿠아,쌀추출물,1,50,0.02
수분·수부지·아쿠아,녹차카테킨,1,50,0.02
수분·수부지·아쿠아,글루코노락톤,1,50,0.02
수분·수부지·아쿠아,회향씨추출물,1,50,0.02
수분·수부지·아쿠아,병풀캘러스세포외소포,1,50,0.02
수분·수부지·아쿠아,소두구씨추출물,1,50,0.02
수분·수부지·아쿠아,삼색제비꽃추출물,1,50,0.02
수분·수부지·아쿠아,감추출물,1,50,0.02
수분·수부지·아쿠아,고수추출물,1,50,0.02
수분·수부지·아쿠아,쑥잎추출물,1,50,0.02
수분·수부지·아쿠아,블루아가베잎추출물,1,50,0.02
수분·수부지·아쿠아,C30-45알킬다이메티콘,1,50,0.02
수분·수부지·아쿠아,로즈마리잎수,1,50,0.02
수분·수부지·아쿠아,시트로넬올,1,50,0.02
수분·수부지·아쿠아,프렌치로즈꽃추출물,1,50,0.02
수분·수부지·아쿠아,라임전초오일,1,50,0.02
수분·수부지·아쿠아,센티드제라늄꽃오일,1,50,0.02
수분·수부지·아쿠아,타임잎추출물,1,50,0.02
수분·수부지·아쿠아,다이실록세인,1,50,0.02
수분·수부지·아쿠아,오렌지껍질오일,1,50,0.02
수분·수부지·아쿠아,흰서양송로추출물,1,50,0.02
수분·수부지·아쿠아,폴스애플민트잎추출물,1,50,0.02
수분·수부지·아쿠아,비터오렌지꽃오일,1,50,0.02
수분·수부지·아쿠아,효모/감자추출물발효여과물,1,50,0.02
수분·수부지·아쿠아,제라니올,1,50,0.02
수분·수부지·아쿠아,토탄추출물,1,50,0.02
수분·수부지·아쿠아,토코페릴아세테이트,1,50,0.02
수분·수부지·아쿠아,유칼립투스잎추출물,1,50,0.02
수분·수부지·아쿠아,로즈힙열매추출물,1,50,0.02
수분·수부지·아쿠아,양버들껍질/싹/잎/잔가지추출물,1,50,0.02
수분·수부지·아쿠아,효모/보리씨발효여과물,1,50,0.02
수분·수부지·아쿠아,레몬밤꽃/잎/줄기수,1,50,0.02
수분·수부지·아쿠아,황해쑥잎추출물,1,50,0.02
수분·수부지·아쿠아,이눌린라우릴카바메이트,1,50,0.02
수분·수부지·아쿠아,하이드록시에틸아크릴레이트/소듐아크릴로일다이메틸타우레이트코플리머,1,50,0.02
수분·수부지·아쿠아,망가니즈설페이트,1,50,0.02
수분·수부지·아쿠아,칼슘글루코네이트,1,50,0.02
수분·수부지·아쿠아,징크글루코네이트,1,50,0.02
수분·수부지·아쿠아,글리세릴리놀리에이트,1,50,0.02
수분·수부지·아쿠아,나일론-12,1,50,0.02
수분·수부지·아쿠아,소듐글루코네이트,1,50,0.02
수분·수부지·아쿠아,카퍼글루코네이트,1,50,0.02
수분·수부지·아쿠아,하이드로제네이티드포스파티딜클린,1,50,0.02
수분·수부지·아쿠아,하이드로제네이티드에틸헥실올리베이트,1,50,0.02
수분·수부지·아쿠아,하이드로제네이티드올리브오일검화물,1,50,0.02
수분·수부지·아쿠아,수크로오스팔미테이트,1,50,0.02
수분·수부지·아쿠아,페러스설페이트,1,50,0.02
수분·수부지·아쿠아,실리카다이메틸실릴레이트,1,50,0.02
수분·수부지·아쿠아,글루타믹애씨드,1,50,0.02
수분·수부지·아쿠아,아스파틱애씨드,1,50,0.02
수분·수부지·아쿠아,이노시톨,1,50,0.02
수분·수부지·아쿠아,아이소펜틸다이올,1,50,0.02
수분·수부지·아쿠아,수크로오스폴리스테아레이트,1,50,0.02
수분·수부지·아쿠아,야생딸기잎추출물,1,50,0.02
수분·수부지·아쿠아,카카오씨버터,1,50,0.02
수분·수부지·아쿠아,돌콩오일,1,50,0.02
수분·수부지·아쿠아,서양산딸기추출물,1,50,0.02
수분·수부지·아쿠아,우레아,1,50,0.02
수분·수부지·아쿠아,하수오뿌리추출물,1,50,0.02
수분·수부지·아쿠아,스트렙토코쿠스 테르모필루스발효물,1,50,0.02
수분·수부지·아쿠아,비즈왁스,1,50,0.02
수분·수부지·아쿠아,아이소프로필미리스테이트,1,50,0.02
수분·수부지·아쿠아,폴리글리세릴-3폴리리시놀리에이트,1,50,0.02
수분·수부지·아쿠아,스타아니스추출물,1,50,0.02
수분·수부지·아쿠아,트라이하이드록시스테아린,1,50,0.02
수분·수부지·아쿠아,파이틱애씨드,1,50,0.02
수분·수부지·아쿠아,C13-14아이소알케인,1,50,0.02
수분·수부지·아쿠아,폴리엡실론-라이신,1,50,0.02
수분·수부지·아쿠아,폴리아크릴아마이드,1,50,0.02
수분·수부지·아쿠아,암모늄폴리아크릴로일다이메틸타우레이트,1,50,0.02
수분·수부지·아쿠아,변성알코올,1,50,0.02
수분·수부지·아쿠아,라우레스-7,1,50,0.02
수분·수부지·아쿠아,알진,1,50,0.02
수분·수부지·아쿠아,아이소프로필아이소스테아레이트,1,50,0.02
수분·수부지·아쿠아,다이소듐스테아로일글루타메이트,1,50,0.02
수분·수부지·아쿠아,갈랑가갈랑갈잎추출물,1,50,0.02
수분·수부지·아쿠아,육계나무껍질추출물,1,50,0.02
수분·수부지·아쿠아,모란뿌리추출물,1,50,0.02
수분·수부지·아쿠아,오레가노잎추출물,1,50,0.02
수분·수부지·아쿠아,솔비탄세스퀴올리에이트,1,50,0.02
수분·수부지·아쿠아,편백잎추출물,1,50,0.02
수분·수부지·아쿠아,포트마리골드꽃추출물,1,50,0.02
수분·수부지·아쿠아,마카다미아씨오일,1,50,0.02
수분·수부지·아쿠아,자몽껍질오일,1,50,0.02
수분·수부지·아쿠아,흰버드나무껍질추출물,1,50,0.02
수분·수부지·아쿠아,산구절초추출물,1,50,0.02
수분·수부지·아쿠아,유칼립투스잎오일,1,50,0.02
수분·수부지·아쿠아,효모발효여과물,1,50,0.02
수분·수부지·아쿠아,편백오일,1,50,0.02
수분·수부지·아쿠아,솔비톨,1,50,0.02
수분·수부지·아쿠아,다발방패버섯추출물,1,50,0.02
수분·수부지·아쿠아,포도씨오일,1,50,0.02
수분·수부지·아쿠아,칸디다 봄비콜라/글루코오스/메틸레이프씨데이트발효물,1,50,0.02
수분·수부지·아쿠아,폴리글리세릴-10아이소스테아레이트,1,50,0.02
수분·수부지·아쿠아,녹차씨추출물,1,50,0.02
수분·수부지·아쿠아,갈바눔수지오일,1,50,0.02
수분·수부지·아쿠아,시트로넬라오일,1,50,0.02
수분·수부지·아쿠아,카카오추출물,1,50,0.02
수분·수부지·아쿠아,소두구씨오일,1,50,0.02
수분·수부지·아쿠아,락틱애씨드,1,50,0.02
수분·수부지·아쿠아,마테잎추출물,1,50,0.02
수분·수부지·아쿠아,녹차씨오일,1,50,0.02
수분·수부지·아쿠아,트라이에틸시트레이트,1,50,0.02
수분·수부지·아쿠아,스피어민트잎오일,1,50,0.02
수분·수부지·아쿠아,올레일알코올,1,50,0.02
수분·수부지·아쿠아,다이메틸아이소소바이드,1,50,0.02
수분·수부지·아쿠아,돌콩추출물,1,50,0.02
수분·수부지·아쿠아,플로레틴,1,50,0.02
수분·수부지·아쿠아,테트라하이드로피페린,1,50,0.02
수분·수부지·아쿠아,올리브오일폴리글리세릴-6에스터,1,50,0.02
수분·수부지·아쿠아,청색1호,1,50,0.02
수분·수부지·아쿠아,폴리글리세린-3,1,50,0.02
수분·수부지·아쿠아,글리세릴라우레이트,1,50,0.02
수분·수부지·아쿠아,에스큘렌타렌즈콩씨추출물,1,50,0.02
수분·수부지·아쿠아,포타슘하이드록사이드,1,50,0.02
수분·수부지·아쿠아,토코페릴글루코사이드,1,50,0.02
수분·수부지·아쿠아,소듐벤조에이트,1,50,0.02
수분·수부지·아쿠아,아이소프로필팔미테이트,1,50,0.02
수분·수부지·아쿠아,다이스타치포스페이트,1,50,0.02
수분·수부지·아쿠아,하이드로제네이티드코코-글리세라이즈,1,50,0.02
수분·수부지·아쿠아,돌콩배아추출물,1,50,0.02
수분·수부지·아쿠아,글리시레티닉애씨드,1,50,0.02
수분·수부지·아쿠아,미리스틸글루코사이드,1,50,0.02
수분·수부지·아쿠아,미리스틸알코올,1,50,0.02
수분·수부지·아쿠아,프룩토올리고사카라이드,1,50,0.02
수분·수부지·아쿠아,불가리스쑥오일,1,50,0.02
수분·수부지·아쿠아,프룩토오스,1,50,0.02
수분·수부지·아쿠아,라벤더꽃수,1,50,0.02
수분·수부지·아쿠아,바질오일,1,50,0.02
수분·수부지·아쿠아,클로렐라 불가리스추출물,1,50,0.02
수분·수부지·아쿠아,마트리카리아꽃/잎추출물,1,50,0.02
수분·수부지·아쿠아,편백수,1,50,0.02
수분·수부지·아쿠아,카카오씨추출물,1,50,0.02
수분·수부지·아쿠아,하이드로클로릭애씨드,1,50,0.02
수분·수부지·아쿠아,왕대수액,1,50,0.02
수분·수부지·아쿠아,왕대추출물,1,50,0.02
수분·수부지·아쿠아,베타-시토스테롤,1,50,0.02
수분·수부지·아쿠아,레스베라트롤,1,50,0.02
수분·수부지·아쿠아,포스파티딜콜린,1,50,0.02
수분·수부지·아쿠아,피마자씨오일,1,50,0.02
수분·수부지·아쿠아,헤마토코쿠스플루비알리스추출물,1,50,0.02
수분·수부지·아쿠아,구아바잎추출물,1,50,0.02
수분·수부지·아쿠아,알로에베라잎즙가루,1,50,0.02
수분·수부지·아쿠아,하이드록시에틸셀룰로오스,1,50,0.02
수분·수부지·아쿠아,아보카도오일,1,50,0.02
수분·수부지·아쿠아,운데실레닉글리세라이드,1,50,0.02
수분·수부지·아쿠아,하이드로제네이티드폴리소부텐,1,50,0.02
수분·수부지·아쿠아,스위트아몬드오일,1,50,0.02
수분·수부지·아쿠아,후박추출물,1,50,0.02
수분·수부지·아쿠아,세타아릴올리베이트,1,50,0.02
수분·수부지·아쿠아,헥실렌글라이콜,1,50,0.02
수분·수부지·아쿠아,가시대나무수액,1,50,0.02
수분·수부지·아쿠아,개똥쑥추출물,1,50,0.02
수분·수부지·아쿠아,님잎추출물,1,50,0.02
수분·수부지·아쿠아,수크로오스트라이스테아레이트,1,50,0.02
수분·수부지·아쿠아,전호추출물,1,50,0.02
수분·수부지·아쿠아,수용성프로테오글리칸,1,50,0.02
수분·수부지·아쿠아,포도덩굴수액,1,50,0.02
수분·수부지·아쿠아,하늘타리뿌리추출물,1,50,0.02
수분·수부지·아쿠아,밤껍질추출물,1,50,0.02
수분·수부지·아쿠아,C12-16알코올,1,50,0.02
수분·수부지·아쿠아,포도추출물,1,50,0.02
수분·수부지·아쿠아,초피나무열매추출물,1,50,0.02
수분·수부지·아쿠아,커피콩추출물,1,50,0.02
수분·수부지·아쿠아,감나무잎추출물,1,50,0.02
수분·수부지·아쿠아,C30-45알킬세테아릴다이메티콘크로스폴리머,1,50,0.02
수분·수부지·아쿠아,카멜그라스오일,1,50,0.02
수분·수부지·아쿠아,레몬머틀잎추출물,1,50,0.02
수분·수부지·아쿠아,에틸헥산다이올,1,50,0.02
수분·수부지·아쿠아,병풀꽃추출물,1,50,0.02
수분·수부지·아쿠아,에톡시다이글라이콜,1,50,0.02
수분·수부지·아쿠아,글리세릴스테아레이트에스이,1,50,0.02
수분·수부지·아쿠아,두충나무껍질추출물,1,50,0.02
수분·수부지·아쿠아,분비나무오일,1,50,0.02
수분·수부지·아쿠아,락토바실러스/병풀추출발효여과물,1,50,0.02
수분·수부지·아쿠아,짚신나물추출물,1,50,0.02
수분·수부지·아쿠아,다이메티콘/페닐비닐다이메티콘크로스폴리머,1,50,0.02
수분·수부지·아쿠아,페퍼민트오일,1,50,0.02
수분·수부지·아쿠아,하이드롤라이즈드병풀단백질,1,50,0.02
수분·수부지·아쿠아,병풀뿌리추출물,1,50,0.02
수분·수부지·아쿠아,타임추출물,1,50,0.02
수분·수부지·아쿠아,당호박추출물,1,50,0.02
수분·수부지·아쿠아,병풀캘러스배양액,1,50,0.02
수분·수부지·아쿠아,세라마이드엔지,1,50,0.02
수분·수부지·아쿠아,소듐구아이아줄렌설포네이트,1,50,0.02
수분·수부지·아쿠아,캐모마일꽃수,1,50,0.02
수분·수부지·아쿠아,식물성스쿠알란,1,50,0.02
수분·수부지·아쿠아,바이오사카라이드검-1,1,50,0.02
수분·수부지·아쿠아,하이드롤라이즈드호호바에스터,1,50,0.02
수분·수부지·아쿠아,하이드로제네이티드올리브오일불검화물,1,50,0.02
수분·수부지·아쿠아,아이소스테아릴알코올,1,50,0.02
수분·수부지·아쿠아,부틸렌글라이콜코코에이트,1,50,0.02
수분·수부지·아쿠아,에틸셀룰로오스,1,50,0.02
수분·수부지·아쿠아,폴리글리세릴-4라우레이트,1,50,0.02
수분·수부지·아쿠아,서양민들레뿌리줄기/뿌리추출물,1,50,0.02
수분·수부지·아쿠아,폴리글리세릴-3스테아레이트,1,50,0.02
수분·수부지·아쿠아,판토테닉애씨드,1,50,0.02
수분·수부지·아쿠아,오리스뿌리추출물,1,50,0.02
수분·수부지·아쿠아,밤부사 불가리스추출물,1,50,0.02
수분·수부지·아쿠아,멜론추출물,1,50,0.02
수분·수부지·아쿠아,서양송악잎/줄기추출물,1,50,0.02
수분·수부지·아쿠아,아미노부티릭애씨드,1,50,0.02
수분·수부지·아쿠아,서양배추출물,1,50,0.02
수분·수부지·아쿠아,흰목이버섯폴리사카라이드,1,50,0.02
수분·수부지·아쿠아,하이드로제네이티드식물성글리세라이즈,1,50,0.02
수분·수부지·아쿠아,향부자추출물,1,50,0.02
수분·수부지·아쿠아,다마스크장미꽃수,1,50,0.02
수분·수부지·아쿠아,소엽잎추출물,1,50,0.02
수분·수부지·아쿠아,마그네슘피씨에이,1,50,0.02
수분·수부지·아쿠아,칼슘피씨에이,1,50,0.02
수분·수부지·아쿠아,합성비즈왁스,1,50,0.02
수분·수부지·아쿠아,하이드롤라이즈드맥아추출물,1,50,0.02
수분·수부지·아쿠아,소듐시트레이트,1,50,0.02
수분·수부지·아쿠아,빙하수,1,50,0.02
수분·수부지·아쿠아,하이드롤라이즈드삼색제비꽃추출물,1,50,0.02
수분·수부지·아쿠아,사카라이드아이소머레이트,1,50,0.02
수분·수부지·아쿠아,아크릴레이트/스테아릴메타크릴레이트코폴리머,1,50,0.02
수분·수부지·아쿠아,라이신,1,50,0.02
수분·수부지·아쿠아,소듐포스페이트,1,50,0.02
수분·수부지·아쿠아,아스코빌테트라이소팔미테이트,1,50,0.02
수분·수부지·아쿠아,푸코오스,1,50,0.02
수분·수부지·아쿠아,포타슘클로라이드,1,50,0.02
수분·수부지·아쿠아,하이드롤라이즈드기장,1,50,0.02
수분·수부지·아쿠아,마그네슘클로라이드,1,50,0.02
수분·수부지·아쿠아,자일로오스,1,50,0.02
수분·수부지·아쿠아,모란추출물,1,50,0.02
수분·수부지·아쿠아,포타슘포스페이트,1,50,0.02
수분·수부지·아쿠아,흰목이버섯포자낭과추출물,1,50,0.02
수분·수부지·아쿠아,복사나무잎추출물,1,50,0.02
수분·수부지·아쿠아,만노오스,1,50,0.02
수분·수부지·아쿠아,소듐클로라이드,1,50,0.02
수분·수부지·아쿠아,칸데릴라왁스,1,50,0.02
수분·수부지·아쿠아,동백나무잎추출물,1,50,0.02
수분·수부지·아쿠아,백미꽃추출물,1,50,0.02
수분·수부지·아쿠아,보스웰리아수지추출물,1,50,0.02
수분·수부지·아쿠아,호호바씨오일,1,50,0.02
수분·수부지·아쿠아,망고씨버터,1,50,0.02
수분·수부지·아쿠아,아세틸테트라펩타이드-11,1,50,0.02
수분·수부지·아쿠아,미역추출물,1,50,0.02
수분·수부지·아쿠아,폴리솔베이트20,1,50,0.02
수분·수부지·아쿠아,폴리아이소부텐,1,50,0.02
수분·수부지·아쿠아,아이소세틸스테아로일스테아레이트,1,50,0.02
수분·수부지·아쿠아,벤조익애씨드,1,50,0.02
수분·수부지·아쿠아,미네랄오일,1,50,0.02
진정·시카·민감,정제수,81,81,1.0
진정·시카·민감,글리세린,78,81,0.963
진정·시카·민감,"1,2-헥산다이올",69,81,0.852
진정·시카·민감,부틸렌글라이콜,67,81,0.827
진정·시카·민감,에틸헥실글리세린,59,81,0.728
진정·시카·민감,소듐하이알루로네이트,55,81,0.679
진정·시카·민감,판테놀,52,81,0.642
진정·시카·민감,토코페롤,48,81,0.593
진정·시카·민감,카프릴릭/카프릭트라이글리세라이드,47,81,0.58
진정·시카·민감,나이아신아마이드,46,81,0.568
진정·시카·민감,잔탄검,44,81,0.543
진정·시카·민감,하이드로제네이티드레시틴,43,81,0.531
진정·시카·민감,프로판다이올,42,81,0.519
진정·시카·민감,세테아릴알코올,39,81,0.481
진정·시카·민감,아시아티코사이드,37,81,0.457
진정·시카·민감,펜틸렌글라이콜,35,81,0.432
진정·시카·민감,하이드록시에틸아크릴레이트/소듐아크릴로일다이메틸타우레이트코폴리머,35,81,0.432
진정·시카·민감,알란토인,35,81,0.432
진정·시카·민감,아시아틱애씨드,35,81,0.432
진정·시카·민감,마데카식애씨드,35,81,0.432
진정·시카·민감,아데노신,34,81,0.42
진정·시카·민감,다이소듐이디티에이,34,81,0.42
진정·시카·민감,마데카소사이드,33,81,0.407
진정·시카·민감,아크릴레이트/C10-30알킬아크릴레이트크로스폴리머,32,81,0.395
진정·시카·민감,세라마이드엔피,32,81,0.395
진정·시카·민감,솔비탄아이소스테아레이트,30,81,0.37
진정·시카·민감,카보머,29,81,0.358
진정·시카·민감,글리세릴스테아레이트,29,81,0.358
진정·시카·민감,병풀추출물,29,81,0.358
진정·시카·민감,트로메타민,27,81,0.333
진정·시카·민감,다이프로필렌글라이콜,27,81,0.333
진정·시카·민감,하이드롤라이즈드하이알루로닉애씨드,27,81,0.333
진정·시카·민감,병풀잎추출물,25,81,0.309
진정·시카·민감,솔비탄올리베이트,25,81,0.309
진정·시카·민감,스쿠알란,24,81,0.296
진정·시카·민감,비닐다이메티콘,24,81,0.296
진정·시카·민감,암모늄아크릴로일다이메틸타우레이트/브이피코폴리머,24,81,0.296
진정·시카·민감,스테아릭애씨드,23,81,0.284
진정·시카·민감,알지닌,23,81,0.284
진정·시카·민감,세테아릴올리베이트,22,81,0.272
진정·시카·민감,카프릴릴글라이콜,20,81,0.247
진정·시카·민감,하이드로제네이티드폴리데센,20,81,0.247
진정·시카·민감,시트릭애씨드,20,81,0.247
진정·시카·민감,해바라기씨오일,20,81,0.247
진정·시카·민감,글리세릴아크릴레이트/아크릴릭애씨드코폴리머,19,81,0.235
진정·시카·민감,하이알루로닉애씨드,19,81,0.235
진정·시카·민감,다이메티콘,18,81,0.222
진정·시카·민감,하이드록시아세토페논,17,81,0.21
진정·시카·민감,소듐아세틸레이티드하이알루로네이트,16,81,0.198
진정·시카·민감,팔미틱애씨드,15,81,0.185
진정·시카·민감,베타인,15,81,0.185
진정·시카·민감,폴리글리세릴-10라우레이트,15,81,0.185
진정·시카·민감,소듐하이알루로네이트크로스폴리머,15,81,0.185
진정·시카·민감,소듐스테아로일글루타메이트,14,81,0.173
진정·시카·민감,실리카,14,81,0.173
진정·시카·민감,다이카프릴릴에터,14,81,0.173
진정·시카·민감,시어버터,14,81,0.173
진정·시카·민감,폴리글리세릴-3메틸글루코오스다이스테아레이트,13,81,0.16
진정·시카·민감,다이카프릴릴카보네이트,13,81,0.16
진정·시카·민감,베타-글루칸,12,81,0.148
진정·시카·민감,트라이소듐에틸렌다이아민다이석시네이트,12,81,0.148
진정·시카·민감,베헤닐알코올,12,81,0.148
진정·시카·민감,트레할로오스,12,81,0.148
진정·시카·민감,칸디다 봄비콜라/글루코오스/메틸레이프씨데이트발효물,12,81,0.148
진정·시카·민감,글루코오스,12,81,0.148
진정·시카·민감,다이포타슘글리시리제이트,12,81,0.148
진정·시카·민감,하이드로제네이티드폴리(C6-14올레핀),11,81,0.136
진정·시카·민감,콜레스테롤,11,81,0.136
진정·시카·민감,하이드롤라이즈드소듐하이알루로네이트,11,81,0.136
진정·시카·민감,하이드록시프로필트라이모늄하이알루로네이트,11,81,0.136
진정·시카·민감,세틸알코올,11,81,0.136
진정·시카·민감,세틸에틸헥사노에이트,11,81,0.136
진정·시카·민감,인도멀구슬나무잎추출물,11,81,0.136
진정·시카·민감,인도멀구슬나무꽃추출물,11,81,0.136
진정·시카·민감,소듐파이테이트,11,81,0.136
진정·시카·민감,피토스테롤,10,81,0.123
진정·시카·민감,덱스트린,10,81,0.123
진정·시카·민감,글리세릴카프릴레이트,10,81,0.123
진정·시카·민감,하이드로제네이티드폴리아이소부텐,10,81,0.123
진정·시카·민감,메틸트라이메티콘,10,81,0.123
진정·시카·민감,베타-시토스테롤,10,81,0.123
진정·시카·민감,피토스핑고신,10,81,0.123
진정·시카·민감,소듐폴리아크릴레이트,10,81,0.123
진정·시카·민감,토코페릴아세테이트,9,81,0.111
진정·시카·민감,폴리메틸실세스퀴옥세인,9,81,0.111
진정·시카·민감,말토덱스트린,9,81,0.111
진정·시카·민감,솔비톨,9,81,0.111
진정·시카·민감,C14-22알코올,9,81,0.111
진정·시카·민감,카프릴릴메티콘,9,81,0.111
진정·시카·민감,C12-20알킬글루코사이드,9,81,0.111
진정·시카·민감,울금뿌리추출물,9,81,0.111
진정·시카·민감,호호바씨오일,9,81,0.111
진정·시카·민감,락토바실러스발효물,8,81,0.099
진정·시카·민감,포타슘하이알루로네이트,8,81,0.099
진정·시카·민감,호호바에스터,8,81,0.099
진정·시카·민감,"2,3-부탄다이올",8,81,0.099
진정·시카·민감,엑토인,8,81,0.099
진정·시카·민감,글루타티온,8,81,0.099
진정·시카·민감,에톡시다이글라이콜,8,81,0.099
진정·시카·민감,소듐시트레이트,8,81,0.099
진정·시카·민감,소듐폴리아크릴로일다이메틸타우레이트,8,81,0.099
진정·시카·민감,참산호말추출물,8,81,0.099
진정·시카·민감,홀리바질잎추출물,8,81,0.099
진정·시카·민감,마카다미아씨오일,8,81,0.099
진정·시카·민감,올리브오일,8,81,0.099
진정·시카·민감,리모넨,8,81,0.099
진정·시카·민감,만니톨,7,81,0.086
진정·시카·민감,에리스리톨,7,81,0.086
진정·시카·민감,카프릴로일살리실릭애씨드,7,81,0.086
진정·시카·민감,피브이엠/엠에이코폴리머,7,81,0.086
진정·시카·민감,자일리톨,7,81,0.086
진정·시카·민감,프룩토올리고사카라이드,7,81,0.086
진정·시카·민감,레시틴,7,81,0.086
진정·시카·민감,글리세릴스테아레이트시트레이트,7,81,0.086
진정·시카·민감,글라이신,7,81,0.086
진정·시카·민감,로즈마리잎오일,7,81,0.086
진정·시카·민감,소듐디엔에이,7,81,0.086
진정·시카·민감,스테아릴알코올,7,81,0.086
진정·시카·민감,카페인,7,81,0.086
진정·시카·민감,마그네슘설페이트,6,81,0.074
진정·시카·민감,사이클로헥사실록세인,6,81,0.074
진정·시카·민감,병풀꽃/잎/줄기추출물,6,81,0.074
진정·시카·민감,에틸헥실팔미테이트,6,81,0.074
진정·시카·민감,병풀뿌리추출물,6,81,0.074
진정·시카·민감,폴리글리세린-3,6,81,0.074
진정·시카·민감,글리세릴스테아레이트에스이,6,81,0.074
진정·시카·민감,소듐하이드록사이드,6,81,0.074
진정·시카·민감,징크피씨에이,6,81,0.074
진정·시카·민감,다이메티콘올,6,81,0.074
진정·시카·민감,글라이코리피드,6,81,0.074
진정·시카·민감,리날룰,6,81,0.074
진정·시카·민감,펜타에리스리틸테트라에틸헥사노에이트,6,81,0.074
진정·시카·민감,다이글리세린,5,81,0.062
진정·시카·민감,티트리잎추출물,5,81,0.062
진정·시카·민감,메틸프로판다이올,5,81,0.062
진정·시카·민감,당느릅나무뿌리추출물,5,81,0.062
진정·시카·민감,치자추출물,5,81,0.062
진정·시카·민감,라우릭애씨드,5,81,0.062
진정·시카·민감,미리스틱애씨드,5,81,0.062
진정·시카·민감,효모발효여과물,5,81,0.062
진정·시카·민감,다발방패버섯추출물,5,81,0.062
진정·시카·민감,트라이하이드록시스테아린,5,81,0.062
진정·시카·민감,징크글루코네이트,5,81,0.062
진정·시카·민감,메틸다이아이소프로필프로피온아마이드,5,81,0.062
진정·시카·민감,솔비탄올리에이트,5,81,0.062
진정·시카·민감,해바라기씨왁스,5,81,0.062
진정·시카·민감,폴리글리세릴-6다이스테아레이트,5,81,0.062
진정·시카·민감,폴리글리세릴-3비즈왁스,5,81,0.062
진정·시카·민감,글리세릴글루코사이드,5,81,0.062
진정·시카·민감,아라키딜알코올,5,81,0.062
진정·시카·민감,폴리글리세릴-6카프릴레이트,5,81,0.062
진정·시카·민감,아이비고드열매추출물,5,81,0.062
진정·시카·민감,녹차추출물,5,81,0.062
진정·시카·민감,가지열매추출물,5,81,0.062
진정·시카·민감,약모밀추출물,5,81,0.062
진정·시카·민감,오렌지껍질오일,5,81,0.062
진정·시카·민감,베르가모트오일,5,81,0.062
진정·시카·민감,글루타믹애씨드,5,81,0.062
진정·시카·민감,라벤더오일,5,81,0.062
진정·시카·민감,글라이코프로테인,5,81,0.062
진정·시카·민감,백미꽃추출물,5,81,0.062
진정·시카·민감,비사보롤,4,81,0.049
진정·시카·민감,미리스토일/팔미토일옥소스테아라마이드/아라카마이드엠이에이,4,81,0.049
진정·시카·민감,솔비탄스테아레이트,4,81,0.049
진정·시카·민감,잇꽃씨오일,4,81,0.049
진정·시카·민감,옥수수전분,4,81,0.049
진정·시카·민감,잇꽃꽃추출물,4,81,0.049
진정·시카·민감,징크클로라이드,4,81,0.049
진정·시카·민감,소듐메타포스페이트,4,81,0.049
진정·시카·민감,폴리아크릴레이트크로스폴리머-6,4,81,0.049
진정·시카·민감,프로필렌글라이콜,4,81,0.049
진정·시카·민감,포스파티딜콜린,4,81,0.049
진정·시카·민감,알파-글루칸올리고사카라이드,4,81,0.049
진정·시카·민감,펜타에리스리틸테트라-다이-t-부틸하이드록시하이드로신나메이트,4,81,0.049
진정·시카·민감,다이메티콘/비닐다이메티콘크로스폴리머,4,81,0.049
진정·시카·민감,말라카이트추출물,4,81,0.049
진정·시카·민감,람노오스,4,81,0.049
진정·시카·민감,글루코노락톤,4,81,0.049
진정·시카·민감,아라키딜글루코사이드,4,81,0.049
진정·시카·민감,병풀잎수,4,81,0.049
진정·시카·민감,세라마이드엔에스,4,81,0.049
진정·시카·민감,폴리글리세릴-4카프레이트,4,81,0.049
진정·시카·민감,폴리글리세릴-3다이스테아레이트,4,81,0.049
진정·시카·민감,세라마이드이오피,4,81,0.049
진정·시카·민감,소듐아크릴레이트/소듐아크릴로일다이메틸타우레이트코폴리머,4,81,0.049
진정·시카·민감,세라마이드에이피,4,81,0.049
진정·시카·민감,세라마이드에이에스,4,81,0.049
진정·시카·민감,셀룰로오스,4,81,0.049
진정·시카·민감,약모밀꽃/잎/줄기수,4,81,0.049
진정·시카·민감,카프릴릴/카프릴글루코사이드,4,81,0.049
진정·시카·민감,다마스크장미꽃수,4,81,0.049
진정·시카·민감,데실글루코사이드,4,81,0.049
진정·시카·민감,커피콩추출물,4,81,0.049
진정·시카·민감,프룩토오스,4,81,0.049
진정·시카·민감,소나무잎추출물,4,81,0.049
진정·시카·민감,베르가모트잎추출물,4,81,0.049
진정·시카·민감,클로렐라 불가리스추출물,4,81,0.049
진정·시카·민감,오카무라큰실말추출물,4,81,0.049
진정·시카·민감,흰버드나무껍질추출물,4,81,0.049
진정·시카·민감,돌콩오일,4,81,0.049
진정·시카·민감,옥틸도데칸올,4,81,0.049
진정·시카·민감,사이아노코발아민,4,81,0.049
진정·시카·민감,시트랄,4,81,0.049
진정·시카·민감,콜라겐아미노산,4,81,0.049
진정·시카·민감,하이드롤라이즈드엘라스틴,4,81,0.049
진정·시카·민감,아세틸헥사펩타이드-8,4,81,0.049
진정·시카·민감,카카오추출물,4,81,0.049
진정·시카·민감,아이소펜틸다이올,4,81,0.049
진정·시카·민감,폴리글리세릴-3폴리리시놀리에이트,4,81,0.049
진정·시카·민감,다이메틸실란올하이알루로네이트,4,81,0.049
진정·시카·민감,소듐하이알루로네이트다이메틸실란올,4,81,0.049
진정·시카·민감,다시마추출물,4,81,0.049
진정·시카·민감,카카오씨추출물,4,81,0.049
진정·시카·민감,참마뿌리추출물,4,81,0.049
진정·시카·민감,아스코빅애씨드,4,81,0.049
진정·시카·민감,황련뿌리추출물,4,81,0.049
진정·시카·민감,티트리추출물,3,81,0.037
진정·시카·민감,폴리글리세릴-10스테아레이트,3,81,0.037
진정·시카·민감,하이드록시프로필메틸셀룰로오스,3,81,0.037
진정·시카·민감,세틸-피지하이드록시에틸팔미타마이드,3,81,0.037
진정·시카·민감,스핑고리피드,3,81,0.037
진정·시카·민감,하이드로제네이티드쌀겨오일,3,81,0.037
진정·시카·민감,칼슘판토테네이트,3,81,0.037
진정·시카·민감,비피다발효여과물,3,81,0.037
진정·시카·민감,망가니즈글루코네이트,3,81,0.037
진정·시카·민감,락토바실러스,3,81,0.037
진정·시카·민감,티타늄디옥사이드,3,81,0.037
진정·시카·민감,야콘뿌리즙,3,81,0.037
진정·시카·민감,비트레오스실라발효물,3,81,0.037
진정·시카·민감,만노오스,3,81,0.037
진정·시카·민감,카프릴로일글라이신,3,81,0.037
진정·시카·민감,하이드로제네이티드다이데센,3,81,0.037
진정·시카·민감,수레국화꽃추출물,3,81,0.037
진정·시카·민감,클레리추출물,3,81,0.037
진정·시카·민감,히아신스전초추출물,3,81,0.037
진정·시카·민감,보리지추출물,3,81,0.037
진정·시카·민감,아세틸다이펩타이드-1세틸에스터,3,81,0.037
진정·시카·민감,하이드록시에틸셀룰로오스,3,81,0.037
진정·시카·민감,에틸헥실스테아레이트,3,81,0.037
진정·시카·민감,세테아릴글루코사이드,3,81,0.037
진정·시카·민감,3-O-에틸아스코빅애씨드,3,81,0.037
진정·시카·민감,향료,3,81,0.037
진정·시카·민감,수크로오스스테아레이트,3,81,0.037
진정·시카·민감,카퍼트라이펩타이드-1,3,81,0.037
진정·시카·민감,폴리솔베이트60,3,81,0.037
진정·시카·민감,세라마이드엔지,3,81,0.037
진정·시카·민감,폴리아이소부텐,3,81,0.037
진정·시카·민감,아미노메틸프로판다이올,3,81,0.037
진정·시카·민감,다이페닐실록시페닐트라이메티콘,3,81,0.037
진정·시카·민감,세틸팔미테이트,3,81,0.037
진정·시카·민감,솔비탄팔미테이트,3,81,0.037
진정·시카·민감,불가리스쑥오일,3,81,0.037
진정·시카·민감,연필향나무목부오일,3,81,0.037
진정·시카·민감,사발팜열매추출물,3,81,0.037
진정·시카·민감,참깨오일,3,81,0.037
진정·시카·민감,아르간커넬오일,3,81,0.037
진정·시카·민감,판토테닉애씨드,3,81,0.037
진정·시카·민감,알로에베라꽃추출물,3,81,0.037
진정·시카·민감,레티놀,3,81,0.037
진정·시카·민감,안하이드로자일리톨,3,81,0.037
진정·시카·민감,자일리틸글루코사이드,3,81,0.037
진정·시카·민감,수크로오스다이스테아레이트,3,81,0.037
진정·시카·민감,하이드롤라이즈드글라이코사미노글리칸,3,81,0.037
진정·시카·민감,벤질글라이콜,3,81,0.037
진정·시카·민감,페녹시에탄올,3,81,0.037
진정·시카·민감,소듐서팩틴,3,81,0.037
진정·시카·민감,폴리글리세릴-4올리에이트,3,81,0.037
진정·시카·민감,C12-16알코올,3,81,0.037
진정·시카·민감,트라이에틸헥사노인,3,81,0.037
진정·시카·민감,폴리글루타믹애씨드,3,81,0.037
진정·시카·민감,판토락톤,3,81,0.037
진정·시카·민감,접시꽃추출물,3,81,0.037
진정·시카·민감,스핑고모나스발효추출물,3,81,0.037
진정·시카·민감,제비꽃꽃추출물,3,81,0.037
진정·시카·민감,알로에베라잎추출물,3,81,0.037
진정·시카·민감,세린,3,81,0.037
진정·시카·민감,소듐스테아로일락틸레이트,3,81,0.037
진정·시카·민감,트라이데세스-10,3,81,0.037
진정·시카·민감,트로폴론,2,81,0.025
진정·시카·민감,메틸카프로오일타이로지네이트,2,81,0.025
진정·시카·민감,티트리꽃/잎/줄기추출물,2,81,0.025
진정·시카·민감,티트리잎오일,2,81,0.025
진정·시카·민감,티트리잎수,2,81,0.025
진정·시카·민감,무화과추출물,2,81,0.025
진정·시카·민감,대왕소나무잎추출물,2,81,0.025
진정·시카·민감,폴리쿼터늄-51,2,81,0.025
진정·시카·민감,아이소노닐아이소노나노에이트,2,81,0.025
진정·시카·민감,칡뿌리추출물,2,81,0.025
진정·시카·민감,하이드록시프로필스타치포스페이트,2,81,0.025
진정·시카·민감,달맞이꽃꽃추출물,2,81,0.025
진정·시카·민감,하이드롤라이즈드식물성단백질,2,81,0.025
진정·시카·민감,세틸피이지/피피지-10/1다이메티콘,2,81,0.025
진정·시카·민감,폴리글리세릴-4아이소스테아레이트,2,81,0.025
진정·시카·민감,아세틸레이티드글라이콜스테아레이트,2,81,0.025
진정·시카·민감,알루미늄하이드록사이드,2,81,0.025
진정·시카·민감,아이소헥사데칸,2,81,0.025
진정·시카·민감,폴리솔베이트80,2,81,0.025
진정·시카·민감,카퍼글루코네이트,2,81,0.025
진정·시카·민감,글루코닉애씨드,2,81,0.025
진정·시카·민감,마트리카리아꽃추출물,2,81,0.025
진정·시카·민감,라벤더꽃추출물,2,81,0.025
진정·시카·민감,버지니아풍년화추출물,2,81,0.025
진정·시카·민감,감초추출물,2,81,0.025
진정·시카·민감,포타슘솔베이트,2,81,0.025
진정·시카·민감,다이에톡시에틸석시네이트,2,81,0.025
진정·시카·민감,소듐글루코네이트,2,81,0.025
진정·시카·민감,소듐트라이메타포스페이트,2,81,0.025
진정·시카·민감,폴리글리세릴-10베헤네이트/에이코사디오에이트,2,81,0.025
진정·시카·민감,글리세릴폴리메타크릴레이트,2,81,0.025
진정·시카·민감,스테아릴다이메티콘,2,81,0.025
진정·시카·민감,수크로오스폴리스테아레이트,2,81,0.025
진정·시카·민감,올리브오일불검화물,2,81,0.025
진정·시카·민감,하이드로제네이티드올리브오일데실에스터,2,81,0.025
진정·시카·민감,폴리C10-30알킬아크릴레이트,2,81,0.025
진정·시카·민감,광곽향오일,2,81,0.025
진정·시카·민감,포타슘세틸포스페이트,2,81,0.025
진정·시카·민감,돌콩추출물,2,81,0.025
진정·시카·민감,오리스뿌리추출물,2,81,0.025
진정·시카·민감,서양송악잎/줄기추출물,2,81,0.025
진정·시카·민감,멜론추출물,2,81,0.025
진정·시카·민감,서양배추출물,2,81,0.025
진정·시카·민감,소듐카보머,2,81,0.025
진정·시카·민감,팔미타마이드엠이에이,2,81,0.025
진정·시카·민감,소듐포스페이트,2,81,0.025
진정·시카·민감,사코신,2,81,0.025
진정·시카·민감,아세타마이드엠이에이,2,81,0.025
진정·시카·민감,스페인감초뿌리추출물,2,81,0.025
진정·시카·민감,알파-알부틴,2,81,0.025
진정·시카·민감,도둑놈의지팡이뿌리추출물,2,81,0.025
진정·시카·민감,장미꽃오일,2,81,0.025
진정·시카·민감,커먼자스민오일,2,81,0.025
진정·시카·민감,쓴쑥추출물,2,81,0.025
진정·시카·민감,글라이코젠,2,81,0.025
진정·시카·민감,필리핀오렌지껍질오일,2,81,0.025
진정·시카·민감,아스코빌아시아테이트,2,81,0.025
진정·시카·민감,발삼코파이바수지,2,81,0.025
진정·시카·민감,갈바눔수지오일,2,81,0.025
진정·시카·민감,C12-13파레스-9,2,81,0.025
진정·시카·민감,사이클로덱스트린,2,81,0.025
진정·시카·민감,마카뿌리추출물,2,81,0.025
진정·시카·민감,바닐라열매추출물,2,81,0.025
진정·시카·민감,아틀라스시다나무껍질오일,2,81,0.025
진정·시카·민감,왕귤껍질오일,2,81,0.025
진정·시카·민감,오렌지오일,2,81,0.025
진정·시카·민감,센티드제라늄꽃오일,2,81,0.025
진정·시카·민감,비즈왁스,2,81,0.025
진정·시카·민감,레스베라트롤,2,81,0.025
진정·시카·민감,라케모사승마뿌리추출물,2,81,0.025
진정·시카·민감,소듐라우레이트,2,81,0.025
진정·시카·민감,타우린,2,81,0.025
진정·시카·민감,리씨열매오일,2,81,0.025
진정·시카·민감,병풀오일,2,81,0.025
진정·시카·민감,병풀폴리펩타이드,2,81,0.025
진정·시카·민감,병풀아미노산,2,81,0.025
진정·시카·민감,흰무늬엉겅퀴추출물,2,81,0.025
진정·시카·민감,마텔오일,2,81,0.025
진정·시카·민감,하이드롤라이즈드병풀추출물,2,81,0.025
진정·시카·민감,병풀단백질추출물,2,81,0.025
진정·시카·민감,팔미토일펜타펩타이드-4,2,81,0.025
진정·시카·민감,카르노신,2,81,0.025
진정·시카·민감,아세틸테트라펩타이드-5,2,81,0.025
진정·시카·민감,아세틸테트라펩타이드-3,2,81,0.025
진정·시카·민감,팔미토일트라이펩타이드-5,2,81,0.025
진정·시카·민감,팔미토일트라이펩타이드-1,2,81,0.025
진정·시카·민감,황금추출물,2,81,0.025
진정·시카·민감,올레아마이드엠이에이,2,81,0.025
진정·시카·민감,타피오카전분,2,81,0.025
진정·시카·민감,폴리글리세릴-3다이아이소스테아레이트,2,81,0.025
진정·시카·민감,소듐폴리글루타메이트,2,81,0.025
진정·시카·민감,유채씨오일,2,81,0.025
진정·시카·민감,자일로오스,2,81,0.025
진정·시카·민감,하이드로제네이티드유채씨오일,2,81,0.025
진정·시카·민감,유칼립투스잎오일,2,81,0.025
진정·시카·민감,하이알루로닉애씨드/폴리아이소프로필아크릴아마이드코폴리머,2,81,0.025
진정·시카·민감,폴리글리세릴-10올리에이트,2,81,0.025
진정·시카·민감,쇠비름추출물,2,81,0.025
진정·시카·민감,드럼스틱씨오일,2,81,0.025
진정·시카·민감,수용성콜라겐,2,81,0.025
진정·시카·민감,호박가루,2,81,0.025
진정·시카·민감,라우릴글루코사이드,2,81,0.025
진정·시카·민감,폴리아크릴레이트-13,2,81,0.025
진정·시카·민감,다이메틸아이소소바이드,2,81,0.025
진정·시카·민감,레틴알,2,81,0.025
진정·시카·민감,세테아레스-20,2,81,0.025
진정·시카·민감,다이소듐에틸렌다이코카마이드피이지-15다이설페이트,2,81,0.025
진정·시카·민감,클로페네신,2,81,0.025
진정·시카·민감,올레익애씨드,2,81,0.025
진정·시카·민감,유채스테롤,2,81,0.025
진정·시카·민감,아보카도오일,2,81,0.025
진정·시카·민감,도코사헥사에노익애씨드,2,81,0.025
진정·시카·민감,쿼세틴,2,81,0.025
진정·시카·민감,약모밀소포,2,81,0.025
진정·시카·민감,하이드록시프로필사이클로덱스트린,2,81,0.025
진정·시카·민감,아이소쿼시트린,2,81,0.025
진정·시카·민감,피리독신에이치씨엘,2,81,0.025
진정·시카·민감,살리실릭애씨드,2,81,0.025
진정·시카·민감,혼합글리세릴스테아레이트,2,81,0.025
진정·시카·민감,아스파틱애씨드,2,81,0.025
진정·시카·민감,C10-18트라이글리세라이즈,2,81,0.025
진정·시카·민감,캐모마일꽃오일,2,81,0.025
진정·시카·민감,페퍼민트오일,2,81,0.025
진정·시카·민감,다이아이소스테아릴말레이트,2,81,0.025
진정·시카·민감,카프로익애씨드,2,81,0.025
진정·시카·민감,다이펩타이드-2,2,81,0.025
진정·시카·민감,쓴풀추출물,2,81,0.025
진정·시카·민감,푸른연꽃추출물,2,81,0.025
진정·시카·민감,소듐아세테이트,2,81,0.025
진정·시카·민감,헵틸운데실레네이트,2,81,0.025
진정·시카·민감,아이소도데케인,2,81,0.025
진정·시카·민감,살비아오일,2,81,0.025
진정·시카·민감,알로에베라잎즙가루,2,81,0.025
진정·시카·민감,에스에이치-올리고펩타이드-1,2,81,0.025
진정·시카·민감,에스에이치-폴리펩타이드-11,2,81,0.025
진정·시카·민감,에스에이치-폴리펩타이드-3,2,81,0.025
진정·시카·민감,에스에이치-폴리펩타이드-9,2,81,0.025
진정·시카·민감,에스에이치-폴리펩타이드-1,2,81,0.025
진정·시카·민감,에스에이치-올리고펩타이드-2,2,81,0.025
진정·시카·민감,메도우폼씨오일,2,81,0.025
진정·시카·민감,호스테일켈프추출물,1,81,0.012
진정·시카·민감,자이언트켈프추출물,1,81,0.012
진정·시카·민감,감태추출물,1,81,0.012
진정·시카·민감,참미역추출물,1,81,0.012
진정·시카·민감,달맞이꽃오일,1,81,0.012
진정·시카·민감,하이드로제네이티드포스파티딜콜린,1,81,0.012
진정·시카·민감,다시마즙,1,81,0.012
진정·시카·민감,라우릴폴리글리세릴-3폴리다이메틸실록시에틸다이메티콘,1,81,0.012
진정·시카·민감,크로뮴옥사이드그린,1,81,0.012
진정·시카·민감,마이크로크리스탈린셀룰로오스,1,81,0.012
진정·시카·민감,블루아가베잎추출물,1,81,0.012
진정·시카·민감,세테아릴아이소노나노에이트,1,81,0.012
진정·시카·민감,그린와틀꽃왁스,1,81,0.012
진정·시카·민감,아크릴아마이드/소듐아크릴로일다이메틸타우레이트코폴리머,1,81,0.012
진정·시카·민감,세틸에스터,1,81,0.012
진정·시카·민감,카퍼설페이트,1,81,0.012
진정·시카·민감,폴리글리세릴-4다이아이소스테아레이트/폴리하이드록시스테아레이트/세바케이트,1,81,0.012
진정·시카·민감,포도덩굴추출물,1,81,0.012
진정·시카·민감,징크설페이트,1,81,0.012
진정·시카·민감,징크스테아레이트,1,81,0.012
진정·시카·민감,라미나리아 오크롤레우카추출물,1,81,0.012
진정·시카·민감,라우레스-3,1,81,0.012
진정·시카·민감,미네랄오일,1,81,0.012
진정·시카·민감,헥사펩타이드-9,1,81,0.012
진정·시카·민감,황해쑥잎추출물,1,81,0.012
진정·시카·민감,비스-하이드록시에톡시프로필다이메티콘,1,81,0.012
진정·시카·민감,황해쑥잎수,1,81,0.012
진정·시카·민감,이눌린라우릴카바메이트,1,81,0.012
진정·시카·민감,"1,3-부틸렌글라이콜",1,81,0.012
진정·시카·민감,글리세롤모노스테아레이트,1,81,0.012
진정·시카·민감,카프릴릭,1,81,0.012
진정·시카·민감,D-판테놀,1,81,0.012
진정·시카·민감,하이드록시에틸아크릴레이트/소듐아크릴로일다이메틸타우레이트코플리머,1,81,0.012
진정·시카·민감,망가니즈설페이트,1,81,0.012
진정·시카·민감,칼슘글루코네이트,1,81,0.012
진정·시카·민감,글리세릴리놀리에이트,1,81,0.012
진정·시카·민감,나일론-12,1,81,0.012
진정·시카·민감,하이드로제네이티드포스파티딜클린,1,81,0.012
진정·시카·민감,하이드로제네이티드에틸헥실올리베이트,1,81,0.012
진정·시카·민감,하이드로제네이티드올리브오일검화물,1,81,0.012
진정·시카·민감,수크로오스팔미테이트,1,81,0.012
진정·시카·민감,페러스설페이트,1,81,0.012
진정·시카·민감,트라이소듐이디티에이,1,81,0.012
진정·시카·민감,식물성오일,1,81,0.012
진정·시카·민감,오일팜오일,1,81,0.012
진정·시카·민감,다이소듐포스페이트,1,81,0.012
진정·시카·민감,아디픽애씨드,1,81,0.012
진정·시카·민감,팔미토일테트라펩타이드-7,1,81,0.012
진정·시카·민감,사이클로펜타실록세인,1,81,0.012
진정·시카·민감,인동덩굴꽃추출물,1,81,0.012
진정·시카·민감,매실추출물,1,81,0.012
진정·시카·민감,라즈베리케톤,1,81,0.012
진정·시카·민감,합성비즈왁스,1,81,0.012
진정·시카·민감,청색1호,1,81,0.012
진정·시카·민감,황색4호,1,81,0.012
진정·시카·민감,덱스트란,1,81,0.012
진정·시카·민감,피토스테릴이소스테아릴다이머디리놀리에이트,1,81,0.012
진정·시카·민감,퀸즈랜드넛오일,1,81,0.012
진정·시카·민감,팔미토일트라이펩타이드-8,1,81,0.012
진정·시카·민감,아세틸테트라펩타이드-2,1,81,0.012
진정·시카·민감,노나펩타이드-1,1,81,0.012
진정·시카·민감,아세틸옥타펩타이드-3,1,81,0.012
진정·시카·민감,아세틸테트라펩타이드-9,1,81,0.012
진정·시카·민감,메틸메타크릴레이트크로스폴리머,1,81,0.012
진정·시카·민감,에스신,1,81,0.012
진정·시카·민감,아스코빅애씨드폴리펩타이드,1,81,0.012
진정·시카·민감,산구절초추출물,1,81,0.012
진정·시카·민감,편백오일,1,81,0.012
진정·시카·민감,포도씨오일,1,81,0.012
진정·시카·민감,폴리글리세릴-10아이소스테아레이트,1,81,0.012
진정·시카·민감,구아검,1,81,0.012
진정·시카·민감,소듐아크릴레이트코폴리머,1,81,0.012
진정·시카·민감,밤부사 불가리스수,1,81,0.012
진정·시카·민감,밤부사 불가리스싹추출물,1,81,0.012
진정·시카·민감,밤부사 불가리스잎/줄기추출물,1,81,0.012
진정·시카·민감,아가,1,81,0.012
진정·시카·민감,C13-15알케인,1,81,0.012
진정·시카·민감,복령균핵추출물,1,81,0.012
진정·시카·민감,폴리글리세릴-2스테아레이트,1,81,0.012
진정·시카·민감,아티초크잎추출물,1,81,0.012
진정·시카·민감,마누카잎추출물,1,81,0.012
진정·시카·민감,멜라토닌,1,81,0.012
진정·시카·민감,꿀추출물,1,81,0.012
진정·시카·민감,셀필룸추출물,1,81,0.012
진정·시카·민감,테아닌,1,81,0.012
진정·시카·민감,부틸렌글라이콜다이카프릴레이트/다이카프레이트,1,81,0.012
진정·시카·민감,폴리글리세릴-6라우레이트,1,81,0.012
진정·시카·민감,제인,1,81,0.012
진정·시카·민감,글리세릴올리에이트,1,81,0.012
진정·시카·민감,베타-카로틴,1,81,0.012
진정·시카·민감,하이드록시피나콜론레티노에이트,1,81,0.012
진정·시카·민감,미리스틸글루코사이드,1,81,0.012
진정·시카·민감,펙틴,1,81,0.012
진정·시카·민감,당근추출물,1,81,0.012
진정·시카·민감,다이페닐다이메티콘,1,81,0.012
진정·시카·민감,풀루란,1,81,0.012
진정·시카·민감,실리카실릴레이트,1,81,0.012
진정·시카·민감,카올린,1,81,0.012
진정·시카·민감,황,1,81,0.012
진정·시카·민감,카르니틴,1,81,0.012
진정·시카·민감,폴리라이신,1,81,0.012
진정·시카·민감,아라비아고무나무검,1,81,0.012
진정·시카·민감,피토스테릴/베헤닐/옥틸도데실라우로일글루타메이트,1,81,0.012
진정·시카·민감,미리스틸미리스테이트,1,81,0.012
진정·시카·민감,로즈마리잎추출물,1,81,0.012
진정·시카·민감,피이지-100스테아레이트,1,81,0.012
진정·시카·민감,C15-19알케인,1,81,0.012
진정·시카·민감,콜로이달오트밀,1,81,0.012
진정·시카·민감,4-터피네올,1,81,0.012
진정·시카·민감,유칼립투스잎추출물,1,81,0.012
진정·시카·민감,포타슘하이드록사이드,1,81,0.012
진정·시카·민감,쿠푸아수씨버터,1,81,0.012
진정·시카·민감,C12-13알케스-0,1,81,0.012
진정·시카·민감,옥틸도데카올,1,81,0.012
진정·시카·민감,코코넛야자씨버터,1,81,0.012
진정·시카·민감,폴리글리세릴-10미리스테이트,1,81,0.012
진정·시카·민감,신선초추출물,1,81,0.012
진정·시카·민감,오크라열매추출물,1,81,0.012
진정·시카·민감,몰로키아잎추출물,1,81,0.012
진정·시카·민감,연꽃뿌리추출물,1,81,0.012
진정·시카·민감,페퍼민트추출물,1,81,0.012
진정·시카·민감,멘틸락테이트,1,81,0.012
진정·시카·민감,에틸멘탄카복사마이드,1,81,0.012
진정·시카·민감,라임추출물,1,81,0.012
진정·시카·민감,자작나무수액,1,81,0.012
진정·시카·민감,올레일알코올,1,81,0.012
진정·시카·민감,플로레틴,1,81,0.012
진정·시카·민감,테트라하이드로피페린,1,81,0.012
진정·시카·민감,올리브오일폴리글리세릴-6에스터,1,81,0.012
진정·시카·민감,히스티딘,1,81,0.012
진정·시카·민감,리솔레시틴,1,81,0.012
진정·시카·민감,수크로오스라우레이트,1,81,0.012
진정·시카·민감,일랑일랑꽃오일,1,81,0.012
진정·시카·민감,비터오렌지잎/잔가지오일,1,81,0.012
진정·시카·민감,시트로넬올,1,81,0.012
진정·시카·민감,멕시칸주니퍼오일,1,81,0.012
진정·시카·민감,아이소아밀라우레이트,1,81,0.012
진정·시카·민감,벤질벤조에이트,1,81,0.012
진정·시카·민감,카프릴릭/카프릭트라이글라세라이드,1,81,0.012
진정·시카·민감,센티드제라늄오일,1,81,0.012
진정·시카·민감,비터오렌지꽃오일,1,81,0.012
진정·시카·민감,제라니올,1,81,0.012
진정·시카·민감,로즈우드오일,1,81,0.012
진정·시카·민감,자몽껍질오일,1,81,0.012
진정·시카·민감,녹차수,1,81,0.012
진정·시카·민감,하이드롤라이즈드콜라겐,1,81,0.012
진정·시카·민감,아보카도열매추출물,1,81,0.012
진정·시카·민감,연어알추출물,1,81,0.012
진정·시카·민감,하이드롤라이즈드치자추출물,1,81,0.012
진정·시카·민감,암모늄폴리아크릴로일다이메틸타우레이트,1,81,0.012
진정·시카·민감,하이드롤라이즈드맥아추출물,1,81,0.012
진정·시카·민감,감자꽃추출물,1,81,0.012
진정·시카·민감,하이드롤라이즈드삼색제비꽃추출물,1,81,0.012
진정·시카·민감,트라이데세스-6,1,81,0.012
진정·시카·민감,헥실데칸올,1,81,0.012
진정·시카·민감,하이드로제네이티드채종유,1,81,0.012
진정·시카·민감,헥실데실라우레이트,1,81,0.012
진정·시카·민감,변성옥수수전분,1,81,0.012
진정·시카·민감,하이드롤라이즈드효모추출물,1,81,0.012
진정·시카·민감,옥수수오일,1,81,0.012
진정·시카·민감,바바수씨오일,1,81,0.012
진정·시카·민감,글라이코스핑고리피드,1,81,0.012
진정·시카·민감,글루쿠로닉애씨드,1,81,0.012
진정·시카·민감,라우릴다이메티콘/폴리글리세린-3크로스폴리머,1,81,0.012
진정·시카·민감,소듐폴리아크릴레이트스타치,1,81,0.012
진정·시카·민감,폴리글리세릴-3폴리다이메틸실록시에틸다이메티콘,1,81,0.012
진정·시카·민감,페닐트라이메티콘,1,81,0.012
진정·시카·민감,비닐다이메티콘/메티콘실세스퀴옥세인크로스폴리머,1,81,0.012
진정·시카·민감,소듐클로라이드,1,81,0.012
진정·시카·민감,라벤더꽃수,1,81,0.012
진정·시카·민감,바질오일,1,81,0.012
진정·시카·민감,마트리카리아꽃/잎추출물,1,81,0.012
진정·시카·민감,편백수,1,81,0.012
진정·시카·민감,하이드로클로릭애씨드,1,81,0.012
진정·시카·민감,아이소트라이데실아이소노나노에이트,1,81,0.012
진정·시카·민감,폴리글리세릴-5폴리리시놀리에이트,1,81,0.012
진정·시카·민감,수크로오스,1,81,0.012
진정·시카·민감,하이드롤라이즈드옥수수전분,1,81,0.012
진정·시카·민감,수크로오스트라이스테아레이트,1,81,0.012
진정·시카·민감,피마자씨오일,1,81,0.012
진정·시카·민감,헤마토코쿠스플루비알리스추출물,1,81,0.012
진정·시카·민감,구아바잎추출물,1,81,0.012
진정·시카·민감,운데실레닉글리세라이드,1,81,0.012
진정·시카·민감,하이드로제네이티드폴리소부텐,1,81,0.012
진정·시카·민감,스위트아몬드오일,1,81,0.012
진정·시카·민감,후박추출물,1,81,0.012
진정·시카·민감,세타아릴올리베이트,1,81,0.012
진정·시카·민감,헥실렌글라이콜,1,81,0.012
진정·시카·민감,에스에이치-폴리펩타이드-16,1,81,0.012
진정·시카·민감,에스에이치-폴리펩타이드-62,1,81,0.012
진정·시카·민감,아세틸글루코사민,1,81,0.012
진정·시카·민감,찔레꽃꽃수,1,81,0.012
진정·시카·민감,흰서양송로추출물,1,81,0.012
진정·시카·민감,천궁추출물,1,81,0.012
진정·시카·민감,에스에이치-폴리펩타이드-22,1,81,0.012
진정·시카·민감,스피어민트추출물,1,81,0.012
진정·시카·민감,아스코빌글루코사이드,1,81,0.012
진정·시카·민감,에스에이치-폴리펩타이드-10,1,81,0.012
진정·시카·민감,에스에이치-폴리펩타이드-59,1,81,0.012
진정·시카·민감,알부틴,1,81,0.012
진정·시카·민감,다이라우릴티오다이프로피오네이트,1,81,0.012
진정·시카·민감,시스테인,1,81,0.012
진정·시카·민감,키토산,1,81,0.012
진정·시카·민감,비파나무잎추출물,1,81,0.012
진정·시카·민감,펜타에리스리틸테트라아이소스테아레이트,1,81,0.012
진정·시카·민감,코코-카프릴레이트/카프레이트,1,81,0.012
진정·시카·민감,카멜그라스오일,1,81,0.012
진정·시카·민감,레몬머틀잎추출물,1,81,0.012
진정·시카·민감,에틸헥산다이올,1,81,0.012
진정·시카·민감,병풀꽃추출물,1,81,0.012
진정·시카·민감,레몬껍질오일,1,81,0.012
진정·시카·민감,두충나무껍질추출물,1,81,0.012
진정·시카·민감,분비나무오일,1,81,0.012
진정·시카·민감,락토바실러스/병풀추출발효여과물,1,81,0.012
진정·시카·민감,짚신나물추출물,1,81,0.012
진정·시카·민감,다이메티콘/페닐비닐다이메티콘크로스폴리머,1,81,0.012
진정·시카·민감,하이드롤라이즈드병풀단백질,1,81,0.012
진정·시카·민감,타임추출물,1,81,0.012
진정·시카·민감,당호박추출물,1,81,0.012
진정·시카·민감,병풀캘러스배양액,1,81,0.012
진정·시카·민감,락토바실러스/히비스커스꽃발효여과물,1,81,0.012
진정·시카·민감,마그네슘알루미늄실리케이트,1,81,0.012
진정·시카·민감,파파야열매추출물,1,81,0.012
진정·시카·민감,양파추출물,1,81,0.012
진정·시카·민감,락틱애씨드,1,81,0.012
진정·시카·민감,셀룰로오스검,1,81,0.012
진정·시카·민감,폴리글리세릴-4라우레이트,1,81,0.012
진정·시카·민감,서양민들레뿌리줄기/뿌리추출물,1,81,0.012
진정·시카·민감,소듐피씨에이,1,81,0.012
진정·시카·민감,폴리글리세릴-3스테아레이트,1,81,0.012
진정·시카·민감,밤부사 불가리스추출물,1,81,0.012
진정·시카·민감,아미노부티릭애씨드,1,81,0.012
진정·시카·민감,흰목이버섯폴리사카라이드,1,81,0.012
진정·시카·민감,하이드로제네이티드식물성글리세라이즈,1,81,0.012
진정·시카·민감,향부자추출물,1,81,0.012
진정·시카·민감,소엽잎추출물,1,81,0.012
진정·시카·민감,마그네슘피씨에이,1,81,0.012
진정·시카·민감,칼슘피씨에이,1,81,0.012
진정·시카·민감,칸데릴라왁스,1,81,0.012
진정·시카·민감,동백나무잎추출물,1,81,0.012
진정·시카·민감,보스웰리아수지추출물,1,81,0.012
진정·시카·민감,망고씨버터,1,81,0.012
진정·시카·민감,콜레스테릴마카다미에이트,1,81,0.012
진정·시카·민감,알루미늄수크로오스옥타설페이트,1,81,0.012
진정·시카·민감,알루미나,1,81,0.012
진정·시카·민감,마트리카리아추출물,1,81,0.012
진정·시카·민감,프랑스해안송껍질추출물,1,81,0.012
진정·시카·민감,효모발효물,1,81,0.012
진정·시카·민감,피버퓨추출물,1,81,0.012
진정·시카·민감,사카라이드하이드롤리세이트,1,81,0.012
진정·시카·민감,폴리글리세릴-2카프레이트,1,81,0.012
진정·시카·민감,하이드롤라이즈드루핀단백질,1,81,0.012
진정·시카·민감,구아이아줄렌,1,81,0.012
진정·시카·민감,사카라이드아이소머레이트,1,81,0.012
진정·시카·민감,아이소데실네오펜타노에이트,1,81,0.012
진정·시카·민감,사플라워오일/팜오일아미노프로판다이올에스터,1,81,0.012
진정·시카·민감,이눌린,1,81,0.012
진정·시카·민감,온천수,1,81,0.012
진정·시카·민감,펜타에리스리틸다이스테아레이트,1,81,0.012
진정·시카·민감,글리세릴베헤네이트,1,81,0.012
탄력·주름·안티에이징,"1,2-헥산다이올",44,45,0.978
탄력·주름·안티에이징,글리세린,44,45,0.978
탄력·주름·안티에이징,아데노신,43,45,0.956
탄력·주름·안티에이징,정제수,43,45,0.956
탄력·주름·안티에이징,부틸렌글라이콜,40,45,0.889
탄력·주름·안티에이징,에틸헥실글리세린,36,45,0.8
탄력·주름·안티에이징,카프릴릭/카프릭트라이글리세라이드,34,45,0.756
탄력·주름·안티에이징,나이아신아마이드,32,45,0.711
탄력·주름·안티에이징,하이드로제네이티드레시틴,32,45,0.711
탄력·주름·안티에이징,판테놀,32,45,0.711
탄력·주름·안티에이징,세테아릴알코올,30,45,0.667
탄력·주름·안티에이징,토코페롤,30,45,0.667
탄력·주름·안티에이징,다이소듐이디티에이,28,45,0.622
탄력·주름·안티에이징,글리세릴스테아레이트,28,45,0.622
탄력·주름·안티에이징,소듐하이알루로네이트,27,45,0.6
탄력·주름·안티에이징,프로판다이올,27,45,0.6
탄력·주름·안티에이징,세라마이드엔피,25,45,0.556
탄력·주름·안티에이징,하이드롤라이즈드하이알루로닉애씨드,22,45,0.489
탄력·주름·안티에이징,잔탄검,22,45,0.489
탄력·주름·안티에이징,하이드록시에틸아크릴레이트/소듐아크릴로일다이메틸타우레이트코폴리머,20,45,0.444
탄력·주름·안티에이징,암모늄아크릴로일다이메틸타우레이트/브이피코폴리머,20,45,0.444
탄력·주름·안티에이징,펜틸렌글라이콜,19,45,0.422
탄력·주름·안티에이징,다이프로필렌글라이콜,19,45,0.422
탄력·주름·안티에이징,아크릴레이트/C10-30알킬아크릴레이트크로스폴리머,17,45,0.378
탄력·주름·안티에이징,하이알루로닉애씨드,17,45,0.378
탄력·주름·안티에이징,스쿠알란,17,45,0.378
탄력·주름·안티에이징,솔비탄올리베이트,17,45,0.378
탄력·주름·안티에이징,솔비탄아이소스테아레이트,17,45,0.378
탄력·주름·안티에이징,세테아릴올리베이트,17,45,0.378
탄력·주름·안티에이징,스테아릭애씨드,16,45,0.356
탄력·주름·안티에이징,팔미틱애씨드,15,45,0.333
탄력·주름·안티에이징,트로메타민,15,45,0.333
탄력·주름·안티에이징,비닐다이메티콘,15,45,0.333
탄력·주름·안티에이징,소듐디엔에이,14,45,0.311
탄력·주름·안티에이징,카보머,14,45,0.311
탄력·주름·안티에이징,하이드롤라이즈드콜라겐,13,45,0.289
탄력·주름·안티에이징,소듐아세틸레이티드하이알루로네이트,13,45,0.289
탄력·주름·안티에이징,소듐하이알루로네이트크로스폴리머,13,45,0.289
탄력·주름·안티에이징,시어버터,13,45,0.289
탄력·주름·안티에이징,다이메티콘,13,45,0.289
탄력·주름·안티에이징,하이드록시아세토페논,13,45,0.289
탄력·주름·안티에이징,하이드롤라이즈드엘라스틴,13,45,0.289
탄력·주름·안티에이징,메틸프로판다이올,12,45,0.267
탄력·주름·안티에이징,베헤닐알코올,12,45,0.267
탄력·주름·안티에이징,알지닌,12,45,0.267
탄력·주름·안티에이징,카퍼트라이펩타이드-1,11,45,0.244
탄력·주름·안티에이징,병풀추출물,11,45,0.244
탄력·주름·안티에이징,향료,11,45,0.244
탄력·주름·안티에이징,베타-글루칸,11,45,0.244
탄력·주름·안티에이징,포타슘하이알루로네이트,10,45,0.222
탄력·주름·안티에이징,하이드록시프로필트라이모늄하이알루로네이트,10,45,0.222
탄력·주름·안티에이징,아세틸헥사펩타이드-8,10,45,0.222
탄력·주름·안티에이징,팔미토일펜타펩타이드-4,10,45,0.222
탄력·주름·안티에이징,사이아노코발아민,10,45,0.222
탄력·주름·안티에이징,하이드로제네이티드폴리데센,10,45,0.222
탄력·주름·안티에이징,알란토인,10,45,0.222
탄력·주름·안티에이징,세틸에틸헥사노에이트,10,45,0.222
탄력·주름·안티에이징,콜레스테롤,10,45,0.222
탄력·주름·안티에이징,하이드롤라이즈드소듐하이알루로네이트,9,45,0.2
탄력·주름·안티에이징,카프릴릴글라이콜,9,45,0.2
탄력·주름·안티에이징,베타인,9,45,0.2
탄력·주름·안티에이징,소듐스테아로일글루타메이트,9,45,0.2
탄력·주름·안티에이징,트라이펩타이드-1,9,45,0.2
탄력·주름·안티에이징,폴리글리세릴-10라우레이트,9,45,0.2
탄력·주름·안티에이징,소듐파이테이트,8,45,0.178
탄력·주름·안티에이징,리모넨,8,45,0.178
탄력·주름·안티에이징,피이지-100스테아레이트,8,45,0.178
탄력·주름·안티에이징,세테아릴글루코사이드,8,45,0.178
탄력·주름·안티에이징,시트릭애씨드,8,45,0.178
탄력·주름·안티에이징,세틸알코올,8,45,0.178
탄력·주름·안티에이징,에스에이치-올리고펩타이드-1,8,45,0.178
탄력·주름·안티에이징,아시아티코사이드,7,45,0.156
탄력·주름·안티에이징,해바라기씨오일,7,45,0.156
탄력·주름·안티에이징,글리세레스-26,7,45,0.156
탄력·주름·안티에이징,하이드로제네이티드폴리아이소부텐,7,45,0.156
탄력·주름·안티에이징,C12-16알코올,7,45,0.156
탄력·주름·안티에이징,리날룰,7,45,0.156
탄력·주름·안티에이징,글루코오스,7,45,0.156
탄력·주름·안티에이징,하이드로제네이티드폴리(C6-14올레핀),7,45,0.156
탄력·주름·안티에이징,팔미토일트라이펩타이드-1,7,45,0.156
탄력·주름·안티에이징,소듐폴리아크릴레이트,7,45,0.156
탄력·주름·안티에이징,글리세릴아크릴레이트/아크릴릭애씨드코폴리머,7,45,0.156
탄력·주름·안티에이징,글라이신,7,45,0.156
탄력·주름·안티에이징,마데카소사이드,6,45,0.133
탄력·주름·안티에이징,병풀잎추출물,6,45,0.133
탄력·주름·안티에이징,에틸헥실팔미테이트,6,45,0.133
탄력·주름·안티에이징,글루타티온,6,45,0.133
탄력·주름·안티에이징,글리세릴카프릴레이트,6,45,0.133
탄력·주름·안티에이징,폴리글리세릴-3메틸글루코오스다이스테아레이트,6,45,0.133
탄력·주름·안티에이징,메도우폼씨오일,6,45,0.133
탄력·주름·안티에이징,팔미토일트라이펩타이드-5,6,45,0.133
탄력·주름·안티에이징,팔미토일테트라펩타이드-7,6,45,0.133
탄력·주름·안티에이징,락토바실러스발효용해물,6,45,0.133
탄력·주름·안티에이징,헥사펩타이드-9,6,45,0.133
탄력·주름·안티에이징,프룩토올리고사카라이드,6,45,0.133
탄력·주름·안티에이징,피토스핑고신,6,45,0.133
탄력·주름·안티에이징,피토스테롤,6,45,0.133
탄력·주름·안티에이징,레틴알,6,45,0.133
탄력·주름·안티에이징,아스파틱애씨드,6,45,0.133
탄력·주름·안티에이징,베르가모트오일,6,45,0.133
탄력·주름·안티에이징,글루타믹애씨드,6,45,0.133
탄력·주름·안티에이징,호호바에스터,6,45,0.133
탄력·주름·안티에이징,다이글리세린,5,45,0.111
탄력·주름·안티에이징,소듐하이알루로네이트다이메틸실란올,5,45,0.111
탄력·주름·안티에이징,아이소노닐아이소노나노에이트,5,45,0.111
탄력·주름·안티에이징,에탄올,5,45,0.111
탄력·주름·안티에이징,레티놀,5,45,0.111
탄력·주름·안티에이징,락토바실러스발효물,5,45,0.111
탄력·주름·안티에이징,폴리글리세린-3,5,45,0.111
탄력·주름·안티에이징,피토스테릴/베헤닐/옥틸도데실라우로일글루타메이트,5,45,0.111
탄력·주름·안티에이징,말토덱스트린,5,45,0.111
탄력·주름·안티에이징,아라키딜글루코사이드,5,45,0.111
탄력·주름·안티에이징,아라키딜알코올,5,45,0.111
탄력·주름·안티에이징,엑토인,5,45,0.111
탄력·주름·안티에이징,아시아틱애씨드,5,45,0.111
탄력·주름·안티에이징,마데카식애씨드,5,45,0.111
탄력·주름·안티에이징,콜라겐아미노산,5,45,0.111
탄력·주름·안티에이징,덱스트린,5,45,0.111
탄력·주름·안티에이징,폴리글루타믹애씨드,5,45,0.111
탄력·주름·안티에이징,메틸트라이메티콘,5,45,0.111
탄력·주름·안티에이징,다이포타슘글리시리제이트,5,45,0.111
탄력·주름·안티에이징,다이카프릴릴에터,5,45,0.111
탄력·주름·안티에이징,폴리글리세릴-10올리에이트,5,45,0.111
탄력·주름·안티에이징,올리브오일,5,45,0.111
탄력·주름·안티에이징,스테아릴알코올,5,45,0.111
탄력·주름·안티에이징,펜타에리스리틸테트라에틸헥사노에이트,5,45,0.111
탄력·주름·안티에이징,라벤더오일,5,45,0.111
탄력·주름·안티에이징,카프릴릴메티콘,5,45,0.111
탄력·주름·안티에이징,다이메틸실란올하이알루로네이트,4,45,0.089
탄력·주름·안티에이징,C14-22알코올,4,45,0.089
탄력·주름·안티에이징,C12-20알킬글루코사이드,4,45,0.089
탄력·주름·안티에이징,피브이엠/엠에이코폴리머,4,45,0.089
탄력·주름·안티에이징,옥틸도데칸올,4,45,0.089
탄력·주름·안티에이징,팔미토일헥사펩타이드-12,4,45,0.089
탄력·주름·안티에이징,사이클로펜타실록세인,4,45,0.089
탄력·주름·안티에이징,바이오사카라이드검-1,4,45,0.089
탄력·주름·안티에이징,수크로오스,4,45,0.089
탄력·주름·안티에이징,폴리솔베이트60,4,45,0.089
탄력·주름·안티에이징,셀룰로오스검,4,45,0.089
탄력·주름·안티에이징,하이드롤라이즈드옥수수전분,4,45,0.089
탄력·주름·안티에이징,참마뿌리추출물,4,45,0.089
탄력·주름·안티에이징,쇠비름추출물,4,45,0.089
탄력·주름·안티에이징,아스코빅애씨드,4,45,0.089
탄력·주름·안티에이징,돌콩오일,4,45,0.089
탄력·주름·안티에이징,3-O-에틸아스코빅애씨드,4,45,0.089
탄력·주름·안티에이징,토코페릴아세테이트,4,45,0.089
탄력·주름·안티에이징,아세틸헥사펩타이드-1,4,45,0.089
탄력·주름·안티에이징,노나펩타이드-1,4,45,0.089
탄력·주름·안티에이징,이눌린,4,45,0.089
탄력·주름·안티에이징,다이펩타이드다이아미노부티로일벤질아마이드다이아세테이트,4,45,0.089
탄력·주름·안티에이징,글리세릴글루코사이드,4,45,0.089
탄력·주름·안티에이징,세라마이드엔에스,4,45,0.089
탄력·주름·안티에이징,소듐폴리아크릴로일다이메틸타우레이트,4,45,0.089
탄력·주름·안티에이징,세라마이드에이피,4,45,0.089
탄력·주름·안티에이징,세라마이드에이에스,4,45,0.089
탄력·주름·안티에이징,셀룰로오스,4,45,0.089
탄력·주름·안티에이징,자일리톨,4,45,0.089
탄력·주름·안티에이징,에리스리톨,4,45,0.089
탄력·주름·안티에이징,폴리메틸실세스퀴옥세인,4,45,0.089
탄력·주름·안티에이징,페닐트라이메티콘,4,45,0.089
탄력·주름·안티에이징,다이아이소스테아릴말레이트,4,45,0.089
탄력·주름·안티에이징,유채스테롤,4,45,0.089
탄력·주름·안티에이징,오렌지껍질오일,4,45,0.089
탄력·주름·안티에이징,캐모마일꽃오일,4,45,0.089
탄력·주름·안티에이징,알라닌,4,45,0.089
탄력·주름·안티에이징,트레오닌,4,45,0.089
탄력·주름·안티에이징,아이소류신,4,45,0.089
탄력·주름·안티에이징,세린,4,45,0.089
탄력·주름·안티에이징,페닐알라닌,4,45,0.089
탄력·주름·안티에이징,발린,4,45,0.089
탄력·주름·안티에이징,클로렐라 불가리스추출물,4,45,0.089
탄력·주름·안티에이징,히스티딘,4,45,0.089
탄력·주름·안티에이징,프롤린,4,45,0.089
탄력·주름·안티에이징,참산호말추출물,3,45,0.067
탄력·주름·안티에이징,인도멀구슬나무잎추출물,3,45,0.067
탄력·주름·안티에이징,다이페닐실록시페닐트라이메티콘,3,45,0.067
탄력·주름·안티에이징,인도멀구슬나무꽃추출물,3,45,0.067
탄력·주름·안티에이징,홀리바질잎추출물,3,45,0.067
탄력·주름·안티에이징,울금뿌리추출물,3,45,0.067
탄력·주름·안티에이징,폴리아크릴레이트-13,3,45,0.067
탄력·주름·안티에이징,다마스크장미꽃수,3,45,0.067
탄력·주름·안티에이징,페녹시에탄올,3,45,0.067
탄력·주름·안티에이징,폴리글리세릴-10스테아레이트,3,45,0.067
탄력·주름·안티에이징,레시틴,3,45,0.067
탄력·주름·안티에이징,트라이에틸헥사노인,3,45,0.067
탄력·주름·안티에이징,프로필렌글라이콜,3,45,0.067
탄력·주름·안티에이징,사이클로헥사실록세인,3,45,0.067
탄력·주름·안티에이징,라우릭애씨드,3,45,0.067
탄력·주름·안티에이징,오일팜오일,3,45,0.067
탄력·주름·안티에이징,미리스틱애씨드,3,45,0.067
탄력·주름·안티에이징,아세틸테트라펩타이드-5,3,45,0.067
탄력·주름·안티에이징,맥아추출물,3,45,0.067
탄력·주름·안티에이징,프룩탄,3,45,0.067
탄력·주름·안티에이징,펜타펩타이드-3,3,45,0.067
탄력·주름·안티에이징,알진,3,45,0.067
탄력·주름·안티에이징,다이페닐다이메티콘,3,45,0.067
탄력·주름·안티에이징,다이메티콘/비닐다이메티콘크로스폴리머,3,45,0.067
탄력·주름·안티에이징,소듐아크릴레이트코폴리머,3,45,0.067
탄력·주름·안티에이징,세라마이드이오피,3,45,0.067
탄력·주름·안티에이징,폴리글리세릴-4올리에이트,3,45,0.067
탄력·주름·안티에이징,에틸헥실올리베이트,3,45,0.067
탄력·주름·안티에이징,트라이소듐에틸렌다이아민다이석시네이트,3,45,0.067
탄력·주름·안티에이징,소듐하이드록사이드,3,45,0.067
탄력·주름·안티에이징,아이소헥사데칸,3,45,0.067
탄력·주름·안티에이징,실리카,3,45,0.067
탄력·주름·안티에이징,칼슘클로라이드,3,45,0.067
탄력·주름·안티에이징,밤껍질추출물,3,45,0.067
탄력·주름·안티에이징,녹차추출물,3,45,0.067
탄력·주름·안티에이징,치자추출물,3,45,0.067
탄력·주름·안티에이징,알로에베라잎추출물,3,45,0.067
탄력·주름·안티에이징,잇꽃꽃추출물,3,45,0.067
탄력·주름·안티에이징,콜라겐,3,45,0.067
탄력·주름·안티에이징,콜라겐추출물,3,45,0.067
탄력·주름·안티에이징,당느릅나무뿌리추출물,3,45,0.067
탄력·주름·안티에이징,다이메티콘올,3,45,0.067
탄력·주름·안티에이징,글라이코프로테인,3,45,0.067
탄력·주름·안티에이징,다시마추출물,3,45,0.067
탄력·주름·안티에이징,솔비탄올리에이트,3,45,0.067
탄력·주름·안티에이징,소듐아크릴레이트/소듐아크릴로일다이메틸타우레이트코폴리머,3,45,0.067
탄력·주름·안티에이징,해바라기씨왁스,3,45,0.067
탄력·주름·안티에이징,로즈마리잎오일,3,45,0.067
탄력·주름·안티에이징,C10-18트라이글리세라이즈,3,45,0.067
탄력·주름·안티에이징,카페인,3,45,0.067
탄력·주름·안티에이징,라이신,3,45,0.067
탄력·주름·안티에이징,류신,3,45,0.067
탄력·주름·안티에이징,프룩토오스,3,45,0.067
탄력·주름·안티에이징,시스테인,3,45,0.067
탄력·주름·안티에이징,메티오닌,3,45,0.067
탄력·주름·안티에이징,코코넛야자오일,3,45,0.067
탄력·주름·안티에이징,소듐락테이트,3,45,0.067
탄력·주름·안티에이징,비즈왁스,3,45,0.067
탄력·주름·안티에이징,소듐아스코빌포스페이트,3,45,0.067
탄력·주름·안티에이징,니코틴아마이드모노뉴클레오타이드,3,45,0.067
탄력·주름·안티에이징,비피다발효용해물,3,45,0.067
탄력·주름·안티에이징,아이비고드열매추출물,2,45,0.044
탄력·주름·안티에이징,아미노메틸프로판다이올,2,45,0.044
탄력·주름·안티에이징,가지열매추출물,2,45,0.044
탄력·주름·안티에이징,C12-13알케스-9,2,45,0.044
탄력·주름·안티에이징,알로에베라꽃추출물,2,45,0.044
탄력·주름·안티에이징,피씨에이다이메티콘,2,45,0.044
탄력·주름·안티에이징,폴리아이소부텐,2,45,0.044
탄력·주름·안티에이징,시메티콘,2,45,0.044
탄력·주름·안티에이징,지치뿌리추출물,2,45,0.044
탄력·주름·안티에이징,글리세릴스테아레이트에스이,2,45,0.044
탄력·주름·안티에이징,글라이코실트레할로오스,2,45,0.044
탄력·주름·안티에이징,라피노오스,2,45,0.044
탄력·주름·안티에이징,폴리쿼터늄-51,2,45,0.044
탄력·주름·안티에이징,다이소듐스테아로일글루타메이트,2,45,0.044
탄력·주름·안티에이징,제라니올,2,45,0.044
탄력·주름·안티에이징,하이드로제네이티드스타치하이드롤리세이트,2,45,0.044
탄력·주름·안티에이징,마이크로크리스탈린셀룰로오스,2,45,0.044
탄력·주름·안티에이징,베타-카로틴,2,45,0.044
탄력·주름·안티에이징,당근추출물,2,45,0.044
탄력·주름·안티에이징,트레할로오스,2,45,0.044
탄력·주름·안티에이징,글리세릴폴리메타크릴레이트,2,45,0.044
탄력·주름·안티에이징,팔미토일트라이펩타이드-8,2,45,0.044
탄력·주름·안티에이징,수용성프로테오글리칸,2,45,0.044
탄력·주름·안티에이징,다이소듐포스페이트,2,45,0.044
탄력·주름·안티에이징,덱스트란,2,45,0.044
탄력·주름·안티에이징,바이오사카라이드검-4,2,45,0.044
탄력·주름·안티에이징,아세틸테트라펩타이드-9,2,45,0.044
탄력·주름·안티에이징,올리고펩타이드-2,2,45,0.044
탄력·주름·안티에이징,사포닌,2,45,0.044
탄력·주름·안티에이징,미네랄솔트,2,45,0.044
탄력·주름·안티에이징,소듐포스페이트,2,45,0.044
탄력·주름·안티에이징,다이펜타에리스리틸헥사하이드록시스테아레이트/헥사스테아레이트/헥사로지네이트,2,45,0.044
탄력·주름·안티에이징,아세틸테트라펩타이드-2,2,45,0.044
탄력·주름·안티에이징,꿀풀추출물,2,45,0.044
탄력·주름·안티에이징,오크라열매추출물,2,45,0.044
탄력·주름·안티에이징,노니열매추출물,2,45,0.044
탄력·주름·안티에이징,블래더랙추출물,2,45,0.044
탄력·주름·안티에이징,여주열매추출물,2,45,0.044
탄력·주름·안티에이징,아세틸글루코사민,2,45,0.044
탄력·주름·안티에이징,카프릴로일살리실릭애씨드,2,45,0.044
탄력·주름·안티에이징,편백잎추출물,2,45,0.044
탄력·주름·안티에이징,하이드롤라이즈드디엔에이,2,45,0.044
탄력·주름·안티에이징,아세틸다이펩타이드-1세틸에스터,2,45,0.044
탄력·주름·안티에이징,포도추출물,2,45,0.044
탄력·주름·안티에이징,리날릴아세테이트,2,45,0.044
탄력·주름·안티에이징,초피나무열매추출물,2,45,0.044
탄력·주름·안티에이징,커피콩추출물,2,45,0.044
탄력·주름·안티에이징,호장근뿌리추출물,2,45,0.044
탄력·주름·안티에이징,하이드록시에틸셀룰로오스,2,45,0.044
탄력·주름·안티에이징,아세틸옥타펩타이드-3,2,45,0.044
탄력·주름·안티에이징,수용성콜라겐,2,45,0.044
탄력·주름·안티에이징,감나무잎추출물,2,45,0.044
탄력·주름·안티에이징,솔비탄라우레이트,2,45,0.044
탄력·주름·안티에이징,폴리아크릴레이트크로스폴리머-6,2,45,0.044
탄력·주름·안티에이징,수크로오스다이스테아레이트,2,45,0.044
탄력·주름·안티에이징,카르노신,2,45,0.044
탄력·주름·안티에이징,네오펜틸글라이콜다이헵타노에이트,2,45,0.044
탄력·주름·안티에이징,폴리글리세릴-10미리스테이트,2,45,0.044
탄력·주름·안티에이징,올레익애씨드,2,45,0.044
탄력·주름·안티에이징,잇꽃씨오일,2,45,0.044
탄력·주름·안티에이징,카프릴릴/카프릴글루코사이드,2,45,0.044
탄력·주름·안티에이징,혼합글리세릴스테아레이트,2,45,0.044
탄력·주름·안티에이징,제비꽃꽃추출물,2,45,0.044
탄력·주름·안티에이징,베타-시토스테롤,2,45,0.044
탄력·주름·안티에이징,황련뿌리추출물,2,45,0.044
탄력·주름·안티에이징,헥사펩타이드-2,2,45,0.044
탄력·주름·안티에이징,타이로신,2,45,0.044
탄력·주름·안티에이징,접시꽃추출물,2,45,0.044
탄력·주름·안티에이징,바이오틴,2,45,0.044
탄력·주름·안티에이징,백미꽃추출물,2,45,0.044
탄력·주름·안티에이징,합성비즈왁스,2,45,0.044
탄력·주름·안티에이징,트루로즈오브예리코추출물,2,45,0.044
탄력·주름·안티에이징,아이소트라이데실아이소노나노에이트,2,45,0.044
탄력·주름·안티에이징,카프릴릭/카프릭/미리스틱/스테아릭트라이글리세라이드,2,45,0.044
탄력·주름·안티에이징,차가버섯추출물,2,45,0.044
탄력·주름·안티에이징,카나우바왁스,2,45,0.044
탄력·주름·안티에이징,비스-다이글리세릴폴리아실아디페이트-2,2,45,0.044
탄력·주름·안티에이징,블루아가베잎추출물,2,45,0.044
탄력·주름·안티에이징,아데노신트라이포스페이트,2,45,0.044
탄력·주름·안티에이징,스트렙토코쿠스테르모필루스발효추출여과물,2,45,0.044
탄력·주름·안티에이징,폴리솔베이트80,2,45,0.044
탄력·주름·안티에이징,니코틴아마이드아데닌다이뉴클레오타이드,2,45,0.044
탄력·주름·안티에이징,포타슘클로라이드,2,45,0.044
탄력·주름·안티에이징,퀸즈랜드넛오일,2,45,0.044
탄력·주름·안티에이징,메틸글루카민,2,45,0.044
탄력·주름·안티에이징,마그네슘클로라이드,2,45,0.044
탄력·주름·안티에이징,라우로일라이신,2,45,0.044
탄력·주름·안티에이징,소듐클로라이드,2,45,0.044
탄력·주름·안티에이징,티몰트라이메톡시신나메이트,2,45,0.044
탄력·주름·안티에이징,C12-15알킬벤조에이트,2,45,0.044
탄력·주름·안티에이징,레스베라트롤,2,45,0.044
탄력·주름·안티에이징,왕귤껍질오일,2,45,0.044
탄력·주름·안티에이징,센티드제라늄꽃오일,2,45,0.044
탄력·주름·안티에이징,칸디다 봄비콜라/글루코오스/메틸레이프씨데이트발효물,2,45,0.044
탄력·주름·안티에이징,아세틸글루타민,2,45,0.044
탄력·주름·안티에이징,흑효모발효물,2,45,0.044
탄력·주름·안티에이징,효모발효여과물,2,45,0.044
탄력·주름·안티에이징,하이드롤라이즈드글라이코사미노글리칸,2,45,0.044
탄력·주름·안티에이징,4-터피네올,2,45,0.044
탄력·주름·안티에이징,솔비톨,2,45,0.044
탄력·주름·안티에이징,다발방패버섯추출물,2,45,0.044
탄력·주름·안티에이징,효모발효용해여과물,2,45,0.044
탄력·주름·안티에이징,다이포타슘포스페이트,2,45,0.044
탄력·주름·안티에이징,바쿠치올,2,45,0.044
탄력·주름·안티에이징,소듐피씨에이,2,45,0.044
탄력·주름·안티에이징,다이카프릴릴카보네이트,2,45,0.044
탄력·주름·안티에이징,시트로넬올,2,45,0.044
탄력·주름·안티에이징,카카오추출물,2,45,0.044
탄력·주름·안티에이징,다이펩타이드-2,2,45,0.044
탄력·주름·안티에이징,피토스테릴/이소스테아릴/세틸/스테아릴/베헤닐다이머디리놀리에이트,2,45,0.044
탄력·주름·안티에이징,포타슘솔베이트,2,45,0.044
탄력·주름·안티에이징,하이드롤라이즈드소듐디엔에이,2,45,0.044
탄력·주름·안티에이징,폴리솔베이트20,1,45,0.022
탄력·주름·안티에이징,하이드롤라이즈드스클레로튬검,1,45,0.022
탄력·주름·안티에이징,하이드롤라이즈드콜라겐추출물,1,45,0.022
탄력·주름·안티에이징,알간나무커넬오일,1,45,0.022
탄력·주름·안티에이징,오리스뿌리추출물,1,45,0.022
탄력·주름·안티에이징,멜론추출물,1,45,0.022
탄력·주름·안티에이징,서양송악잎/줄기추출물,1,45,0.022
탄력·주름·안티에이징,연어알추출물,1,45,0.022
탄력·주름·안티에이징,서양배추출물,1,45,0.022
탄력·주름·안티에이징,티옥틱애씨드,1,45,0.022
탄력·주름·안티에이징,우엉뿌리추출물,1,45,0.022
탄력·주름·안티에이징,폴리글리세릴-2다이폴리하이드록시스테아레이트,1,45,0.022
탄력·주름·안티에이징,하이드록시시트로넬알,1,45,0.022
탄력·주름·안티에이징,벤질살리실레이트,1,45,0.022
탄력·주름·안티에이징,카라멜,1,45,0.022
탄력·주름·안티에이징,아르간커넬오일,1,45,0.022
탄력·주름·안티에이징,프로폴리스추출물,1,45,0.022
탄력·주름·안티에이징,달팽이점액여과물,1,45,0.022
탄력·주름·안티에이징,진주가루,1,45,0.022
탄력·주름·안티에이징,이눌린라우릴카바메이트,1,45,0.022
탄력·주름·안티에이징,진흙버섯추출물,1,45,0.022
탄력·주름·안티에이징,카바카바잎/뿌리/줄기추출물,1,45,0.022
탄력·주름·안티에이징,소듐설파이트,1,45,0.022
탄력·주름·안티에이징,토코트라이엔올,1,45,0.022
탄력·주름·안티에이징,폴리실리콘-11,1,45,0.022
탄력·주름·안티에이징,쌀겨왁스,1,45,0.022
탄력·주름·안티에이징,비에이치티,1,45,0.022
탄력·주름·안티에이징,하이드롤라이즈드호호바에스터,1,45,0.022
탄력·주름·안티에이징,하이드로제네이티드채종유,1,45,0.022
탄력·주름·안티에이징,카페일글루코오스,1,45,0.022
탄력·주름·안티에이징,마트리카리아꽃오일,1,45,0.022
탄력·주름·안티에이징,마요라나잎추출물,1,45,0.022
탄력·주름·안티에이징,펜타에리스리틸테트라-다이-t-부틸하이드록시하이드로신나메이트,1,45,0.022
탄력·주름·안티에이징,산양삼추출물,1,45,0.022
탄력·주름·안티에이징,로즈마리추출물,1,45,0.022
탄력·주름·안티에이징,헥사펩타이드-11,1,45,0.022
탄력·주름·안티에이징,파이틱애씨드,1,45,0.022
탄력·주름·안티에이징,C13-14아이소알케인,1,45,0.022
탄력·주름·안티에이징,폴리엡실론-라이신,1,45,0.022
탄력·주름·안티에이징,폴리아크릴아마이드,1,45,0.022
탄력·주름·안티에이징,암모늄폴리아크릴로일다이메틸타우레이트,1,45,0.022
탄력·주름·안티에이징,변성알코올,1,45,0.022
탄력·주름·안티에이징,라우레스-7,1,45,0.022
탄력·주름·안티에이징,아이소프로필아이소스테아레이트,1,45,0.022
탄력·주름·안티에이징,갈랑가갈랑갈잎추출물,1,45,0.022
탄력·주름·안티에이징,레드신코나나무껍질추출물,1,45,0.022
탄력·주름·안티에이징,샤프란꽃추출물,1,45,0.022
탄력·주름·안티에이징,매듭풀추출물,1,45,0.022
탄력·주름·안티에이징,아모다이메티콘,1,45,0.022
탄력·주름·안티에이징,테트라메틸아세틸옥타하이드로나프탈렌,1,45,0.022
탄력·주름·안티에이징,t-부틸알코올,1,45,0.022
탄력·주름·안티에이징,마누카잎추출물,1,45,0.022
탄력·주름·안티에이징,쿠마린,1,45,0.022
탄력·주름·안티에이징,데사미도콜라겐,1,45,0.022
탄력·주름·안티에이징,회향씨추출물,1,45,0.022
탄력·주름·안티에이징,터피네올,1,45,0.022
탄력·주름·안티에이징,소두구씨추출물,1,45,0.022
탄력·주름·안티에이징,캐스터오일/아이피디아이코폴리머,1,45,0.022
탄력·주름·안티에이징,티트리잎오일,1,45,0.022
탄력·주름·안티에이징,레몬그라스추출물,1,45,0.022
탄력·주름·안티에이징,콘민트추출물,1,45,0.022
탄력·주름·안티에이징,유칼립투스잎추출물,1,45,0.022
탄력·주름·안티에이징,고수추출물,1,45,0.022
탄력·주름·안티에이징,아텔로콜라겐,1,45,0.022
탄력·주름·안티에이징,프로콜라겐,1,45,0.022
탄력·주름·안티에이징,탄닉애씨드,1,45,0.022
탄력·주름·안티에이징,대왕소나무잎추출물,1,45,0.022
탄력·주름·안티에이징,글루코노락톤,1,45,0.022
탄력·주름·안티에이징,칡뿌리추출물,1,45,0.022
탄력·주름·안티에이징,하이드록시프로필사이클로덱스트린,1,45,0.022
탄력·주름·안티에이징,달맞이꽃꽃추출물,1,45,0.022
탄력·주름·안티에이징,글라이코사미노글리칸,1,45,0.022
탄력·주름·안티에이징,하이드롤라이즈드콩단백질,1,45,0.022
탄력·주름·안티에이징,칼메그추출물,1,45,0.022
탄력·주름·안티에이징,포트마리골드꽃추출물,1,45,0.022
탄력·주름·안티에이징,라우릴글루코사이드,1,45,0.022
탄력·주름·안티에이징,폴리글리세릴-6라우레이트,1,45,0.022
탄력·주름·안티에이징,다이에톡시에틸석시네이트,1,45,0.022
탄력·주름·안티에이징,제인,1,45,0.022
탄력·주름·안티에이징,글리세릴올리에이트,1,45,0.022
탄력·주름·안티에이징,소듐메타포스페이트,1,45,0.022
탄력·주름·안티에이징,다이메틸아이소소바이드,1,45,0.022
탄력·주름·안티에이징,하이드록시피나콜론레티노에이트,1,45,0.022
탄력·주름·안티에이징,미리스틸글루코사이드,1,45,0.022
탄력·주름·안티에이징,폴리글리세릴-6카프릴레이트,1,45,0.022
탄력·주름·안티에이징,소듐트라이메타포스페이트,1,45,0.022
탄력·주름·안티에이징,병풀잎수,1,45,0.022
탄력·주름·안티에이징,펙틴,1,45,0.022
탄력·주름·안티에이징,풀루란,1,45,0.022
탄력·주름·안티에이징,한련초잎추출물,1,45,0.022
탄력·주름·안티에이징,스테아릴다이메티콘,1,45,0.022
탄력·주름·안티에이징,옥타데센,1,45,0.022
탄력·주름·안티에이징,칸데릴라왁스,1,45,0.022
탄력·주름·안티에이징,팔미토일트라이펩타이드-38,1,45,0.022
탄력·주름·안티에이징,콜라겐수,1,45,0.022
탄력·주름·안티에이징,엘라스틴,1,45,0.022
탄력·주름·안티에이징,수용성엘라스틴,1,45,0.022
탄력·주름·안티에이징,실란트라이올,1,45,0.022
탄력·주름·안티에이징,펜타펩타이드-4,1,45,0.022
탄력·주름·안티에이징,알지닉애씨드,1,45,0.022
탄력·주름·안티에이징,다이머다이리놀레일다이머다이리놀리에이트,1,45,0.022
탄력·주름·안티에이징,헥사펩타이드-12,1,45,0.022
탄력·주름·안티에이징,미네랄워터,1,45,0.022
탄력·주름·안티에이징,지모뿌리추출물,1,45,0.022
탄력·주름·안티에이징,아나토씨오일,1,45,0.022
탄력·주름·안티에이징,레티닐팔미테이트,1,45,0.022
탄력·주름·안티에이징,클레리오일,1,45,0.022
탄력·주름·안티에이징,카카오씨추출물,1,45,0.022
탄력·주름·안티에이징,살비아오일,1,45,0.022
탄력·주름·안티에이징,타피오카전분,1,45,0.022
탄력·주름·안티에이징,알루미늄수크로오스옥타설페이트,1,45,0.022
탄력·주름·안티에이징,솔비탄세스퀴올리에이트,1,45,0.022
탄력·주름·안티에이징,소듐서팩틴,1,45,0.022
탄력·주름·안티에이징,불가리스쑥오일,1,45,0.022
탄력·주름·안티에이징,편백오일,1,45,0.022
탄력·주름·안티에이징,바질오일,1,45,0.022
탄력·주름·안티에이징,헵틸운데실레네이트,1,45,0.022
탄력·주름·안티에이징,실리카다이메틸실릴레이트,1,45,0.022
탄력·주름·안티에이징,폴리글리세릴-4다이아이소스테아레이트/폴리하이드록시스테아레이트/세바케이트,1,45,0.022
탄력·주름·안티에이징,메틸메타크릴레이트/아크릴로나이트릴코폴리머,1,45,0.022
탄력·주름·안티에이징,폴리메틸메타크릴레이트,1,45,0.022
탄력·주름·안티에이징,코질메틸렌다이옥시신나메이트,1,45,0.022
탄력·주름·안티에이징,콩폴리펩타이드,1,45,0.022
탄력·주름·안티에이징,비닐다이메티콘/메티콘실세스퀴옥세인크로스폴리머,1,45,0.022
탄력·주름·안티에이징,하이드로제네이티드캐스터오일다이머다이리놀레에이트,1,45,0.022
탄력·주름·안티에이징,다이아이소스테아로일폴리글리세릴-3다이머다이리놀리에이트,1,45,0.022
탄력·주름·안티에이징,베헤네스-25,1,45,0.022
탄력·주름·안티에이징,필리핀오렌지전초오일,1,45,0.022
탄력·주름·안티에이징,세드랏껍질오일,1,45,0.022
탄력·주름·안티에이징,클로렐라발효물,1,45,0.022
탄력·주름·안티에이징,하이드록시데실유비퀴논,1,45,0.022
탄력·주름·안티에이징,에스에이치-폴리펩타이드-3,1,45,0.022
탄력·주름·안티에이징,에스에이치-폴리펩타이드-1,1,45,0.022
탄력·주름·안티에이징,오조케라이트,1,45,0.022
탄력·주름·안티에이징,에스에이치-올리고펩타이드-2,1,45,0.022
탄력·주름·안티에이징,에스에이치-폴리펩타이드-22,1,45,0.022
탄력·주름·안티에이징,자몽껍질오일,1,45,0.022
탄력·주름·안티에이징,장미꽃오일,1,45,0.022
탄력·주름·안티에이징,커먼자스민오일,1,45,0.022
탄력·주름·안티에이징,쓴쑥추출물,1,45,0.022
탄력·주름·안티에이징,연필향나무목부오일,1,45,0.022
탄력·주름·안티에이징,글라이코젠,1,45,0.022
탄력·주름·안티에이징,필리핀오렌지껍질오일,1,45,0.022
탄력·주름·안티에이징,아스코빌아시아테이트,1,45,0.022
탄력·주름·안티에이징,발삼코파이바수지,1,45,0.022
탄력·주름·안티에이징,갈바눔수지오일,1,45,0.022
탄력·주름·안티에이징,안하이드로자일리톨,1,45,0.022
탄력·주름·안티에이징,글라이코리피드,1,45,0.022
탄력·주름·안티에이징,C12-13파레스-9,1,45,0.022
탄력·주름·안티에이징,사이클로덱스트린,1,45,0.022
탄력·주름·안티에이징,마카뿌리추출물,1,45,0.022
탄력·주름·안티에이징,바닐라열매추출물,1,45,0.022
탄력·주름·안티에이징,에톡시다이글라이콜,1,45,0.022
탄력·주름·안티에이징,아틀라스시다나무껍질오일,1,45,0.022
탄력·주름·안티에이징,폴리글리세릴-6다이스테아레이트,1,45,0.022
탄력·주름·안티에이징,오렌지오일,1,45,0.022
탄력·주름·안티에이징,라케모사승마뿌리추출물,1,45,0.022
탄력·주름·안티에이징,소듐라우레이트,1,45,0.022
탄력·주름·안티에이징,타우린,1,45,0.022
탄력·주름·안티에이징,시트랄,1,45,0.022
탄력·주름·안티에이징,리씨열매오일,1,45,0.022
탄력·주름·안티에이징,마카다미아씨오일,1,45,0.022
탄력·주름·안티에이징,자일리틸글루코사이드,1,45,0.022
탄력·주름·안티에이징,병풀오일,1,45,0.022
탄력·주름·안티에이징,병풀폴리펩타이드,1,45,0.022
탄력·주름·안티에이징,폴리글리세릴-3비즈왁스,1,45,0.022
탄력·주름·안티에이징,병풀아미노산,1,45,0.022
탄력·주름·안티에이징,흰무늬엉겅퀴추출물,1,45,0.022
탄력·주름·안티에이징,마텔오일,1,45,0.022
탄력·주름·안티에이징,하이드롤라이즈드병풀추출물,1,45,0.022
탄력·주름·안티에이징,병풀단백질추출물,1,45,0.022
탄력·주름·안티에이징,소듐글루코네이트,1,45,0.022
탄력·주름·안티에이징,아세틸헵타펩타이드-4,1,45,0.022
탄력·주름·안티에이징,암모늄아크릴로일다이메틸타우레이트/베헤네스-25메타크라일레이트크로스폴리머,1,45,0.022
탄력·주름·안티에이징,이노시톨,1,45,0.022
탄력·주름·안티에이징,C30-45알킬세테아릴다이메티콘크로스폴리머,1,45,0.022
탄력·주름·안티에이징,합성왁스,1,45,0.022
탄력·주름·안티에이징,다이올레오일피지-트라이모늄클로라이드,1,45,0.022
탄력·주름·안티에이징,올리브오일데실에스터,1,45,0.022
탄력·주름·안티에이징,비터오렌지꽃추출물,1,45,0.022
탄력·주름·안티에이징,측백나무추출물,1,45,0.022
탄력·주름·안티에이징,폴리락틱애씨드,1,45,0.022
탄력·주름·안티에이징,로즈마리잎추출물,1,45,0.022
탄력·주름·안티에이징,풍선덩굴꽃/잎/덩굴추출물,1,45,0.022
탄력·주름·안티에이징,카카오씨버터,1,45,0.022
탄력·주름·안티에이징,양까막까치밥나무씨오일,1,45,0.022
탄력·주름·안티에이징,메나다이온,1,45,0.022
탄력·주름·안티에이징,씨솔트,1,45,0.022
탄력·주름·안티에이징,벤토나이트,1,45,0.022
탄력·주름·안티에이징,사이클로헥실글리세린,1,45,0.022
탄력·주름·안티에이징,해바라기씨오일불검화물,1,45,0.022
탄력·주름·안티에이징,망고씨버터,1,45,0.022
탄력·주름·안티에이징,폴리글리세릴-10다이아이소스테아레이트,1,45,0.022
탄력·주름·안티에이징,알파-아이소메틸아이오논,1,45,0.022
탄력·주름·안티에이징,사과씨오일,1,45,0.022
탄력·주름·안티에이징,소이아미노아미드,1,45,0.022
탄력·주름·안티에이징,벤질벤조에이트,1,45,0.022
탄력·주름·안티에이징,육계나무껍질추출물,1,45,0.022
탄력·주름·안티에이징,멕시칸주니퍼오일,1,45,0.022
탄력·주름·안티에이징,마조람잎오일,1,45,0.022
탄력·주름·안티에이징,오레가노잎추출물,1,45,0.022
탄력·주름·안티에이징,락토바실러스/콩발효추출물,1,45,0.022
탄력·주름·안티에이징,소듐시트레이트,1,45,0.022
탄력·주름·안티에이징,클로헥시딘다이글루코네이트,1,45,0.022
탄력·주름·안티에이징,효모발효추출물,1,45,0.022
탄력·주름·안티에이징,트라넥사믹애씨드,1,45,0.022
탄력·주름·안티에이징,비사보롤,1,45,0.022
탄력·주름·안티에이징,폴리글리세릴-2스테아레이트,1,45,0.022
탄력·주름·안티에이징,글리세릴스테아레이트시트레이트,1,45,0.022
탄력·주름·안티에이징,스테아레스-20,1,45,0.022
탄력·주름·안티에이징,황금추출물,1,45,0.022
탄력·주름·안티에이징,팔미토일에스에이치-트라이펩타이드-3아마이드,1,45,0.022
탄력·주름·안티에이징,니코티노일다이펩타이드-23,1,45,0.022
탄력·주름·안티에이징,헤스페리딘메틸칼콘,1,45,0.022
탄력·주름·안티에이징,흰버드나무껍질추출물,1,45,0.022
탄력·주름·안티에이징,폴리글리세릴-3다이스테아레이트,1,45,0.022
탄력·주름·안티에이징,수크로오스스테아레이트,1,45,0.022
탄력·주름·안티에이징,네오펜틸글라이콜다이에틸헥사노에이트,1,45,0.022
탄력·주름·안티에이징,글라이콜스테아레이트에스이,1,45,0.022
탄력·주름·안티에이징,하이드로제네이티드포스파티딜콜린,1,45,0.022
탄력·주름·안티에이징,스위트아몬드오일,1,45,0.022
탄력·주름·안티에이징,하이드록시프로필비스팔미타마이드엠이에이,1,45,0.022
탄력·주름·안티에이징,올레아놀릭애씨드,1,45,0.022
탄력·주름·안티에이징,비스-하이드록시에톡시프로필다이메티콘,1,45,0.022
탄력·주름·안티에이징,아크릴레이트/암모늄메타크릴레이트코폴리머,1,45,0.022
탄력·주름·안티에이징,만니톨,1,45,0.022
탄력·주름·안티에이징,호호바씨오일,1,45,0.022
탄력·주름·안티에이징,하이드롤라이즈드익스텐신,1,45,0.022
탄력·주름·안티에이징,유칼립투스잎오일,1,45,0.022
탄력·주름·안티에이징,피토스테릴마카다미에이트,1,45,0.022
탄력·주름·안티에이징,에틸헥실스테아레이트,1,45,0.022
탄력·주름·안티에이징,살비아추출물,1,45,0.022
탄력·주름·안티에이징,"2,3-부탄다이올",1,45,0.022
탄력·주름·안티에이징,C12-18애씨드트라이글리세라이드,1,45,0.022
탄력·주름·안티에이징,오레가노추출물,1,45,0.022
탄력·주름·안티에이징,트리스(테트라메틸하이드록시피페리딘올)시트레이트,1,45,0.022
탄력·주름·안티에이징,마트리카리아추출물,1,45,0.022
탄력·주름·안티에이징,프렌치로즈꽃추출물,1,45,0.022
탄력·주름·안티에이징,카카두플럼추출물,1,45,0.022
탄력·주름·안티에이징,다이펩타이드-4,1,45,0.022
탄력·주름·안티에이징,락틱애씨드,1,45,0.022
탄력·주름·안티에이징,C18-36애씨드트라이글리세라이드,1,45,0.022
탄력·주름·안티에이징,푸마릭애씨드,1,45,0.022
탄력·주름·안티에이징,페룰릭애씨드,1,45,0.022
탄력·주름·안티에이징,스쿠알렌,1,45,0.022
탄력·주름·안티에이징,소듐벤조에이트,1,45,0.022
탄력·주름·안티에이징,스테비아잎/줄기추출물,1,45,0.022
탄력·주름·안티에이징,덱스판테놀,1,45,0.022
탄력·주름·안티에이징,사플라워오일/팜오일아미노프로판다이올에스터,1,45,0.022
탄력·주름·안티에이징,포타슘세틸포스페이트,1,45,0.022
탄력·주름·안티에이징,온천수,1,45,0.022
탄력·주름·안티에이징,펜타에리스리틸다이스테아레이트,1,45,0.022
탄력·주름·안티에이징,글리세릴베헤네이트,1,45,0.022
탄력·주름·안티에이징,라우릴피이지-9폴리다이메틸실록시에틸다이메티콘,1,45,0.022
탄력·주름·안티에이징,아데닌,1,45,0.022
탄력·주름·안티에이징,사이토신,1,45,0.022
탄력·주름·안티에이징,달맞이꽃오일,1,45,0.022
탄력·주름·안티에이징,구아닌,1,45,0.022
탄력·주름·안티에이징,티민,1,45,0.022
탄력·주름·안티에이징,마트리카리아꽃추출물,1,45,0.022
탄력·주름·안티에이징,체이스트트리추출물,1,45,0.022
탄력·주름·안티에이징,아세틸헥사타이드-8,1,45,0.022
탄력·주름·안티에이징,트라이데세스-6,1,45,0.022
탄력·주름·안티에이징,우라실,1,45,0.022
탄력·주름·안티에이징,포트마리골드꽃오일,1,45,0.022
탄력·주름·안티에이징,올레라케아아크멜라추출물,1,45,0.022
탄력·주름·안티에이징,헬리크리숨 스토에카스추출물,1,45,0.022
탄력·주름·안티에이징,올리고펩타이드-1,1,45,0.022
탄력·주름·안티에이징,에델바이스캘러스배양추출물,1,45,0.022
탄력·주름·안티에이징,하이드록시에틸우레아,1,45,0.022
탄력·주름·안티에이징,라우릴알코올,1,45,0.022
탄력·주름·안티에이징,동백나무씨오일,1,45,0.022
탄력·주름·안티에이징,피씨에이,1,45,0.022
탄력·주름·안티에이징,아보카도오일,1,45,0.022
탄력·주름·안티에이징,에스에이치-올리고펩타이드-32에스피,1,45,0.022
탄력·주름·안티에이징,타임잎추출물,1,45,0.022
탄력·주름·안티에이징,미리스틸알코올,1,45,0.022
탄력·주름·안티에이징,폴스애플민트잎추출물,1,45,0.022
피지·모공·트러블,정제수,35,35,1.0
피지·모공·트러블,글리세린,34,35,0.971
피지·모공·트러블,부틸렌글라이콜,30,35,0.857
피지·모공·트러블,"1,2-헥산다이올",29,35,0.829
피지·모공·트러블,나이아신아마이드,25,35,0.714
피지·모공·트러블,에틸헥실글리세린,24,35,0.686
피지·모공·트러블,판테놀,22,35,0.629
피지·모공·트러블,하이드로제네이티드레시틴,21,35,0.6
피지·모공·트러블,토코페롤,20,35,0.571
피지·모공·트러블,세라마이드엔피,19,35,0.543
피지·모공·트러블,소듐하이알루로네이트,18,35,0.514
피지·모공·트러블,아크릴레이트/C10-30알킬아크릴레이트크로스폴리머,18,35,0.514
피지·모공·트러블,아데노신,17,35,0.486
피지·모공·트러블,펜틸렌글라이콜,17,35,0.486
피지·모공·트러블,다이소듐이디티에이,16,35,0.457
피지·모공·트러블,알란토인,16,35,0.457
피지·모공·트러블,다이프로필렌글라이콜,16,35,0.457
피지·모공·트러블,스쿠알란,16,35,0.457
피지·모공·트러블,카프릴릭/카프릭트라이글리세라이드,16,35,0.457
피지·모공·트러블,잔탄검,15,35,0.429
피지·모공·트러블,프로판다이올,14,35,0.4
피지·모공·트러블,트로메타민,14,35,0.4
피지·모공·트러블,하이드록시에틸아크릴레이트/소듐아크릴로일다이메틸타우레이트코폴리머,14,35,0.4
피지·모공·트러블,솔비탄올리베이트,13,35,0.371
피지·모공·트러블,병풀추출물,13,35,0.371
피지·모공·트러블,암모늄아크릴로일다이메틸타우레이트/브이피코폴리머,13,35,0.371
피지·모공·트러블,세테아릴올리베이트,12,35,0.343
피지·모공·트러블,글리세릴스테아레이트,12,35,0.343
피지·모공·트러블,알지닌,11,35,0.314
피지·모공·트러블,카보머,11,35,0.314
피지·모공·트러블,솔비탄아이소스테아레이트,10,35,0.286
피지·모공·트러블,향료,10,35,0.286
피지·모공·트러블,하이드로제네이티드폴리데센,9,35,0.257
피지·모공·트러블,아시아틱애씨드,9,35,0.257
피지·모공·트러블,마데카식애씨드,9,35,0.257
피지·모공·트러블,아시아티코사이드,9,35,0.257
피지·모공·트러블,세테아릴알코올,9,35,0.257
피지·모공·트러블,하이알루로닉애씨드,9,35,0.257
피지·모공·트러블,소듐하이알루로네이트크로스폴리머,8,35,0.229
피지·모공·트러블,마데카소사이드,8,35,0.229
피지·모공·트러블,폴리글리세릴-10라우레이트,8,35,0.229
피지·모공·트러블,다이포타슘글리시리제이트,8,35,0.229
피지·모공·트러블,하이드롤라이즈드하이알루로닉애씨드,8,35,0.229
피지·모공·트러블,세틸에틸헥사노에이트,7,35,0.2
피지·모공·트러블,글리세릴아크릴레이트/아크릴릭애씨드코폴리머,7,35,0.2
피지·모공·트러블,실리카,7,35,0.2
피지·모공·트러블,다이카프릴릴카보네이트,7,35,0.2
피지·모공·트러블,다이카프릴릴에터,7,35,0.2
피지·모공·트러블,시트릭애씨드,7,35,0.2
피지·모공·트러블,해바라기씨오일,7,35,0.2
피지·모공·트러블,치자추출물,6,35,0.171
피지·모공·트러블,덱스트린,6,35,0.171
피지·모공·트러블,하이드록시아세토페논,6,35,0.171
피지·모공·트러블,스테아릭애씨드,6,35,0.171
피지·모공·트러블,베헤닐알코올,6,35,0.171
피지·모공·트러블,하이드로제네이티드폴리(C6-14올레핀),6,35,0.171
피지·모공·트러블,하이드로제네이티드폴리아이소부텐,6,35,0.171
피지·모공·트러블,다이메티콘,6,35,0.171
피지·모공·트러블,프로필렌글라이콜,6,35,0.171
피지·모공·트러블,메틸프로판다이올,5,35,0.143
피지·모공·트러블,카프릴릴글라이콜,5,35,0.143
피지·모공·트러블,에틸헥실팔미테이트,5,35,0.143
피지·모공·트러블,비닐다이메티콘,5,35,0.143
피지·모공·트러블,글리세릴스테아레이트시트레이트,5,35,0.143
피지·모공·트러블,베타-글루칸,5,35,0.143
피지·모공·트러블,글루코오스,5,35,0.143
피지·모공·트러블,스테아릴알코올,5,35,0.143
피지·모공·트러블,레시틴,5,35,0.143
피지·모공·트러블,아라키딜글루코사이드,5,35,0.143
피지·모공·트러블,아라키딜알코올,5,35,0.143
피지·모공·트러블,베타인,5,35,0.143
피지·모공·트러블,녹차추출물,5,35,0.143
피지·모공·트러블,소듐아세틸레이티드하이알루로네이트,5,35,0.143
피지·모공·트러블,살리실릭애씨드,5,35,0.143
피지·모공·트러블,소듐카보머,4,35,0.114
피지·모공·트러블,피토스테롤,4,35,0.114
피지·모공·트러블,카프릴로일살리실릭애씨드,4,35,0.114
피지·모공·트러블,병풀꽃/잎/줄기추출물,4,35,0.114
피지·모공·트러블,에리스리톨,4,35,0.114
피지·모공·트러블,락토바실러스발효물,4,35,0.114
피지·모공·트러블,프룩토올리고사카라이드,4,35,0.114
피지·모공·트러블,소듐스테아로일글루타메이트,4,35,0.114
피지·모공·트러블,콜레스테롤,4,35,0.114
피지·모공·트러블,카프릴릴/카프릴글루코사이드,4,35,0.114
피지·모공·트러블,폴리글리세릴-3다이스테아레이트,4,35,0.114
피지·모공·트러블,하이드록시에틸셀룰로오스,4,35,0.114
피지·모공·트러블,폴리메틸실세스퀴옥세인,4,35,0.114
피지·모공·트러블,글리세릴카프릴레이트,4,35,0.114
피지·모공·트러블,팔미틱애씨드,4,35,0.114
피지·모공·트러블,하이드롤라이즈드콜라겐,4,35,0.114
피지·모공·트러블,트레할로오스,4,35,0.114
피지·모공·트러블,밤껍질추출물,4,35,0.114
피지·모공·트러블,잇꽃꽃추출물,4,35,0.114
피지·모공·트러블,에스에이치-올리고펩타이드-1,4,35,0.114
피지·모공·트러블,하이드롤라이즈드소듐하이알루로네이트,4,35,0.114
피지·모공·트러블,하이드록시프로필트라이모늄하이알루로네이트,4,35,0.114
피지·모공·트러블,당느릅나무뿌리추출물,4,35,0.114
피지·모공·트러블,세틸알코올,4,35,0.114
피지·모공·트러블,글루코노락톤,3,35,0.086
피지·모공·트러블,벤질글라이콜,3,35,0.086
피지·모공·트러블,폴리글루타믹애씨드,3,35,0.086
피지·모공·트러블,쑥잎추출물,3,35,0.086
피지·모공·트러블,트라이소듐에틸렌다이아민다이석시네이트,3,35,0.086
피지·모공·트러블,효모발효여과물,3,35,0.086
피지·모공·트러블,병풀뿌리추출물,3,35,0.086
피지·모공·트러블,솔비톨,3,35,0.086
피지·모공·트러블,다발방패버섯추출물,3,35,0.086
피지·모공·트러블,병풀잎추출물,3,35,0.086
피지·모공·트러블,포스파티딜콜린,3,35,0.086
피지·모공·트러블,칼슘판토테네이트,3,35,0.086
피지·모공·트러블,비피다발효여과물,3,35,0.086
피지·모공·트러블,트라이하이드록시스테아린,3,35,0.086
피지·모공·트러블,아이소도데케인,3,35,0.086
피지·모공·트러블,소듐파이테이트,3,35,0.086
피지·모공·트러블,폴리글리세릴-10스테아레이트,3,35,0.086
피지·모공·트러블,세라마이드이오피,3,35,0.086
피지·모공·트러블,메도우폼씨오일,3,35,0.086
피지·모공·트러블,세라마이드에이피,3,35,0.086
피지·모공·트러블,비닐다이메티콘/메티콘실세스퀴옥세인크로스폴리머,3,35,0.086
피지·모공·트러블,다이메티콘/비닐다이메티콘크로스폴리머,3,35,0.086
피지·모공·트러블,피토스핑고신,3,35,0.086
피지·모공·트러블,시어버터,3,35,0.086
피지·모공·트러블,"2,3-부탄다이올",3,35,0.086
피지·모공·트러블,메틸트라이메티콘,3,35,0.086
피지·모공·트러블,사코신,3,35,0.086
피지·모공·트러블,약모밀추출물,3,35,0.086
피지·모공·트러블,마카다미아씨오일,3,35,0.086
피지·모공·트러블,자일리톨,3,35,0.086
피지·모공·트러블,포도추출물,3,35,0.086
피지·모공·트러블,팔미토일트라이펩타이드-5,3,35,0.086
피지·모공·트러블,폴리아크릴레이트크로스폴리머-6,3,35,0.086
피지·모공·트러블,만니톨,3,35,0.086
피지·모공·트러블,토코페릴아세테이트,3,35,0.086
피지·모공·트러블,소듐폴리아크릴레이트,3,35,0.086
피지·모공·트러블,포타슘하이알루로네이트,3,35,0.086
피지·모공·트러블,라우릴알코올,3,35,0.086
피지·모공·트러블,세린,3,35,0.086
피지·모공·트러블,타임잎추출물,3,35,0.086
피지·모공·트러블,미리스틸알코올,3,35,0.086
피지·모공·트러블,글라이신,3,35,0.086
피지·모공·트러블,칡뿌리추출물,3,35,0.086
피지·모공·트러블,메틸메타크릴레이트크로스폴리머,3,35,0.086
피지·모공·트러블,샤프란꽃추출물,2,35,0.057
피지·모공·트러블,폴리글리세릴-4카프레이트,2,35,0.057
피지·모공·트러블,회향씨추출물,2,35,0.057
피지·모공·트러블,병풀캘러스세포외소포,2,35,0.057
피지·모공·트러블,소듐디엔에이,2,35,0.057
피지·모공·트러블,소두구씨추출물,2,35,0.057
피지·모공·트러블,감추출물,2,35,0.057
피지·모공·트러블,고수추출물,2,35,0.057
피지·모공·트러블,세라마이드엔에스,2,35,0.057
피지·모공·트러블,다이글리세린,2,35,0.057
피지·모공·트러블,소듐헤파린,2,35,0.057
피지·모공·트러블,석시닉애씨드,2,35,0.057
피지·모공·트러블,프룩토오스,2,35,0.057
피지·모공·트러블,세라마이드에이에스,2,35,0.057
피지·모공·트러블,폴리글리세릴-2스테아레이트,2,35,0.057
피지·모공·트러블,클로렐라 불가리스추출물,2,35,0.057
피지·모공·트러블,펜타에리스리틸테트라에틸헥사노에이트,2,35,0.057
피지·모공·트러블,하이드로제네이티드쌀겨오일,2,35,0.057
피지·모공·트러블,C14-22알코올,2,35,0.057
피지·모공·트러블,C12-20알킬글루코사이드,2,35,0.057
피지·모공·트러블,글리세릴폴리메타크릴레이트,2,35,0.057
피지·모공·트러블,팔미타마이드엠이에이,2,35,0.057
피지·모공·트러블,올리브오일,2,35,0.057
피지·모공·트러블,아세타마이드엠이에이,2,35,0.057
피지·모공·트러블,오일팜오일,2,35,0.057
피지·모공·트러블,올레아놀릭애씨드,2,35,0.057
피지·모공·트러블,소듐글루코네이트,2,35,0.057
피지·모공·트러블,에난티아 클로란타껍질추출물,2,35,0.057
피지·모공·트러블,완두콩추출물,2,35,0.057
피지·모공·트러블,블랙체리열매추출물,2,35,0.057
피지·모공·트러블,초피나무열매추출물,2,35,0.057
피지·모공·트러블,커피콩추출물,2,35,0.057
피지·모공·트러블,호장근뿌리추출물,2,35,0.057
피지·모공·트러블,감나무잎추출물,2,35,0.057
피지·모공·트러블,알로에베라잎추출물,2,35,0.057
피지·모공·트러블,글리세릴글루코사이드,2,35,0.057
피지·모공·트러블,유칼립투스잎추출물,2,35,0.057
피지·모공·트러블,하이드롤라이즈드엘라스틴,2,35,0.057
피지·모공·트러블,네오펜틸글라이콜다이헵타노에이트,2,35,0.057
피지·모공·트러블,아세틸헥사펩타이드-8,2,35,0.057
피지·모공·트러블,호호바에스터,2,35,0.057
피지·모공·트러블,황금추출물,2,35,0.057
피지·모공·트러블,폴리라이신,2,35,0.057
피지·모공·트러블,코코-카프릴레이트/카프레이트,2,35,0.057
피지·모공·트러블,레티놀,2,35,0.057
피지·모공·트러블,세테아릴글루코사이드,2,35,0.057
피지·모공·트러블,돌콩오일,2,35,0.057
피지·모공·트러블,다이페닐다이메티콘,2,35,0.057
피지·모공·트러블,레틴알,2,35,0.057
피지·모공·트러블,풀루란,2,35,0.057
피지·모공·트러블,소듐시트레이트,2,35,0.057
피지·모공·트러블,아라비아고무나무검,2,35,0.057
피지·모공·트러블,솔비탄올리에이트,2,35,0.057
피지·모공·트러블,폴리아이소부텐,2,35,0.057
피지·모공·트러블,소듐아크릴레이트/소듐아크릴로일다이메틸타우레이트코폴리머,2,35,0.057
피지·모공·트러블,글라이코리피드,2,35,0.057
피지·모공·트러블,폴리글리세릴-3메틸글루코오스다이스테아레이트,2,35,0.057
피지·모공·트러블,황련뿌리추출물,2,35,0.057
피지·모공·트러블,티트리잎추출물,2,35,0.057
피지·모공·트러블,알라닌,2,35,0.057
피지·모공·트러블,트레오닌,2,35,0.057
피지·모공·트러블,아이소류신,2,35,0.057
피지·모공·트러블,하이드록시에틸우레아,2,35,0.057
피지·모공·트러블,동백나무씨오일,2,35,0.057
피지·모공·트러블,피씨에이,2,35,0.057
피지·모공·트러블,소듐피씨에이,2,35,0.057
피지·모공·트러블,소듐락테이트,2,35,0.057
피지·모공·트러블,아보카도오일,2,35,0.057
피지·모공·트러블,에스에이치-올리고펩타이드-32에스피,2,35,0.057
피지·모공·트러블,아스파틱애씨드,2,35,0.057
피지·모공·트러블,페닐알라닌,2,35,0.057
피지·모공·트러블,발린,2,35,0.057
피지·모공·트러블,폴스애플민트잎추출물,2,35,0.057
피지·모공·트러블,히스티딘,2,35,0.057
피지·모공·트러블,프롤린,2,35,0.057
피지·모공·트러블,사이클로헥사실록세인,2,35,0.057
피지·모공·트러블,카프릴릴메티콘,2,35,0.057
피지·모공·트러블,아이소헥사데칸,2,35,0.057
피지·모공·트러블,사이클로펜타실록세인,2,35,0.057
피지·모공·트러블,은행나무잎추출물,2,35,0.057
피지·모공·트러블,람노오스,2,35,0.057
피지·모공·트러블,라미나리아 오크롤레우카추출물,2,35,0.057
피지·모공·트러블,대왕소나무잎추출물,2,35,0.057
피지·모공·트러블,달맞이꽃꽃추출물,2,35,0.057
피지·모공·트러블,소듐하이드록사이드,2,35,0.057
피지·모공·트러블,변성알코올,2,35,0.057
피지·모공·트러블,C18-21알케인,1,35,0.029
피지·모공·트러블,쌀추출물,1,35,0.029
피지·모공·트러블,녹차카테킨,1,35,0.029
피지·모공·트러블,카페인,1,35,0.029
피지·모공·트러블,버지니아풍년화추출물,1,35,0.029
피지·모공·트러블,삼색제비꽃추출물,1,35,0.029
피지·모공·트러블,코코넛야자오일,1,35,0.029
피지·모공·트러블,황해쑥잎추출물,1,35,0.029
피지·모공·트러블,비스-하이드록시에톡시프로필다이메티콘,1,35,0.029
피지·모공·트러블,황해쑥잎수,1,35,0.029
피지·모공·트러블,이눌린라우릴카바메이트,1,35,0.029
피지·모공·트러블,식물성오일,1,35,0.029
피지·모공·트러블,소듐포스페이트,1,35,0.029
피지·모공·트러블,다이소듐포스페이트,1,35,0.029
피지·모공·트러블,레드신코나나무껍질추출물,1,35,0.029
피지·모공·트러블,매듭풀추출물,1,35,0.029
피지·모공·트러블,아세틸다이펩타이드-1세틸에스터,1,35,0.029
피지·모공·트러블,아모다이메티콘,1,35,0.029
피지·모공·트러블,콜라겐아미노산,1,35,0.029
피지·모공·트러블,테트라메틸아세틸옥타하이드로나프탈렌,1,35,0.029
피지·모공·트러블,리날릴아세테이트,1,35,0.029
피지·모공·트러블,t-부틸알코올,1,35,0.029
피지·모공·트러블,마누카잎추출물,1,35,0.029
피지·모공·트러블,아세틸헥사펩타이드-1,1,35,0.029
피지·모공·트러블,쿠마린,1,35,0.029
피지·모공·트러블,다이페닐실록시페닐트라이메티콘,1,35,0.029
피지·모공·트러블,데사미도콜라겐,1,35,0.029
피지·모공·트러블,아세틸옥타펩타이드-3,1,35,0.029
피지·모공·트러블,터피네올,1,35,0.029
피지·모공·트러블,수용성콜라겐,1,35,0.029
피지·모공·트러블,아이소노닐아이소노나노에이트,1,35,0.029
피지·모공·트러블,솔비탄라우레이트,1,35,0.029
피지·모공·트러블,캐스터오일/아이피디아이코폴리머,1,35,0.029
피지·모공·트러블,티트리잎오일,1,35,0.029
피지·모공·트러블,레몬그라스추출물,1,35,0.029
피지·모공·트러블,콘민트추출물,1,35,0.029
피지·모공·트러블,콜라겐,1,35,0.029
피지·모공·트러블,아텔로콜라겐,1,35,0.029
피지·모공·트러블,프로콜라겐,1,35,0.029
피지·모공·트러블,하이드롤라이즈드콩단백질,1,35,0.029
피지·모공·트러블,카르노신,1,35,0.029
피지·모공·트러블,아세틸테트라펩타이드-2,1,35,0.029
피지·모공·트러블,칼메그추출물,1,35,0.029
피지·모공·트러블,포트마리골드꽃추출물,1,35,0.029
피지·모공·트러블,하이드롤라이즈드디엔에이,1,35,0.029
피지·모공·트러블,리놀레닉애씨드,1,35,0.029
피지·모공·트러블,글리세레스-26,1,35,0.029
피지·모공·트러블,올리브잎세포추출물,1,35,0.029
피지·모공·트러블,리놀레익애씨드,1,35,0.029
피지·모공·트러블,카프릴릴/카프릴트라이글리세라이드,1,35,0.029
피지·모공·트러블,하이드로제네이티드올리브오일불검화물,1,35,0.029
피지·모공·트러블,아이소스테아릴아이소스테아레이트,1,35,0.029
피지·모공·트러블,베헤닉애씨드,1,35,0.029
피지·모공·트러블,오일팜커넬오일,1,35,0.029
피지·모공·트러블,피토스테릴/이소스테아릴/세틸/스테아릴/베헤닐다이머디리놀리에이트,1,35,0.029
피지·모공·트러블,세라마이드엔지,1,35,0.029
피지·모공·트러블,라우릴글루코사이드,1,35,0.029
피지·모공·트러블,폴리글리세릴-6라우레이트,1,35,0.029
피지·모공·트러블,다이에톡시에틸석시네이트,1,35,0.029
피지·모공·트러블,글라이코프로테인,1,35,0.029
피지·모공·트러블,제인,1,35,0.029
피지·모공·트러블,글리세릴올리에이트,1,35,0.029
피지·모공·트러블,소듐메타포스페이트,1,35,0.029
피지·모공·트러블,엑토인,1,35,0.029
피지·모공·트러블,다이메틸아이소소바이드,1,35,0.029
피지·모공·트러블,베타-카로틴,1,35,0.029
피지·모공·트러블,하이드록시피나콜론레티노에이트,1,35,0.029
피지·모공·트러블,미리스틸글루코사이드,1,35,0.029
피지·모공·트러블,폴리글리세릴-6카프릴레이트,1,35,0.029
피지·모공·트러블,소듐트라이메타포스페이트,1,35,0.029
피지·모공·트러블,병풀잎수,1,35,0.029
피지·모공·트러블,펙틴,1,35,0.029
피지·모공·트러블,당근추출물,1,35,0.029
피지·모공·트러블,실리카실릴레이트,1,35,0.029
피지·모공·트러블,카올린,1,35,0.029
피지·모공·트러블,페녹시에탄올,1,35,0.029
피지·모공·트러블,황,1,35,0.029
피지·모공·트러블,카르니틴,1,35,0.029
피지·모공·트러블,클로페네신,1,35,0.029
피지·모공·트러블,팔미토일트라이펩타이드-38,1,35,0.029
피지·모공·트러블,콜라겐수,1,35,0.029
피지·모공·트러블,엘라스틴,1,35,0.029
피지·모공·트러블,팔미토일펜타펩타이드-4,1,35,0.029
피지·모공·트러블,사이아노코발아민,1,35,0.029
피지·모공·트러블,트라이에틸헥사노인,1,35,0.029
피지·모공·트러블,콜라겐추출물,1,35,0.029
피지·모공·트러블,수용성엘라스틴,1,35,0.029
피지·모공·트러블,카퍼트라이펩타이드-1,1,35,0.029
피지·모공·트러블,시메티콘,1,35,0.029
피지·모공·트러블,실란트라이올,1,35,0.029
피지·모공·트러블,헥사펩타이드-9,1,35,0.029
피지·모공·트러블,펜타펩타이드-4,1,35,0.029
피지·모공·트러블,알지닉애씨드,1,35,0.029
피지·모공·트러블,다이머다이리놀레일다이머다이리놀리에이트,1,35,0.029
피지·모공·트러블,헥사펩타이드-12,1,35,0.029
피지·모공·트러블,트라이펩타이드-1,1,35,0.029
피지·모공·트러블,미네랄워터,1,35,0.029
피지·모공·트러블,지모뿌리추출물,1,35,0.029
피지·모공·트러블,아나토씨오일,1,35,0.029
피지·모공·트러블,레티닐팔미테이트,1,35,0.029
피지·모공·트러블,포타슘하이드록사이드,1,35,0.029
피지·모공·트러블,징크클로라이드,1,35,0.029
피지·모공·트러블,아이소펜틸다이올,1,35,0.029
피지·모공·트러블,다시마추출물,1,35,0.029
피지·모공·트러블,아스코빅애씨드,1,35,0.029
피지·모공·트러블,페퍼민트추출물,1,35,0.029
피지·모공·트러블,참산호말추출물,1,35,0.029
피지·모공·트러블,멘틸락테이트,1,35,0.029
피지·모공·트러블,아이비고드열매추출물,1,35,0.029
피지·모공·트러블,드럼스틱씨오일,1,35,0.029
피지·모공·트러블,제비꽃꽃추출물,1,35,0.029
피지·모공·트러블,인도멀구슬나무잎추출물,1,35,0.029
피지·모공·트러블,에틸멘탄카복사마이드,1,35,0.029
피지·모공·트러블,가지열매추출물,1,35,0.029
피지·모공·트러블,페퍼민트오일,1,35,0.029
피지·모공·트러블,인도멀구슬나무꽃추출물,1,35,0.029
피지·모공·트러블,백미꽃추출물,1,35,0.029
피지·모공·트러블,폴리쿼터늄-51,1,35,0.029
피지·모공·트러블,메틸다이아이소프로필프로피온아마이드,1,35,0.029
피지·모공·트러블,홀리바질잎추출물,1,35,0.029
피지·모공·트러블,3-O-에틸아스코빅애씨드,1,35,0.029
피지·모공·트러블,라임추출물,1,35,0.029
피지·모공·트러블,호박가루,1,35,0.029
피지·모공·트러블,울금뿌리추출물,1,35,0.029
피지·모공·트러블,자작나무수액,1,35,0.029
피지·모공·트러블,글루타티온,1,35,0.029
피지·모공·트러블,참마뿌리추출물,1,35,0.029
피지·모공·트러블,칸디다 봄비콜라/글루코오스/메틸레이프씨데이트발효물,1,35,0.029
피지·모공·트러블,수크로오스다이스테아레이트,1,35,0.029
피지·모공·트러블,헥실데칸올,1,35,0.029
피지·모공·트러블,하이드로제네이티드채종유,1,35,0.029
피지·모공·트러블,헥실데실라우레이트,1,35,0.029
피지·모공·트러블,미리스틱애씨드,1,35,0.029
피지·모공·트러블,수크로오스스테아레이트,1,35,0.029
피지·모공·트러블,알로에베라잎즙가루,1,35,0.029
피지·모공·트러블,수크로오스트라이스테아레이트,1,35,0.029
피지·모공·트러블,세틸팔미테이트,1,35,0.029
피지·모공·트러블,호호바씨오일,1,35,0.029
피지·모공·트러블,솔비탄팔미테이트,1,35,0.029
피지·모공·트러블,에스에이치-폴리펩타이드-16,1,35,0.029
피지·모공·트러블,에스에이치-폴리펩타이드-62,1,35,0.029
피지·모공·트러블,에스에이치-폴리펩타이드-11,1,35,0.029
피지·모공·트러블,아세틸글루코사민,1,35,0.029
피지·모공·트러블,에스에이치-폴리펩타이드-3,1,35,0.029
피지·모공·트러블,찔레꽃꽃수,1,35,0.029
피지·모공·트러블,에스에이치-폴리펩타이드-9,1,35,0.029
피지·모공·트러블,폴리솔베이트60,1,35,0.029
피지·모공·트러블,에스에이치-폴리펩타이드-1,1,35,0.029
피지·모공·트러블,흰서양송로추출물,1,35,0.029
피지·모공·트러블,에스에이치-올리고펩타이드-2,1,35,0.029
피지·모공·트러블,천궁추출물,1,35,0.029
피지·모공·트러블,에스에이치-폴리펩타이드-22,1,35,0.029
피지·모공·트러블,옥틸도데칸올,1,35,0.029
피지·모공·트러블,폴리아크릴레이트-13,1,35,0.029
피지·모공·트러블,대왕송잎추출물,1,35,0.029
피지·모공·트러블,다이메틸설폰,1,35,0.029
피지·모공·트러블,소듐폴리아크릴로일다이메틸타우레이트,1,35,0.029
피지·모공·트러블,트라이소듐포스페이트,1,35,0.029
피지·모공·트러블,루틴,1,35,0.029
피지·모공·트러블,하이드록시신나믹애씨드,1,35,0.029
피지·모공·트러블,달맞이꽃추출물,1,35,0.029
피지·모공·트러블,징크글루코네이트,1,35,0.029
피지·모공·트러블,바쿠치올,1,35,0.029
피지·모공·트러블,글리시레티닉애씨드,1,35,0.029
피지·모공·트러블,소듐메타바이설파이트,1,35,0.029
피지·모공·트러블,마트리카리아꽃추출물,1,35,0.029
피지·모공·트러블,페퍼민트잎추출물,1,35,0.029
피지·모공·트러블,글루타믹애씨드,1,35,0.029
피지·모공·트러블,마조람잎추출물,1,35,0.029
피지·모공·트러블,로즈힙열매추출물,1,35,0.029
피지·모공·트러블,락토바실러스/히비스커스꽃발효여과물,1,35,0.029
피지·모공·트러블,마그네슘알루미늄실리케이트,1,35,0.029
피지·모공·트러블,파파야열매추출물,1,35,0.029
피지·모공·트러블,양파추출물,1,35,0.029
피지·모공·트러블,락틱애씨드,1,35,0.029
피지·모공·트러블,셀룰로오스검,1,35,0.029
피지·모공·트러블,티트리추출물,1,35,0.029
피지·모공·트러블,하이드록시프로필스타치,1,35,0.029
피지·모공·트러블,알루미늄수크로오스옥타설페이트,1,35,0.029
피지·모공·트러블,설퍼콜로이드,1,35,0.029
피지·모공·트러블,소듐카복시메틸스타치,1,35,0.029
피지·모공·트러블,칼라민,1,35,0.029
피지·모공·트러블,소듐서팩틴,1,35,0.029
피지·모공·트러블,하이드롤라이즈드글라이코사미노글리칸,1,35,0.029
피지·모공·트러블,유채스테롤,1,35,0.029
피지·모공·트러블,퀸즈랜드넛오일,1,35,0.029
피지·모공·트러블,피토스테릴/베헤닐/옥틸도데실라우로일글루타메이트,1,35,0.029
피지·모공·트러블,징크옥사이드,1,35,0.029
피지·모공·트러블,셀룰로오스,1,35,0.029
피지·모공·트러블,라즈베리케톤,1,35,0.029
피지·모공·트러블,폴리글리세릴-10올리에이트,1,35,0.029
피지·모공·트러블,쇠비름추출물,1,35,0.029
피지·모공·트러블,아크릴아마이드/소듐아크릴로일다이메틸타우레이트코폴리머,1,35,0.029
피지·모공·트러블,폴리솔베이트80,1,35,0.029
피지·모공·트러블,펄라이트,1,35,0.029
피지·모공·트러블,트라이에탄올아민,1,35,0.029
피지·모공·트러블,코카마이드엠이에이,1,35,0.029
피지·모공·트러블,피이지-100스테아레이트,1,35,0.029
피지·모공·트러블,아이소세틸스테아레이트,1,35,0.029
피지·모공·트러블,테트라소듐이디티에이,1,35,0.029
피지·모공·트러블,무화과추출물,1,35,0.029
피지·모공·트러블,하이드롤라이즈드치자추출물,1,35,0.029
피지·모공·트러블,토마토수,1,35,0.029
피지·모공·트러블,다이메티콘올,1,35,0.029
피지·모공·트러블,말토덱스트린,1,35,0.029
피지·모공·트러블,토마토즙,1,35,0.029
피지·모공·트러블,말굽잔나비버섯추출물,1,35,0.029
피지·모공·트러블,도데실갈레이트,1,35,0.029
피지·모공·트러블,피이지/피피지-18/18다이메티콘,1,35,0.029
피지·모공·트러블,라우릴피이지/피피지-18/18메티콘,1,35,0.029
피지·모공·트러블,C30-45알킬세테아릴다이메티콘크로스폴리머,1,35,0.029
피지·모공·트러블,트라이데세스-6,1,35,0.029
피지·모공·트러블,미네랄오일,1,35,0.029
