product_id,product_name,canonical_name,ingredient_order,concentration_ppm
A000000260257,제로이드 수딩 크림,정제수,1,
A000000260257,제로이드 수딩 크림,글리세린,2,
A000000260257,제로이드 수딩 크림,프로판다이올,3,
A000000260257,제로이드 수딩 크림,카프릴릭/카프릭트라이글리세라이드,4,
A000000260257,제로이드 수딩 크림,솔비탄스테아레이트,5,
A000000260257,제로이드 수딩 크림,세테아릴알코올,6,
A000000260257,제로이드 수딩 크림,잇꽃씨오일,7,
A000000260257,제로이드 수딩 크림,글리세릴스테아레이트,8,
A000000260257,제로이드 수딩 크림,스테아릭애씨드,9,
A000000260257,제로이드 수딩 크림,다이메티콘,10,
A000000260257,제로이드 수딩 크림,미리스토일/팔미토일옥소스테아라마이드/아라카마이드엠이에이,11,
A000000260257,제로이드 수딩 크림,메틸카프로오일타이로지네이트,12,
A000000260257,제로이드 수딩 크림,피토스테롤,13,
A000000260257,제로이드 수딩 크림,토코페릴아세테이트,14,
A000000260257,제로이드 수딩 크림,비사보롤,15,
A000000260257,제로이드 수딩 크림,잔탄검,16,
A000000260257,제로이드 수딩 크림,소듐하이알루로네이트,17,
A000000260257,제로이드 수딩 크림,카보머,18,
A000000260257,제로이드 수딩 크림,알지닌,19,
A000000260257,제로이드 수딩 크림,"1,2-헥산다이올",20,
A000000260257,제로이드 수딩 크림,카프릴릴글라이콜,21,
A000000260257,제로이드 수딩 크림,트로폴론,22,
A000000226553,브링그린 티트리 시카 수딩 크림 플러스,정제수,1,
A000000226553,브링그린 티트리 시카 수딩 크림 플러스,부틸렌글라이콜,2,
A000000226553,브링그린 티트리 시카 수딩 크림 플러스,스쿠알란,3,
A000000226553,브링그린 티트리 시카 수딩 크림 플러스,티트리잎수,4,
A000000226553,브링그린 티트리 시카 수딩 크림 플러스,프로판다이올,5,
A000000226553,브링그린 티트리 시카 수딩 크림 플러스,"1,2-헥산다이올",6,
A000000226553,브링그린 티트리 시카 수딩 크림 플러스,나이아신아마이드,7,
A000000226553,브링그린 티트리 시카 수딩 크림 플러스,펜틸렌글라이콜,8,
A000000226553,브링그린 티트리 시카 수딩 크림 플러스,폴리글리세릴-3메틸글루코오스다이스테아레이트,9,
A000000226553,브링그린 티트리 시카 수딩 크림 플러스,다이글리세린,10,
A000000226553,브링그린 티트리 시카 수딩 크림 플러스,티트리추출물,11,
A000000226553,브링그린 티트리 시카 수딩 크림 플러스,티트리잎추출물,12,
A000000226553,브링그린 티트리 시카 수딩 크림 플러스,병풀추출물,13,
A000000226553,브링그린 티트리 시카 수딩 크림 플러스,티트리꽃/잎/줄기추출물,14,
A000000226553,브링그린 티트리 시카 수딩 크림 플러스,티트리잎오일,15,
A000000226553,브링그린 티트리 시카 수딩 크림 플러스,하이드록시에틸아크릴레이트/소듐아크릴로일다이메틸타우레이트코폴리머,16,
A000000226553,브링그린 티트리 시카 수딩 크림 플러스,폴리메틸실세스퀴옥세인,17,
A000000226553,브링그린 티트리 시카 수딩 크림 플러스,아크릴레이트/C10-30알킬아크릴레이트크로스폴리머,18,
A000000226553,브링그린 티트리 시카 수딩 크림 플러스,트로메타민,19,
A000000226553,브링그린 티트리 시카 수딩 크림 플러스,솔비탄아이소스테아레이트,20,
A000000226553,브링그린 티트리 시카 수딩 크림 플러스,마데카소사이드,21,
A000000226553,브링그린 티트리 시카 수딩 크림 플러스,토코페롤,22,
A000000226553,브링그린 티트리 시카 수딩 크림 플러스,에틸헥실글리세린,23,
A000000192782,에스네이처 아쿠아 스쿠알란 수분크림,정제수,1,
A000000192782,에스네이처 아쿠아 스쿠알란 수분크림,스쿠알란,2,150000
A000000192782,에스네이처 아쿠아 스쿠알란 수분크림,글리세린,3,
A000000192782,에스네이처 아쿠아 스쿠알란 수분크림,"1,2-헥산다이올",4,
A000000192782,에스네이처 아쿠아 스쿠알란 수분크림,베타인,5,
A000000192782,에스네이처 아쿠아 스쿠알란 수분크림,판테놀,6,
A000000192782,에스네이처 아쿠아 스쿠알란 수분크림,소듐하이알루로네이트,7,
A000000192782,에스네이처 아쿠아 스쿠알란 수분크림,하이드롤라이즈드콜라겐,8,
A000000192782,에스네이처 아쿠아 스쿠알란 수분크림,하이드록시프로필트라이모늄하이알루로네이트,9,
A000000192782,에스네이처 아쿠아 스쿠알란 수분크림,하이드롤라이즈드하이알루로닉애씨드,10,
A000000192782,에스네이처 아쿠아 스쿠알란 수분크림,소듐아세틸레이티드하이알루로네이트,11,
A000000192782,에스네이처 아쿠아 스쿠알란 수분크림,아세틸헥사펩타이드-8,12,
A000000192782,에스네이처 아쿠아 스쿠알란 수분크림,아데노신,13,
A000000192782,에스네이처 아쿠아 스쿠알란 수분크림,하이알루로닉애씨드,14,
A000000192782,에스네이처 아쿠아 스쿠알란 수분크림,하이드롤라이즈드소듐하이알루로네이트,15,
A000000192782,에스네이처 아쿠아 스쿠알란 수분크림,소듐하이알루로네이트크로스폴리머,16,
A000000192782,에스네이처 아쿠아 스쿠알란 수분크림,포타슘하이알루로네이트,17,
A000000192782,에스네이처 아쿠아 스쿠알란 수분크림,아크릴레이트/C10-30알킬아크릴레이트크로스폴리머,18,
A000000192782,에스네이처 아쿠아 스쿠알란 수분크림,알지닌,19,
A000000192782,에스네이처 아쿠아 스쿠알란 수분크림,알란토인,20,
A000000192782,에스네이처 아쿠아 스쿠알란 수분크림,자일리틸글루코사이드,21,
A000000192782,에스네이처 아쿠아 스쿠알란 수분크림,안하이드로자일리톨,22,
A000000192782,에스네이처 아쿠아 스쿠알란 수분크림,자일리톨,23,
A000000192782,에스네이처 아쿠아 스쿠알란 수분크림,글루코오스,24,
A000000192782,에스네이처 아쿠아 스쿠알란 수분크림,부틸렌글라이콜,25,
A000000192782,에스네이처 아쿠아 스쿠알란 수분크림,암모늄아크릴로일다이메틸타우레이트/브이피코폴리머,26,
A000000192782,에스네이처 아쿠아 스쿠알란 수분크림,카프릴릴글라이콜,27,
A000000233337,션리 다시마 글레이즈드 크림,정제수,1,
A000000233337,션리 다시마 글레이즈드 크림,다시마즙,2,200000
A000000233337,션리 다시마 글레이즈드 크림,사이클로헥사실록세인,3,
A000000233337,션리 다시마 글레이즈드 크림,글리세린,4,
A000000233337,션리 다시마 글레이즈드 크림,하이드로제네이티드폴리(C6-14올레핀),5,
A000000233337,션리 다시마 글레이즈드 크림,다이카프릴릴카보네이트,6,
A000000233337,션리 다시마 글레이즈드 크림,메틸프로판다이올,7,
A000000233337,션리 다시마 글레이즈드 크림,라우릴폴리글리세릴-3폴리다이메틸실록시에틸다이메티콘,8,
A000000233337,션리 다시마 글레이즈드 크림,나이아신아마이드,9,
A000000233337,션리 다시마 글레이즈드 크림,비닐다이메티콘,10,
A000000233337,션리 다시마 글레이즈드 크림,"1,2-헥산다이올",11,
A000000233337,션리 다시마 글레이즈드 크림,마그네슘설페이트,12,
A000000233337,션리 다시마 글레이즈드 크림,하이드록시아세토페논,13,
A000000233337,션리 다시마 글레이즈드 크림,부틸렌글라이콜,14,
A000000233337,션리 다시마 글레이즈드 크림,옥수수전분,15,
A000000233337,션리 다시마 글레이즈드 크림,만니톨,16,
A000000233337,션리 다시마 글레이즈드 크림,마이크로크리스탈린셀룰로오스,17,
A000000233337,션리 다시마 글레이즈드 크림,에틸헥실글리세린,18,
A000000233337,션리 다시마 글레이즈드 크림,하이드로제네이티드레시틴,19,
A000000233337,션리 다시마 글레이즈드 크림,아데노신,20,
A000000233337,션리 다시마 글레이즈드 크림,다이소듐이디티에이,21,
A000000233337,션리 다시마 글레이즈드 크림,잇꽃꽃추출물,22,
A000000233337,션리 다시마 글레이즈드 크림,덱스트린,23,
A000000233337,션리 다시마 글레이즈드 크림,치자추출물,24,
A000000233337,션리 다시마 글레이즈드 크림,하이드로제네이티드폴리데센,25,
A000000233337,션리 다시마 글레이즈드 크림,소듐하이알루로네이트,26,
A000000233337,션리 다시마 글레이즈드 크림,크로뮴옥사이드그린,27,
A000000233337,션리 다시마 글레이즈드 크림,무화과추출물,28,
A000000233337,션리 다시마 글레이즈드 크림,하이드록시프로필스타치포스페이트,29,
A000000233337,션리 다시마 글레이즈드 크림,아이소노닐아이소노나노에이트,30,
A000000233337,션리 다시마 글레이즈드 크림,폴리글리세릴-10스테아레이트,31,
A000000233337,션리 다시마 글레이즈드 크림,토코페롤,32,
A000000233337,션리 다시마 글레이즈드 크림,세테아릴알코올,33,
A000000233337,션리 다시마 글레이즈드 크림,하이드롤라이즈드식물성단백질,34,
A000000233337,션리 다시마 글레이즈드 크림,말토덱스트린,35,
A000000233337,션리 다시마 글레이즈드 크림,소듐스테아로일글루타메이트,36,
A000000233337,션리 다시마 글레이즈드 크림,팔미틱애씨드,37,
A000000233337,션리 다시마 글레이즈드 크림,스테아릭애씨드,38,
A000000233337,션리 다시마 글레이즈드 크림,감태추출물,39,
A000000233337,션리 다시마 글레이즈드 크림,참미역추출물,40,
A000000233337,션리 다시마 글레이즈드 크림,호스테일켈프추출물,41,
A000000233337,션리 다시마 글레이즈드 크림,자이언트켈프추출물,42,
A000000233337,션리 다시마 글레이즈드 크림,달맞이꽃꽃추출물,43,
A000000233337,션리 다시마 글레이즈드 크림,대왕소나무잎추출물,44,
A000000233337,션리 다시마 글레이즈드 크림,칡뿌리추출물,45,
A000000233337,션리 다시마 글레이즈드 크림,당느릅나무뿌리추출물,46,
A000000233337,션리 다시마 글레이즈드 크림,잇꽃씨오일,47,
A000000233337,션리 다시마 글레이즈드 크림,하이드로제네이티드포스파티딜콜린,48,
A000000233337,션리 다시마 글레이즈드 크림,달맞이꽃오일,49,
A000000233337,션리 다시마 글레이즈드 크림,스쿠알란,50,
A000000233337,션리 다시마 글레이즈드 크림,폴리쿼터늄-51,51,
A000000253592,셀리맥스 트라넥삼산 잡티 크림,정제수,1,
A000000253592,셀리맥스 트라넥삼산 잡티 크림,글리세린,2,
A000000253592,셀리맥스 트라넥삼산 잡티 크림,나이아신아마이드,3,
A000000253592,셀리맥스 트라넥삼산 잡티 크림,트라넥사믹애씨드,4,
A000000253592,셀리맥스 트라넥삼산 잡티 크림,카프릴릭/카프릭트라이글리세라이드,5,
A000000253592,셀리맥스 트라넥삼산 잡티 크림,다이프로필렌글라이콜,6,
A000000253592,셀리맥스 트라넥삼산 잡티 크림,"1,2-헥산다이올",7,
A000000253592,셀리맥스 트라넥삼산 잡티 크림,퀸즈랜드넛오일,8,
A000000253592,셀리맥스 트라넥삼산 잡티 크림,페닐트라이메티콘,9,
A000000253592,셀리맥스 트라넥삼산 잡티 크림,하이드로제네이티드폴리(C6-14올레핀),10,
A000000253592,셀리맥스 트라넥삼산 잡티 크림,다이카프릴릴에터,11,
A000000253592,셀리맥스 트라넥삼산 잡티 크림,비닐다이메티콘,12,
A000000253592,셀리맥스 트라넥삼산 잡티 크림,세테아릴알코올,13,
A000000253592,셀리맥스 트라넥삼산 잡티 크림,프로판다이올,14,
A000000253592,셀리맥스 트라넥삼산 잡티 크림,세테아릴올리베이트,15,
A000000253592,셀리맥스 트라넥삼산 잡티 크림,글리세릴스테아레이트에스이,16,
A000000253592,셀리맥스 트라넥삼산 잡티 크림,솔비탄올리베이트,17,
A000000253592,셀리맥스 트라넥삼산 잡티 크림,암모늄아크릴로일다이메틸타우레이트/브이피코폴리머,18,
A000000253592,셀리맥스 트라넥삼산 잡티 크림,베헤닐알코올,19,
A000000253592,셀리맥스 트라넥삼산 잡티 크림,다이메티콘올,20,
A000000253592,셀리맥스 트라넥삼산 잡티 크림,세테아릴글루코사이드,21,
A000000253592,셀리맥스 트라넥삼산 잡티 크림,다시마추출물,22,
A000000253592,셀리맥스 트라넥삼산 잡티 크림,한련초잎추출물,23,
A000000253592,셀리맥스 트라넥삼산 잡티 크림,하이드로제네이티드레시틴,24,
A000000253592,셀리맥스 트라넥삼산 잡티 크림,세라마이드엔피,25,
A000000253592,셀리맥스 트라넥삼산 잡티 크림,베타인,26,
A000000253592,셀리맥스 트라넥삼산 잡티 크림,에틸헥실글리세린,27,
A000000253592,셀리맥스 트라넥삼산 잡티 크림,잔탄검,28,
A000000253592,셀리맥스 트라넥삼산 잡티 크림,비파나무잎추출물,29,
A000000253592,셀리맥스 트라넥삼산 잡티 크림,아데노신,30,
A000000253592,셀리맥스 트라넥삼산 잡티 크림,프룩토올리고사카라이드,31,
A000000253592,셀리맥스 트라넥삼산 잡티 크림,황련뿌리추출물,32,
A000000253592,셀리맥스 트라넥삼산 잡티 크림,콜레스테롤,33,
A000000253592,셀리맥스 트라넥삼산 잡티 크림,부틸렌글라이콜,34,
A000000253592,셀리맥스 트라넥삼산 잡티 크림,베타-글루칸,35,
A000000253592,셀리맥스 트라넥삼산 잡티 크림,스피어민트추출물,36,
A000000253592,셀리맥스 트라넥삼산 잡티 크림,하이드롤라이즈드하이알루로닉애씨드,37,
A000000253592,셀리맥스 트라넥삼산 잡티 크림,카카오씨추출물,38,
A000000253592,셀리맥스 트라넥삼산 잡티 크림,덱스트린,39,
A000000253592,셀리맥스 트라넥삼산 잡티 크림,토코페롤,40,
A000000253592,셀리맥스 트라넥삼산 잡티 크림,아스코빅애씨드폴리펩타이드,41,
A000000253592,셀리맥스 트라넥삼산 잡티 크림,글리세릴스테아레이트,42,
A000000253592,셀리맥스 트라넥삼산 잡티 크림,세라마이드에이에스,43,
A000000253592,셀리맥스 트라넥삼산 잡티 크림,세라마이드에이피,44,
A000000253592,셀리맥스 트라넥삼산 잡티 크림,세라마이드엔에스,45,
A000000253592,셀리맥스 트라넥삼산 잡티 크림,세라마이드이오피,46,
A000000222833,에스트라 아토베리어365 크림,정제수,1,
A000000222833,에스트라 아토베리어365 크림,부틸렌글라이콜,2,
A000000222833,에스트라 아토베리어365 크림,글리세린,3,
A000000222833,에스트라 아토베리어365 크림,부틸렌글라이콜다이카프릴레이트/다이카프레이트,4,
A000000222833,에스트라 아토베리어365 크림,세틸에틸헥사노에이트,5,
A000000222833,에스트라 아토베리어365 크림,스쿠알란,6,
A000000222833,에스트라 아토베리어365 크림,펜타에리스리틸테트라아이소스테아레이트,7,
A000000222833,에스트라 아토베리어365 크림,다이카프릴릴카보네이트,8,
A000000222833,에스트라 아토베리어365 크림,베헤닐알코올,9,
A000000222833,에스트라 아토베리어365 크림,다이메티콘,10,
A000000222833,에스트라 아토베리어365 크림,하이드록시프로필비스팔미타마이드엠이에이,11,
A000000222833,에스트라 아토베리어365 크림,스테아릭애씨드,12,
A000000222833,에스트라 아토베리어365 크림,베타인,13,
A000000222833,에스트라 아토베리어365 크림,만니톨,14,
A000000222833,에스트라 아토베리어365 크림,C14-22알코올,15,
A000000222833,에스트라 아토베리어365 크림,팔미틱애씨드,16,
A000000222833,에스트라 아토베리어365 크림,하이드록시프로필비스라우라마이드엠이에이,17,
A000000222833,에스트라 아토베리어365 크림,아라키딜알코올,18,
A000000222833,에스트라 아토베리어365 크림,콜레스테롤,19,
A000000222833,에스트라 아토베리어365 크림,폴리아크릴레이트-13,20,
A000000222833,에스트라 아토베리어365 크림,C12-20알킬글루코사이드,21,
A000000222833,에스트라 아토베리어365 크림,알란토인,22,
A000000222833,에스트라 아토베리어365 크림,아라키딜글루코사이드,23,
A000000222833,에스트라 아토베리어365 크림,나이아신아마이드,24,
A000000222833,에스트라 아토베리어365 크림,세라마이드엔피,25,
A000000222833,에스트라 아토베리어365 크림,글리세릴카프릴레이트,26,
A000000222833,에스트라 아토베리어365 크림,에틸헥실글리세린,27,
A000000222833,에스트라 아토베리어365 크림,하이드로제네이티드폴리아이소부텐,28,
A000000222833,에스트라 아토베리어365 크림,카보머,29,
A000000222833,에스트라 아토베리어365 크림,트로메타민,30,
A000000222833,에스트라 아토베리어365 크림,다이메티콘올,31,
A000000222833,에스트라 아토베리어365 크림,폴리글리세릴-10라우레이트,32,
A000000222833,에스트라 아토베리어365 크림,하이드로제네이티드레시틴,33,
A000000222833,에스트라 아토베리어365 크림,에틸헥실팔미테이트,34,
A000000222833,에스트라 아토베리어365 크림,아크릴레이트/암모늄메타크릴레이트코폴리머,35,
A000000222833,에스트라 아토베리어365 크림,솔비탄아이소스테아레이트,36,
A000000222833,에스트라 아토베리어365 크림,실리카,37,
A000000222833,에스트라 아토베리어365 크림,피토스핑고신,38,
A000000222833,에스트라 아토베리어365 크림,스핑고리피드,39,
A000000222833,에스트라 아토베리어365 크림,아라키딕애씨드,40,
A000000222833,에스트라 아토베리어365 크림,토코페롤,41,
A000000222833,에스트라 아토베리어365 크림,올레익애씨드,42,
A000000258834,에스트라 아토베리어365 하이드로 수딩크림,정제수,1,
A000000258834,에스트라 아토베리어365 하이드로 수딩크림,글리세린,2,
A000000258834,에스트라 아토베리어365 하이드로 수딩크림,부틸렌글라이콜,3,
A000000258834,에스트라 아토베리어365 하이드로 수딩크림,다이메티콘,4,
A000000258834,에스트라 아토베리어365 하이드로 수딩크림,스쿠알란,5,
A000000258834,에스트라 아토베리어365 하이드로 수딩크림,"1,2-헥산다이올",6,
A000000258834,에스트라 아토베리어365 하이드로 수딩크림,베타인,7,
A000000258834,에스트라 아토베리어365 하이드로 수딩크림,세테아릴알코올,8,
A000000258834,에스트라 아토베리어365 하이드로 수딩크림,암모늄아크릴로일다이메틸타우레이트/브이피코폴리머,9,
A000000258834,에스트라 아토베리어365 하이드로 수딩크림,하이드로제네이티드쌀겨오일,10,
A000000258834,에스트라 아토베리어365 하이드로 수딩크림,하이드로제네이티드레시틴,11,
A000000258834,에스트라 아토베리어365 하이드로 수딩크림,폴리글리세릴-3메틸글루코오스다이스테아레이트,12,
A000000258834,에스트라 아토베리어365 하이드로 수딩크림,폴리아크릴레이트크로스폴리머-6,13,
A000000258834,에스트라 아토베리어365 하이드로 수딩크림,만니톨,14,
A000000258834,에스트라 아토베리어365 하이드로 수딩크림,세틸-피지하이드록시에틸팔미타마이드,15,
A000000258834,에스트라 아토베리어365 하이드로 수딩크림,스테아릭애씨드,16,
A000000258834,에스트라 아토베리어365 하이드로 수딩크림,에틸헥실글리세린,17,
A000000258834,에스트라 아토베리어365 하이드로 수딩크림,글리세릴카프릴레이트,18,
A000000258834,에스트라 아토베리어365 하이드로 수딩크림,프로판다이올,19,
A000000258834,에스트라 아토베리어365 하이드로 수딩크림,글리세릴스테아레이트,20,
A000000258834,에스트라 아토베리어365 하이드로 수딩크림,소듐메타포스페이트,21,
A000000258834,에스트라 아토베리어365 하이드로 수딩크림,세라마이드엔피,22,
A000000258834,에스트라 아토베리어365 하이드로 수딩크림,카보머,23,
A000000258834,에스트라 아토베리어365 하이드로 수딩크림,팔미틱애씨드,24,
A000000258834,에스트라 아토베리어365 하이드로 수딩크림,실리카,25,
A000000258834,에스트라 아토베리어365 하이드로 수딩크림,징크클로라이드,26,
A000000258834,에스트라 아토베리어365 하이드로 수딩크림,콜레스테롤,27,
A000000258834,에스트라 아토베리어365 하이드로 수딩크림,베타-글루칸,28,
A000000258834,에스트라 아토베리어365 하이드로 수딩크림,스핑고리피드,29,
A000000258834,에스트라 아토베리어365 하이드로 수딩크림,소듐하이알루로네이트,30,
A000000258834,에스트라 아토베리어365 하이드로 수딩크림,하이드록시프로필메틸셀룰로오스,31,
A000000258834,에스트라 아토베리어365 하이드로 수딩크림,미리스틱애씨드,32,
A000000258834,에스트라 아토베리어365 하이드로 수딩크림,프로필렌글라이콜,33,
A000000258834,에스트라 아토베리어365 하이드로 수딩크림,라우릭애씨드,34,
A000000258834,에스트라 아토베리어365 하이드로 수딩크림,토코페롤,35,
A000000258214,믹순 히알레배 포어 워터풀 젤크림,정제수,1,
A000000258214,믹순 히알레배 포어 워터풀 젤크림,부틸렌글라이콜,2,
A000000258214,믹순 히알레배 포어 워터풀 젤크림,"1,2-헥산다이올",3,
A000000258214,믹순 히알레배 포어 워터풀 젤크림,나이아신아마이드,4,
A000000258214,믹순 히알레배 포어 워터풀 젤크림,글리세린,5,
A000000258214,믹순 히알레배 포어 워터풀 젤크림,프로판다이올,6,
A000000258214,믹순 히알레배 포어 워터풀 젤크림,소듐카보머,7,
A000000258214,믹순 히알레배 포어 워터풀 젤크림,아크릴레이트/C10-30알킬아크릴레이트크로스폴리머,8,
A000000258214,믹순 히알레배 포어 워터풀 젤크림,알지닌,9,
A000000258214,믹순 히알레배 포어 워터풀 젤크림,에틸헥실글리세린,10,
A000000258214,믹순 히알레배 포어 워터풀 젤크림,아데노신,11,
A000000258214,믹순 히알레배 포어 워터풀 젤크림,덱스트린,12,
A000000258214,믹순 히알레배 포어 워터풀 젤크림,다이소듐이디티에이,13,
A000000258214,믹순 히알레배 포어 워터풀 젤크림,치자추출물,14,
A000000258214,믹순 히알레배 포어 워터풀 젤크림,폴리글루타믹애씨드,15,
A000000258214,믹순 히알레배 포어 워터풀 젤크림,감추출물,16,
A000000258214,믹순 히알레배 포어 워터풀 젤크림,고수추출물,17,
A000000258214,믹순 히알레배 포어 워터풀 젤크림,샤프란꽃추출물,18,
A000000258214,믹순 히알레배 포어 워터풀 젤크림,소두구씨추출물,19,
A000000258214,믹순 히알레배 포어 워터풀 젤크림,쌀추출물,20,
A000000258214,믹순 히알레배 포어 워터풀 젤크림,쑥잎추출물,21,
A000000258214,믹순 히알레배 포어 워터풀 젤크림,회향씨추출물,22,
A000000258214,믹순 히알레배 포어 워터풀 젤크림,메틸프로판다이올,23,
A000000258214,믹순 히알레배 포어 워터풀 젤크림,하이드로제네이티드레시틴,24,
A000000258214,믹순 히알레배 포어 워터풀 젤크림,녹차카테킨,25,
A000000258214,믹순 히알레배 포어 워터풀 젤크림,버지니아풍년화추출물,26,
A000000258214,믹순 히알레배 포어 워터풀 젤크림,소듐하이알루로네이트,27,1
A000000258214,믹순 히알레배 포어 워터풀 젤크림,폴리글리세릴-4카프레이트,28,
A000000258214,믹순 히알레배 포어 워터풀 젤크림,병풀캘러스세포외소포,29,
A000000258214,믹순 히알레배 포어 워터풀 젤크림,피토스테롤,30,
A000000258214,믹순 히알레배 포어 워터풀 젤크림,글루코노락톤,31,
A000000258214,믹순 히알레배 포어 워터풀 젤크림,카프릴로일살리실릭애씨드,32,
A000000258214,믹순 히알레배 포어 워터풀 젤크림,트로메타민,33,
A000000258214,믹순 히알레배 포어 워터풀 젤크림,삼색제비꽃추출물,34,
A000000258214,믹순 히알레배 포어 워터풀 젤크림,소듐디엔에이,35,
A000000258214,믹순 히알레배 포어 워터풀 젤크림,카페인,36,
A000000258214,믹순 히알레배 포어 워터풀 젤크림,C18-21알케인,37,
A000000258214,믹순 히알레배 포어 워터풀 젤크림,벤질글라이콜,38,
A000000258214,믹순 히알레배 포어 워터풀 젤크림,카프릴릴글라이콜,39,
A000000258214,믹순 히알레배 포어 워터풀 젤크림,세라마이드엔피,40,
A000000258214,믹순 히알레배 포어 워터풀 젤크림,세틸에틸헥사노에이트,41,
A000000258214,믹순 히알레배 포어 워터풀 젤크림,소듐하이알루로네이트크로스폴리머,42,0.01
A000000258214,믹순 히알레배 포어 워터풀 젤크림,세테아릴올리베이트,43,
A000000258214,믹순 히알레배 포어 워터풀 젤크림,솔비탄올리베이트,44,
A000000255752,닥터지 레드블레미쉬 클리어 수딩크림 EX,정제수,1,
A000000255752,닥터지 레드블레미쉬 클리어 수딩크림 EX,글리세린,2,
A000000255752,닥터지 레드블레미쉬 클리어 수딩크림 EX,부틸렌글라이콜,3,
A000000255752,닥터지 레드블레미쉬 클리어 수딩크림 EX,다이카프릴릴에터,4,
A000000255752,닥터지 레드블레미쉬 클리어 수딩크림 EX,나이아신아마이드,5,
A000000255752,닥터지 레드블레미쉬 클리어 수딩크림 EX,"1,2-헥산다이올",6,
A000000255752,닥터지 레드블레미쉬 클리어 수딩크림 EX,펜틸렌글라이콜,7,
A000000255752,닥터지 레드블레미쉬 클리어 수딩크림 EX,소듐하이알루로네이트,8,
A000000255752,닥터지 레드블레미쉬 클리어 수딩크림 EX,병풀잎추출물,9,
A000000255752,닥터지 레드블레미쉬 클리어 수딩크림 EX,비피다발효여과물,10,
A000000255752,닥터지 레드블레미쉬 클리어 수딩크림 EX,락토바실러스발효물,11,
A000000255752,닥터지 레드블레미쉬 클리어 수딩크림 EX,병풀꽃/잎/줄기추출물,12,
A000000255752,닥터지 레드블레미쉬 클리어 수딩크림 EX,병풀뿌리추출물,13,
A000000255752,닥터지 레드블레미쉬 클리어 수딩크림 EX,병풀추출물,14,
A000000255752,닥터지 레드블레미쉬 클리어 수딩크림 EX,효모발효여과물,15,
A000000255752,닥터지 레드블레미쉬 클리어 수딩크림 EX,하이드로제네이티드폴리데센,16,
A000000255752,닥터지 레드블레미쉬 클리어 수딩크림 EX,다이카프릴릴카보네이트,17,
A000000255752,닥터지 레드블레미쉬 클리어 수딩크림 EX,하이드록시에틸아크릴레이트/소듐아크릴로일다이메틸타우레이트코폴리머,18,
A000000255752,닥터지 레드블레미쉬 클리어 수딩크림 EX,판테놀,19,
A000000255752,닥터지 레드블레미쉬 클리어 수딩크림 EX,아크릴레이트/C10-30알킬아크릴레이트크로스폴리머,20,
A000000255752,닥터지 레드블레미쉬 클리어 수딩크림 EX,실리카,21,
A000000255752,닥터지 레드블레미쉬 클리어 수딩크림 EX,트로메타민,22,
A000000255752,닥터지 레드블레미쉬 클리어 수딩크림 EX,솔비톨,23,
A000000255752,닥터지 레드블레미쉬 클리어 수딩크림 EX,글리세릴아크릴레이트/아크릴릭애씨드코폴리머,24,
A000000255752,닥터지 레드블레미쉬 클리어 수딩크림 EX,에틸헥실글리세린,25,
A000000255752,닥터지 레드블레미쉬 클리어 수딩크림 EX,트라이소듐에틸렌다이아민다이석시네이트,26,
A000000255752,닥터지 레드블레미쉬 클리어 수딩크림 EX,알란토인,27,
A000000255752,닥터지 레드블레미쉬 클리어 수딩크림 EX,다이프로필렌글라이콜,28,
A000000255752,닥터지 레드블레미쉬 클리어 수딩크림 EX,토코페롤,29,
A000000255752,닥터지 레드블레미쉬 클리어 수딩크림 EX,마데카소사이드,30,
A000000255752,닥터지 레드블레미쉬 클리어 수딩크림 EX,폴리글리세릴-10라우레이트,31,
A000000255752,닥터지 레드블레미쉬 클리어 수딩크림 EX,포스파티딜콜린,32,
A000000255752,닥터지 레드블레미쉬 클리어 수딩크림 EX,하이드로제네이티드레시틴,33,
A000000255752,닥터지 레드블레미쉬 클리어 수딩크림 EX,칼슘판토테네이트,34,
A000000255752,닥터지 레드블레미쉬 클리어 수딩크림 EX,스쿠알란,35,
A000000255752,닥터지 레드블레미쉬 클리어 수딩크림 EX,에리스리톨,36,
A000000255752,닥터지 레드블레미쉬 클리어 수딩크림 EX,에틸헥실팔미테이트,37,
A000000255752,닥터지 레드블레미쉬 클리어 수딩크림 EX,아시아티코사이드,38,
A000000255752,닥터지 레드블레미쉬 클리어 수딩크림 EX,마데카식애씨드,39,
A000000255752,닥터지 레드블레미쉬 클리어 수딩크림 EX,아시아틱애씨드,40,
A000000255752,닥터지 레드블레미쉬 클리어 수딩크림 EX,트라이하이드록시스테아린,41,
A000000255752,닥터지 레드블레미쉬 클리어 수딩크림 EX,세라마이드엔피,42,
A000000255752,닥터지 레드블레미쉬 클리어 수딩크림 EX,다발방패버섯추출물,43,
A000000255752,닥터지 레드블레미쉬 클리어 수딩크림 EX,잔탄검,44,
A000000206904,라로슈포제 시카플라스트 밤 B5,정제수,1,
A000000206904,라로슈포제 시카플라스트 밤 B5,하이드로제네이티드폴리아이소부텐,2,
A000000206904,라로슈포제 시카플라스트 밤 B5,다이메티콘,3,
A000000206904,라로슈포제 시카플라스트 밤 B5,글리세린,4,
A000000206904,라로슈포제 시카플라스트 밤 B5,시어버터,5,
A000000206904,라로슈포제 시카플라스트 밤 B5,판테놀,6,
A000000206904,라로슈포제 시카플라스트 밤 B5,옥수수전분,7,
A000000206904,라로슈포제 시카플라스트 밤 B5,프로판다이올,8,
A000000206904,라로슈포제 시카플라스트 밤 B5,부틸렌글라이콜,9,
A000000206904,라로슈포제 시카플라스트 밤 B5,세틸피이지/피피지-10/1다이메티콘,10,
A000000206904,라로슈포제 시카플라스트 밤 B5,트라이하이드록시스테아린,11,
A000000206904,라로슈포제 시카플라스트 밤 B5,병풀잎추출물,12,
A000000206904,라로슈포제 시카플라스트 밤 B5,야콘뿌리즙,13,
A000000206904,라로슈포제 시카플라스트 밤 B5,징크글루코네이트,14,
A000000206904,라로슈포제 시카플라스트 밤 B5,마데카소사이드,15,
A000000206904,라로슈포제 시카플라스트 밤 B5,망가니즈글루코네이트,16,
A000000206904,라로슈포제 시카플라스트 밤 B5,알파-글루칸올리고사카라이드,17,
A000000206904,라로슈포제 시카플라스트 밤 B5,실리카,18,
A000000206904,라로슈포제 시카플라스트 밤 B5,알루미늄하이드록사이드,19,
A000000206904,라로슈포제 시카플라스트 밤 B5,마그네슘설페이트,20,
A000000206904,라로슈포제 시카플라스트 밤 B5,만노오스,21,
A000000206904,라로슈포제 시카플라스트 밤 B5,카프릴로일글라이신,22,
A000000206904,라로슈포제 시카플라스트 밤 B5,카프릴릴글라이콜,23,
A000000206904,라로슈포제 시카플라스트 밤 B5,비트레오스실라발효물,24,
A000000206904,라로슈포제 시카플라스트 밤 B5,시트릭애씨드,25,
A000000206904,라로슈포제 시카플라스트 밤 B5,트라이소듐에틸렌다이아민다이석시네이트,26,
A000000206904,라로슈포제 시카플라스트 밤 B5,락토바실러스,27,
A000000206904,라로슈포제 시카플라스트 밤 B5,아세틸레이티드글라이콜스테아레이트,28,
A000000206904,라로슈포제 시카플라스트 밤 B5,말토덱스트린,29,
A000000206904,라로슈포제 시카플라스트 밤 B5,폴리글리세릴-4아이소스테아레이트,30,
A000000206904,라로슈포제 시카플라스트 밤 B5,토코페롤,31,
A000000206904,라로슈포제 시카플라스트 밤 B5,펜타에리스리틸테트라-다이-t-부틸하이드록시하이드로신나메이트,32,
A000000206904,라로슈포제 시카플라스트 밤 B5,티타늄디옥사이드,33,
A000000255244,라운드랩 자작나무 수분 크림,정제수,1,
A000000255244,라운드랩 자작나무 수분 크림,글리세린,2,
A000000255244,라운드랩 자작나무 수분 크림,아이소노닐아이소노나노에이트,3,
A000000255244,라운드랩 자작나무 수분 크림,아이소도데케인,4,
A000000255244,라운드랩 자작나무 수분 크림,"1,2-헥산다이올",5,
A000000255244,라운드랩 자작나무 수분 크림,펜틸렌글라이콜,6,
A000000255244,라운드랩 자작나무 수분 크림,폴리데센,7,
A000000255244,라운드랩 자작나무 수분 크림,자작나무수액,8,10000
A000000255244,라운드랩 자작나무 수분 크림,호호바에스터,9,
A000000255244,라운드랩 자작나무 수분 크림,판테놀,10,
A000000255244,라운드랩 자작나무 수분 크림,글리세릴글루코사이드,11,
A000000255244,라운드랩 자작나무 수분 크림,아라비아고무나무검,12,
A000000255244,라운드랩 자작나무 수분 크림,하이드롤라이즈드오크라추출물,13,
A000000255244,라운드랩 자작나무 수분 크림,소듐하이알루로네이트,14,
A000000255244,라운드랩 자작나무 수분 크림,하이알루로닉애씨드,15,
A000000255244,라운드랩 자작나무 수분 크림,화이트루핀씨추출물,16,
A000000255244,라운드랩 자작나무 수분 크림,드럼스틱씨추출물,17,
A000000255244,라운드랩 자작나무 수분 크림,인도멀구슬나무잎추출물,18,
A000000255244,라운드랩 자작나무 수분 크림,인도멀구슬나무꽃추출물,19,
A000000255244,라운드랩 자작나무 수분 크림,아이비고드열매추출물,20,
A000000255244,라운드랩 자작나무 수분 크림,알로에베라꽃추출물,21,
A000000255244,라운드랩 자작나무 수분 크림,가지열매추출물,22,
A000000255244,라운드랩 자작나무 수분 크림,홀리바질잎추출물,23,
A000000255244,라운드랩 자작나무 수분 크림,참산호말추출물,24,
A000000255244,라운드랩 자작나무 수분 크림,울금뿌리추출물,25,
A000000255244,라운드랩 자작나무 수분 크림,아스코빅애씨드,26,
A000000255244,라운드랩 자작나무 수분 크림,펜타에리스리틸테트라에틸헥사노에이트,27,
A000000255244,라운드랩 자작나무 수분 크림,암모늄아크릴로일다이메틸타우레이트/브이피코폴리머,28,
A000000255244,라운드랩 자작나무 수분 크림,폴리글리세릴-3메틸글루코오스다이스테아레이트,29,
A000000255244,라운드랩 자작나무 수분 크림,아크릴레이트/C10-30알킬아크릴레이트크로스폴리머,30,
A000000255244,라운드랩 자작나무 수분 크림,트로메타민,31,
A000000255244,라운드랩 자작나무 수분 크림,글리세릴아크릴레이트/아크릴릭애씨드코폴리머,32,
A000000255244,라운드랩 자작나무 수분 크림,에틸헥실글리세린,33,
A000000255244,라운드랩 자작나무 수분 크림,아가,34,
A000000255244,라운드랩 자작나무 수분 크림,다이포타슘글리시리제이트,35,
A000000255244,라운드랩 자작나무 수분 크림,글리세릴카프릴레이트,36,
A000000255244,라운드랩 자작나무 수분 크림,부틸렌글라이콜,37,
A000000255244,라운드랩 자작나무 수분 크림,다이소듐이디티에이,38,
A000000202893,에스네이처 아쿠아 오아시스 수분 젤크림,정제수,1,
A000000202893,에스네이처 아쿠아 오아시스 수분 젤크림,글리세린,2,
A000000202893,에스네이처 아쿠아 오아시스 수분 젤크림,부틸렌글라이콜,3,
A000000202893,에스네이처 아쿠아 오아시스 수분 젤크림,"1,2-헥산다이올",4,
A000000202893,에스네이처 아쿠아 오아시스 수분 젤크림,블루아가베잎추출물,5,
A000000202893,에스네이처 아쿠아 오아시스 수분 젤크림,알란토인,6,
A000000202893,에스네이처 아쿠아 오아시스 수분 젤크림,소듐하이알루로네이트,7,
A000000202893,에스네이처 아쿠아 오아시스 수분 젤크림,하이드록시프로필트라이모늄하이알루로네이트,8,
A000000202893,에스네이처 아쿠아 오아시스 수분 젤크림,하이드롤라이즈드하이알루로닉애씨드,9,
A000000202893,에스네이처 아쿠아 오아시스 수분 젤크림,소듐아세틸레이티드하이알루로네이트,10,
A000000202893,에스네이처 아쿠아 오아시스 수분 젤크림,하이알루로닉애씨드,11,
A000000202893,에스네이처 아쿠아 오아시스 수분 젤크림,하이드롤라이즈드소듐하이알루로네이트,12,
A000000202893,에스네이처 아쿠아 오아시스 수분 젤크림,소듐하이알루로네이트크로스폴리머,13,
A000000202893,에스네이처 아쿠아 오아시스 수분 젤크림,포타슘하이알루로네이트,14,
A000000202893,에스네이처 아쿠아 오아시스 수분 젤크림,알지닌,15,
A000000202893,에스네이처 아쿠아 오아시스 수분 젤크림,메틸트라이메티콘,16,
A000000202893,에스네이처 아쿠아 오아시스 수분 젤크림,에틸헥실글리세린,17,
A000000202893,에스네이처 아쿠아 오아시스 수분 젤크림,암모늄아크릴로일다이메틸타우레이트/브이피코폴리머,18,
A000000202893,에스네이처 아쿠아 오아시스 수분 젤크림,하이드록시에틸아크릴레이트/소듐아크릴로일다이메틸타우레이트코폴리머,19,
A000000202893,에스네이처 아쿠아 오아시스 수분 젤크림,아크릴레이트/C10-30알킬아크릴레이트크로스폴리머,20,
A000000202893,에스네이처 아쿠아 오아시스 수분 젤크림,하이드로제네이티드폴리(C6-14올레핀),21,
A000000202893,에스네이처 아쿠아 오아시스 수분 젤크림,메틸다이아이소프로필프로피온아마이드,22,
A000000202893,에스네이처 아쿠아 오아시스 수분 젤크림,다이메티콘/비닐다이메티콘크로스폴리머,23,
A000000202893,에스네이처 아쿠아 오아시스 수분 젤크림,솔비탄아이소스테아레이트,24,
A000000231892,아누아 피디알엔 히알루론산 100 수분 크림,정제수,1,
A000000231892,아누아 피디알엔 히알루론산 100 수분 크림,스쿠알란,2,
A000000231892,아누아 피디알엔 히알루론산 100 수분 크림,글리세린,3,
A000000231892,아누아 피디알엔 히알루론산 100 수분 크림,나이아신아마이드,4,
A000000231892,아누아 피디알엔 히알루론산 100 수분 크림,펜틸렌글라이콜,5,
A000000231892,아누아 피디알엔 히알루론산 100 수분 크림,"1,2-헥산다이올",6,
A000000231892,아누아 피디알엔 히알루론산 100 수분 크림,소듐디엔에이,7,1000
A000000231892,아누아 피디알엔 히알루론산 100 수분 크림,하이드롤라이즈드콜라겐,8,1000
A000000231892,아누아 피디알엔 히알루론산 100 수분 크림,소듐하이알루로네이트,9,600
A000000231892,아누아 피디알엔 히알루론산 100 수분 크림,인도멀구슬나무잎추출물,10,
A000000231892,아누아 피디알엔 히알루론산 100 수분 크림,하이드롤라이즈드하이알루로닉애씨드,11,300
A000000231892,아누아 피디알엔 히알루론산 100 수분 크림,인도멀구슬나무꽃추출물,12,
A000000231892,아누아 피디알엔 히알루론산 100 수분 크림,아이비고드열매추출물,13,
A000000231892,아누아 피디알엔 히알루론산 100 수분 크림,하이알루로닉애씨드,14,100
A000000231892,아누아 피디알엔 히알루론산 100 수분 크림,알로에베라꽃추출물,15,
A000000231892,아누아 피디알엔 히알루론산 100 수분 크림,가지열매추출물,16,
A000000231892,아누아 피디알엔 히알루론산 100 수분 크림,홀리바질잎추출물,17,
A000000231892,아누아 피디알엔 히알루론산 100 수분 크림,참산호말추출물,18,
A000000231892,아누아 피디알엔 히알루론산 100 수분 크림,울금뿌리추출물,19,
A000000231892,아누아 피디알엔 히알루론산 100 수분 크림,병풀잎추출물,20,
A000000231892,아누아 피디알엔 히알루론산 100 수분 크림,다이페닐실록시페닐트라이메티콘,21,
A000000231892,아누아 피디알엔 히알루론산 100 수분 크림,피씨에이다이메티콘,22,
A000000231892,아누아 피디알엔 히알루론산 100 수분 크림,부틸렌글라이콜,23,
A000000231892,아누아 피디알엔 히알루론산 100 수분 크림,프로판다이올,24,
A000000231892,아누아 피디알엔 히알루론산 100 수분 크림,암모늄아크릴로일다이메틸타우레이트/브이피코폴리머,25,
A000000231892,아누아 피디알엔 히알루론산 100 수분 크림,다이글리세린,26,
A000000231892,아누아 피디알엔 히알루론산 100 수분 크림,하이드록시에틸아크릴레이트/소듐아크릴로일다이메틸타우레이트코폴리머,27,
A000000231892,아누아 피디알엔 히알루론산 100 수분 크림,아크릴레이트/C10-30알킬아크릴레이트크로스폴리머,28,
A000000231892,아누아 피디알엔 히알루론산 100 수분 크림,C12-20알킬글루코사이드,29,
A000000231892,아누아 피디알엔 히알루론산 100 수분 크림,메틸프로판다이올,30,
A000000231892,아누아 피디알엔 히알루론산 100 수분 크림,에틸헥실글리세린,31,
A000000231892,아누아 피디알엔 히알루론산 100 수분 크림,아데노신,32,
A000000231892,아누아 피디알엔 히알루론산 100 수분 크림,소듐파이테이트,33,
A000000231892,아누아 피디알엔 히알루론산 100 수분 크림,아미노메틸프로판다이올,34,
A000000231892,아누아 피디알엔 히알루론산 100 수분 크림,피브이엠/엠에이코폴리머,35,
A000000231892,아누아 피디알엔 히알루론산 100 수분 크림,마데카소사이드,36,
A000000231892,아누아 피디알엔 히알루론산 100 수분 크림,C12-13알케스-9,37,
A000000231892,아누아 피디알엔 히알루론산 100 수분 크림,다이메틸실란올하이알루로네이트,38,0.75
A000000231892,아누아 피디알엔 히알루론산 100 수분 크림,하이드롤라이즈드소듐하이알루로네이트,39,0.75
A000000231892,아누아 피디알엔 히알루론산 100 수분 크림,아시아티코사이드,40,
A000000231892,아누아 피디알엔 히알루론산 100 수분 크림,포타슘하이알루로네이트,41,0.5
A000000231892,아누아 피디알엔 히알루론산 100 수분 크림,하이드록시프로필트라이모늄하이알루로네이트,42,0.4
A000000231892,아누아 피디알엔 히알루론산 100 수분 크림,소듐하이알루로네이트크로스폴리머,43,0.4
A000000231892,아누아 피디알엔 히알루론산 100 수분 크림,소듐하이알루로네이트다이메틸실란올,44,0.25
A000000231892,아누아 피디알엔 히알루론산 100 수분 크림,소듐아세틸레이티드하이알루로네이트,45,0.2
A000000231892,아누아 피디알엔 히알루론산 100 수분 크림,베헤닐알코올,46,
A000000231892,아누아 피디알엔 히알루론산 100 수분 크림,C14-22알코올,47,
A000000231892,아누아 피디알엔 히알루론산 100 수분 크림,카보머,48,
A000000257827,라로슈포제 시카플라스트 멀티 리페어 크림,정제수,1,
A000000257827,라로슈포제 시카플라스트 멀티 리페어 크림,다이카프릴릴에터,2,
A000000257827,라로슈포제 시카플라스트 멀티 리페어 크림,판테놀,3,
A000000257827,라로슈포제 시카플라스트 멀티 리페어 크림,글리세린,4,
A000000257827,라로슈포제 시카플라스트 멀티 리페어 크림,펜틸렌글라이콜,5,
A000000257827,라로슈포제 시카플라스트 멀티 리페어 크림,폴리글리세릴-6다이스테아레이트,6,
A000000257827,라로슈포제 시카플라스트 멀티 리페어 크림,프로판다이올,7,
A000000257827,라로슈포제 시카플라스트 멀티 리페어 크림,세틸에스터,8,
A000000257827,라로슈포제 시카플라스트 멀티 리페어 크림,호호바에스터,9,
A000000257827,라로슈포제 시카플라스트 멀티 리페어 크림,베헤닐알코올,10,
A000000257827,라로슈포제 시카플라스트 멀티 리페어 크림,그린와틀꽃왁스,11,
A000000257827,라로슈포제 시카플라스트 멀티 리페어 크림,해바라기씨왁스,12,
A000000257827,라로슈포제 시카플라스트 멀티 리페어 크림,병풀잎추출물,13,
A000000257827,라로슈포제 시카플라스트 멀티 리페어 크림,야콘뿌리즙,14,
A000000257827,라로슈포제 시카플라스트 멀티 리페어 크림,솔비탄올리에이트,15,
A000000257827,라로슈포제 시카플라스트 멀티 리페어 크림,징크글루코네이트,16,
A000000257827,라로슈포제 시카플라스트 멀티 리페어 크림,마데카소사이드,17,
A000000257827,라로슈포제 시카플라스트 멀티 리페어 크림,세테아릴아이소노나노에이트,18,
A000000257827,라로슈포제 시카플라스트 멀티 리페어 크림,망가니즈글루코네이트,19,
A000000257827,라로슈포제 시카플라스트 멀티 리페어 크림,아이소헥사데칸,20,
A000000257827,라로슈포제 시카플라스트 멀티 리페어 크림,알파-글루칸올리고사카라이드,21,
A000000257827,라로슈포제 시카플라스트 멀티 리페어 크림,소듐하이알루로네이트,22,
A000000257827,라로슈포제 시카플라스트 멀티 리페어 크림,소듐스테아로일글루타메이트,23,
A000000257827,라로슈포제 시카플라스트 멀티 리페어 크림,아데노신,24,
A000000257827,라로슈포제 시카플라스트 멀티 리페어 크림,만노오스,25,
A000000257827,라로슈포제 시카플라스트 멀티 리페어 크림,카퍼글루코네이트,26,
A000000257827,라로슈포제 시카플라스트 멀티 리페어 크림,하이드록시아세토페논,27,
A000000257827,라로슈포제 시카플라스트 멀티 리페어 크림,하이드록시프로필스타치포스페이트,28,
A000000257827,라로슈포제 시카플라스트 멀티 리페어 크림,카프릴로일살리실릭애씨드,29,
A000000257827,라로슈포제 시카플라스트 멀티 리페어 크림,비트레오스실라발효물,30,
A000000257827,라로슈포제 시카플라스트 멀티 리페어 크림,시트릭애씨드,31,
A000000257827,라로슈포제 시카플라스트 멀티 리페어 크림,트라이소듐에틸렌다이아민다이석시네이트,32,
A000000257827,라로슈포제 시카플라스트 멀티 리페어 크림,락토바실러스,33,
A000000257827,라로슈포제 시카플라스트 멀티 리페어 크림,말토덱스트린,34,
A000000257827,라로슈포제 시카플라스트 멀티 리페어 크림,폴리글리세린-3,35,
A000000257827,라로슈포제 시카플라스트 멀티 리페어 크림,폴리글리세릴-3비즈왁스,36,
A000000257827,라로슈포제 시카플라스트 멀티 리페어 크림,폴리솔베이트80,37,
A000000257827,라로슈포제 시카플라스트 멀티 리페어 크림,아크릴아마이드/소듐아크릴로일다이메틸타우레이트코폴리머,38,
A000000257827,라로슈포제 시카플라스트 멀티 리페어 크림,세틸알코올,39,
A000000257827,라로슈포제 시카플라스트 멀티 리페어 크림,토코페롤,40,
A000000232304,파티온 노스카나인 트러블 크림,정제수,1,
A000000232304,파티온 노스카나인 트러블 크림,글리세린,2,
A000000232304,파티온 노스카나인 트러블 크림,메도우폼씨오일,3,
A000000232304,파티온 노스카나인 트러블 크림,카프릴릭/카프릭트라이글리세라이드,4,
A000000232304,파티온 노스카나인 트러블 크림,비닐다이메티콘,5,
A000000232304,파티온 노스카나인 트러블 크림,다이글리세린,6,
A000000232304,파티온 노스카나인 트러블 크림,폴리글리세릴-3다이스테아레이트,7,
A000000232304,파티온 노스카나인 트러블 크림,세테아릴알코올,8,
A000000232304,파티온 노스카나인 트러블 크림,"1,2-헥산다이올",9,
A000000232304,파티온 노스카나인 트러블 크림,펜틸렌글라이콜,10,
A000000232304,파티온 노스카나인 트러블 크림,클로렐라 불가리스추출물,11,
A000000232304,파티온 노스카나인 트러블 크림,소듐헤파린,12,
A000000232304,파티온 노스카나인 트러블 크림,쑥잎추출물,13,
A000000232304,파티온 노스카나인 트러블 크림,병풀추출물,14,
A000000232304,파티온 노스카나인 트러블 크림,펜타에리스리틸테트라에틸헥사노에이트,15,
A000000232304,파티온 노스카나인 트러블 크림,하이드로제네이티드쌀겨오일,16,
A000000232304,파티온 노스카나인 트러블 크림,하이드로제네이티드레시틴,17,
A000000232304,파티온 노스카나인 트러블 크림,세테아릴올리베이트,18,
A000000232304,파티온 노스카나인 트러블 크림,소듐스테아로일글루타메이트,19,
A000000232304,파티온 노스카나인 트러블 크림,하이드록시에틸아크릴레이트/소듐아크릴로일다이메틸타우레이트코폴리머,20,
A000000232304,파티온 노스카나인 트러블 크림,폴리글리세릴-2스테아레이트,21,
A000000232304,파티온 노스카나인 트러블 크림,암모늄아크릴로일다이메틸타우레이트/브이피코폴리머,22,
A000000232304,파티온 노스카나인 트러블 크림,아이소도데케인,23,
A000000232304,파티온 노스카나인 트러블 크림,하이드록시아세토페논,24,
A000000232304,파티온 노스카나인 트러블 크림,아크릴레이트/C10-30알킬아크릴레이트크로스폴리머,25,
A000000232304,파티온 노스카나인 트러블 크림,글루코오스,26,
A000000232304,파티온 노스카나인 트러블 크림,솔비탄올리베이트,27,
A000000232304,파티온 노스카나인 트러블 크림,글리세릴스테아레이트,28,
A000000232304,파티온 노스카나인 트러블 크림,판테놀,29,
A000000232304,파티온 노스카나인 트러블 크림,글리세릴스테아레이트시트레이트,30,
A000000232304,파티온 노스카나인 트러블 크림,부틸렌글라이콜,31,
A000000232304,파티온 노스카나인 트러블 크림,프룩토올리고사카라이드,32,
A000000232304,파티온 노스카나인 트러블 크림,프룩토오스,33,
A000000232304,파티온 노스카나인 트러블 크림,스테아릭애씨드,34,
A000000232304,파티온 노스카나인 트러블 크림,석시닉애씨드,35,
A000000232304,파티온 노스카나인 트러블 크림,다이메티콘/비닐다이메티콘크로스폴리머,36,
A000000232304,파티온 노스카나인 트러블 크림,비닐다이메티콘/메티콘실세스퀴옥세인크로스폴리머,37,
A000000232304,파티온 노스카나인 트러블 크림,소듐파이테이트,38,
A000000232304,파티온 노스카나인 트러블 크림,솔비탄아이소스테아레이트,39,
A000000232304,파티온 노스카나인 트러블 크림,폴리글리세릴-10스테아레이트,40,
A000000232304,파티온 노스카나인 트러블 크림,다이프로필렌글라이콜,41,
A000000232304,파티온 노스카나인 트러블 크림,세라마이드엔피,42,
A000000232304,파티온 노스카나인 트러블 크림,알란토인,43,
A000000232304,파티온 노스카나인 트러블 크림,베타-글루칸,44,
A000000232304,파티온 노스카나인 트러블 크림,폴리글리세릴-10라우레이트,45,
A000000232304,파티온 노스카나인 트러블 크림,세라마이드엔에스,46,
A000000232304,파티온 노스카나인 트러블 크림,콜레스테롤,47,
A000000232304,파티온 노스카나인 트러블 크림,에틸헥실글리세린,48,
A000000232304,파티온 노스카나인 트러블 크림,피토스핑고신,49,
A000000232304,파티온 노스카나인 트러블 크림,세라마이드에이피,50,
A000000232304,파티온 노스카나인 트러블 크림,세라마이드에이에스,51,
A000000232304,파티온 노스카나인 트러블 크림,스쿠알란,52,
A000000232304,파티온 노스카나인 트러블 크림,세라마이드이오피,53,
A000000232304,파티온 노스카나인 트러블 크림,카프릴릴/카프릴글루코사이드,54,
A000000232304,파티온 노스카나인 트러블 크림,스테아릴알코올,55,
A000000232304,파티온 노스카나인 트러블 크림,잔탄검,56,
A000000247776,이즈앤트리 어니언 뉴페어 겔크림 플러스,정제수,1,
A000000247776,이즈앤트리 어니언 뉴페어 겔크림 플러스,글리세린,2,
A000000247776,이즈앤트리 어니언 뉴페어 겔크림 플러스,카프릴릭/카프릭트라이글리세라이드,3,
A000000247776,이즈앤트리 어니언 뉴페어 겔크림 플러스,나이아신아마이드,4,
A000000247776,이즈앤트리 어니언 뉴페어 겔크림 플러스,프로판다이올,5,
A000000247776,이즈앤트리 어니언 뉴페어 겔크림 플러스,"1,2-헥산다이올",6,
A000000247776,이즈앤트리 어니언 뉴페어 겔크림 플러스,하이드록시에틸아크릴레이트/소듐아크릴로일다이메틸타우레이트코폴리머,7,
A000000247776,이즈앤트리 어니언 뉴페어 겔크림 플러스,양파추출물,8,10100
A000000247776,이즈앤트리 어니언 뉴페어 겔크림 플러스,부틸렌글라이콜,9,
A000000247776,이즈앤트리 어니언 뉴페어 겔크림 플러스,세테아릴알코올,10,
A000000247776,이즈앤트리 어니언 뉴페어 겔크림 플러스,비닐다이메티콘,11,
A000000247776,이즈앤트리 어니언 뉴페어 겔크림 플러스,카보머,12,
A000000247776,이즈앤트리 어니언 뉴페어 겔크림 플러스,세테아릴올리베이트,13,
A000000247776,이즈앤트리 어니언 뉴페어 겔크림 플러스,솔비톨,14,
A000000247776,이즈앤트리 어니언 뉴페어 겔크림 플러스,솔비탄올리베이트,15,
A000000247776,이즈앤트리 어니언 뉴페어 겔크림 플러스,바이오사카라이드검-1,16,
A000000247776,이즈앤트리 어니언 뉴페어 겔크림 플러스,소듐폴리아크릴로일다이메틸타우레이트,17,
A000000247776,이즈앤트리 어니언 뉴페어 겔크림 플러스,알지닌,18,
A000000247776,이즈앤트리 어니언 뉴페어 겔크림 플러스,소듐아스코빌포스페이트,19,
A000000247776,이즈앤트리 어니언 뉴페어 겔크림 플러스,글루타티온,20,
A000000247776,이즈앤트리 어니언 뉴페어 겔크림 플러스,쿼세틴,21,
A000000247776,이즈앤트리 어니언 뉴페어 겔크림 플러스,페룰릭애씨드,22,
A000000247776,이즈앤트리 어니언 뉴페어 겔크림 플러스,알란토인,23,
A000000247776,이즈앤트리 어니언 뉴페어 겔크림 플러스,판테놀,24,
A000000247776,이즈앤트리 어니언 뉴페어 겔크림 플러스,소듐하이알루로네이트,25,
A000000247776,이즈앤트리 어니언 뉴페어 겔크림 플러스,하이드롤라이즈드하이알루로닉애씨드,26,
A000000247776,이즈앤트리 어니언 뉴페어 겔크림 플러스,하이알루로닉애씨드,27,
A000000247776,이즈앤트리 어니언 뉴페어 겔크림 플러스,하이드록시프로필트라이모늄하이알루로네이트,28,
A000000247776,이즈앤트리 어니언 뉴페어 겔크림 플러스,소듐아세틸레이티드하이알루로네이트,29,
A000000247776,이즈앤트리 어니언 뉴페어 겔크림 플러스,마데카소사이드,30,
A000000247776,이즈앤트리 어니언 뉴페어 겔크림 플러스,스쿠알란,31,
A000000247776,이즈앤트리 어니언 뉴페어 겔크림 플러스,약모밀추출물,32,
A000000247776,이즈앤트리 어니언 뉴페어 겔크림 플러스,사이아노코발아민,33,
A000000247776,이즈앤트리 어니언 뉴페어 겔크림 플러스,솔비탄아이소스테아레이트,34,
A000000247776,이즈앤트리 어니언 뉴페어 겔크림 플러스,하이드로제네이티드폴리데센,35,
A000000247776,이즈앤트리 어니언 뉴페어 겔크림 플러스,에틸헥실글리세린,36,
A000000247776,이즈앤트리 어니언 뉴페어 겔크림 플러스,시트릭애씨드,37,
A000000247776,이즈앤트리 어니언 뉴페어 겔크림 플러스,하이드록시에틸셀룰로오스,38,
A000000247776,이즈앤트리 어니언 뉴페어 겔크림 플러스,덱스트린,39,
A000000247776,이즈앤트리 어니언 뉴페어 겔크림 플러스,다이소듐이디티에이,40,
A000000247776,이즈앤트리 어니언 뉴페어 겔크림 플러스,소듐시트레이트,41,
A000000247776,이즈앤트리 어니언 뉴페어 겔크림 플러스,트라이데세스-10,42,
A000000247776,이즈앤트리 어니언 뉴페어 겔크림 플러스,치자추출물,43,
A000000247776,이즈앤트리 어니언 뉴페어 겔크림 플러스,아데노신,44,
A000000247776,이즈앤트리 어니언 뉴페어 겔크림 플러스,하이드로제네이티드레시틴,45,
A000000247776,이즈앤트리 어니언 뉴페어 겔크림 플러스,폴리글리세릴-10스테아레이트,46,
A000000247776,이즈앤트리 어니언 뉴페어 겔크림 플러스,펜틸렌글라이콜,47,
A000000247776,이즈앤트리 어니언 뉴페어 겔크림 플러스,데실글루코사이드,48,
A000000247776,이즈앤트리 어니언 뉴페어 겔크림 플러스,알지닌/라이신폴리펩타이드,49,
A000000247776,이즈앤트리 어니언 뉴페어 겔크림 플러스,카프릴릴글라이콜,50,
A000000239660,피지오겔 DMT 페이셜 보습 장벽 크림,정제수,1,
A000000239660,피지오겔 DMT 페이셜 보습 장벽 크림,카프릴릭/카프릭트라이글리세라이드,2,
A000000239660,피지오겔 DMT 페이셜 보습 장벽 크림,글리세린,3,
A000000239660,피지오겔 DMT 페이셜 보습 장벽 크림,펜틸렌글라이콜,4,
A000000239660,피지오겔 DMT 페이셜 보습 장벽 크림,코코넛야자오일,5,
A000000239660,피지오겔 DMT 페이셜 보습 장벽 크림,하이드로제네이티드레시틴,6,
A000000239660,피지오겔 DMT 페이셜 보습 장벽 크림,시어버터,7,
A000000239660,피지오겔 DMT 페이셜 보습 장벽 크림,하이드록시에틸셀룰로오스,8,
A000000239660,피지오겔 DMT 페이셜 보습 장벽 크림,스쿠알란,9,
A000000239660,피지오겔 DMT 페이셜 보습 장벽 크림,카보머,10,
A000000239660,피지오겔 DMT 페이셜 보습 장벽 크림,잔탄검,11,
A000000239660,피지오겔 DMT 페이셜 보습 장벽 크림,소듐카보머,12,
A000000239660,피지오겔 DMT 페이셜 보습 장벽 크림,세라마이드엔피,13,
A000000231590,제로이드 인텐시브 크림,정제수,1,
A000000231590,제로이드 인텐시브 크림,프로판다이올,2,
A000000231590,제로이드 인텐시브 크림,카프릴릭/카프릭트라이글리세라이드,3,
A000000231590,제로이드 인텐시브 크림,글리세린,4,
A000000231590,제로이드 인텐시브 크림,식물성스쿠알란,5,
A000000231590,제로이드 인텐시브 크림,세테아릴알코올,6,
A000000231590,제로이드 인텐시브 크림,폴리글리세릴-10다이스테아레이트,7,
A000000231590,제로이드 인텐시브 크림,글리세릴스테아레이트,8,
A000000231590,제로이드 인텐시브 크림,스테아릭애씨드,9,
A000000231590,제로이드 인텐시브 크림,다이메티콘,10,
A000000231590,제로이드 인텐시브 크림,"1,2-헥산다이올",11,
A000000231590,제로이드 인텐시브 크림,미리스토일/팔미토일옥소스테아라마이드/아라카마이드엠이에이,12,
A000000231590,제로이드 인텐시브 크림,피토스테롤,13,
A000000231590,제로이드 인텐시브 크림,토코페릴아세테이트,14,
A000000231590,제로이드 인텐시브 크림,카놀라오일,15,
A000000231590,제로이드 인텐시브 크림,올리브오일,16,
A000000231590,제로이드 인텐시브 크림,세틸팔미테이트,17,
A000000231590,제로이드 인텐시브 크림,솔비탄팔미테이트,18,
A000000231590,제로이드 인텐시브 크림,솔비탄올리베이트,19,
A000000231590,제로이드 인텐시브 크림,비사보롤,20,
A000000231590,제로이드 인텐시브 크림,메틸카프로오일타이로지네이트,21,
A000000231590,제로이드 인텐시브 크림,잔탄검,22,
A000000231590,제로이드 인텐시브 크림,소듐하이알루로네이트,23,
A000000231590,제로이드 인텐시브 크림,카보머,24,
A000000231590,제로이드 인텐시브 크림,알지닌,25,
A000000231590,제로이드 인텐시브 크림,카프릴릴글라이콜,26,
A000000246297,코페르 큐리페어 멜라크림,정제수,1,
A000000246297,코페르 큐리페어 멜라크림,글리세린,2,
A000000246297,코페르 큐리페어 멜라크림,하이드로제네이티드폴리데센,3,
A000000246297,코페르 큐리페어 멜라크림,네오펜틸글라이콜다이카프레이트,4,
A000000246297,코페르 큐리페어 멜라크림,메틸프로판다이올,5,
A000000246297,코페르 큐리페어 멜라크림,세틸피이지/피피지-10/1다이메티콘,6,
A000000246297,코페르 큐리페어 멜라크림,나이아신아마이드,7,
A000000246297,코페르 큐리페어 멜라크림,사이클로펜타실록세인,8,
A000000246297,코페르 큐리페어 멜라크림,"1,2-헥산다이올",9,
A000000246297,코페르 큐리페어 멜라크림,다이메티콘,10,
A000000246297,코페르 큐리페어 멜라크림,트라이하이드록시스테아린,11,
A000000246297,코페르 큐리페어 멜라크림,사이클로헥사실록세인,12,
A000000246297,코페르 큐리페어 멜라크림,시어버터,13,
A000000246297,코페르 큐리페어 멜라크림,솔비탄세스퀴올리에이트,14,
A000000246297,코페르 큐리페어 멜라크림,실리카,15,
A000000246297,코페르 큐리페어 멜라크림,소듐클로라이드,16,
A000000246297,코페르 큐리페어 멜라크림,마트리카리아꽃추출물,17,
A000000246297,코페르 큐리페어 멜라크림,인동덩굴꽃추출물,18,
A000000246297,코페르 큐리페어 멜라크림,병풀추출물,19,
A000000246297,코페르 큐리페어 멜라크림,호장근뿌리추출물,20,
A000000246297,코페르 큐리페어 멜라크림,황금추출물,21,
A000000246297,코페르 큐리페어 멜라크림,녹차추출물,22,
A000000246297,코페르 큐리페어 멜라크림,스페인감초뿌리추출물,23,
A000000246297,코페르 큐리페어 멜라크림,로즈마리잎추출물,24,
A000000246297,코페르 큐리페어 멜라크림,유럽밤나무씨추출물,25,
A000000246297,코페르 큐리페어 멜라크림,뽕나무잎추출물,26,
A000000246297,코페르 큐리페어 멜라크림,에스에이치-올리고펩타이드-1,27,
A000000246297,코페르 큐리페어 멜라크림,에스에이치-올리고펩타이드-2,28,
A000000246297,코페르 큐리페어 멜라크림,에스에이치-폴리펩타이드-1,29,
A000000246297,코페르 큐리페어 멜라크림,에스에이치-폴리펩타이드-3,30,
A000000246297,코페르 큐리페어 멜라크림,에스에이치-폴리펩타이드-9,31,
A000000246297,코페르 큐리페어 멜라크림,에스에이치-폴리펩타이드-16,32,
A000000246297,코페르 큐리페어 멜라크림,에스에이치-폴리펩타이드-62,33,
A000000246297,코페르 큐리페어 멜라크림,에스에이치-폴리펩타이드-11,34,
A000000246297,코페르 큐리페어 멜라크림,에스에이치-폴리펩타이드-22,35,
A000000246297,코페르 큐리페어 멜라크림,에스에이치-폴리펩타이드-60,36,
A000000246297,코페르 큐리페어 멜라크림,에틸헥실글리세린,37,
A000000246297,코페르 큐리페어 멜라크림,편백수,38,
A000000246297,코페르 큐리페어 멜라크림,티타늄디옥사이드,39,
A000000246297,코페르 큐리페어 멜라크림,트라이에톡시카프릴릴실레인,40,
A000000246297,코페르 큐리페어 멜라크림,알루미늄하이드록사이드,41,
A000000246297,코페르 큐리페어 멜라크림,부틸렌글라이콜,42,
A000000246297,코페르 큐리페어 멜라크림,카프릴릴글라이콜,43,
A000000246297,코페르 큐리페어 멜라크림,스타아니스추출물,44,
A000000246297,코페르 큐리페어 멜라크림,아데노신,45,
A000000246297,코페르 큐리페어 멜라크림,다이소듐이디티에이,46,
A000000246297,코페르 큐리페어 멜라크림,라벤더오일,47,
A000000246297,코페르 큐리페어 멜라크림,리날룰,48,
A000000224581,빌리프 아쿠아밤 프로즌 크림,정제수,1,
A000000224581,빌리프 아쿠아밤 프로즌 크림,부틸렌글라이콜,2,
A000000224581,빌리프 아쿠아밤 프로즌 크림,카프릴릭/카프릭트라이글리세라이드,3,
A000000224581,빌리프 아쿠아밤 프로즌 크림,"1,2-헥산다이올",4,
A000000224581,빌리프 아쿠아밤 프로즌 크림,베타인,5,
A000000224581,빌리프 아쿠아밤 프로즌 크림,베헤닐알코올,6,
A000000224581,빌리프 아쿠아밤 프로즌 크림,판테놀,7,
A000000224581,빌리프 아쿠아밤 프로즌 크림,유칼립투스잎추출물,8,
A000000224581,빌리프 아쿠아밤 프로즌 크림,폴스애플민트잎추출물,9,
A000000224581,빌리프 아쿠아밤 프로즌 크림,로즈힙열매추출물,10,
A000000224581,빌리프 아쿠아밤 프로즌 크림,레몬밤꽃/잎/줄기수,11,
A000000224581,빌리프 아쿠아밤 프로즌 크림,타임잎추출물,12,
A000000224581,빌리프 아쿠아밤 프로즌 크림,로즈마리잎수,13,
A000000224581,빌리프 아쿠아밤 프로즌 크림,비터오렌지꽃오일,14,
A000000224581,빌리프 아쿠아밤 프로즌 크림,토탄추출물,15,
A000000224581,빌리프 아쿠아밤 프로즌 크림,양버들껍질/싹/잎/잔가지추출물,16,
A000000224581,빌리프 아쿠아밤 프로즌 크림,프렌치로즈꽃추출물,17,
A000000224581,빌리프 아쿠아밤 프로즌 크림,흰서양송로추출물,18,
A000000224581,빌리프 아쿠아밤 프로즌 크림,자일리톨,19,
A000000224581,빌리프 아쿠아밤 프로즌 크림,에리스리톨,20,
A000000224581,빌리프 아쿠아밤 프로즌 크림,소듐하이알루로네이트,21,
A000000224581,빌리프 아쿠아밤 프로즌 크림,카페인,22,
A000000224581,빌리프 아쿠아밤 프로즌 크림,카퍼트라이펩타이드-1,23,
A000000224581,빌리프 아쿠아밤 프로즌 크림,글라이신,24,
A000000224581,빌리프 아쿠아밤 프로즌 크림,베타-글루칸,25,
A000000224581,빌리프 아쿠아밤 프로즌 크림,나이아신아마이드,26,
A000000224581,빌리프 아쿠아밤 프로즌 크림,글리세릴폴리메타크릴레이트,27,
A000000224581,빌리프 아쿠아밤 프로즌 크림,트라이에틸헥사노인,28,
A000000224581,빌리프 아쿠아밤 프로즌 크림,카보머,29,
A000000224581,빌리프 아쿠아밤 프로즌 크림,다이메티콘,30,
A000000224581,빌리프 아쿠아밤 프로즌 크림,다이실록세인,31,
A000000224581,빌리프 아쿠아밤 프로즌 크림,트로메타민,32,
A000000224581,빌리프 아쿠아밤 프로즌 크림,글리세린,33,
A000000224581,빌리프 아쿠아밤 프로즌 크림,프로필렌글라이콜,34,
A000000224581,빌리프 아쿠아밤 프로즌 크림,스테아릴다이메티콘,35,
A000000224581,빌리프 아쿠아밤 프로즌 크림,락토바실러스/콩발효추출물,36,
A000000224581,빌리프 아쿠아밤 프로즌 크림,C30-45알킬다이메티콘,37,
A000000224581,빌리프 아쿠아밤 프로즌 크림,토코페릴아세테이트,38,
A000000224581,빌리프 아쿠아밤 프로즌 크림,효모/감자추출물발효여과물,39,
A000000224581,빌리프 아쿠아밤 프로즌 크림,효모/보리씨발효여과물,40,
A000000224581,빌리프 아쿠아밤 프로즌 크림,트라이소듐이디티에이,41,
A000000224581,빌리프 아쿠아밤 프로즌 크림,말라카이트추출물,42,
A000000224581,빌리프 아쿠아밤 프로즌 크림,메틸다이아이소프로필프로피온아마이드,43,
A000000224581,빌리프 아쿠아밤 프로즌 크림,오렌지껍질오일,44,
A000000224581,빌리프 아쿠아밤 프로즌 크림,라임전초오일,45,
A000000224581,빌리프 아쿠아밤 프로즌 크림,센티드제라늄꽃오일,46,
A000000224581,빌리프 아쿠아밤 프로즌 크림,로즈마리잎오일,47,
A000000224581,빌리프 아쿠아밤 프로즌 크림,리모넨,48,
A000000224581,빌리프 아쿠아밤 프로즌 크림,시트로넬올,49,
A000000224581,빌리프 아쿠아밤 프로즌 크림,제라니올,50,
A000000224581,빌리프 아쿠아밤 프로즌 크림,시트랄,51,
A000000224581,빌리프 아쿠아밤 프로즌 크림,리날룰,52,
A000000258294,토리든 다이브인 저분자 히알루론산 수딩 크림,정제수,1,
A000000258294,토리든 다이브인 저분자 히알루론산 수딩 크림,부틸렌글라이콜,2,
A000000258294,토리든 다이브인 저분자 히알루론산 수딩 크림,글리세린,3,
A000000258294,토리든 다이브인 저분자 히알루론산 수딩 크림,"1,2-헥산다이올",4,
A000000258294,토리든 다이브인 저분자 히알루론산 수딩 크림,하이드로제네이티드다이데센,5,
A000000258294,토리든 다이브인 저분자 히알루론산 수딩 크림,카프릴릭/카프릭트라이글리세라이드,6,
A000000258294,토리든 다이브인 저분자 히알루론산 수딩 크림,판테놀,7,
A000000258294,토리든 다이브인 저분자 히알루론산 수딩 크림,소듐하이알루로네이트,8,
A000000258294,토리든 다이브인 저분자 히알루론산 수딩 크림,소듐하이알루로네이트크로스폴리머,9,
A000000258294,토리든 다이브인 저분자 히알루론산 수딩 크림,하이드롤라이즈드소듐하이알루로네이트,10,
A000000258294,토리든 다이브인 저분자 히알루론산 수딩 크림,소듐아세틸레이티드하이알루로네이트,11,
A000000258294,토리든 다이브인 저분자 히알루론산 수딩 크림,하이드롤라이즈드하이알루로닉애씨드,12,500
A000000258294,토리든 다이브인 저분자 히알루론산 수딩 크림,알란토인,13,
A000000258294,토리든 다이브인 저분자 히알루론산 수딩 크림,엑토인,14,
A000000258294,토리든 다이브인 저분자 히알루론산 수딩 크림,감초추출물,15,
A000000258294,토리든 다이브인 저분자 히알루론산 수딩 크림,트레할로오스,16,
A000000258294,토리든 다이브인 저분자 히알루론산 수딩 크림,버지니아풍년화추출물,17,
A000000258294,토리든 다이브인 저분자 히알루론산 수딩 크림,글리세릴아크릴레이트/아크릴릭애씨드코폴리머,18,
A000000258294,토리든 다이브인 저분자 히알루론산 수딩 크림,피브이엠/엠에이코폴리머,19,
A000000258294,토리든 다이브인 저분자 히알루론산 수딩 크림,하이드록시에틸아크릴레이트/소듐아크릴로일다이메틸타우레이트코폴리머,20,
A000000258294,토리든 다이브인 저분자 히알루론산 수딩 크림,"2,3-부탄다이올",21,
A000000258294,토리든 다이브인 저분자 히알루론산 수딩 크림,세테아릴알코올,22,
A000000258294,토리든 다이브인 저분자 히알루론산 수딩 크림,C14-22알코올,23,
A000000258294,토리든 다이브인 저분자 히알루론산 수딩 크림,C12-20알킬글루코사이드,24,
A000000258294,토리든 다이브인 저분자 히알루론산 수딩 크림,펜틸렌글라이콜,25,
A000000258294,토리든 다이브인 저분자 히알루론산 수딩 크림,솔비탄아이소스테아레이트,26,
A000000258294,토리든 다이브인 저분자 히알루론산 수딩 크림,카프릴릴메티콘,27,
A000000258294,토리든 다이브인 저분자 히알루론산 수딩 크림,클레리추출물,28,
A000000258294,토리든 다이브인 저분자 히알루론산 수딩 크림,라벤더꽃추출물,29,
A000000258294,토리든 다이브인 저분자 히알루론산 수딩 크림,히아신스전초추출물,30,
A000000258294,토리든 다이브인 저분자 히알루론산 수딩 크림,마트리카리아꽃추출물,31,
A000000258294,토리든 다이브인 저분자 히알루론산 수딩 크림,수레국화꽃추출물,32,
A000000258294,토리든 다이브인 저분자 히알루론산 수딩 크림,보리지추출물,33,
A000000258294,토리든 다이브인 저분자 히알루론산 수딩 크림,다이소듐이디티에이,34,
A000000258294,토리든 다이브인 저분자 히알루론산 수딩 크림,카보머,35,
A000000258294,토리든 다이브인 저분자 히알루론산 수딩 크림,트로메타민,36,
A000000258294,토리든 다이브인 저분자 히알루론산 수딩 크림,잔탄검,37,
A000000258294,토리든 다이브인 저분자 히알루론산 수딩 크림,글루타티온,38,
A000000258294,토리든 다이브인 저분자 히알루론산 수딩 크림,말라카이트추출물,39,
A000000258294,토리든 다이브인 저분자 히알루론산 수딩 크림,글루코닉애씨드,40,
A000000258294,토리든 다이브인 저분자 히알루론산 수딩 크림,에틸헥실글리세린,41,
A000000224727,메이크프렘 인테카 수딩크림,정제수,1,
A000000224727,메이크프렘 인테카 수딩크림,프로판다이올,2,
A000000224727,메이크프렘 인테카 수딩크림,글리세린,3,
A000000224727,메이크프렘 인테카 수딩크림,글리세릴글루코사이드,4,
A000000224727,메이크프렘 인테카 수딩크림,"1,2-헥산다이올",5,
A000000224727,메이크프렘 인테카 수딩크림,카프릴릭/카프릭트라이글리세라이드,6,
A000000224727,메이크프렘 인테카 수딩크림,하이드로제네이티드폴리데센,7,
A000000224727,메이크프렘 인테카 수딩크림,나이아신아마이드,8,
A000000224727,메이크프렘 인테카 수딩크림,부틸렌글라이콜,9,
A000000224727,메이크프렘 인테카 수딩크림,솔비톨,10,
A000000224727,메이크프렘 인테카 수딩크림,세테아릴올리베이트,11,
A000000224727,메이크프렘 인테카 수딩크림,비닐다이메티콘,12,
A000000224727,메이크프렘 인테카 수딩크림,솔비탄올리베이트,13,
A000000224727,메이크프렘 인테카 수딩크림,카보머,14,
A000000224727,메이크프렘 인테카 수딩크림,칸디다 봄비콜라/글루코오스/메틸레이프씨데이트발효물,15,
A000000224727,메이크프렘 인테카 수딩크림,해바라기씨오일,16,
A000000224727,메이크프렘 인테카 수딩크림,아시아티코사이드,17,
A000000224727,메이크프렘 인테카 수딩크림,아시아틱애씨드,18,
A000000224727,메이크프렘 인테카 수딩크림,마데카식애씨드,19,
A000000224727,메이크프렘 인테카 수딩크림,하이알루로닉애씨드,20,
A000000224727,메이크프렘 인테카 수딩크림,하이드롤라이즈드하이알루로닉애씨드,21,
A000000224727,메이크프렘 인테카 수딩크림,소듐하이알루로네이트,22,
A000000224727,메이크프렘 인테카 수딩크림,다이프로필렌글라이콜,23,
A000000224727,메이크프렘 인테카 수딩크림,글리세릴스테아레이트에스이,24,
A000000224727,메이크프렘 인테카 수딩크림,하이드로제네이티드레시틴,25,
A000000224727,메이크프렘 인테카 수딩크림,트로메타민,26,
A000000224727,메이크프렘 인테카 수딩크림,에틸헥실글리세린,27,
A000000224727,메이크프렘 인테카 수딩크림,아데노신,28,
A000000224727,메이크프렘 인테카 수딩크림,다이소듐이디티에이,29,
A000000224727,메이크프렘 인테카 수딩크림,에톡시다이글라이콜,30,
A000000134691,바이오더마 시카비오 포마드,정제수,1,
A000000134691,바이오더마 시카비오 포마드,글리세린,2,
A000000134691,바이오더마 시카비오 포마드,미네랄오일,3,
A000000134691,바이오더마 시카비오 포마드,카프릴릭/카프릭트라이글리세라이드,4,
A000000134691,바이오더마 시카비오 포마드,프룩토올리고사카라이드,5,
A000000134691,바이오더마 시카비오 포마드,폴리글리세릴-4다이아이소스테아레이트/폴리하이드록시스테아레이트/세바케이트,6,
A000000134691,바이오더마 시카비오 포마드,프로판다이올,7,
A000000134691,바이오더마 시카비오 포마드,자일리톨,8,
A000000134691,바이오더마 시카비오 포마드,징크스테아레이트,9,
A000000134691,바이오더마 시카비오 포마드,소듐시트레이트,10,
A000000134691,바이오더마 시카비오 포마드,부틸렌글라이콜,11,
A000000134691,바이오더마 시카비오 포마드,카프릴로일글라이신,12,
A000000134691,바이오더마 시카비오 포마드,카퍼설페이트,13,
A000000134691,바이오더마 시카비오 포마드,소듐하이드록사이드,14,
A000000134691,바이오더마 시카비오 포마드,소듐하이알루로네이트,15,
A000000134691,바이오더마 시카비오 포마드,징크설페이트,16,
A000000134691,바이오더마 시카비오 포마드,포도덩굴추출물,17,
A000000134691,바이오더마 시카비오 포마드,라우레스-3,18,
A000000134691,바이오더마 시카비오 포마드,아시아티코사이드,19,
A000000134691,바이오더마 시카비오 포마드,아시아틱애씨드,20,
A000000134691,바이오더마 시카비오 포마드,마데카식애씨드,21,
A000000134691,바이오더마 시카비오 포마드,라미나리아 오크롤레우카추출물,22,
A000000134691,바이오더마 시카비오 포마드,하이드록시에틸셀룰로오스,23,
A000000134691,바이오더마 시카비오 포마드,아세틸다이펩타이드-1세틸에스터,24,
A000000134691,바이오더마 시카비오 포마드,만니톨,25,
A000000134691,바이오더마 시카비오 포마드,람노오스,26,
A000000134691,바이오더마 시카비오 포마드,포타슘솔베이트,27,30
A000000250472,에스트라 에이시카365 리페어 크림 pH4.5,정제수,1,
A000000250472,에스트라 에이시카365 리페어 크림 pH4.5,글리세린,2,
A000000250472,에스트라 에이시카365 리페어 크림 pH4.5,부틸렌글라이콜,3,
A000000250472,에스트라 에이시카365 리페어 크림 pH4.5,에틸헥실스테아레이트,4,
A000000250472,에스트라 에이시카365 리페어 크림 pH4.5,나이아신아마이드,5,
A000000250472,에스트라 에이시카365 리페어 크림 pH4.5,"1,2-헥산다이올",6,
A000000250472,에스트라 에이시카365 리페어 크림 pH4.5,다이메티콘,7,
A000000250472,에스트라 에이시카365 리페어 크림 pH4.5,다이에톡시에틸석시네이트,8,
A000000250472,에스트라 에이시카365 리페어 크림 pH4.5,글루코노락톤,9,
A000000250472,에스트라 에이시카365 리페어 크림 pH4.5,세테아릴올리베이트,10,
A000000250472,에스트라 에이시카365 리페어 크림 pH4.5,폴리아크릴레이트크로스폴리머-6,11,
A000000250472,에스트라 에이시카365 리페어 크림 pH4.5,판테놀,12,
A000000250472,에스트라 에이시카365 리페어 크림 pH4.5,폴리글리세릴-10베헤네이트/에이코사디오에이트,13,
A000000250472,에스트라 에이시카365 리페어 크림 pH4.5,폴리메틸실세스퀴옥세인,14,
A000000250472,에스트라 에이시카365 리페어 크림 pH4.5,솔비탄올리베이트,15,
A000000250472,에스트라 에이시카365 리페어 크림 pH4.5,하이드로제네이티드레시틴,16,
A000000250472,에스트라 에이시카365 리페어 크림 pH4.5,트로메타민,17,
A000000250472,에스트라 에이시카365 리페어 크림 pH4.5,세테아릴알코올,18,
A000000250472,에스트라 에이시카365 리페어 크림 pH4.5,하이드록시에틸아크릴레이트/소듐아크릴로일다이메틸타우레이트코폴리머,19,
A000000250472,에스트라 에이시카365 리페어 크림 pH4.5,소듐폴리아크릴로일다이메틸타우레이트,20,
A000000250472,에스트라 에이시카365 리페어 크림 pH4.5,아크릴레이트/C10-30알킬아크릴레이트크로스폴리머,21,
A000000250472,에스트라 에이시카365 리페어 크림 pH4.5,에틸헥실글리세린,22,
A000000250472,에스트라 에이시카365 리페어 크림 pH4.5,잔탄검,23,
A000000250472,에스트라 에이시카365 리페어 크림 pH4.5,세테아릴글루코사이드,24,
A000000250472,에스트라 에이시카365 리페어 크림 pH4.5,소듐글루코네이트,25,
A000000250472,에스트라 에이시카365 리페어 크림 pH4.5,아시아티코사이드,26,
A000000250472,에스트라 에이시카365 리페어 크림 pH4.5,솔비탄아이소스테아레이트,27,
A000000250472,에스트라 에이시카365 리페어 크림 pH4.5,마데카식애씨드,28,
A000000250472,에스트라 에이시카365 리페어 크림 pH4.5,아시아틱애씨드,29,
A000000250472,에스트라 에이시카365 리페어 크림 pH4.5,소듐하이알루로네이트,30,
A000000250472,에스트라 에이시카365 리페어 크림 pH4.5,3-O-에틸아스코빅애씨드,31,
A000000250472,에스트라 에이시카365 리페어 크림 pH4.5,징크피씨에이,32,
A000000250472,에스트라 에이시카365 리페어 크림 pH4.5,글리세릴카프릴레이트,33,
A000000250472,에스트라 에이시카365 리페어 크림 pH4.5,마데카소사이드,34,
A000000250472,에스트라 에이시카365 리페어 크림 pH4.5,소듐트라이메타포스페이트,35,
A000000250472,에스트라 에이시카365 리페어 크림 pH4.5,헥사펩타이드-9,36,
A000000222882,한율 트러블 진정 쑥시카 수분 크림,정제수,1,
A000000222882,한율 트러블 진정 쑥시카 수분 크림,글리세린,2,
A000000222882,한율 트러블 진정 쑥시카 수분 크림,부틸렌글라이콜,3,
A000000222882,한율 트러블 진정 쑥시카 수분 크림,다이카프릴릴에터,4,
A000000222882,한율 트러블 진정 쑥시카 수분 크림,황해쑥잎수,5,35724
A000000222882,한율 트러블 진정 쑥시카 수분 크림,메틸트라이메티콘,6,
A000000222882,한율 트러블 진정 쑥시카 수분 크림,나이아신아마이드,7,
A000000222882,한율 트러블 진정 쑥시카 수분 크림,비스-하이드록시에톡시프로필다이메티콘,8,
A000000222882,한율 트러블 진정 쑥시카 수분 크림,"1,2-헥산다이올",9,
A000000222882,한율 트러블 진정 쑥시카 수분 크림,C14-22알코올,10,
A000000222882,한율 트러블 진정 쑥시카 수분 크림,세틸에틸헥사노에이트,11,
A000000222882,한율 트러블 진정 쑥시카 수분 크림,판테놀,12,5000
A000000222882,한율 트러블 진정 쑥시카 수분 크림,글리세릴스테아레이트시트레이트,13,
A000000222882,한율 트러블 진정 쑥시카 수분 크림,하이드로제네이티드폴리(C6-14올레핀),14,
A000000222882,한율 트러블 진정 쑥시카 수분 크림,하이드록시에틸아크릴레이트/소듐아크릴로일다이메틸타우레이트코폴리머,15,
A000000222882,한율 트러블 진정 쑥시카 수분 크림,스테아릭애씨드,16,
A000000222882,한율 트러블 진정 쑥시카 수분 크림,암모늄아크릴로일다이메틸타우레이트/브이피코폴리머,17,
A000000222882,한율 트러블 진정 쑥시카 수분 크림,글리세릴폴리메타크릴레이트,18,
A000000222882,한율 트러블 진정 쑥시카 수분 크림,글리세릴스테아레이트,19,
A000000222882,한율 트러블 진정 쑥시카 수분 크림,폴리메틸실세스퀴옥세인,20,
A000000222882,한율 트러블 진정 쑥시카 수분 크림,팔미틱애씨드,21,
A000000222882,한율 트러블 진정 쑥시카 수분 크림,아라키딜알코올,22,
A000000222882,한율 트러블 진정 쑥시카 수분 크림,C12-20알킬글루코사이드,23,
A000000222882,한율 트러블 진정 쑥시카 수분 크림,향료,24,
A000000222882,한율 트러블 진정 쑥시카 수분 크림,글리세릴카프릴레이트,25,
A000000222882,한율 트러블 진정 쑥시카 수분 크림,베헤닐알코올,26,
A000000222882,한율 트러블 진정 쑥시카 수분 크림,"2,3-부탄다이올",27,
A000000222882,한율 트러블 진정 쑥시카 수분 크림,아라키딜글루코사이드,28,
A000000222882,한율 트러블 진정 쑥시카 수분 크림,에틸헥실글리세린,29,
A000000222882,한율 트러블 진정 쑥시카 수분 크림,다이소듐이디티에이,30,
A000000222882,한율 트러블 진정 쑥시카 수분 크림,솔비탄아이소스테아레이트,31,
A000000222882,한율 트러블 진정 쑥시카 수분 크림,프로판다이올,32,
A000000222882,한율 트러블 진정 쑥시카 수분 크림,레시틴,33,
A000000222882,한율 트러블 진정 쑥시카 수분 크림,락토바실러스발효물,34,
A000000222882,한율 트러블 진정 쑥시카 수분 크림,글루코오스,35,
A000000222882,한율 트러블 진정 쑥시카 수분 크림,토코페롤,36,
A000000222882,한율 트러블 진정 쑥시카 수분 크림,이눌린라우릴카바메이트,37,
A000000222882,한율 트러블 진정 쑥시카 수분 크림,황해쑥잎추출물,38,10
A000000222882,한율 트러블 진정 쑥시카 수분 크림,병풀꽃/잎/줄기추출물,39,
A000000213409,덱스판테놀17만ppm 장벽크림,정제수,1,
A000000213409,덱스판테놀17만ppm 장벽크림,덱스판테놀,2,170000
A000000213409,덱스판테놀17만ppm 장벽크림,글리세린,3,
A000000213409,덱스판테놀17만ppm 장벽크림,해바라기씨오일,4,
A000000213409,덱스판테놀17만ppm 장벽크림,세테아릴올리베이트,5,
A000000213409,덱스판테놀17만ppm 장벽크림,세테아릴알코올,6,
A000000213409,덱스판테놀17만ppm 장벽크림,솔비탄올리베이트,7,
A000000213409,덱스판테놀17만ppm 장벽크림,판토락톤,8,
A000000213409,덱스판테놀17만ppm 장벽크림,토코페롤,9,
A000000213409,덱스판테놀17만ppm 장벽크림,식물성오일,10,
A000000213409,덱스판테놀17만ppm 장벽크림,알란토인,11,
A000000213409,덱스판테놀17만ppm 장벽크림,글리세릴스테아레이트,12,
A000000213409,덱스판테놀17만ppm 장벽크림,아데노신,13,
A000000213409,덱스판테놀17만ppm 장벽크림,바닐라열매오일,14,
A000000213409,덱스판테놀17만ppm 장벽크림,라반딘오일,15,
A000000213409,덱스판테놀17만ppm 장벽크림,고수열매오일,16,
A000000213409,덱스판테놀17만ppm 장벽크림,필리핀오렌지껍질오일,17,
A000000213409,덱스판테놀17만ppm 장벽크림,소두구씨오일,18,
A000000213409,덱스판테놀17만ppm 장벽크림,광곽향오일,19,
A000000213409,덱스판테놀17만ppm 장벽크림,트로메타민,20,
A000000213409,덱스판테놀17만ppm 장벽크림,트라이에틸시트레이트,21,
A000000213409,덱스판테놀17만ppm 장벽크림,다이포타슘글리시리제이트,22,
A000000213409,덱스판테놀17만ppm 장벽크림,아크릴레이트/C10-30알킬아크릴레이트크로스폴리머,23,
A000000213409,덱스판테놀17만ppm 장벽크림,하이드록시아세토페논,24,
A000000213409,덱스판테놀17만ppm 장벽크림,비닐다이메티콘,25,
A000000213409,덱스판테놀17만ppm 장벽크림,"1,2-헥산다이올",26,
A000000256048,토리든 다이브인 저분자 히알루론산 수딩 크림,정제수,1,
A000000256048,토리든 다이브인 저분자 히알루론산 수딩 크림,부틸렌글라이콜,2,
A000000256048,토리든 다이브인 저분자 히알루론산 수딩 크림,글리세린,3,
A000000256048,토리든 다이브인 저분자 히알루론산 수딩 크림,"1,2-헥산다이올",4,
A000000256048,토리든 다이브인 저분자 히알루론산 수딩 크림,하이드로제네이티드다이데센,5,
A000000256048,토리든 다이브인 저분자 히알루론산 수딩 크림,카프릴릭/카프릭트라이글리세라이드,6,
A000000256048,토리든 다이브인 저분자 히알루론산 수딩 크림,판테놀,7,
A000000256048,토리든 다이브인 저분자 히알루론산 수딩 크림,소듐하이알루로네이트,8,
A000000256048,토리든 다이브인 저분자 히알루론산 수딩 크림,소듐하이알루로네이트크로스폴리머,9,
A000000256048,토리든 다이브인 저분자 히알루론산 수딩 크림,하이드롤라이즈드소듐하이알루로네이트,10,
A000000256048,토리든 다이브인 저분자 히알루론산 수딩 크림,소듐아세틸레이티드하이알루로네이트,11,
A000000256048,토리든 다이브인 저분자 히알루론산 수딩 크림,하이드롤라이즈드하이알루로닉애씨드,12,500
A000000256048,토리든 다이브인 저분자 히알루론산 수딩 크림,알란토인,13,
A000000256048,토리든 다이브인 저분자 히알루론산 수딩 크림,엑토인,14,
A000000256048,토리든 다이브인 저분자 히알루론산 수딩 크림,감초추출물,15,
A000000256048,토리든 다이브인 저분자 히알루론산 수딩 크림,트레할로오스,16,
A000000256048,토리든 다이브인 저분자 히알루론산 수딩 크림,버지니아풍년화추출물,17,
A000000256048,토리든 다이브인 저분자 히알루론산 수딩 크림,글리세릴아크릴레이트/아크릴릭애씨드코폴리머,18,
A000000256048,토리든 다이브인 저분자 히알루론산 수딩 크림,피브이엠/엠에이코폴리머,19,
A000000256048,토리든 다이브인 저분자 히알루론산 수딩 크림,하이드록시에틸아크릴레이트/소듐아크릴로일다이메틸타우레이트코폴리머,20,
A000000256048,토리든 다이브인 저분자 히알루론산 수딩 크림,"2,3-부탄다이올",21,
A000000256048,토리든 다이브인 저분자 히알루론산 수딩 크림,세테아릴알코올,22,
A000000256048,토리든 다이브인 저분자 히알루론산 수딩 크림,C14-22알코올,23,
A000000256048,토리든 다이브인 저분자 히알루론산 수딩 크림,C12-20알킬글루코사이드,24,
A000000256048,토리든 다이브인 저분자 히알루론산 수딩 크림,펜틸렌글라이콜,25,
A000000256048,토리든 다이브인 저분자 히알루론산 수딩 크림,솔비탄아이소스테아레이트,26,
A000000256048,토리든 다이브인 저분자 히알루론산 수딩 크림,카프릴릴메티콘,27,
A000000256048,토리든 다이브인 저분자 히알루론산 수딩 크림,클레리추출물,28,
A000000256048,토리든 다이브인 저분자 히알루론산 수딩 크림,라벤더꽃추출물,29,
A000000256048,토리든 다이브인 저분자 히알루론산 수딩 크림,히아신스전초추출물,30,
A000000256048,토리든 다이브인 저분자 히알루론산 수딩 크림,마트리카리아꽃추출물,31,
A000000256048,토리든 다이브인 저분자 히알루론산 수딩 크림,수레국화꽃추출물,32,
A000000256048,토리든 다이브인 저분자 히알루론산 수딩 크림,보리지추출물,33,
A000000256048,토리든 다이브인 저분자 히알루론산 수딩 크림,다이소듐이디티에이,34,
A000000256048,토리든 다이브인 저분자 히알루론산 수딩 크림,카보머,35,
A000000256048,토리든 다이브인 저분자 히알루론산 수딩 크림,트로메타민,36,
A000000256048,토리든 다이브인 저분자 히알루론산 수딩 크림,잔탄검,37,
A000000256048,토리든 다이브인 저분자 히알루론산 수딩 크림,글루타티온,38,
A000000256048,토리든 다이브인 저분자 히알루론산 수딩 크림,말라카이트추출물,39,
A000000256048,토리든 다이브인 저분자 히알루론산 수딩 크림,글루코닉애씨드,40,
A000000256048,토리든 다이브인 저분자 히알루론산 수딩 크림,에틸헥실글리세린,41,
A000000248826,메디큐브 PDRN 핑크 콜라겐 캡슐크림,정제수,1,
A000000248826,메디큐브 PDRN 핑크 콜라겐 캡슐크림,글리세린,2,
A000000248826,메디큐브 PDRN 핑크 콜라겐 캡슐크림,나이아신아마이드,3,
A000000248826,메디큐브 PDRN 핑크 콜라겐 캡슐크림,메틸프로판다이올,4,
A000000248826,메디큐브 PDRN 핑크 콜라겐 캡슐크림,프로판다이올,5,
A000000248826,메디큐브 PDRN 핑크 콜라겐 캡슐크림,"1,2-헥산다이올",6,
A000000248826,메디큐브 PDRN 핑크 콜라겐 캡슐크림,다이프로필렌글라이콜,7,
A000000248826,메디큐브 PDRN 핑크 콜라겐 캡슐크림,카프릴릭/카프릭트라이글리세라이드,8,
A000000248826,메디큐브 PDRN 핑크 콜라겐 캡슐크림,부틸렌글라이콜,9,
A000000248826,메디큐브 PDRN 핑크 콜라겐 캡슐크림,글리세레스-26,10,
A000000248826,메디큐브 PDRN 핑크 콜라겐 캡슐크림,알지닌,11,
A000000248826,메디큐브 PDRN 핑크 콜라겐 캡슐크림,카보머,12,
A000000248826,메디큐브 PDRN 핑크 콜라겐 캡슐크림,세테아릴알코올,13,
A000000248826,메디큐브 PDRN 핑크 콜라겐 캡슐크림,세테아릴올리베이트,14,
A000000248826,메디큐브 PDRN 핑크 콜라겐 캡슐크림,에틸헥실팔미테이트,15,
A000000248826,메디큐브 PDRN 핑크 콜라겐 캡슐크림,솔비탄올리베이트,16,
A000000248826,메디큐브 PDRN 핑크 콜라겐 캡슐크림,스쿠알란,17,
A000000248826,메디큐브 PDRN 핑크 콜라겐 캡슐크림,암모늄아크릴로일다이메틸타우레이트/브이피코폴리머,18,
A000000248826,메디큐브 PDRN 핑크 콜라겐 캡슐크림,시메티콘,19,
A000000248826,메디큐브 PDRN 핑크 콜라겐 캡슐크림,에틸헥실글리세린,20,
A000000248826,메디큐브 PDRN 핑크 콜라겐 캡슐크림,지치뿌리추출물,21,
A000000248826,메디큐브 PDRN 핑크 콜라겐 캡슐크림,아데노신,22,
A000000248826,메디큐브 PDRN 핑크 콜라겐 캡슐크림,해바라기씨오일,23,
A000000248826,메디큐브 PDRN 핑크 콜라겐 캡슐크림,폴리아크릴레이트-13,24,
A000000248826,메디큐브 PDRN 핑크 콜라겐 캡슐크림,소듐디엔에이,25,200
A000000248826,메디큐브 PDRN 핑크 콜라겐 캡슐크림,다이소듐이디티에이,26,
A000000248826,메디큐브 PDRN 핑크 콜라겐 캡슐크림,폴리아이소부텐,27,
A000000248826,메디큐브 PDRN 핑크 콜라겐 캡슐크림,글리세릴스테아레이트,28,
A000000248826,메디큐브 PDRN 핑크 콜라겐 캡슐크림,하이드롤라이즈드스클레로튬검,29,
A000000248826,메디큐브 PDRN 핑크 콜라겐 캡슐크림,서양배추출물,30,
A000000248826,메디큐브 PDRN 핑크 콜라겐 캡슐크림,알간나무커넬오일,31,
A000000248826,메디큐브 PDRN 핑크 콜라겐 캡슐크림,다마스크장미꽃수,32,
A000000248826,메디큐브 PDRN 핑크 콜라겐 캡슐크림,오리스뿌리추출물,33,
A000000248826,메디큐브 PDRN 핑크 콜라겐 캡슐크림,폴리솔베이트20,34,
A000000248826,메디큐브 PDRN 핑크 콜라겐 캡슐크림,멜론추출물,35,
A000000248826,메디큐브 PDRN 핑크 콜라겐 캡슐크림,솔비탄아이소스테아레이트,36,
A000000248826,메디큐브 PDRN 핑크 콜라겐 캡슐크림,서양송악잎/줄기추출물,37,
A000000248826,메디큐브 PDRN 핑크 콜라겐 캡슐크림,글루타티온,38,
A000000248826,메디큐브 PDRN 핑크 콜라겐 캡슐크림,소듐하이알루로네이트,39,
A000000248826,메디큐브 PDRN 핑크 콜라겐 캡슐크림,옥틸도데칸올,40,
A000000248826,메디큐브 PDRN 핑크 콜라겐 캡슐크림,연어알추출물,41,
A000000248826,메디큐브 PDRN 핑크 콜라겐 캡슐크림,하이드록시프로필트라이모늄하이알루로네이트,42,
A000000248826,메디큐브 PDRN 핑크 콜라겐 캡슐크림,토코페롤,43,
A000000248826,메디큐브 PDRN 핑크 콜라겐 캡슐크림,하이드로제네이티드레시틴,44,
A000000248826,메디큐브 PDRN 핑크 콜라겐 캡슐크림,세라마이드엔피,45,
A000000248826,메디큐브 PDRN 핑크 콜라겐 캡슐크림,사이아노코발아민,46,
A000000248826,메디큐브 PDRN 핑크 콜라겐 캡슐크림,티옥틱애씨드,47,
A000000248826,메디큐브 PDRN 핑크 콜라겐 캡슐크림,소듐아세틸레이티드하이알루로네이트,48,
A000000248826,메디큐브 PDRN 핑크 콜라겐 캡슐크림,하이드롤라이즈드콜라겐추출물,49,0.1
A000000248826,메디큐브 PDRN 핑크 콜라겐 캡슐크림,하이드롤라이즈드하이알루로닉애씨드,50,
A000000248826,메디큐브 PDRN 핑크 콜라겐 캡슐크림,아세틸헥사펩타이드-8,51,
A000000248826,메디큐브 PDRN 핑크 콜라겐 캡슐크림,카퍼트라이펩타이드-1,52,
A000000248826,메디큐브 PDRN 핑크 콜라겐 캡슐크림,카프릴릴글라이콜,53,
A000000248826,메디큐브 PDRN 핑크 콜라겐 캡슐크림,하이알루로닉애씨드,54,
A000000248826,메디큐브 PDRN 핑크 콜라겐 캡슐크림,팔미토일펜타펩타이드-4,55,
A000000248826,메디큐브 PDRN 핑크 콜라겐 캡슐크림,팔미토일헥사펩타이드-12,56,
A000000248826,메디큐브 PDRN 핑크 콜라겐 캡슐크림,소듐하이알루로네이트크로스폴리머,57,
A000000248826,메디큐브 PDRN 핑크 콜라겐 캡슐크림,하이드롤라이즈드소듐하이알루로네이트,58,
A000000248826,메디큐브 PDRN 핑크 콜라겐 캡슐크림,포타슘하이알루로네이트,59,
A000000257543,닥터지 레드 블레미쉬 클리어 수딩크림 EX,정제수,1,
A000000257543,닥터지 레드 블레미쉬 클리어 수딩크림 EX,글리세린,2,
A000000257543,닥터지 레드 블레미쉬 클리어 수딩크림 EX,부틸렌글라이콜,3,
A000000257543,닥터지 레드 블레미쉬 클리어 수딩크림 EX,다이카프릴릴에터,4,
A000000257543,닥터지 레드 블레미쉬 클리어 수딩크림 EX,나이아신아마이드,5,
A000000257543,닥터지 레드 블레미쉬 클리어 수딩크림 EX,"1,2-헥산다이올",6,
A000000257543,닥터지 레드 블레미쉬 클리어 수딩크림 EX,펜틸렌글라이콜,7,
A000000257543,닥터지 레드 블레미쉬 클리어 수딩크림 EX,소듐하이알루로네이트,8,
A000000257543,닥터지 레드 블레미쉬 클리어 수딩크림 EX,병풀잎추출물,9,
A000000257543,닥터지 레드 블레미쉬 클리어 수딩크림 EX,비피다발효여과물,10,
A000000257543,닥터지 레드 블레미쉬 클리어 수딩크림 EX,락토바실러스발효물,11,
A000000257543,닥터지 레드 블레미쉬 클리어 수딩크림 EX,병풀꽃/잎/줄기추출물,12,
A000000257543,닥터지 레드 블레미쉬 클리어 수딩크림 EX,병풀뿌리추출물,13,
A000000257543,닥터지 레드 블레미쉬 클리어 수딩크림 EX,병풀추출물,14,
A000000257543,닥터지 레드 블레미쉬 클리어 수딩크림 EX,효모발효여과물,15,
A000000257543,닥터지 레드 블레미쉬 클리어 수딩크림 EX,하이드로제네이티드폴리데센,16,
A000000257543,닥터지 레드 블레미쉬 클리어 수딩크림 EX,다이카프릴릴카보네이트,17,
A000000257543,닥터지 레드 블레미쉬 클리어 수딩크림 EX,하이드록시에틸아크릴레이트/소듐아크릴로일다이메틸타우레이트코폴리머,18,
A000000257543,닥터지 레드 블레미쉬 클리어 수딩크림 EX,판테놀,19,
A000000257543,닥터지 레드 블레미쉬 클리어 수딩크림 EX,아크릴레이트/C10-30알킬아크릴레이트크로스폴리머,20,
A000000257543,닥터지 레드 블레미쉬 클리어 수딩크림 EX,실리카,21,
A000000257543,닥터지 레드 블레미쉬 클리어 수딩크림 EX,트로메타민,22,
A000000257543,닥터지 레드 블레미쉬 클리어 수딩크림 EX,솔비톨,23,
A000000257543,닥터지 레드 블레미쉬 클리어 수딩크림 EX,글리세릴아크릴레이트/아크릴릭애씨드코폴리머,24,
A000000257543,닥터지 레드 블레미쉬 클리어 수딩크림 EX,에틸헥실글리세린,25,
A000000257543,닥터지 레드 블레미쉬 클리어 수딩크림 EX,트라이소듐에틸렌다이아민다이석시네이트,26,
A000000257543,닥터지 레드 블레미쉬 클리어 수딩크림 EX,알란토인,27,
A000000257543,닥터지 레드 블레미쉬 클리어 수딩크림 EX,다이프로필렌글라이콜,28,
A000000257543,닥터지 레드 블레미쉬 클리어 수딩크림 EX,토코페롤,29,
A000000257543,닥터지 레드 블레미쉬 클리어 수딩크림 EX,마데카소사이드,30,
A000000257543,닥터지 레드 블레미쉬 클리어 수딩크림 EX,폴리글리세릴-10라우레이트,31,
A000000257543,닥터지 레드 블레미쉬 클리어 수딩크림 EX,포스파티딜콜린,32,
A000000257543,닥터지 레드 블레미쉬 클리어 수딩크림 EX,하이드로제네이티드레시틴,33,
A000000257543,닥터지 레드 블레미쉬 클리어 수딩크림 EX,칼슘판토테네이트,34,
A000000257543,닥터지 레드 블레미쉬 클리어 수딩크림 EX,스쿠알란,35,
A000000257543,닥터지 레드 블레미쉬 클리어 수딩크림 EX,에리스리톨,36,
A000000257543,닥터지 레드 블레미쉬 클리어 수딩크림 EX,에틸헥실팔미테이트,37,
A000000257543,닥터지 레드 블레미쉬 클리어 수딩크림 EX,아시아티코사이드,38,
A000000257543,닥터지 레드 블레미쉬 클리어 수딩크림 EX,마데카식애씨드,39,
A000000257543,닥터지 레드 블레미쉬 클리어 수딩크림 EX,아시아틱애씨드,40,
A000000257543,닥터지 레드 블레미쉬 클리어 수딩크림 EX,트라이하이드록시스테아린,41,
A000000257543,닥터지 레드 블레미쉬 클리어 수딩크림 EX,세라마이드엔피,42,
A000000257543,닥터지 레드 블레미쉬 클리어 수딩크림 EX,다발방패버섯추출물,43,
A000000257543,닥터지 레드 블레미쉬 클리어 수딩크림 EX,잔탄검,44,
A000000233322,닥터지 블랙스네일 크림,정제수,1,
A000000233322,닥터지 블랙스네일 크림,글리세린,2,
A000000233322,닥터지 블랙스네일 크림,다이프로필렌글라이콜,3,
A000000233322,닥터지 블랙스네일 크림,세테아릴알코올,4,
A000000233322,닥터지 블랙스네일 크림,사이클로펜타실록세인,5,
A000000233322,닥터지 블랙스네일 크림,카프릴릭/카프릭트라이글리세라이드,6,
A000000233322,닥터지 블랙스네일 크림,트라이에틸헥사노인,7,
A000000233322,닥터지 블랙스네일 크림,하이드로제네이티드폴리데센,8,
A000000233322,닥터지 블랙스네일 크림,"1,2-헥산다이올",9,
A000000233322,닥터지 블랙스네일 크림,나이아신아마이드,10,
A000000233322,닥터지 블랙스네일 크림,하이드로제네이티드폴리(C6-14올레핀),11,
A000000233322,닥터지 블랙스네일 크림,사이클로헥사실록세인,12,
A000000233322,닥터지 블랙스네일 크림,글리세릴스테아레이트에스이,13,
A000000233322,닥터지 블랙스네일 크림,참마뿌리추출물,14,
A000000233322,닥터지 블랙스네일 크림,카바카바잎/뿌리/줄기추출물,15,
A000000233322,닥터지 블랙스네일 크림,우엉뿌리추출물,16,
A000000233322,닥터지 블랙스네일 크림,진흙버섯추출물,17,
A000000233322,닥터지 블랙스네일 크림,병풀추출물,18,
A000000233322,닥터지 블랙스네일 크림,쇠비름추출물,19,
A000000233322,닥터지 블랙스네일 크림,프로폴리스추출물,20,
A000000233322,닥터지 블랙스네일 크림,하이드로제네이티드레시틴,21,
A000000233322,닥터지 블랙스네일 크림,아르간커넬오일,22,
A000000233322,닥터지 블랙스네일 크림,소듐하이알루로네이트,23,
A000000233322,닥터지 블랙스네일 크림,다이메티콘,24,
A000000233322,닥터지 블랙스네일 크림,세테아릴올리베이트,25,
A000000233322,닥터지 블랙스네일 크림,부틸렌글라이콜,26,
A000000233322,닥터지 블랙스네일 크림,C12-16알코올,27,
A000000233322,닥터지 블랙스네일 크림,글리세릴스테아레이트,28,
A000000233322,닥터지 블랙스네일 크림,피이지-100스테아레이트,29,
A000000233322,닥터지 블랙스네일 크림,마이크로크리스탈린셀룰로오스,30,
A000000233322,닥터지 블랙스네일 크림,스쿠알란,31,
A000000233322,닥터지 블랙스네일 크림,세테아릴글루코사이드,32,
A000000233322,닥터지 블랙스네일 크림,메틸프로판다이올,33,
A000000233322,닥터지 블랙스네일 크림,솔비탄올리베이트,34,
A000000233322,닥터지 블랙스네일 크림,하이드록시에틸아크릴레이트/소듐아크릴로일다이메틸타우레이트코폴리머,35,
A000000233322,닥터지 블랙스네일 크림,달팽이점액여과물,36,2000
A000000233322,닥터지 블랙스네일 크림,팔미틱애씨드,37,
A000000233322,닥터지 블랙스네일 크림,하이드로제네이티드폴리아이소부텐,38,
A000000233322,닥터지 블랙스네일 크림,베타인,39,
A000000233322,닥터지 블랙스네일 크림,에탄올,40,
A000000233322,닥터지 블랙스네일 크림,글라이코실트레할로오스,41,
A000000233322,닥터지 블랙스네일 크림,셀룰로오스검,42,
A000000233322,닥터지 블랙스네일 크림,아이소노닐아이소노나노에이트,43,
A000000233322,닥터지 블랙스네일 크림,폴리글리세릴-10스테아레이트,44,
A000000233322,닥터지 블랙스네일 크림,하이드롤라이즈드옥수수전분,45,
A000000233322,닥터지 블랙스네일 크림,폴리솔베이트60,46,
A000000233322,닥터지 블랙스네일 크림,에틸헥실글리세린,47,
A000000233322,닥터지 블랙스네일 크림,하이드로제네이티드스타치하이드롤리세이트,48,
A000000233322,닥터지 블랙스네일 크림,라피노오스,49,
A000000233322,닥터지 블랙스네일 크림,스테아릭애씨드,50,
A000000233322,닥터지 블랙스네일 크림,시어버터,51,
A000000233322,닥터지 블랙스네일 크림,아데노신,52,
A000000233322,닥터지 블랙스네일 크림,폴리글리세릴-2다이폴리하이드록시스테아레이트,53,
A000000233322,닥터지 블랙스네일 크림,베타-글루칸,54,
A000000233322,닥터지 블랙스네일 크림,다이소듐이디티에이,55,
A000000233322,닥터지 블랙스네일 크림,레시틴,56,
A000000233322,닥터지 블랙스네일 크림,솔비탄아이소스테아레이트,57,
A000000233322,닥터지 블랙스네일 크림,수크로오스,58,
A000000233322,닥터지 블랙스네일 크림,카라멜,59,
A000000233322,닥터지 블랙스네일 크림,글루코오스,60,
A000000233322,닥터지 블랙스네일 크림,이눌린라우릴카바메이트,61,
A000000233322,닥터지 블랙스네일 크림,폴리쿼터늄-51,62,
A000000233322,닥터지 블랙스네일 크림,프로필렌글라이콜,63,
A000000233322,닥터지 블랙스네일 크림,다이소듐스테아로일글루타메이트,64,
A000000233322,닥터지 블랙스네일 크림,바이오사카라이드검-1,65,
A000000233322,닥터지 블랙스네일 크림,진주가루,66,
A000000233322,닥터지 블랙스네일 크림,토코페롤,67,
A000000233322,닥터지 블랙스네일 크림,향료,68,
A000000233322,닥터지 블랙스네일 크림,페녹시에탄올,69,
A000000233322,닥터지 블랙스네일 크림,리날룰,70,
A000000233322,닥터지 블랙스네일 크림,벤질살리실레이트,71,
A000000233322,닥터지 블랙스네일 크림,리모넨,72,
A000000233322,닥터지 블랙스네일 크림,하이드록시시트로넬알,73,
A000000233322,닥터지 블랙스네일 크림,제라니올,74,
A000000255721,동아제약 색소침착 프로 크림제,정제수,1,
A000000255721,동아제약 색소침착 프로 크림제,부틸렌글라이콜,2,
A000000255721,동아제약 색소침착 프로 크림제,카프릴릭/카프릭트라이글리세라이드,3,
A000000255721,동아제약 색소침착 프로 크림제,나이아신아마이드,4,
A000000255721,동아제약 색소침착 프로 크림제,트라이프로필렌글라이콜,5,
A000000255721,동아제약 색소침착 프로 크림제,트라넥사믹애씨드,6,
A000000255721,동아제약 색소침착 프로 크림제,프로판다이올,7,
A000000255721,동아제약 색소침착 프로 크림제,네오펜틸글라이콜다이헵타노에이트,8,
A000000255721,동아제약 색소침착 프로 크림제,세테아릴알코올,9,
A000000255721,동아제약 색소침착 프로 크림제,비닐다이메티콘,10,
A000000255721,동아제약 색소침착 프로 크림제,글리세릴스테아레이트,11,
A000000255721,동아제약 색소침착 프로 크림제,"1,2-헥산다이올",12,
A000000255721,동아제약 색소침착 프로 크림제,폴리글리세릴-2스테아레이트,13,
A000000255721,동아제약 색소침착 프로 크림제,베헤닐알코올,14,
A000000255721,동아제약 색소침착 프로 크림제,스테아릴알코올,15,
A000000255721,동아제약 색소침착 프로 크림제,아크릴레이트/C10-30알킬아크릴레이트크로스폴리머,16,
A000000255721,동아제약 색소침착 프로 크림제,알파-알부틴,17,
A000000255721,동아제약 색소침착 프로 크림제,카프릴릴글라이콜,18,
A000000255721,동아제약 색소침착 프로 크림제,하이드록시에틸아크릴레이트/소듐아크릴로일다이메틸타우레이트코폴리머,19,
A000000255721,동아제약 색소침착 프로 크림제,알지닌,20,
A000000255721,동아제약 색소침착 프로 크림제,글루타티온,21,
A000000255721,동아제약 색소침착 프로 크림제,해바라기씨오일,22,
A000000255721,동아제약 색소침착 프로 크림제,토코페롤,23,
A000000255721,동아제약 색소침착 프로 크림제,다이소듐이디티에이,24,
A000000255721,동아제약 색소침착 프로 크림제,아데노신,25,
A000000255721,동아제약 색소침착 프로 크림제,글리세린,26,
A000000255721,동아제약 색소침착 프로 크림제,솔비탄아이소스테아레이트,27,
A000000255721,동아제약 색소침착 프로 크림제,세틸팔미테이트,28,
A000000255721,동아제약 색소침착 프로 크림제,알부틴,29,
A000000255721,동아제약 색소침착 프로 크림제,올리브오일,30,
A000000255721,동아제약 색소침착 프로 크림제,폴리글리세릴-3메틸글루코오스다이스테아레이트,31,
A000000255721,동아제약 색소침착 프로 크림제,폴리글리세릴-10라우레이트,32,
A000000255721,동아제약 색소침착 프로 크림제,베타인,33,
A000000255721,동아제약 색소침착 프로 크림제,판테놀,34,
A000000255721,동아제약 색소침착 프로 크림제,코직애씨드,35,
A000000255721,동아제약 색소침착 프로 크림제,포스파티딜콜린,36,
A000000255721,동아제약 색소침착 프로 크림제,세라마이드엔피,37,
A000000255721,동아제약 색소침착 프로 크림제,콜레스테롤,38,
A000000255721,동아제약 색소침착 프로 크림제,세라마이드에이피,39,
A000000255721,동아제약 색소침착 프로 크림제,하이드로제네이티드레시틴,40,
A000000255721,동아제약 색소침착 프로 크림제,아스코빌팔미테이트,41,
A000000255721,동아제약 색소침착 프로 크림제,시어버터,42,
A000000255721,동아제약 색소침착 프로 크림제,하이드록시데실유비퀴논,43,
A000000255721,동아제약 색소침착 프로 크림제,칸디다 봄비콜라/글루코오스/메틸레이프씨데이트발효물,44,
A000000255721,동아제약 색소침착 프로 크림제,글라이코리피드,45,
A000000255721,동아제약 색소침착 프로 크림제,헥실레조시놀,46,
A000000249659,동국제약 마데카셀 베리어 엠디 크림,정제수,1,
A000000249659,동국제약 마데카셀 베리어 엠디 크림,글리세린,2,
A000000249659,동국제약 마데카셀 베리어 엠디 크림,잔탄검,3,
A000000249659,동국제약 마데카셀 베리어 엠디 크림,"1,3-부틸렌글라이콜",4,
A000000249659,동국제약 마데카셀 베리어 엠디 크림,D-판테놀,5,
A000000249659,동국제약 마데카셀 베리어 엠디 크림,알지닌,6,
A000000249659,동국제약 마데카셀 베리어 엠디 크림,세테아릴알코올,7,
A000000249659,동국제약 마데카셀 베리어 엠디 크림,글리세릴스테아레이트,8,
A000000249659,동국제약 마데카셀 베리어 엠디 크림,스테아릭애씨드,9,
A000000249659,동국제약 마데카셀 베리어 엠디 크림,솔비탄올리베이트,10,
A000000249659,동국제약 마데카셀 베리어 엠디 크림,글리세롤모노스테아레이트,11,
A000000249659,동국제약 마데카셀 베리어 엠디 크림,토코페릴아세테이트,12,
A000000249659,동국제약 마데카셀 베리어 엠디 크림,카프릴릭,13,
A000000249659,동국제약 마데카셀 베리어 엠디 크림,다이메티콘,14,
A000000249659,동국제약 마데카셀 베리어 엠디 크림,"1,2-헥산다이올",15,
A000000249659,동국제약 마데카셀 베리어 엠디 크림,베타-글루칸,16,
A000000257193,비욘드 엔젤 아쿠아 이온 히알루10% 수분 진정 크림,정제수,1,
A000000257193,비욘드 엔젤 아쿠아 이온 히알루10% 수분 진정 크림,부틸렌글라이콜,2,
A000000257193,비욘드 엔젤 아쿠아 이온 히알루10% 수분 진정 크림,하이드롤라이즈드하이알루로닉애씨드,3,100207
A000000257193,비욘드 엔젤 아쿠아 이온 히알루10% 수분 진정 크림,글리세린,4,
A000000257193,비욘드 엔젤 아쿠아 이온 히알루10% 수분 진정 크림,"1,2-헥산다이올",5,
A000000257193,비욘드 엔젤 아쿠아 이온 히알루10% 수분 진정 크림,스쿠알란,6,
A000000257193,비욘드 엔젤 아쿠아 이온 히알루10% 수분 진정 크림,하이드로제네이티드에틸헥실올리베이트,7,
A000000257193,비욘드 엔젤 아쿠아 이온 히알루10% 수분 진정 크림,나일론-12,8,
A000000257193,비욘드 엔젤 아쿠아 이온 히알루10% 수분 진정 크림,판테놀,9,
A000000257193,비욘드 엔젤 아쿠아 이온 히알루10% 수분 진정 크림,다이메티콘,10,
A000000257193,비욘드 엔젤 아쿠아 이온 히알루10% 수분 진정 크림,아크릴레이트/C10-30알킬아크릴레이트크로스폴리머,11,
A000000257193,비욘드 엔젤 아쿠아 이온 히알루10% 수분 진정 크림,하이드록시에틸아크릴레이트/소듐아크릴로일다이메틸타우레이트코플리머,12,
A000000257193,비욘드 엔젤 아쿠아 이온 히알루10% 수분 진정 크림,트로메타민,13,
A000000257193,비욘드 엔젤 아쿠아 이온 히알루10% 수분 진정 크림,암모늄아크릴로일다이메틸타우레이트/브이피코폴리머,14,
A000000257193,비욘드 엔젤 아쿠아 이온 히알루10% 수분 진정 크림,하이드로제네이티드올리브오일검화물,15,
A000000257193,비욘드 엔젤 아쿠아 이온 히알루10% 수분 진정 크림,병풀잎수,16,
A000000257193,비욘드 엔젤 아쿠아 이온 히알루10% 수분 진정 크림,다이메티콘올,17,
A000000257193,비욘드 엔젤 아쿠아 이온 히알루10% 수분 진정 크림,아데노신,18,
A000000257193,비욘드 엔젤 아쿠아 이온 히알루10% 수분 진정 크림,트라이소듐이디티에이,19,
A000000257193,비욘드 엔젤 아쿠아 이온 히알루10% 수분 진정 크림,트라이소듐에틸렌다이아민다이석시네이트,20,
A000000257193,비욘드 엔젤 아쿠아 이온 히알루10% 수분 진정 크림,폴리솔베이트60,21,
A000000257193,비욘드 엔젤 아쿠아 이온 히알루10% 수분 진정 크림,솔비탄아이소스테아레이트,22,
A000000257193,비욘드 엔젤 아쿠아 이온 히알루10% 수분 진정 크림,에틸헥실글리세린,23,
A000000257193,비욘드 엔젤 아쿠아 이온 히알루10% 수분 진정 크림,말라카이트추출물,24,
A000000257193,비욘드 엔젤 아쿠아 이온 히알루10% 수분 진정 크림,알지닌,25,
A000000257193,비욘드 엔젤 아쿠아 이온 히알루10% 수분 진정 크림,펜틸렌글라이콜,26,
A000000257193,비욘드 엔젤 아쿠아 이온 히알루10% 수분 진정 크림,소듐하이알루로네이트,27,3.01
A000000257193,비욘드 엔젤 아쿠아 이온 히알루10% 수분 진정 크림,카프릴릴글라이콜,28,
A000000257193,비욘드 엔젤 아쿠아 이온 히알루10% 수분 진정 크림,글리세릴리놀리에이트,29,
A000000257193,비욘드 엔젤 아쿠아 이온 히알루10% 수분 진정 크림,수크로오스팔미테이트,30,
A000000257193,비욘드 엔젤 아쿠아 이온 히알루10% 수분 진정 크림,해바라기씨오일,31,
A000000257193,비욘드 엔젤 아쿠아 이온 히알루10% 수분 진정 크림,페러스설페이트,32,0.1
A000000257193,비욘드 엔젤 아쿠아 이온 히알루10% 수분 진정 크림,하이알루로닉애씨드,33,0.1
A000000257193,비욘드 엔젤 아쿠아 이온 히알루10% 수분 진정 크림,하이드롤라이즈드소듐하이알루로네이트,34,0.1
A000000257193,비욘드 엔젤 아쿠아 이온 히알루10% 수분 진정 크림,하이드록시프로필트라이모늄하이알루로네이트,35,0.1
A000000257193,비욘드 엔젤 아쿠아 이온 히알루10% 수분 진정 크림,망가니즈설페이트,36,0.1
A000000257193,비욘드 엔젤 아쿠아 이온 히알루10% 수분 진정 크림,소듐아세틸레이티드하이알루로네이트,37,0.1
A000000257193,비욘드 엔젤 아쿠아 이온 히알루10% 수분 진정 크림,소듐글루코네이트,38,0.1
A000000257193,비욘드 엔젤 아쿠아 이온 히알루10% 수분 진정 크림,토코페롤,39,
A000000257193,비욘드 엔젤 아쿠아 이온 히알루10% 수분 진정 크림,카프릴릭/카프릭트라이글리세라이드,40,
A000000257193,비욘드 엔젤 아쿠아 이온 히알루10% 수분 진정 크림,글라이신,41,
A000000257193,비욘드 엔젤 아쿠아 이온 히알루10% 수분 진정 크림,하이드로제네이티드포스파티딜클린,42,
A000000257193,비욘드 엔젤 아쿠아 이온 히알루10% 수분 진정 크림,병풀추출물,43,
A000000257193,비욘드 엔젤 아쿠아 이온 히알루10% 수분 진정 크림,수크로오스스테아레이트,44,
A000000257193,비욘드 엔젤 아쿠아 이온 히알루10% 수분 진정 크림,세테아릴알코올,45,
A000000257193,비욘드 엔젤 아쿠아 이온 히알루10% 수분 진정 크림,마그네슘설페이트,46,0.00475
A000000257193,비욘드 엔젤 아쿠아 이온 히알루10% 수분 진정 크림,징크글루코네이트,47,0.00475
A000000257193,비욘드 엔젤 아쿠아 이온 히알루10% 수분 진정 크림,아시아티코사이드,48,
A000000257193,비욘드 엔젤 아쿠아 이온 히알루10% 수분 진정 크림,마데카식애씨드,49,
A000000257193,비욘드 엔젤 아쿠아 이온 히알루10% 수분 진정 크림,아시아틱애씨드,50,
A000000257193,비욘드 엔젤 아쿠아 이온 히알루10% 수분 진정 크림,칼슘글루코네이트,51,0.0005
A000000257193,비욘드 엔젤 아쿠아 이온 히알루10% 수분 진정 크림,카퍼글루코네이트,52,0.0005
A000000257193,비욘드 엔젤 아쿠아 이온 히알루10% 수분 진정 크림,카퍼트라이펩타이드-1,53,
A000000257193,비욘드 엔젤 아쿠아 이온 히알루10% 수분 진정 크림,마데카소사이드,54,
A000000257193,비욘드 엔젤 아쿠아 이온 히알루10% 수분 진정 크림,소듐하이알루로네이트크로스폴리머,55,0.0001
A000000198320,에스트라 아토베리어365 크림,정제수,1,
A000000198320,에스트라 아토베리어365 크림,부틸렌글라이콜,2,
A000000198320,에스트라 아토베리어365 크림,글리세린,3,
A000000198320,에스트라 아토베리어365 크림,부틸렌글라이콜다이카프릴레이트/다이카프레이트,4,
A000000198320,에스트라 아토베리어365 크림,세틸에틸헥사노에이트,5,
A000000198320,에스트라 아토베리어365 크림,스쿠알란,6,
A000000198320,에스트라 아토베리어365 크림,펜타에리스리틸테트라아이소스테아레이트,7,
A000000198320,에스트라 아토베리어365 크림,다이카프릴릴카보네이트,8,
A000000198320,에스트라 아토베리어365 크림,베헤닐알코올,9,
A000000198320,에스트라 아토베리어365 크림,다이메티콘,10,
A000000198320,에스트라 아토베리어365 크림,하이드록시프로필비스팔미타마이드엠이에이,11,
A000000198320,에스트라 아토베리어365 크림,스테아릭애씨드,12,
A000000198320,에스트라 아토베리어365 크림,베타인,13,
A000000198320,에스트라 아토베리어365 크림,만니톨,14,
A000000198320,에스트라 아토베리어365 크림,C14-22알코올,15,
A000000198320,에스트라 아토베리어365 크림,팔미틱애씨드,16,
A000000198320,에스트라 아토베리어365 크림,하이드록시프로필비스라우라마이드엠이에이,17,
A000000198320,에스트라 아토베리어365 크림,아라키딜알코올,18,
A000000198320,에스트라 아토베리어365 크림,콜레스테롤,19,
A000000198320,에스트라 아토베리어365 크림,폴리아크릴레이트-13,20,
A000000198320,에스트라 아토베리어365 크림,C12-20알킬글루코사이드,21,
A000000198320,에스트라 아토베리어365 크림,알란토인,22,
A000000198320,에스트라 아토베리어365 크림,아라키딜글루코사이드,23,
A000000198320,에스트라 아토베리어365 크림,나이아신아마이드,24,
A000000198320,에스트라 아토베리어365 크림,세라마이드엔피,25,
A000000198320,에스트라 아토베리어365 크림,글리세릴카프릴레이트,26,
A000000198320,에스트라 아토베리어365 크림,에틸헥실글리세린,27,
A000000198320,에스트라 아토베리어365 크림,하이드로제네이티드폴리아이소부텐,28,
A000000198320,에스트라 아토베리어365 크림,카보머,29,
A000000198320,에스트라 아토베리어365 크림,트로메타민,30,
A000000198320,에스트라 아토베리어365 크림,다이메티콘올,31,
A000000198320,에스트라 아토베리어365 크림,폴리글리세릴-10라우레이트,32,
A000000198320,에스트라 아토베리어365 크림,하이드로제네이티드레시틴,33,
A000000198320,에스트라 아토베리어365 크림,에틸헥실팔미테이트,34,
A000000198320,에스트라 아토베리어365 크림,아크릴레이트/암모늄메타크릴레이트코폴리머,35,
A000000198320,에스트라 아토베리어365 크림,솔비탄아이소스테아레이트,36,
A000000198320,에스트라 아토베리어365 크림,실리카,37,
A000000198320,에스트라 아토베리어365 크림,피토스핑고신,38,
A000000198320,에스트라 아토베리어365 크림,스핑고리피드,39,
A000000198320,에스트라 아토베리어365 크림,아라키딕애씨드,40,
A000000198320,에스트라 아토베리어365 크림,토코페롤,41,
A000000198320,에스트라 아토베리어365 크림,올레익애씨드,42,
A000000232494,아누아 어성초 센텔라 레드 스팟 크림,정제수,1,
A000000232494,아누아 어성초 센텔라 레드 스팟 크림,약모밀꽃/잎/줄기수,2,70000
A000000232494,아누아 어성초 센텔라 레드 스팟 크림,글리세린,3,
A000000232494,아누아 어성초 센텔라 레드 스팟 크림,부틸렌글라이콜,4,
A000000232494,아누아 어성초 센텔라 레드 스팟 크림,판테놀,5,
A000000232494,아누아 어성초 센텔라 레드 스팟 크림,"2,3-부탄다이올",6,
A000000232494,아누아 어성초 센텔라 레드 스팟 크림,다이카프릴릴카보네이트,7,
A000000232494,아누아 어성초 센텔라 레드 스팟 크림,메틸트라이메티콘,8,
A000000232494,아누아 어성초 센텔라 레드 스팟 크림,나이아신아마이드,9,
A000000232494,아누아 어성초 센텔라 레드 스팟 크림,"1,2-헥산다이올",10,
A000000232494,아누아 어성초 센텔라 레드 스팟 크림,펜틸렌글라이콜,11,
A000000232494,아누아 어성초 센텔라 레드 스팟 크림,스쿠알란,12,
A000000232494,아누아 어성초 센텔라 레드 스팟 크림,세테아릴올리베이트,13,
A000000232494,아누아 어성초 센텔라 레드 스팟 크림,솔비탄올리베이트,14,
A000000232494,아누아 어성초 센텔라 레드 스팟 크림,하이드로제네이티드올리브오일데실에스터,15,
A000000232494,아누아 어성초 센텔라 레드 스팟 크림,칸디다 봄비콜라/글루코오스/메틸레이프씨데이트발효물,16,
A000000232494,아누아 어성초 센텔라 레드 스팟 크림,올리브오일불검화물,17,
A000000232494,아누아 어성초 센텔라 레드 스팟 크림,인도멀구슬나무잎추출물,18,
A000000232494,아누아 어성초 센텔라 레드 스팟 크림,인도멀구슬나무꽃추출물,19,
A000000232494,아누아 어성초 센텔라 레드 스팟 크림,홀리바질잎추출물,20,
A000000232494,아누아 어성초 센텔라 레드 스팟 크림,마카다미아씨오일,21,
A000000232494,아누아 어성초 센텔라 레드 스팟 크림,울금뿌리추출물,22,
A000000232494,아누아 어성초 센텔라 레드 스팟 크림,참산호말추출물,23,
A000000232494,아누아 어성초 센텔라 레드 스팟 크림,솔비톨,24,
A000000232494,아누아 어성초 센텔라 레드 스팟 크림,다이페닐실록시페닐트라이메티콘,25,
A000000232494,아누아 어성초 센텔라 레드 스팟 크림,수크로오스폴리스테아레이트,26,
A000000232494,아누아 어성초 센텔라 레드 스팟 크림,하이드로제네이티드폴리아이소부텐,27,
A000000232494,아누아 어성초 센텔라 레드 스팟 크림,폴리C10-30알킬아크릴레이트,28,
A000000232494,아누아 어성초 센텔라 레드 스팟 크림,스테아릴다이메티콘,29,
A000000232494,아누아 어성초 센텔라 레드 스팟 크림,세틸팔미테이트,30,
A000000232494,아누아 어성초 센텔라 레드 스팟 크림,아크릴레이트/C10-30알킬아크릴레이트크로스폴리머,31,
A000000232494,아누아 어성초 센텔라 레드 스팟 크림,폴리글리세릴-3다이스테아레이트,32,
A000000232494,아누아 어성초 센텔라 레드 스팟 크림,하이드록시에틸아크릴레이트/소듐아크릴로일다이메틸타우레이트코폴리머,33,
A000000232494,아누아 어성초 센텔라 레드 스팟 크림,솔비탄팔미테이트,34,
A000000232494,아누아 어성초 센텔라 레드 스팟 크림,아미노메틸프로판다이올,35,
A000000232494,아누아 어성초 센텔라 레드 스팟 크림,셀룰로오스,36,
A000000232494,아누아 어성초 센텔라 레드 스팟 크림,글리세릴스테아레이트,37,
A000000232494,아누아 어성초 센텔라 레드 스팟 크림,소듐아크릴레이트/소듐아크릴로일다이메틸타우레이트코폴리머,38,
A000000232494,아누아 어성초 센텔라 레드 스팟 크림,폴리아이소부텐,39,
A000000232494,아누아 어성초 센텔라 레드 스팟 크림,폴리글리세릴-6카프릴레이트,40,
A000000232494,아누아 어성초 센텔라 레드 스팟 크림,하이드로제네이티드레시틴,41,
A000000232494,아누아 어성초 센텔라 레드 스팟 크림,에틸헥실글리세린,42,
A000000232494,아누아 어성초 센텔라 레드 스팟 크림,폴리글리세릴-4카프레이트,43,
A000000232494,아누아 어성초 센텔라 레드 스팟 크림,아데노신,44,
A000000232494,아누아 어성초 센텔라 레드 스팟 크림,소듐파이테이트,45,
A000000232494,아누아 어성초 센텔라 레드 스팟 크림,솔비탄아이소스테아레이트,46,
A000000232494,아누아 어성초 센텔라 레드 스팟 크림,글리세릴스테아레이트시트레이트,47,
A000000232494,아누아 어성초 센텔라 레드 스팟 크림,베타-시토스테롤,48,
A000000232494,아누아 어성초 센텔라 레드 스팟 크림,알란토인,49,
A000000232494,아누아 어성초 센텔라 레드 스팟 크림,카프릴릴/카프릴글루코사이드,50,
A000000232494,아누아 어성초 센텔라 레드 스팟 크림,솔비탄올리에이트,51,
A000000232494,아누아 어성초 센텔라 레드 스팟 크림,마데카식애씨드,52,66
A000000232494,아누아 어성초 센텔라 레드 스팟 크림,아시아티코사이드,53,36
A000000232494,아누아 어성초 센텔라 레드 스팟 크림,마데카소사이드,54,36
A000000232494,아누아 어성초 센텔라 레드 스팟 크림,피토스테롤,55,
A000000232494,아누아 어성초 센텔라 레드 스팟 크림,스테아릭애씨드,56,
A000000232494,아누아 어성초 센텔라 레드 스팟 크림,아시아틱애씨드,57,18
A000000232494,아누아 어성초 센텔라 레드 스팟 크림,토코페롤,58,
A000000232494,아누아 어성초 센텔라 레드 스팟 크림,세라마이드엔피,59,
A000000232494,아누아 어성초 센텔라 레드 스팟 크림,콜레스테롤,60,
A000000232494,아누아 어성초 센텔라 레드 스팟 크림,피토스핑고신,61,
A000000232494,아누아 어성초 센텔라 레드 스팟 크림,세라마이드엔지,62,
A000000232494,아누아 어성초 센텔라 레드 스팟 크림,세라마이드엔에스,63,
A000000232494,아누아 어성초 센텔라 레드 스팟 크림,세라마이드에이피,64,
A000000232494,아누아 어성초 센텔라 레드 스팟 크림,세라마이드에이에스,65,
A000000232494,아누아 어성초 센텔라 레드 스팟 크림,세라마이드이오피,66,
A000000232494,아누아 어성초 센텔라 레드 스팟 크림,세테아릴알코올,67,
A000000245087,닥터엘시아 345 릴리프 크림,정제수,1,
A000000245087,닥터엘시아 345 릴리프 크림,티트리잎수,2,
A000000245087,닥터엘시아 345 릴리프 크림,프로판다이올,3,
A000000245087,닥터엘시아 345 릴리프 크림,글리세린,4,
A000000245087,닥터엘시아 345 릴리프 크림,"1,2-헥산다이올",5,
A000000245087,닥터엘시아 345 릴리프 크림,하이드로제네이티드폴리데센,6,
A000000245087,닥터엘시아 345 릴리프 크림,비닐다이메티콘,7,
A000000245087,닥터엘시아 345 릴리프 크림,C14-22알코올,8,
A000000245087,닥터엘시아 345 릴리프 크림,카프릴릭/카프릭트라이글리세라이드,9,
A000000245087,닥터엘시아 345 릴리프 크림,나이아신아마이드,10,
A000000245087,닥터엘시아 345 릴리프 크림,판테놀,11,
A000000245087,닥터엘시아 345 릴리프 크림,다이카프릴릴카보네이트,12,
A000000245087,닥터엘시아 345 릴리프 크림,부틸렌글라이콜,13,
A000000245087,닥터엘시아 345 릴리프 크림,암모늄아크릴로일다이메틸타우레이트/브이피코폴리머,14,
A000000245087,닥터엘시아 345 릴리프 크림,카프릴릴메티콘,15,
A000000245087,닥터엘시아 345 릴리프 크림,폴리메틸실세스퀴옥세인,16,
A000000245087,닥터엘시아 345 릴리프 크림,C12-20알킬글루코사이드,17,
A000000245087,닥터엘시아 345 릴리프 크림,하이드록시아세토페논,18,
A000000245087,닥터엘시아 345 릴리프 크림,아크릴레이트/C10-30알킬아크릴레이트크로스폴리머,19,
A000000245087,닥터엘시아 345 릴리프 크림,폴리쿼터늄-51,20,
A000000245087,닥터엘시아 345 릴리프 크림,에틸헥실글리세린,21,
A000000245087,닥터엘시아 345 릴리프 크림,트로메타민,22,
A000000245087,닥터엘시아 345 릴리프 크림,소듐하이알루로네이트,23,
A000000245087,닥터엘시아 345 릴리프 크림,소듐스테아로일글루타메이트,24,
A000000245087,닥터엘시아 345 릴리프 크림,황련뿌리추출물,25,
A000000245087,닥터엘시아 345 릴리프 크림,병풀잎수,26,
A000000245087,닥터엘시아 345 릴리프 크림,베타-글루칸,27,
A000000245087,닥터엘시아 345 릴리프 크림,레스베라트롤,28,
A000000245087,닥터엘시아 345 릴리프 크림,하이드롤라이즈드하이알루로닉애씨드,29,
A000000245087,닥터엘시아 345 릴리프 크림,녹차수,30,
A000000245087,닥터엘시아 345 릴리프 크림,토코페롤,31,
A000000245087,닥터엘시아 345 릴리프 크림,마데카소사이드,32,
A000000245087,닥터엘시아 345 릴리프 크림,소듐디엔에이,33,
A000000245087,닥터엘시아 345 릴리프 크림,병풀추출물,34,
A000000245087,닥터엘시아 345 릴리프 크림,세라마이드엔피,35,
A000000245087,닥터엘시아 345 릴리프 크림,탄닉애씨드,36,
A000000245087,닥터엘시아 345 릴리프 크림,다이소듐이디티에이,37,
A000000245087,닥터엘시아 345 릴리프 크림,소듐파이테이트,38,
A000000214168,키엘 울트라 훼이셜 크림,정제수,1,
A000000214168,키엘 울트라 훼이셜 크림,글리세린,2,
A000000214168,키엘 울트라 훼이셜 크림,다이메티콘,3,
A000000214168,키엘 울트라 훼이셜 크림,스쿠알란,4,
A000000214168,키엘 울트라 훼이셜 크림,비스-피이지-18메틸에터다이메틸실레인,5,
A000000214168,키엘 울트라 훼이셜 크림,수크로오스스테아레이트,6,
A000000214168,키엘 울트라 훼이셜 크림,스테아릴알코올,7,
A000000214168,키엘 울트라 훼이셜 크림,피이지-8스테아레이트,8,
A000000214168,키엘 울트라 훼이셜 크림,미리스틸미리스테이트,9,
A000000214168,키엘 울트라 훼이셜 크림,살구씨오일,10,
A000000214168,키엘 울트라 훼이셜 크림,페녹시에탄올,11,
A000000214168,키엘 울트라 훼이셜 크림,아보카도오일,12,
A000000214168,키엘 울트라 훼이셜 크림,글리세릴스테아레이트,13,
A000000214168,키엘 울트라 훼이셜 크림,세틸알코올,14,
A000000214168,키엘 울트라 훼이셜 크림,쌀겨오일,15,
A000000214168,키엘 울트라 훼이셜 크림,올리브오일,16,
A000000214168,키엘 울트라 훼이셜 크림,클로페네신,17,
A000000214168,키엘 울트라 훼이셜 크림,스테아릭애씨드,18,
A000000214168,키엘 울트라 훼이셜 크림,팔미틱애씨드,19,
A000000214168,키엘 울트라 훼이셜 크림,카보머,20,
A000000214168,키엘 울트라 훼이셜 크림,아크릴레이트/C10-30알킬아크릴레이트크로스폴리머,21,
A000000214168,키엘 울트라 훼이셜 크림,트라이소듐에틸렌다이아민다이석시네이트,22,
A000000214168,키엘 울트라 훼이셜 크림,스위트아몬드오일,23,
A000000214168,키엘 울트라 훼이셜 크림,잔탄검,24,
A000000214168,키엘 울트라 훼이셜 크림,에틸헥실글리세린,25,
A000000214168,키엘 울트라 훼이셜 크림,소듐하이드록사이드,26,
A000000214168,키엘 울트라 훼이셜 크림,토코페롤,27,
A000000214168,키엘 울트라 훼이셜 크림,돌콩오일,28,
A000000214168,키엘 울트라 훼이셜 크림,슈도알테로모나스발효추출물,29,
A000000214168,키엘 울트라 훼이셜 크림,미리스틱애씨드,30,
A000000214168,키엘 울트라 훼이셜 크림,하이드록시팔미토일스핑가닌,31,
A000000214168,키엘 울트라 훼이셜 크림,살리실릭애씨드,32,
A000000214168,키엘 울트라 훼이셜 크림,해바라기씨오일,33,
A000000214168,키엘 울트라 훼이셜 크림,로즈마리잎추출물,34,
A000000214168,키엘 울트라 훼이셜 크림,시트릭애씨드,35,
A000000244987,메디힐 마데카소사이드 흔적 리페어 더마크림,정제수,1,
A000000244987,메디힐 마데카소사이드 흔적 리페어 더마크림,글리세린,2,
A000000244987,메디힐 마데카소사이드 흔적 리페어 더마크림,스쿠알란,3,
A000000244987,메디힐 마데카소사이드 흔적 리페어 더마크림,카프릴릭/카프릭트라이글리세라이드,4,
A000000244987,메디힐 마데카소사이드 흔적 리페어 더마크림,하이드로제네이티드폴리(C6-14올레핀),5,
A000000244987,메디힐 마데카소사이드 흔적 리페어 더마크림,다이글리세린,6,
A000000244987,메디힐 마데카소사이드 흔적 리페어 더마크림,하이드로제네이티드폴리데센,7,
A000000244987,메디힐 마데카소사이드 흔적 리페어 더마크림,나이아신아마이드,8,
A000000244987,메디힐 마데카소사이드 흔적 리페어 더마크림,메틸프로판다이올,9,
A000000244987,메디힐 마데카소사이드 흔적 리페어 더마크림,펜틸렌글라이콜,10,
A000000244987,메디힐 마데카소사이드 흔적 리페어 더마크림,암모늄아크릴로일다이메틸타우레이트/브이피코폴리머,11,
A000000244987,메디힐 마데카소사이드 흔적 리페어 더마크림,"1,2-헥산다이올",12,
A000000244987,메디힐 마데카소사이드 흔적 리페어 더마크림,판테놀,13,
A000000244987,메디힐 마데카소사이드 흔적 리페어 더마크림,세테아릴올리베이트,14,
A000000244987,메디힐 마데카소사이드 흔적 리페어 더마크림,하이드록시아세토페논,15,
A000000244987,메디힐 마데카소사이드 흔적 리페어 더마크림,아크릴레이트/C10-30알킬아크릴레이트크로스폴리머,16,
A000000244987,메디힐 마데카소사이드 흔적 리페어 더마크림,아미노메틸프로판다이올,17,
A000000244987,메디힐 마데카소사이드 흔적 리페어 더마크림,솔비탄올리베이트,18,
A000000244987,메디힐 마데카소사이드 흔적 리페어 더마크림,하이드록시에틸아크릴레이트/소듐아크릴로일다이메틸타우레이트코폴리머,19,
A000000244987,메디힐 마데카소사이드 흔적 리페어 더마크림,해바라기씨오일,20,
A000000244987,메디힐 마데카소사이드 흔적 리페어 더마크림,피토스테롤,21,
A000000244987,메디힐 마데카소사이드 흔적 리페어 더마크림,마데카소사이드,22,1000
A000000244987,메디힐 마데카소사이드 흔적 리페어 더마크림,하이드로제네이티드폴리아이소부텐,23,
A000000244987,메디힐 마데카소사이드 흔적 리페어 더마크림,서양배추출물,24,
A000000244987,메디힐 마데카소사이드 흔적 리페어 더마크림,아라키딜알코올,25,
A000000244987,메디힐 마데카소사이드 흔적 리페어 더마크림,연필향나무목부오일,26,
A000000244987,메디힐 마데카소사이드 흔적 리페어 더마크림,알란토인,27,
A000000244987,메디힐 마데카소사이드 흔적 리페어 더마크림,에틸헥실글리세린,28,
A000000244987,메디힐 마데카소사이드 흔적 리페어 더마크림,하이드로제네이티드레시틴,29,
A000000244987,메디힐 마데카소사이드 흔적 리페어 더마크림,아데노신,30,
A000000244987,메디힐 마데카소사이드 흔적 리페어 더마크림,다마스크장미꽃수,31,
A000000244987,메디힐 마데카소사이드 흔적 리페어 더마크림,스테아릭애씨드,32,
A000000244987,메디힐 마데카소사이드 흔적 리페어 더마크림,베헤닐알코올,33,
A000000244987,메디힐 마데카소사이드 흔적 리페어 더마크림,멜론추출물,34,
A000000244987,메디힐 마데카소사이드 흔적 리페어 더마크림,오리스뿌리추출물,35,
A000000244987,메디힐 마데카소사이드 흔적 리페어 더마크림,아라키딜글루코사이드,36,
A000000244987,메디힐 마데카소사이드 흔적 리페어 더마크림,호호바씨오일,37,
A000000244987,메디힐 마데카소사이드 흔적 리페어 더마크림,서양송악잎/줄기추출물,38,
A000000244987,메디힐 마데카소사이드 흔적 리페어 더마크림,소듐파이테이트,39,
A000000244987,메디힐 마데카소사이드 흔적 리페어 더마크림,부틸렌글라이콜,40,
A000000244987,메디힐 마데카소사이드 흔적 리페어 더마크림,광곽향오일,41,
A000000244987,메디힐 마데카소사이드 흔적 리페어 더마크림,솔비탄아이소스테아레이트,42,
A000000244987,메디힐 마데카소사이드 흔적 리페어 더마크림,하이알루로닉애씨드,43,
A000000244987,메디힐 마데카소사이드 흔적 리페어 더마크림,세테아릴알코올,44,
A000000244987,메디힐 마데카소사이드 흔적 리페어 더마크림,세라마이드엔피,45,
A000000244987,메디힐 마데카소사이드 흔적 리페어 더마크림,불가리스쑥오일,46,
A000000244987,메디힐 마데카소사이드 흔적 리페어 더마크림,로즈마리잎오일,47,
A000000244987,메디힐 마데카소사이드 흔적 리페어 더마크림,포타슘세틸포스페이트,48,
A000000244987,메디힐 마데카소사이드 흔적 리페어 더마크림,카프릴릴글라이콜,49,
A000000244987,메디힐 마데카소사이드 흔적 리페어 더마크림,병풀추출물,50,
A000000244987,메디힐 마데카소사이드 흔적 리페어 더마크림,베타-글루칸,51,
A000000244987,메디힐 마데카소사이드 흔적 리페어 더마크림,글리세릴스테아레이트,52,
A000000244987,메디힐 마데카소사이드 흔적 리페어 더마크림,돌콩추출물,53,
A000000244987,메디힐 마데카소사이드 흔적 리페어 더마크림,토코페롤,54,
A000000244987,메디힐 마데카소사이드 흔적 리페어 더마크림,팔미틱애씨드,55,
A000000244987,메디힐 마데카소사이드 흔적 리페어 더마크림,카프릴릴/카프릴글루코사이드,56,
A000000244987,메디힐 마데카소사이드 흔적 리페어 더마크림,병풀잎추출물,57,
A000000251494,도미나스 크림 Rx,정제수,1,
A000000251494,도미나스 크림 Rx,다이프로필렌글라이콜,2,
A000000251494,도미나스 크림 Rx,나이아신아마이드,3,
A000000251494,도미나스 크림 Rx,하이드로제네이티드폴리아이소부텐,4,
A000000251494,도미나스 크림 Rx,헥실데실에틸헥사노에이트,5,
A000000251494,도미나스 크림 Rx,판테놀,6,
A000000251494,도미나스 크림 Rx,프로판다이올,7,
A000000251494,도미나스 크림 Rx,트라넥사믹애씨드,8,
A000000251494,도미나스 크림 Rx,글리세린,9,
A000000251494,도미나스 크림 Rx,트라이에틸헥사노인,10,
A000000251494,도미나스 크림 Rx,"1,2-헥산다이올",11,
A000000251494,도미나스 크림 Rx,세테아릴알코올,12,
A000000251494,도미나스 크림 Rx,C14-22알코올,13,
A000000251494,도미나스 크림 Rx,글리세릴스테아레이트,14,
A000000251494,도미나스 크림 Rx,펜타에리스리틸테트라에틸헥사노에이트,15,
A000000251494,도미나스 크림 Rx,만델릭애씨드,16,
A000000251494,도미나스 크림 Rx,글루타믹애씨드,17,
A000000251494,도미나스 크림 Rx,유비퀴논,18,
A000000251494,도미나스 크림 Rx,하이드록시데실유비퀴논,19,
A000000251494,도미나스 크림 Rx,바쿠치올,20,
A000000251494,도미나스 크림 Rx,비사보롤,21,
A000000251494,도미나스 크림 Rx,크리신,22,
A000000251494,도미나스 크림 Rx,에피갈로카테킨갈레이트,23,
A000000251494,도미나스 크림 Rx,헥실레조시놀,24,
A000000251494,도미나스 크림 Rx,하이드록시에틸우레아,25,
A000000251494,도미나스 크림 Rx,폴리다틴,26,
A000000251494,도미나스 크림 Rx,다이메티콘,27,
A000000251494,도미나스 크림 Rx,아스코빌글루코사이드,28,
A000000251494,도미나스 크림 Rx,세테아릴올리베이트,29,
A000000251494,도미나스 크림 Rx,피이지-100스테아레이트,30,
A000000251494,도미나스 크림 Rx,세린,31,
A000000251494,도미나스 크림 Rx,솔비탄올리베이트,32,
A000000251494,도미나스 크림 Rx,C12-20알킬글루코사이드,33,
A000000251494,도미나스 크림 Rx,실리카,34,
A000000251494,도미나스 크림 Rx,암모늄아크릴로일다이메틸타우레이트/브이피코폴리머,35,
A000000251494,도미나스 크림 Rx,아라키딜알코올,36,
A000000251494,도미나스 크림 Rx,베헤닐알코올,37,
A000000251494,도미나스 크림 Rx,포타슘하이드록사이드,38,
A000000251494,도미나스 크림 Rx,알란토인,39,
A000000251494,도미나스 크림 Rx,폴리메틸실세스퀴옥세인,40,
A000000251494,도미나스 크림 Rx,소듐파이루베이트,41,
A000000251494,도미나스 크림 Rx,트레할로오스,42,
A000000251494,도미나스 크림 Rx,아라키딜글루코사이드,43,
A000000251494,도미나스 크림 Rx,다이메티콘올,44,
A000000251494,도미나스 크림 Rx,카보머,45,
A000000251494,도미나스 크림 Rx,알지닌,46,
A000000251494,도미나스 크림 Rx,소듐메타바이설파이트,47,
A000000251494,도미나스 크림 Rx,잔탄검,48,
A000000251494,도미나스 크림 Rx,아데노신,49,
A000000251494,도미나스 크림 Rx,토코페롤,50,
A000000251494,도미나스 크림 Rx,카프릴릭/카프릭트라이글리세라이드,51,
A000000251494,도미나스 크림 Rx,트라이소듐이디티에이,52,
A000000251494,도미나스 크림 Rx,부틸렌글라이콜,53,
A000000251494,도미나스 크림 Rx,돌콩오일,54,
A000000251494,도미나스 크림 Rx,티타늄디옥사이드,55,
A000000251494,도미나스 크림 Rx,마이카,56,
A000000251494,도미나스 크림 Rx,하이드로제네이티드레시틴,57,
A000000251494,도미나스 크림 Rx,적색산화철,58,
A000000251494,도미나스 크림 Rx,폴리글리세릴-10올리에이트,59,
A000000251494,도미나스 크림 Rx,시스테인에이치씨엘,60,
A000000251494,도미나스 크림 Rx,베타-글루칸,61,
A000000251494,도미나스 크림 Rx,만니톨,62,
A000000251494,도미나스 크림 Rx,수크로오스,63,
A000000251494,도미나스 크림 Rx,왜당귀뿌리추출물,64,
A000000251494,도미나스 크림 Rx,삽주뿌리줄기추출물,65,
A000000251494,도미나스 크림 Rx,스페인감초뿌리추출물,66,
A000000251494,도미나스 크림 Rx,작약뿌리추출물,67,
A000000251494,도미나스 크림 Rx,모란뿌리추출물,68,
A000000251494,도미나스 크림 Rx,피씨에이,69,
A000000251494,도미나스 크림 Rx,질경이추출물,70,
A000000251494,도미나스 크림 Rx,복숭아씨추출물,71,
A000000251494,도미나스 크림 Rx,황금추출물,72,
A000000251494,도미나스 크림 Rx,시트룰린,73,
A000000251494,도미나스 크림 Rx,글라이코젠,74,
A000000251494,도미나스 크림 Rx,히스티딘에이치씨엘,75,
A000000251494,도미나스 크림 Rx,알라닌,76,
A000000251494,도미나스 크림 Rx,트레오닌,77,
A000000251494,도미나스 크림 Rx,라이신에이치씨엘,78,
A000000251494,도미나스 크림 Rx,향료,79,
A000000251494,도미나스 크림 Rx,벤질벤조에이트,80,
A000000251494,도미나스 크림 Rx,리날룰,81,
A000000251494,도미나스 크림 Rx,하이드록시시트로넬알,82,
A000000251494,도미나스 크림 Rx,리모넨,83,
A000000251494,도미나스 크림 Rx,헥실신남알,84,
A000000251494,도미나스 크림 Rx,시트로넬올,85,
A000000231833,한율 쑥히알 수분 크림,정제수,1,
A000000231833,한율 쑥히알 수분 크림,부틸렌글라이콜,2,
A000000231833,한율 쑥히알 수분 크림,글리세린,3,
A000000231833,한율 쑥히알 수분 크림,메틸트라이메티콘,4,
A000000231833,한율 쑥히알 수분 크림,"1,2-헥산다이올",5,
A000000231833,한율 쑥히알 수분 크림,황해쑥잎수,6,10554
A000000231833,한율 쑥히알 수분 크림,베타인,7,
A000000231833,한율 쑥히알 수분 크림,피씨에이다이메티콘,8,
A000000231833,한율 쑥히알 수분 크림,아이소펜틸다이올,9,
A000000231833,한율 쑥히알 수분 크림,암모늄아크릴로일다이메틸타우레이트/브이피코폴리머,10,
A000000231833,한율 쑥히알 수분 크림,실리카다이메틸실릴레이트,11,
A000000231833,한율 쑥히알 수분 크림,트로메타민,12,
A000000231833,한율 쑥히알 수분 크림,카보머,13,
A000000231833,한율 쑥히알 수분 크림,아크릴레이트/C10-30알킬아크릴레이트크로스폴리머,14,
A000000231833,한율 쑥히알 수분 크림,글리세릴카프릴레이트,15,
A000000231833,한율 쑥히알 수분 크림,에틸헥실글리세린,16,
A000000231833,한율 쑥히알 수분 크림,향료,17,
A000000231833,한율 쑥히알 수분 크림,소듐메타포스페이트,18,
A000000231833,한율 쑥히알 수분 크림,알지닌,19,
A000000231833,한율 쑥히알 수분 크림,아스파틱애씨드,20,
A000000231833,한율 쑥히알 수분 크림,글루타믹애씨드,21,
A000000231833,한율 쑥히알 수분 크림,하이알루로닉애씨드,22,100
A000000231833,한율 쑥히알 수분 크림,이노시톨,23,
A000000231833,한율 쑥히알 수분 크림,락토바실러스발효물,24,
A000000231833,한율 쑥히알 수분 크림,말토덱스트린,25,
A000000231833,한율 쑥히알 수분 크림,하이드롤라이즈드치자추출물,26,
A000000231833,한율 쑥히알 수분 크림,프로필렌글라이콜,27,
A000000231833,한율 쑥히알 수분 크림,소듐하이알루로네이트,28,1.5
A000000258831,피지오겔 레드수딩 AI 리페어 크림,정제수,1,
A000000258831,피지오겔 레드수딩 AI 리페어 크림,올리브오일,2,
A000000258831,피지오겔 레드수딩 AI 리페어 크림,글리세린,3,
A000000258831,피지오겔 레드수딩 AI 리페어 크림,펜틸렌글라이콜,4,
A000000258831,피지오겔 레드수딩 AI 리페어 크림,오일팜오일,5,
A000000258831,피지오겔 레드수딩 AI 리페어 크림,식물성오일,6,
A000000258831,피지오겔 레드수딩 AI 리페어 크림,하이드로제네이티드레시틴,7,
A000000258831,피지오겔 레드수딩 AI 리페어 크림,스쿠알란,8,
A000000258831,피지오겔 레드수딩 AI 리페어 크림,베타인,9,
A000000258831,피지오겔 레드수딩 AI 리페어 크림,팔미타마이드엠이에이,10,
A000000258831,피지오겔 레드수딩 AI 리페어 크림,아세타마이드엠이에이,11,
A000000258831,피지오겔 레드수딩 AI 리페어 크림,사코신,12,
A000000258831,피지오겔 레드수딩 AI 리페어 크림,하이드록시에틸셀룰로오스,13,
A000000258831,피지오겔 레드수딩 AI 리페어 크림,카보머,14,
A000000258831,피지오겔 레드수딩 AI 리페어 크림,소듐카보머,15,
A000000258831,피지오겔 레드수딩 AI 리페어 크림,잔탄검,16,
A000000258831,피지오겔 레드수딩 AI 리페어 크림,토코페롤,17,
A000000258831,피지오겔 레드수딩 AI 리페어 크림,다이소듐포스페이트,18,
A000000258831,피지오겔 레드수딩 AI 리페어 크림,소듐포스페이트,19,
A000000216509,넘버즈인 1번 판토텐산 액티브 수딩크림,정제수,1,
A000000216509,넘버즈인 1번 판토텐산 액티브 수딩크림,부틸렌글라이콜,2,
A000000216509,넘버즈인 1번 판토텐산 액티브 수딩크림,글리세린,3,
A000000216509,넘버즈인 1번 판토텐산 액티브 수딩크림,나이아신아마이드,4,
A000000216509,넘버즈인 1번 판토텐산 액티브 수딩크림,세틸에틸헥사노에이트,5,
A000000216509,넘버즈인 1번 판토텐산 액티브 수딩크림,다이카프릴릴카보네이트,6,
A000000216509,넘버즈인 1번 판토텐산 액티브 수딩크림,"1,2-헥산다이올",7,
A000000216509,넘버즈인 1번 판토텐산 액티브 수딩크림,펜틸렌글라이콜,8,
A000000216509,넘버즈인 1번 판토텐산 액티브 수딩크림,비닐다이메티콘,9,
A000000216509,넘버즈인 1번 판토텐산 액티브 수딩크림,병풀추출물,10,
A000000216509,넘버즈인 1번 판토텐산 액티브 수딩크림,클로렐라 불가리스추출물,11,
A000000216509,넘버즈인 1번 판토텐산 액티브 수딩크림,도둑놈의지팡이뿌리추출물,12,
A000000216509,넘버즈인 1번 판토텐산 액티브 수딩크림,인도멀구슬나무잎추출물,13,
A000000216509,넘버즈인 1번 판토텐산 액티브 수딩크림,인도멀구슬나무꽃추출물,14,
A000000216509,넘버즈인 1번 판토텐산 액티브 수딩크림,아이비고드열매추출물,15,
A000000216509,넘버즈인 1번 판토텐산 액티브 수딩크림,홀리바질잎추출물,16,
A000000216509,넘버즈인 1번 판토텐산 액티브 수딩크림,울금뿌리추출물,17,
A000000216509,넘버즈인 1번 판토텐산 액티브 수딩크림,알로에베라꽃추출물,18,
A000000216509,넘버즈인 1번 판토텐산 액티브 수딩크림,가지열매추출물,19,
A000000216509,넘버즈인 1번 판토텐산 액티브 수딩크림,참산호말추출물,20,
A000000216509,넘버즈인 1번 판토텐산 액티브 수딩크림,녹차추출물,21,
A000000216509,넘버즈인 1번 판토텐산 액티브 수딩크림,병풀잎추출물,22,
A000000216509,넘버즈인 1번 판토텐산 액티브 수딩크림,오카무라큰실말추출물,23,
A000000216509,넘버즈인 1번 판토텐산 액티브 수딩크림,흰버드나무껍질추출물,24,
A000000216509,넘버즈인 1번 판토텐산 액티브 수딩크림,약모밀추출물,25,
A000000216509,넘버즈인 1번 판토텐산 액티브 수딩크림,커피콩추출물,26,
A000000216509,넘버즈인 1번 판토텐산 액티브 수딩크림,베르가모트잎추출물,27,
A000000216509,넘버즈인 1번 판토텐산 액티브 수딩크림,소나무잎추출물,28,
A000000216509,넘버즈인 1번 판토텐산 액티브 수딩크림,알파-알부틴,29,
A000000216509,넘버즈인 1번 판토텐산 액티브 수딩크림,아르간커넬오일,30,
A000000216509,넘버즈인 1번 판토텐산 액티브 수딩크림,참깨오일,31,
A000000216509,넘버즈인 1번 판토텐산 액티브 수딩크림,사발팜열매추출물,32,
A000000216509,넘버즈인 1번 판토텐산 액티브 수딩크림,스페인감초뿌리추출물,33,
A000000216509,넘버즈인 1번 판토텐산 액티브 수딩크림,카프릴릴메티콘,34,
A000000216509,넘버즈인 1번 판토텐산 액티브 수딩크림,에리스리톨,35,
A000000216509,넘버즈인 1번 판토텐산 액티브 수딩크림,판테놀,36,
A000000216509,넘버즈인 1번 판토텐산 액티브 수딩크림,하이드록시에틸아크릴레이트/소듐아크릴로일다이메틸타우레이트코폴리머,37,
A000000216509,넘버즈인 1번 판토텐산 액티브 수딩크림,다이메티콘올,38,
A000000216509,넘버즈인 1번 판토텐산 액티브 수딩크림,폴리메틸실세스퀴옥세인,39,
A000000216509,넘버즈인 1번 판토텐산 액티브 수딩크림,아크릴레이트/C10-30알킬아크릴레이트크로스폴리머,40,
A000000216509,넘버즈인 1번 판토텐산 액티브 수딩크림,글루코오스,41,
A000000216509,넘버즈인 1번 판토텐산 액티브 수딩크림,트로메타민,42,
A000000216509,넘버즈인 1번 판토텐산 액티브 수딩크림,실리카,43,
A000000216509,넘버즈인 1번 판토텐산 액티브 수딩크림,프룩토올리고사카라이드,44,
A000000216509,넘버즈인 1번 판토텐산 액티브 수딩크림,프룩토오스,45,
A000000216509,넘버즈인 1번 판토텐산 액티브 수딩크림,에틸헥실글리세린,46,
A000000216509,넘버즈인 1번 판토텐산 액티브 수딩크림,소듐파이테이트,47,
A000000216509,넘버즈인 1번 판토텐산 액티브 수딩크림,글리세릴아크릴레이트/아크릴릭애씨드코폴리머,48,
A000000216509,넘버즈인 1번 판토텐산 액티브 수딩크림,카프릴릭/카프릭트라이글리세라이드,49,
A000000216509,넘버즈인 1번 판토텐산 액티브 수딩크림,하이드로제네이티드레시틴,50,
A000000216509,넘버즈인 1번 판토텐산 액티브 수딩크림,토코페롤,51,
A000000216509,넘버즈인 1번 판토텐산 액티브 수딩크림,데실글루코사이드,52,
A000000216509,넘버즈인 1번 판토텐산 액티브 수딩크림,판토테닉애씨드,53,
A000000216509,넘버즈인 1번 판토텐산 액티브 수딩크림,폴리글리세릴-4카프레이트,54,
A000000216509,넘버즈인 1번 판토텐산 액티브 수딩크림,폴리글리세릴-6카프릴레이트,55,
A000000216509,넘버즈인 1번 판토텐산 액티브 수딩크림,징크피씨에이,56,
A000000216509,넘버즈인 1번 판토텐산 액티브 수딩크림,메틸다이아이소프로필프로피온아마이드,57,
A000000216509,넘버즈인 1번 판토텐산 액티브 수딩크림,베타-시토스테롤,58,
A000000216509,넘버즈인 1번 판토텐산 액티브 수딩크림,잔탄검,59,
A000000180543,코스알엑스 더 레티놀 0.1 크림,정제수,1,
A000000180543,코스알엑스 더 레티놀 0.1 크림,카프릴릭/카프릭트라이글리세라이드,2,
A000000180543,코스알엑스 더 레티놀 0.1 크림,프로판다이올,3,
A000000180543,코스알엑스 더 레티놀 0.1 크림,글리세린,4,
A000000180543,코스알엑스 더 레티놀 0.1 크림,토코페릴아세테이트,5,
A000000180543,코스알엑스 더 레티놀 0.1 크림,세테아릴알코올,6,
A000000180543,코스알엑스 더 레티놀 0.1 크림,트레할로오스,7,
A000000180543,코스알엑스 더 레티놀 0.1 크림,판테놀,8,
A000000180543,코스알엑스 더 레티놀 0.1 크림,시어버터,9,
A000000180543,코스알엑스 더 레티놀 0.1 크림,돌콩오일,10,
A000000180543,코스알엑스 더 레티놀 0.1 크림,암모늄아크릴로일다이메틸타우레이트/브이피코폴리머,11,
A000000180543,코스알엑스 더 레티놀 0.1 크림,다이메티콘,12,
A000000180543,코스알엑스 더 레티놀 0.1 크림,글리세릴폴리메타크릴레이트,13,
A000000180543,코스알엑스 더 레티놀 0.1 크림,해바라기씨오일,14,
A000000180543,코스알엑스 더 레티놀 0.1 크림,폴리글리세릴-10스테아레이트,15,
A000000180543,코스알엑스 더 레티놀 0.1 크림,하이드로제네이티드레시틴,16,
A000000180543,코스알엑스 더 레티놀 0.1 크림,하이드록시에틸아크릴레이트/소듐아크릴로일다이메틸타우레이트코폴리머,17,
A000000180543,코스알엑스 더 레티놀 0.1 크림,카보머,18,
A000000180543,코스알엑스 더 레티놀 0.1 크림,트로메타민,19,
A000000180543,코스알엑스 더 레티놀 0.1 크림,글리세릴스테아레이트,20,
A000000180543,코스알엑스 더 레티놀 0.1 크림,폴리실리콘-11,21,
A000000180543,코스알엑스 더 레티놀 0.1 크림,소듐설파이트,22,
A000000180543,코스알엑스 더 레티놀 0.1 크림,토코페롤,23,
A000000180543,코스알엑스 더 레티놀 0.1 크림,당근추출물,24,
A000000180543,코스알엑스 더 레티놀 0.1 크림,레티놀,25,1000
A000000180543,코스알엑스 더 레티놀 0.1 크림,알란토인,26,
A000000180543,코스알엑스 더 레티놀 0.1 크림,글리세릴카프릴레이트,27,
A000000180543,코스알엑스 더 레티놀 0.1 크림,쌀겨왁스,28,
A000000180543,코스알엑스 더 레티놀 0.1 크림,토코트라이엔올,29,
A000000180543,코스알엑스 더 레티놀 0.1 크림,스테아릭애씨드,30,
A000000180543,코스알엑스 더 레티놀 0.1 크림,폴리글리세릴-3메틸글루코오스다이스테아레이트,31,
A000000180543,코스알엑스 더 레티놀 0.1 크림,팔미틱애씨드,32,
A000000180543,코스알엑스 더 레티놀 0.1 크림,다이소듐이디티에이,33,
A000000180543,코스알엑스 더 레티놀 0.1 크림,에틸헥실글리세린,34,
A000000180543,코스알엑스 더 레티놀 0.1 크림,아데노신,35,
A000000180543,코스알엑스 더 레티놀 0.1 크림,솔비탄아이소스테아레이트,36,
A000000180543,코스알엑스 더 레티놀 0.1 크림,오일팜오일,37,
A000000180543,코스알엑스 더 레티놀 0.1 크림,비에이치티,38,
A000000180543,코스알엑스 더 레티놀 0.1 크림,베타-카로틴,39,
A000000180543,코스알엑스 더 레티놀 0.1 크림,미리스틱애씨드,40,
A000000180543,코스알엑스 더 레티놀 0.1 크림,라우릭애씨드,41,
A000000180543,코스알엑스 더 레티놀 0.1 크림,아스코빅애씨드,42,
A000000180543,코스알엑스 더 레티놀 0.1 크림,메도우폼씨오일,43,
A000000180543,코스알엑스 더 레티놀 0.1 크림,3-O-에틸아스코빅애씨드,44,
A000000180543,코스알엑스 더 레티놀 0.1 크림,글루타티온,45,
A000000180543,코스알엑스 더 레티놀 0.1 크림,소듐하이알루로네이트,46,
A000000180543,코스알엑스 더 레티놀 0.1 크림,"1,2-헥산다이올",47,
A000000180543,코스알엑스 더 레티놀 0.1 크림,하이드롤라이즈드하이알루로닉애씨드,48,
A000000180543,코스알엑스 더 레티놀 0.1 크림,소듐하이알루로네이트크로스폴리머,49,
A000000180543,코스알엑스 더 레티놀 0.1 크림,하이알루로닉애씨드,50,
A000000180543,코스알엑스 더 레티놀 0.1 크림,소듐아세틸레이티드하이알루로네이트,51,
A000000199701,바이오힐보 프로바이오덤 3D리프팅 크림,정제수,1,
A000000199701,바이오힐보 프로바이오덤 3D리프팅 크림,락토바실러스발효용해물,2,
A000000199701,바이오힐보 프로바이오덤 3D리프팅 크림,글리세린,3,
A000000199701,바이오힐보 프로바이오덤 3D리프팅 크림,다이프로필렌글라이콜,4,
A000000199701,바이오힐보 프로바이오덤 3D리프팅 크림,카프릴릭/카프릭트라이글리세라이드,5,
A000000199701,바이오힐보 프로바이오덤 3D리프팅 크림,세테아릴알코올,6,
A000000199701,바이오힐보 프로바이오덤 3D리프팅 크림,메도우폼씨오일,7,
A000000199701,바이오힐보 프로바이오덤 3D리프팅 크림,글리세레스-26,8,
A000000199701,바이오힐보 프로바이오덤 3D리프팅 크림,비닐다이메티콘,9,
A000000199701,바이오힐보 프로바이오덤 3D리프팅 크림,하이드로제네이티드폴리(C6-14올레핀),10,
A000000199701,바이오힐보 프로바이오덤 3D리프팅 크림,하이드로제네이티드폴리데센,11,
A000000199701,바이오힐보 프로바이오덤 3D리프팅 크림,폴리글리세릴-3메틸글루코오스다이스테아레이트,12,
A000000199701,바이오힐보 프로바이오덤 3D리프팅 크림,글리세릴스테아레이트,13,
A000000199701,바이오힐보 프로바이오덤 3D리프팅 크림,베타인,14,
A000000199701,바이오힐보 프로바이오덤 3D리프팅 크림,폴리글리세린-3,15,
A000000199701,바이오힐보 프로바이오덤 3D리프팅 크림,"1,2-헥산다이올",16,
A000000199701,바이오힐보 프로바이오덤 3D리프팅 크림,세테아릴올리베이트,17,
A000000199701,바이오힐보 프로바이오덤 3D리프팅 크림,펜틸렌글라이콜,18,
A000000199701,바이오힐보 프로바이오덤 3D리프팅 크림,피토스테릴/베헤닐/옥틸도데실라우로일글루타메이트,19,
A000000199701,바이오힐보 프로바이오덤 3D리프팅 크림,락토바실러스발효물,20,
A000000199701,바이오힐보 프로바이오덤 3D리프팅 크림,프룩토올리고사카라이드,21,
A000000199701,바이오힐보 프로바이오덤 3D리프팅 크림,프룩탄,22,
A000000199701,바이오힐보 프로바이오덤 3D리프팅 크림,이눌린,23,
A000000199701,바이오힐보 프로바이오덤 3D리프팅 크림,판테놀,24,
A000000199701,바이오힐보 프로바이오덤 3D리프팅 크림,베타-글루칸,25,
A000000199701,바이오힐보 프로바이오덤 3D리프팅 크림,아데노신,26,
A000000199701,바이오힐보 프로바이오덤 3D리프팅 크림,사포닌,27,
A000000199701,바이오힐보 프로바이오덤 3D리프팅 크림,수용성프로테오글리칸,28,
A000000199701,바이오힐보 프로바이오덤 3D리프팅 크림,노나펩타이드-1,29,
A000000199701,바이오힐보 프로바이오덤 3D리프팅 크림,아세틸테트라펩타이드-9,30,
A000000199701,바이오힐보 프로바이오덤 3D리프팅 크림,아세틸테트라펩타이드-5,31,
A000000199701,바이오힐보 프로바이오덤 3D리프팅 크림,아세틸헥사펩타이드-1,32,
A000000199701,바이오힐보 프로바이오덤 3D리프팅 크림,아세틸헥사펩타이드-8,33,
A000000199701,바이오힐보 프로바이오덤 3D리프팅 크림,팔미토일트라이펩타이드-8,34,
A000000199701,바이오힐보 프로바이오덤 3D리프팅 크림,다이펩타이드다이아미노부티로일벤질아마이드다이아세테이트,35,
A000000199701,바이오힐보 프로바이오덤 3D리프팅 크림,카퍼트라이펩타이드-1,36,
A000000199701,바이오힐보 프로바이오덤 3D리프팅 크림,트라이펩타이드-1,37,
A000000199701,바이오힐보 프로바이오덤 3D리프팅 크림,팔미토일테트라펩타이드-7,38,
A000000199701,바이오힐보 프로바이오덤 3D리프팅 크림,팔미토일트라이펩타이드-1,39,
A000000199701,바이오힐보 프로바이오덤 3D리프팅 크림,팔미토일트라이펩타이드-5,40,
A000000199701,바이오힐보 프로바이오덤 3D리프팅 크림,팔미토일펜타펩타이드-4,41,
A000000199701,바이오힐보 프로바이오덤 3D리프팅 크림,팔미토일헥사펩타이드-12,42,
A000000199701,바이오힐보 프로바이오덤 3D리프팅 크림,펜타펩타이드-3,43,
A000000199701,바이오힐보 프로바이오덤 3D리프팅 크림,헥사펩타이드-9,44,
A000000199701,바이오힐보 프로바이오덤 3D리프팅 크림,올리고펩타이드-2,45,
A000000199701,바이오힐보 프로바이오덤 3D리프팅 크림,맥아추출물,46,
A000000199701,바이오힐보 프로바이오덤 3D리프팅 크림,참마뿌리추출물,47,
A000000199701,바이오힐보 프로바이오덤 3D리프팅 크림,오일팜오일,48,
A000000199701,바이오힐보 프로바이오덤 3D리프팅 크림,베헤닐알코올,49,
A000000199701,바이오힐보 프로바이오덤 3D리프팅 크림,솔비탄올리베이트,50,
A000000199701,바이오힐보 프로바이오덤 3D리프팅 크림,시어버터,51,
A000000199701,바이오힐보 프로바이오덤 3D리프팅 크림,다이펜타에리스리틸헥사하이드록시스테아레이트/헥사스테아레이트/헥사로지네이트,52,
A000000199701,바이오힐보 프로바이오덤 3D리프팅 크림,하이드로제네이티드채종유,53,
A000000199701,바이오힐보 프로바이오덤 3D리프팅 크림,하이드록시아세토페논,54,
A000000199701,바이오힐보 프로바이오덤 3D리프팅 크림,소듐폴리아크릴레이트,55,
A000000199701,바이오힐보 프로바이오덤 3D리프팅 크림,하이드롤라이즈드호호바에스터,56,
A000000199701,바이오힐보 프로바이오덤 3D리프팅 크림,피이지-100스테아레이트,57,
A000000199701,바이오힐보 프로바이오덤 3D리프팅 크림,에틸헥실글리세린,58,
A000000199701,바이오힐보 프로바이오덤 3D리프팅 크림,아크릴레이트/C10-30알킬아크릴레이트크로스폴리머,59,
A000000199701,바이오힐보 프로바이오덤 3D리프팅 크림,잔탄검,60,
A000000199701,바이오힐보 프로바이오덤 3D리프팅 크림,트로메타민,61,
A000000199701,바이오힐보 프로바이오덤 3D리프팅 크림,부틸렌글라이콜,62,
A000000199701,바이오힐보 프로바이오덤 3D리프팅 크림,말토덱스트린,63,
A000000199701,바이오힐보 프로바이오덤 3D리프팅 크림,사이아노코발아민,64,
A000000199701,바이오힐보 프로바이오덤 3D리프팅 크림,세틸에틸헥사노에이트,65,
A000000199701,바이오힐보 프로바이오덤 3D리프팅 크림,프로판다이올,66,
A000000199701,바이오힐보 프로바이오덤 3D리프팅 크림,세테아릴글루코사이드,67,
A000000199701,바이오힐보 프로바이오덤 3D리프팅 크림,알진,68,
A000000199701,바이오힐보 프로바이오덤 3D리프팅 크림,소듐스테아로일글루타메이트,69,
A000000199701,바이오힐보 프로바이오덤 3D리프팅 크림,토코페롤,70,
A000000199701,바이오힐보 프로바이오덤 3D리프팅 크림,바이오사카라이드검-4,71,
A000000199701,바이오힐보 프로바이오덤 3D리프팅 크림,미네랄솔트,72,
A000000199701,바이오힐보 프로바이오덤 3D리프팅 크림,하이드롤라이즈드옥수수전분,73,
A000000199701,바이오힐보 프로바이오덤 3D리프팅 크림,소듐포스페이트,74,
A000000199701,바이오힐보 프로바이오덤 3D리프팅 크림,카프릴릴글라이콜,75,
A000000199701,바이오힐보 프로바이오덤 3D리프팅 크림,수크로오스,76,
A000000199701,바이오힐보 프로바이오덤 3D리프팅 크림,덱스트란,77,
A000000199701,바이오힐보 프로바이오덤 3D리프팅 크림,다이소듐포스페이트,78,
A000000199701,바이오힐보 프로바이오덤 3D리프팅 크림,향료,79,
A000000229768,구달 청귤 비타C 잡티케어 크림 알파,정제수,1,
A000000229768,구달 청귤 비타C 잡티케어 크림 알파,탄제린추출물,2,
A000000229768,구달 청귤 비타C 잡티케어 크림 알파,글리세린,3,
A000000229768,구달 청귤 비타C 잡티케어 크림 알파,나이아신아마이드,4,
A000000229768,구달 청귤 비타C 잡티케어 크림 알파,트라이프로필렌글라이콜,5,
A000000229768,구달 청귤 비타C 잡티케어 크림 알파,트라이에틸헥사노인,6,
A000000229768,구달 청귤 비타C 잡티케어 크림 알파,"1,2-헥산다이올",7,
A000000229768,구달 청귤 비타C 잡티케어 크림 알파,베타인,8,
A000000229768,구달 청귤 비타C 잡티케어 크림 알파,펜타에리스리틸테트라에틸헥사노에이트,9,
A000000229768,구달 청귤 비타C 잡티케어 크림 알파,비닐다이메티콘,10,
A000000229768,구달 청귤 비타C 잡티케어 크림 알파,프로판다이올,11,
A000000229768,구달 청귤 비타C 잡티케어 크림 알파,퀸즈랜드넛오일,12,
A000000229768,구달 청귤 비타C 잡티케어 크림 알파,세테아릴알코올,13,
A000000229768,구달 청귤 비타C 잡티케어 크림 알파,암모늄아크릴로일다이메틸타우레이트/브이피코폴리머,14,
A000000229768,구달 청귤 비타C 잡티케어 크림 알파,페닐트라이메티콘,15,
A000000229768,구달 청귤 비타C 잡티케어 크림 알파,다이메티콘/비닐다이메티콘크로스폴리머,16,
A000000229768,구달 청귤 비타C 잡티케어 크림 알파,카프릴릭/카프릭트라이글리세라이드,17,
A000000229768,구달 청귤 비타C 잡티케어 크림 알파,아이소노닐아이소노나노에이트,18,
A000000229768,구달 청귤 비타C 잡티케어 크림 알파,다이메티콘올,19,
A000000229768,구달 청귤 비타C 잡티케어 크림 알파,트라이실록세인,20,
A000000229768,구달 청귤 비타C 잡티케어 크림 알파,폴리글리세릴-10라우레이트,21,
A000000229768,구달 청귤 비타C 잡티케어 크림 알파,아크릴레이트/C10-30알킬아크릴레이트크로스폴리머,22,
A000000229768,구달 청귤 비타C 잡티케어 크림 알파,하이드록시아세토페논,23,
A000000229768,구달 청귤 비타C 잡티케어 크림 알파,세테아릴글루코사이드,24,
A000000229768,구달 청귤 비타C 잡티케어 크림 알파,알파-알부틴,25,
A000000229768,구달 청귤 비타C 잡티케어 크림 알파,에틸헥실글리세린,26,
A000000229768,구달 청귤 비타C 잡티케어 크림 알파,아데노신,27,
A000000229768,구달 청귤 비타C 잡티케어 크림 알파,캐스터오일/아이피디아이코폴리머,28,
A000000229768,구달 청귤 비타C 잡티케어 크림 알파,트로메타민,29,
A000000229768,구달 청귤 비타C 잡티케어 크림 알파,황련뿌리추출물,30,
A000000229768,구달 청귤 비타C 잡티케어 크림 알파,당근추출물,31,
A000000229768,구달 청귤 비타C 잡티케어 크림 알파,부틸렌글라이콜,32,
A000000229768,구달 청귤 비타C 잡티케어 크림 알파,소듐파이테이트,33,
A000000229768,구달 청귤 비타C 잡티케어 크림 알파,카놀라오일,34,
A000000229768,구달 청귤 비타C 잡티케어 크림 알파,올리브오일,35,
A000000229768,구달 청귤 비타C 잡티케어 크림 알파,센티드제라늄꽃오일,36,
A000000229768,구달 청귤 비타C 잡티케어 크림 알파,당근씨오일,37,
A000000229768,구달 청귤 비타C 잡티케어 크림 알파,소듐라우레이트,38,
A000000229768,구달 청귤 비타C 잡티케어 크림 알파,알지닌,39,
A000000229768,구달 청귤 비타C 잡티케어 크림 알파,카보머,40,
A000000229768,구달 청귤 비타C 잡티케어 크림 알파,라벤더오일,41,
A000000229768,구달 청귤 비타C 잡티케어 크림 알파,소듐아스코빌포스페이트,42,
A000000229768,구달 청귤 비타C 잡티케어 크림 알파,아스코빌글루코사이드,43,
A000000229768,구달 청귤 비타C 잡티케어 크림 알파,3-O-에틸아스코빅애씨드,44,
A000000229768,구달 청귤 비타C 잡티케어 크림 알파,라우릭애씨드,45,
A000000229768,구달 청귤 비타C 잡티케어 크림 알파,캐모마일꽃오일,46,
A000000229768,구달 청귤 비타C 잡티케어 크림 알파,아모다이메티콘,47,
A000000229768,구달 청귤 비타C 잡티케어 크림 알파,토코페릴아세테이트,48,
A000000229768,구달 청귤 비타C 잡티케어 크림 알파,해바라기씨오일,49,
A000000229768,구달 청귤 비타C 잡티케어 크림 알파,베타-카로틴,50,
A000000229768,구달 청귤 비타C 잡티케어 크림 알파,오렌지껍질오일,51,
A000000229768,구달 청귤 비타C 잡티케어 크림 알파,멕시칸주니퍼오일,52,
A000000229768,구달 청귤 비타C 잡티케어 크림 알파,토코페롤,53,
A000000229768,구달 청귤 비타C 잡티케어 크림 알파,글루타티온,54,
A000000229768,구달 청귤 비타C 잡티케어 크림 알파,아스코빅애씨드,55,
A000000229768,구달 청귤 비타C 잡티케어 크림 알파,유비퀴논,56,
A000000229768,구달 청귤 비타C 잡티케어 크림 알파,티옥틱애씨드,57,
A000000204949,센텔리안24 마데카 크림 타임 리버스,정제수,1,
A000000204949,센텔리안24 마데카 크림 타임 리버스,다이프로필렌글라이콜,2,
A000000204949,센텔리안24 마데카 크림 타임 리버스,하이드로제네이티드폴리데센,3,
A000000204949,센텔리안24 마데카 크림 타임 리버스,카프릴릭/카프릭트라이글리세라이드,4,
A000000204949,센텔리안24 마데카 크림 타임 리버스,글리세린,5,
A000000204949,센텔리안24 마데카 크림 타임 리버스,글리세릴스테아레이트,6,
A000000204949,센텔리안24 마데카 크림 타임 리버스,펜타에리스리틸테트라에틸헥사노에이트,7,
A000000204949,센텔리안24 마데카 크림 타임 리버스,나이아신아마이드,8,
A000000204949,센텔리안24 마데카 크림 타임 리버스,사이클로헥사실록세인,9,
A000000204949,센텔리안24 마데카 크림 타임 리버스,세틸알코올,10,
A000000204949,센텔리안24 마데카 크림 타임 리버스,폴리글리세릴-6다이스테아레이트,11,
A000000204949,센텔리안24 마데카 크림 타임 리버스,비닐다이메티콘,12,
A000000204949,센텔리안24 마데카 크림 타임 리버스,다이카프릴릴에터,13,
A000000204949,센텔리안24 마데카 크림 타임 리버스,병풀단백질추출물,14,
A000000204949,센텔리안24 마데카 크림 타임 리버스,아시아티코사이드,15,
A000000204949,센텔리안24 마데카 크림 타임 리버스,아시아틱애씨드,16,
A000000204949,센텔리안24 마데카 크림 타임 리버스,마데카식애씨드,17,4800
A000000204949,센텔리안24 마데카 크림 타임 리버스,병풀오일,18,
A000000204949,센텔리안24 마데카 크림 타임 리버스,병풀아미노산,19,
A000000204949,센텔리안24 마데카 크림 타임 리버스,마데카소사이드,20,
A000000204949,센텔리안24 마데카 크림 타임 리버스,아스코빌아시아테이트,21,
A000000204949,센텔리안24 마데카 크림 타임 리버스,병풀폴리펩타이드,22,
A000000204949,센텔리안24 마데카 크림 타임 리버스,하이드롤라이즈드하이알루로닉애씨드,23,
A000000204949,센텔리안24 마데카 크림 타임 리버스,하이드롤라이즈드병풀추출물,24,
A000000204949,센텔리안24 마데카 크림 타임 리버스,병풀추출물,25,
A000000204949,센텔리안24 마데카 크림 타임 리버스,병풀잎추출물,26,
A000000204949,센텔리안24 마데카 크림 타임 리버스,라케모사승마뿌리추출물,27,
A000000204949,센텔리안24 마데카 크림 타임 리버스,흰무늬엉겅퀴추출물,28,
A000000204949,센텔리안24 마데카 크림 타임 리버스,마카뿌리추출물,29,
A000000204949,센텔리안24 마데카 크림 타임 리버스,마카다미아씨오일,30,
A000000204949,센텔리안24 마데카 크림 타임 리버스,돌콩오일,31,
A000000204949,센텔리안24 마데카 크림 타임 리버스,하이드로제네이티드레시틴,32,
A000000204949,센텔리안24 마데카 크림 타임 리버스,소듐하이알루로네이트,33,
A000000204949,센텔리안24 마데카 크림 타임 리버스,폴리글리세릴-10라우레이트,34,
A000000204949,센텔리안24 마데카 크림 타임 리버스,스테아릴알코올,35,
A000000204949,센텔리안24 마데카 크림 타임 리버스,비즈왁스,36,
A000000204949,센텔리안24 마데카 크림 타임 리버스,소듐스테아로일글루타메이트,37,
A000000204949,센텔리안24 마데카 크림 타임 리버스,판테놀,38,
A000000204949,센텔리안24 마데카 크림 타임 리버스,자일리틸글루코사이드,39,
A000000204949,센텔리안24 마데카 크림 타임 리버스,하이드록시에틸아크릴레이트/소듐아크릴로일다이메틸타우레이트코폴리머,40,
A000000204949,센텔리안24 마데카 크림 타임 리버스,호호바에스터,41,
A000000204949,센텔리안24 마데카 크림 타임 리버스,안하이드로자일리톨,42,
A000000204949,센텔리안24 마데카 크림 타임 리버스,부틸렌글라이콜,43,
A000000204949,센텔리안24 마데카 크림 타임 리버스,폴리글리세릴-3비즈왁스,44,
A000000204949,센텔리안24 마데카 크림 타임 리버스,"1,2-헥산다이올",45,
A000000204949,센텔리안24 마데카 크림 타임 리버스,하이드록시아세토페논,46,
A000000204949,센텔리안24 마데카 크림 타임 리버스,자일리톨,47,
A000000204949,센텔리안24 마데카 크림 타임 리버스,메틸프로판다이올,48,
A000000204949,센텔리안24 마데카 크림 타임 리버스,알란토인,49,
A000000204949,센텔리안24 마데카 크림 타임 리버스,프로판다이올,50,
A000000204949,센텔리안24 마데카 크림 타임 리버스,칸디다 봄비콜라/글루코오스/메틸레이프씨데이트발효물,51,
A000000204949,센텔리안24 마데카 크림 타임 리버스,잔탄검,52,
A000000204949,센텔리안24 마데카 크림 타임 리버스,에톡시다이글라이콜,53,
A000000204949,센텔리안24 마데카 크림 타임 리버스,다이소듐이디티에이,54,
A000000204949,센텔리안24 마데카 크림 타임 리버스,글루코오스,55,
A000000204949,센텔리안24 마데카 크림 타임 리버스,아데노신,56,
A000000204949,센텔리안24 마데카 크림 타임 리버스,솔비탄아이소스테아레이트,57,
A000000204949,센텔리안24 마데카 크림 타임 리버스,에틸헥실글리세린,58,
A000000204949,센텔리안24 마데카 크림 타임 리버스,소듐라우레이트,59,
A000000204949,센텔리안24 마데카 크림 타임 리버스,사이클로덱스트린,60,
A000000204949,센텔리안24 마데카 크림 타임 리버스,라우릭애씨드,61,
A000000204949,센텔리안24 마데카 크림 타임 리버스,소듐폴리아크릴레이트,62,
A000000204949,센텔리안24 마데카 크림 타임 리버스,피브이엠/엠에이코폴리머,63,
A000000204949,센텔리안24 마데카 크림 타임 리버스,옥틸도데칸올,64,
A000000204949,센텔리안24 마데카 크림 타임 리버스,글라이코리피드,65,
A000000204949,센텔리안24 마데카 크림 타임 리버스,카페인,66,
A000000204949,센텔리안24 마데카 크림 타임 리버스,C12-13파레스-9,67,
A000000204949,센텔리안24 마데카 크림 타임 리버스,콜라겐아미노산,68,
A000000204949,센텔리안24 마데카 크림 타임 리버스,세라마이드엔피,69,
A000000204949,센텔리안24 마데카 크림 타임 리버스,레스베라트롤,70,
A000000204949,센텔리안24 마데카 크림 타임 리버스,알지닌,71,
A000000204949,센텔리안24 마데카 크림 타임 리버스,글라이코젠,72,
A000000204949,센텔리안24 마데카 크림 타임 리버스,엑토인,73,
A000000204949,센텔리안24 마데카 크림 타임 리버스,타우린,74,
A000000204949,센텔리안24 마데카 크림 타임 리버스,하이드롤라이즈드엘라스틴,75,
A000000204949,센텔리안24 마데카 크림 타임 리버스,레티놀,76,
A000000204949,센텔리안24 마데카 크림 타임 리버스,말토덱스트린,77,
A000000204949,센텔리안24 마데카 크림 타임 리버스,피토스핑고신,78,
A000000204949,센텔리안24 마데카 크림 타임 리버스,수크로오스다이스테아레이트,79,
A000000204949,센텔리안24 마데카 크림 타임 리버스,소듐디엔에이,80,
A000000204949,센텔리안24 마데카 크림 타임 리버스,사이아노코발아민,81,
A000000204949,센텔리안24 마데카 크림 타임 리버스,글라이신,82,
A000000204949,센텔리안24 마데카 크림 타임 리버스,글루타믹애씨드,83,
A000000204949,센텔리안24 마데카 크림 타임 리버스,해바라기씨왁스,84,
A000000204949,센텔리안24 마데카 크림 타임 리버스,폴리글리세린-3,85,
A000000204949,센텔리안24 마데카 크림 타임 리버스,토코페롤,86,
A000000204949,센텔리안24 마데카 크림 타임 리버스,쓴쑥추출물,87,
A000000204949,센텔리안24 마데카 크림 타임 리버스,바닐라열매추출물,88,
A000000204949,센텔리안24 마데카 크림 타임 리버스,올리브오일,89,
A000000204949,센텔리안24 마데카 크림 타임 리버스,오렌지오일,90,
A000000204949,센텔리안24 마데카 크림 타임 리버스,필리핀오렌지껍질오일,91,
A000000204949,센텔리안24 마데카 크림 타임 리버스,라벤더오일,92,
A000000204949,센텔리안24 마데카 크림 타임 리버스,베르가모트오일,93,
A000000204949,센텔리안24 마데카 크림 타임 리버스,로즈마리잎오일,94,
A000000204949,센텔리안24 마데카 크림 타임 리버스,오렌지껍질오일,95,
A000000204949,센텔리안24 마데카 크림 타임 리버스,리씨열매오일,96,
A000000204949,센텔리안24 마데카 크림 타임 리버스,연필향나무목부오일,97,
A000000204949,센텔리안24 마데카 크림 타임 리버스,왕귤껍질오일,98,
A000000204949,센텔리안24 마데카 크림 타임 리버스,아틀라스시다나무껍질오일,99,
A000000204949,센텔리안24 마데카 크림 타임 리버스,센티드제라늄꽃오일,100,
A000000204949,센텔리안24 마데카 크림 타임 리버스,커먼자스민오일,101,
A000000204949,센텔리안24 마데카 크림 타임 리버스,마텔오일,102,
A000000204949,센텔리안24 마데카 크림 타임 리버스,장미꽃오일,103,
A000000204949,센텔리안24 마데카 크림 타임 리버스,갈바눔수지오일,104,
A000000204949,센텔리안24 마데카 크림 타임 리버스,발삼코파이바수지,105,
A000000204949,센텔리안24 마데카 크림 타임 리버스,리모넨,106,
A000000204949,센텔리안24 마데카 크림 타임 리버스,리날룰,107,
A000000204949,센텔리안24 마데카 크림 타임 리버스,시트랄,108,
A000000192405,더하르나이 시카이드 크림,정제수,1,
A000000192405,더하르나이 시카이드 크림,글리세린,2,
A000000192405,더하르나이 시카이드 크림,부틸렌글라이콜,3,
A000000192405,더하르나이 시카이드 크림,다이프로필렌글라이콜,4,
A000000192405,더하르나이 시카이드 크림,사이클로펜타실록세인,5,
A000000192405,더하르나이 시카이드 크림,세테아릴올리베이트,6,
A000000192405,더하르나이 시카이드 크림,세테아릴알코올,7,
A000000192405,더하르나이 시카이드 크림,시어버터,8,
A000000192405,더하르나이 시카이드 크림,트레할로오스,9,
A000000192405,더하르나이 시카이드 크림,소듐하이알루로네이트크로스폴리머,10,
A000000192405,더하르나이 시카이드 크림,하이알루로닉애씨드,11,
A000000192405,더하르나이 시카이드 크림,소듐하이알루로네이트,12,
A000000192405,더하르나이 시카이드 크림,하이드롤라이즈드하이알루로닉애씨드,13,
A000000192405,더하르나이 시카이드 크림,하이드롤라이즈드글라이코사미노글리칸,14,
A000000192405,더하르나이 시카이드 크림,하이드로제네이티드레시틴,15,
A000000192405,더하르나이 시카이드 크림,매실추출물,16,
A000000192405,더하르나이 시카이드 크림,인동덩굴꽃추출물,17,
A000000192405,더하르나이 시카이드 크림,황금추출물,18,
A000000192405,더하르나이 시카이드 크림,티트리잎추출물,19,
A000000192405,더하르나이 시카이드 크림,세라마이드엔피,20,
A000000192405,더하르나이 시카이드 크림,병풀추출물,21,
A000000192405,더하르나이 시카이드 크림,마데카소사이드,22,
A000000192405,더하르나이 시카이드 크림,마데카식애씨드,23,
A000000192405,더하르나이 시카이드 크림,아시아티코사이드,24,
A000000192405,더하르나이 시카이드 크림,아시아틱애씨드,25,
A000000192405,더하르나이 시카이드 크림,카르노신,26,
A000000192405,더하르나이 시카이드 크림,글루타티온,27,
A000000192405,더하르나이 시카이드 크림,아세틸헥사펩타이드-8,28,
A000000192405,더하르나이 시카이드 크림,카퍼트라이펩타이드-1,29,
A000000192405,더하르나이 시카이드 크림,아세틸테트라펩타이드-3,30,
A000000192405,더하르나이 시카이드 크림,아세틸테트라펩타이드-5,31,
A000000192405,더하르나이 시카이드 크림,팔미토일테트라펩타이드-7,32,
A000000192405,더하르나이 시카이드 크림,팔미토일트라이펩타이드-1,33,
A000000192405,더하르나이 시카이드 크림,팔미토일트라이펩타이드-5,34,
A000000192405,더하르나이 시카이드 크림,팔미토일펜타펩타이드-4,35,
A000000192405,더하르나이 시카이드 크림,"1,2-헥산다이올",36,
A000000192405,더하르나이 시카이드 크림,다이메티콘,37,
A000000192405,더하르나이 시카이드 크림,솔비탄올리베이트,38,
A000000192405,더하르나이 시카이드 크림,암모늄아크릴로일다이메틸타우레이트/브이피코폴리머,39,
A000000192405,더하르나이 시카이드 크림,글리세릴스테아레이트,40,
A000000192405,더하르나이 시카이드 크림,폴리글리세릴-3메틸글루코오스다이스테아레이트,41,
A000000192405,더하르나이 시카이드 크림,펜틸렌글라이콜,42,
A000000192405,더하르나이 시카이드 크림,소듐아크릴레이트/소듐아크릴로일다이메틸타우레이트코폴리머,43,
A000000192405,더하르나이 시카이드 크림,카프릴릴글라이콜,44,
A000000192405,더하르나이 시카이드 크림,아이소헥사데칸,45,
A000000192405,더하르나이 시카이드 크림,알란토인,46,
A000000192405,더하르나이 시카이드 크림,폴리솔베이트80,47,
A000000192405,더하르나이 시카이드 크림,잔탄검,48,
A000000192405,더하르나이 시카이드 크림,판테놀,49,
A000000192405,더하르나이 시카이드 크림,프로판다이올,50,
A000000192405,더하르나이 시카이드 크림,옥틸도데칸올,51,
A000000192405,더하르나이 시카이드 크림,솔비탄올리에이트,52,
A000000192405,더하르나이 시카이드 크림,다이소듐이디티에이,53,
A000000192405,더하르나이 시카이드 크림,아디픽애씨드,54,
A000000192405,더하르나이 시카이드 크림,에틸헥실글리세린,55,
A000000192405,더하르나이 시카이드 크림,벤질글라이콜,56,
A000000192405,더하르나이 시카이드 크림,라즈베리케톤,57,
A000000254067,VT 피디알엔 캡슐 크림,정제수,1,
A000000254067,VT 피디알엔 캡슐 크림,글리세린,2,
A000000254067,VT 피디알엔 캡슐 크림,카프릴릭/카프릭트라이글리세라이드,3,
A000000254067,VT 피디알엔 캡슐 크림,글리세레스-26,4,
A000000254067,VT 피디알엔 캡슐 크림,다이프로필렌글라이콜,5,
A000000254067,VT 피디알엔 캡슐 크림,나이아신아마이드,6,
A000000254067,VT 피디알엔 캡슐 크림,"1,2-헥산다이올",7,
A000000254067,VT 피디알엔 캡슐 크림,판테놀,8,
A000000254067,VT 피디알엔 캡슐 크림,시어버터,9,
A000000254067,VT 피디알엔 캡슐 크림,스쿠알란,10,
A000000254067,VT 피디알엔 캡슐 크림,글리세릴글루코사이드,11,
A000000254067,VT 피디알엔 캡슐 크림,카보머,12,
A000000254067,VT 피디알엔 캡슐 크림,알지닌,13,
A000000254067,VT 피디알엔 캡슐 크림,글리세릴아크릴레이트/아크릴릭애씨드코폴리머,14,
A000000254067,VT 피디알엔 캡슐 크림,아라키딜글루코사이드,16,
A000000254067,VT 피디알엔 캡슐 크림,아라키딜알코올,17,
A000000254067,VT 피디알엔 캡슐 크림,마요라나잎추출물,18,
A000000254067,VT 피디알엔 캡슐 크림,세라마이드엔피,19,
A000000254067,VT 피디알엔 캡슐 크림,글리세릴스테아레이트,20,
A000000254067,VT 피디알엔 캡슐 크림,세테아릴알코올,21,
A000000254067,VT 피디알엔 캡슐 크림,베헤닐알코올,22,
A000000254067,VT 피디알엔 캡슐 크림,에틸헥실글리세린,23,
A000000254067,VT 피디알엔 캡슐 크림,C12-16알코올,24,
A000000254067,VT 피디알엔 캡슐 크림,트로메타민,26,
A000000254067,VT 피디알엔 캡슐 크림,아데노신,27,
A000000254067,VT 피디알엔 캡슐 크림,다이메티콘/비닐다이메티콘크로스폴리머,28,
A000000254067,VT 피디알엔 캡슐 크림,펜타에리스리틸테트라-다이-t-부틸하이드록시하이드로신나메이트,29,
A000000254067,VT 피디알엔 캡슐 크림,팔미틱애씨드,30,
A000000254067,VT 피디알엔 캡슐 크림,하이드로제네이티드레시틴,31,
A000000254067,VT 피디알엔 캡슐 크림,카페일글루코오스,32,
A000000254067,VT 피디알엔 캡슐 크림,잔탄검,33,
A000000254067,VT 피디알엔 캡슐 크림,로즈마리추출물,34,
A000000254067,VT 피디알엔 캡슐 크림,락토바실러스발효용해물,35,
A000000254067,VT 피디알엔 캡슐 크림,마트리카리아꽃오일,36,
A000000254067,VT 피디알엔 캡슐 크림,부틸렌글라이콜,37,
A000000254067,VT 피디알엔 캡슐 크림,글루코오스,38,
A000000254067,VT 피디알엔 캡슐 크림,산양삼추출물,39,
A000000254067,VT 피디알엔 캡슐 크림,소듐디엔에이,40,0.5
A000000254067,VT 피디알엔 캡슐 크림,다이페닐다이메티콘,41,
A000000254067,VT 피디알엔 캡슐 크림,하이드롤라이즈드하이알루로닉애씨드,42,
A000000254067,VT 피디알엔 캡슐 크림,하이드롤라이즈드소듐하이알루로네이트,43,
A000000254067,VT 피디알엔 캡슐 크림,소듐아세틸레이티드하이알루로네이트,44,
A000000254067,VT 피디알엔 캡슐 크림,소듐하이알루로네이트크로스폴리머,45,
A000000254067,VT 피디알엔 캡슐 크림,하이드록시프로필트라이모늄하이알루로네이트,46,
A000000254067,VT 피디알엔 캡슐 크림,소듐하이알루로네이트다이메틸실란올,47,
A000000254067,VT 피디알엔 캡슐 크림,소듐하이알루로네이트,49,
A000000254067,VT 피디알엔 캡슐 크림,포타슘하이알루로네이트,50,
A000000254067,VT 피디알엔 캡슐 크림,하이알루로닉애씨드,51,
A000000254067,VT 피디알엔 캡슐 크림,폴리글리세릴-10라우레이트,58,
A000000254067,VT 피디알엔 캡슐 크림,트라이펩타이드-1,59,
A000000254067,VT 피디알엔 캡슐 크림,아세틸테트라펩타이드-2,60,
A000000254067,VT 피디알엔 캡슐 크림,아세틸테트라펩타이드-5,61,
A000000254067,VT 피디알엔 캡슐 크림,카퍼트라이펩타이드-1,62,
A000000254067,VT 피디알엔 캡슐 크림,팔미토일트라이펩타이드-1,63,
A000000254067,VT 피디알엔 캡슐 크림,팔미토일펜타펩타이드-4,64,
A000000254067,VT 피디알엔 캡슐 크림,헥사펩타이드-11,65,
A000000254067,VT 피디알엔 캡슐 크림,헥사펩타이드-9,66,
A000000254067,VT 피디알엔 캡슐 크림,팔미토일트라이펩타이드-5,67,
A000000218592,닥터자르트 시카페어 인텐시브 수딩 리페어 크림,정제수,1,
A000000218592,닥터자르트 시카페어 인텐시브 수딩 리페어 크림,다이프로필렌글라이콜,2,
A000000218592,닥터자르트 시카페어 인텐시브 수딩 리페어 크림,세테아릴알코올,3,
A000000218592,닥터자르트 시카페어 인텐시브 수딩 리페어 크림,프로판다이올,4,
A000000218592,닥터자르트 시카페어 인텐시브 수딩 리페어 크림,폴리글리세릴-3메틸글루코오스다이스테아레이트,5,
A000000218592,닥터자르트 시카페어 인텐시브 수딩 리페어 크림,피토스테릴이소스테아릴다이머디리놀리에이트,6,
A000000218592,닥터자르트 시카페어 인텐시브 수딩 리페어 크림,부틸렌글라이콜,7,
A000000218592,닥터자르트 시카페어 인텐시브 수딩 리페어 크림,카프릴릭/카프릭트라이글리세라이드,8,
A000000218592,닥터자르트 시카페어 인텐시브 수딩 리페어 크림,시어버터,9,
A000000218592,닥터자르트 시카페어 인텐시브 수딩 리페어 크림,다이카프릴릴에터,10,
A000000218592,닥터자르트 시카페어 인텐시브 수딩 리페어 크림,나이아신아마이드,11,
A000000218592,닥터자르트 시카페어 인텐시브 수딩 리페어 크림,글리세릴스테아레이트에스이,12,
A000000218592,닥터자르트 시카페어 인텐시브 수딩 리페어 크림,펜틸렌글라이콜,13,
A000000218592,닥터자르트 시카페어 인텐시브 수딩 리페어 크림,합성비즈왁스,14,
A000000218592,닥터자르트 시카페어 인텐시브 수딩 리페어 크림,다이글리세린,15,
A000000218592,닥터자르트 시카페어 인텐시브 수딩 리페어 크림,세틸에틸헥사노에이트,16,
A000000218592,닥터자르트 시카페어 인텐시브 수딩 리페어 크림,비닐다이메티콘,17,
A000000218592,닥터자르트 시카페어 인텐시브 수딩 리페어 크림,"1,2-헥산다이올",18,
A000000218592,닥터자르트 시카페어 인텐시브 수딩 리페어 크림,퀸즈랜드넛오일,19,
A000000218592,닥터자르트 시카페어 인텐시브 수딩 리페어 크림,카카오추출물,20,
A000000218592,닥터자르트 시카페어 인텐시브 수딩 리페어 크림,병풀잎추출물,21,
A000000218592,닥터자르트 시카페어 인텐시브 수딩 리페어 크림,세테아릴올리베이트,22,
A000000218592,닥터자르트 시카페어 인텐시브 수딩 리페어 크림,글리세린,23,
A000000218592,닥터자르트 시카페어 인텐시브 수딩 리페어 크림,알란토인,24,
A000000218592,닥터자르트 시카페어 인텐시브 수딩 리페어 크림,아시아티코사이드,25,
A000000218592,닥터자르트 시카페어 인텐시브 수딩 리페어 크림,마데카식애씨드,26,
A000000218592,닥터자르트 시카페어 인텐시브 수딩 리페어 크림,아시아틱애씨드,27,
A000000218592,닥터자르트 시카페어 인텐시브 수딩 리페어 크림,아데노신,28,
A000000218592,닥터자르트 시카페어 인텐시브 수딩 리페어 크림,폴리글리세릴-4올리에이트,29,
A000000218592,닥터자르트 시카페어 인텐시브 수딩 리페어 크림,소듐스테아로일글루타메이트,30,
A000000218592,닥터자르트 시카페어 인텐시브 수딩 리페어 크림,팔미토일트라이펩타이드-8,31,
A000000218592,닥터자르트 시카페어 인텐시브 수딩 리페어 크림,솔비탄올리베이트,32,
A000000218592,닥터자르트 시카페어 인텐시브 수딩 리페어 크림,하이드록시에틸아크릴레이트/소듐아크릴로일다이메틸타우레이트코폴리머,33,
A000000218592,닥터자르트 시카페어 인텐시브 수딩 리페어 크림,잔탄검,34,
A000000218592,닥터자르트 시카페어 인텐시브 수딩 리페어 크림,소듐서팩틴,35,
A000000218592,닥터자르트 시카페어 인텐시브 수딩 리페어 크림,카보머,36,
A000000218592,닥터자르트 시카페어 인텐시브 수딩 리페어 크림,트로메타민,37,
A000000218592,닥터자르트 시카페어 인텐시브 수딩 리페어 크림,아이소펜틸다이올,38,
A000000218592,닥터자르트 시카페어 인텐시브 수딩 리페어 크림,덱스트린,39,
A000000218592,닥터자르트 시카페어 인텐시브 수딩 리페어 크림,덱스트란,40,
A000000218592,닥터자르트 시카페어 인텐시브 수딩 리페어 크림,솔비탄아이소스테아레이트,41,
A000000218592,닥터자르트 시카페어 인텐시브 수딩 리페어 크림,트라이소듐에틸렌다이아민다이석시네이트,42,
A000000218592,닥터자르트 시카페어 인텐시브 수딩 리페어 크림,토코페롤,43,
A000000218592,닥터자르트 시카페어 인텐시브 수딩 리페어 크림,페녹시에탄올,44,
A000000218592,닥터자르트 시카페어 인텐시브 수딩 리페어 크림,황색4호,45,
A000000218592,닥터자르트 시카페어 인텐시브 수딩 리페어 크림,청색1호,46,
A000000255677,메디큐브 PDRN 핑크 히알루로닉 수분크림,정제수,1,
A000000255677,메디큐브 PDRN 핑크 히알루로닉 수분크림,글리세레스-26,2,
A000000255677,메디큐브 PDRN 핑크 히알루로닉 수분크림,부틸렌글라이콜,3,
A000000255677,메디큐브 PDRN 핑크 히알루로닉 수분크림,카프릴릭/카프릭트라이글리세라이드,4,
A000000255677,메디큐브 PDRN 핑크 히알루로닉 수분크림,사이클로펜타실록세인,5,
A000000255677,메디큐브 PDRN 핑크 히알루로닉 수분크림,"1,2-헥산다이올",6,
A000000255677,메디큐브 PDRN 핑크 히알루로닉 수분크림,나이아신아마이드,7,
A000000255677,메디큐브 PDRN 핑크 히알루로닉 수분크림,하이드로제네이티드폴리데센,8,
A000000255677,메디큐브 PDRN 핑크 히알루로닉 수분크림,아이소노닐아이소노나노에이트,9,
A000000255677,메디큐브 PDRN 핑크 히알루로닉 수분크림,세테아릴올리베이트,10,
A000000255677,메디큐브 PDRN 핑크 히알루로닉 수분크림,에틸헥실올리베이트,11,
A000000255677,메디큐브 PDRN 핑크 히알루로닉 수분크림,글리세린,12,
A000000255677,메디큐브 PDRN 핑크 히알루로닉 수분크림,솔비탄올리베이트,13,
A000000255677,메디큐브 PDRN 핑크 히알루로닉 수분크림,소듐디엔에이,14,5000
A000000255677,메디큐브 PDRN 핑크 히알루로닉 수분크림,소듐아크릴레이트코폴리머,15,
A000000255677,메디큐브 PDRN 핑크 히알루로닉 수분크림,소듐폴리아크릴로일다이메틸타우레이트,16,
A000000255677,메디큐브 PDRN 핑크 히알루로닉 수분크림,하이드록시에틸아크릴레이트/소듐아크릴로일다이메틸타우레이트코폴리머,17,
A000000255677,메디큐브 PDRN 핑크 히알루로닉 수분크림,폴리글리세릴-4올리에이트,18,
A000000255677,메디큐브 PDRN 핑크 히알루로닉 수분크림,다이소듐이디티에이,19,
A000000255677,메디큐브 PDRN 핑크 히알루로닉 수분크림,베타인,20,
A000000255677,메디큐브 PDRN 핑크 히알루로닉 수분크림,판테놀,21,
A000000255677,메디큐브 PDRN 핑크 히알루로닉 수분크림,향료,22,
A000000255677,메디큐브 PDRN 핑크 히알루로닉 수분크림,에틸헥실글리세린,23,
A000000255677,메디큐브 PDRN 핑크 히알루로닉 수분크림,아데노신,24,
A000000255677,메디큐브 PDRN 핑크 히알루로닉 수분크림,솔비탄아이소스테아레이트,25,
A000000255677,메디큐브 PDRN 핑크 히알루로닉 수분크림,메도우폼씨오일,26,
A000000255677,메디큐브 PDRN 핑크 히알루로닉 수분크림,글리세릴아크릴레이트/아크릴릭애씨드코폴리머,27,
A000000255677,메디큐브 PDRN 핑크 히알루로닉 수분크림,시트릭애씨드,28,
A000000255677,메디큐브 PDRN 핑크 히알루로닉 수분크림,사이아노코발아민,29,
A000000255677,메디큐브 PDRN 핑크 히알루로닉 수분크림,하이드로제네이티드레시틴,30,
A000000255677,메디큐브 PDRN 핑크 히알루로닉 수분크림,세테아릴알코올,31,
A000000255677,메디큐브 PDRN 핑크 히알루로닉 수분크림,스테아릭애씨드,32,
A000000255677,메디큐브 PDRN 핑크 히알루로닉 수분크림,소듐하이알루로네이트,33,1.02
A000000255677,메디큐브 PDRN 핑크 히알루로닉 수분크림,하이드록시프로필트라이모늄하이알루로네이트,34,0.1
A000000255677,메디큐브 PDRN 핑크 히알루로닉 수분크림,세라마이드엔피,35,
A000000255677,메디큐브 PDRN 핑크 히알루로닉 수분크림,꿀풀추출물,36,
A000000255677,메디큐브 PDRN 핑크 히알루로닉 수분크림,블래더랙추출물,37,
A000000255677,메디큐브 PDRN 핑크 히알루로닉 수분크림,노니열매추출물,38,
A000000255677,메디큐브 PDRN 핑크 히알루로닉 수분크림,여주열매추출물,39,
A000000255677,메디큐브 PDRN 핑크 히알루로닉 수분크림,오크라열매추출물,40,
A000000255677,메디큐브 PDRN 핑크 히알루로닉 수분크림,세라마이드엔에스,41,
A000000255677,메디큐브 PDRN 핑크 히알루로닉 수분크림,소듐아세틸레이티드하이알루로네이트,42,0.01
A000000255677,메디큐브 PDRN 핑크 히알루로닉 수분크림,하이드롤라이즈드하이알루로닉애씨드,43,0.01
A000000255677,메디큐브 PDRN 핑크 히알루로닉 수분크림,병풀잎추출물,44,
A000000255677,메디큐브 PDRN 핑크 히알루로닉 수분크림,콜레스테롤,45,
A000000255677,메디큐브 PDRN 핑크 히알루로닉 수분크림,피토스핑고신,46,
A000000255677,메디큐브 PDRN 핑크 히알루로닉 수분크림,세라마이드에이에스,47,
A000000255677,메디큐브 PDRN 핑크 히알루로닉 수분크림,세라마이드에이피,48,
A000000255677,메디큐브 PDRN 핑크 히알루로닉 수분크림,하이알루로닉애씨드,49,0.0025
A000000255677,메디큐브 PDRN 핑크 히알루로닉 수분크림,카퍼트라이펩타이드-1,50,
A000000255677,메디큐브 PDRN 핑크 히알루로닉 수분크림,소듐하이알루로네이트크로스폴리머,51,0.001
A000000255677,메디큐브 PDRN 핑크 히알루로닉 수분크림,아세틸헥사펩타이드-8,52,
A000000255677,메디큐브 PDRN 핑크 히알루로닉 수분크림,팔미토일펜타펩타이드-4,53,
A000000255677,메디큐브 PDRN 핑크 히알루로닉 수분크림,하이드롤라이즈드소듐하이알루로네이트,54,0.001
A000000255677,메디큐브 PDRN 핑크 히알루로닉 수분크림,팔미토일테트라펩타이드-7,55,
A000000255677,메디큐브 PDRN 핑크 히알루로닉 수분크림,팔미토일트라이펩타이드-1,56,
A000000255677,메디큐브 PDRN 핑크 히알루로닉 수분크림,포타슘하이알루로네이트,57,0.0002
A000000255677,메디큐브 PDRN 핑크 히알루로닉 수분크림,세라마이드이오피,58,
A000000254747,에스트라 아토베리어365 하이드로 수딩크림,정제수,1,
A000000254747,에스트라 아토베리어365 하이드로 수딩크림,글리세린,2,
A000000254747,에스트라 아토베리어365 하이드로 수딩크림,부틸렌글라이콜,3,
A000000254747,에스트라 아토베리어365 하이드로 수딩크림,다이메티콘,4,
A000000254747,에스트라 아토베리어365 하이드로 수딩크림,스쿠알란,5,
A000000254747,에스트라 아토베리어365 하이드로 수딩크림,"1,2-헥산다이올",6,
A000000254747,에스트라 아토베리어365 하이드로 수딩크림,베타인,7,
A000000254747,에스트라 아토베리어365 하이드로 수딩크림,세테아릴알코올,8,
A000000254747,에스트라 아토베리어365 하이드로 수딩크림,암모늄아크릴로일다이메틸타우레이트/브이피코폴리머,9,
A000000254747,에스트라 아토베리어365 하이드로 수딩크림,하이드로제네이티드쌀겨오일,10,
A000000254747,에스트라 아토베리어365 하이드로 수딩크림,하이드로제네이티드레시틴,11,
A000000254747,에스트라 아토베리어365 하이드로 수딩크림,폴리글리세릴-3메틸글루코오스다이스테아레이트,12,
A000000254747,에스트라 아토베리어365 하이드로 수딩크림,폴리아크릴레이트크로스폴리머-6,13,
A000000254747,에스트라 아토베리어365 하이드로 수딩크림,만니톨,14,
A000000254747,에스트라 아토베리어365 하이드로 수딩크림,세틸-피지하이드록시에틸팔미타마이드,15,
A000000254747,에스트라 아토베리어365 하이드로 수딩크림,스테아릭애씨드,16,
A000000254747,에스트라 아토베리어365 하이드로 수딩크림,에틸헥실글리세린,17,
A000000254747,에스트라 아토베리어365 하이드로 수딩크림,글리세릴카프릴레이트,18,
A000000254747,에스트라 아토베리어365 하이드로 수딩크림,프로판다이올,19,
A000000254747,에스트라 아토베리어365 하이드로 수딩크림,글리세릴스테아레이트,20,
A000000254747,에스트라 아토베리어365 하이드로 수딩크림,소듐메타포스페이트,21,
A000000254747,에스트라 아토베리어365 하이드로 수딩크림,세라마이드엔피,22,
A000000254747,에스트라 아토베리어365 하이드로 수딩크림,카보머,23,
A000000254747,에스트라 아토베리어365 하이드로 수딩크림,팔미틱애씨드,24,
A000000254747,에스트라 아토베리어365 하이드로 수딩크림,실리카,25,
A000000254747,에스트라 아토베리어365 하이드로 수딩크림,징크클로라이드,26,
A000000254747,에스트라 아토베리어365 하이드로 수딩크림,콜레스테롤,27,
A000000254747,에스트라 아토베리어365 하이드로 수딩크림,베타-글루칸,28,
A000000254747,에스트라 아토베리어365 하이드로 수딩크림,스핑고리피드,29,
A000000254747,에스트라 아토베리어365 하이드로 수딩크림,소듐하이알루로네이트,30,
A000000254747,에스트라 아토베리어365 하이드로 수딩크림,하이드록시프로필메틸셀룰로오스,31,
A000000254747,에스트라 아토베리어365 하이드로 수딩크림,미리스틱애씨드,32,
A000000254747,에스트라 아토베리어365 하이드로 수딩크림,프로필렌글라이콜,33,
A000000254747,에스트라 아토베리어365 하이드로 수딩크림,라우릭애씨드,34,
A000000254747,에스트라 아토베리어365 하이드로 수딩크림,토코페롤,35,
A000000255981,제로이드 핌프로브 레드 컨트롤 크림 pH4,정제수,1,
A000000255981,제로이드 핌프로브 레드 컨트롤 크림 pH4,글리세린,2,
A000000255981,제로이드 핌프로브 레드 컨트롤 크림 pH4,카프릴릭/카프릭트라이글리세라이드,3,
A000000255981,제로이드 핌프로브 레드 컨트롤 크림 pH4,호호바씨오일,4,
A000000255981,제로이드 핌프로브 레드 컨트롤 크림 pH4,세테아릴알코올,5,
A000000255981,제로이드 핌프로브 레드 컨트롤 크림 pH4,솔비탄스테아레이트,6,
A000000255981,제로이드 핌프로브 레드 컨트롤 크림 pH4,"1,2-헥산다이올",7,
A000000255981,제로이드 핌프로브 레드 컨트롤 크림 pH4,스테아릭애씨드,8,
A000000255981,제로이드 핌프로브 레드 컨트롤 크림 pH4,미리스토일/팔미토일옥소스테아라마이드/아라카마이드엠이에이,9,
A000000255981,제로이드 핌프로브 레드 컨트롤 크림 pH4,글리세릴스테아레이트,10,
A000000255981,제로이드 핌프로브 레드 컨트롤 크림 pH4,다이메티콘,11,
A000000255981,제로이드 핌프로브 레드 컨트롤 크림 pH4,폴리글리세릴-6다이스테아레이트,12,
A000000255981,제로이드 핌프로브 레드 컨트롤 크림 pH4,피토스테롤,13,
A000000255981,제로이드 핌프로브 레드 컨트롤 크림 pH4,토코페릴아세테이트,14,
A000000255981,제로이드 핌프로브 레드 컨트롤 크림 pH4,카보머,15,
A000000255981,제로이드 핌프로브 레드 컨트롤 크림 pH4,호호바에스터,16,
A000000255981,제로이드 핌프로브 레드 컨트롤 크림 pH4,올레아마이드엠이에이,17,
A000000255981,제로이드 핌프로브 레드 컨트롤 크림 pH4,아크릴레이트/C10-30알킬아크릴레이트크로스폴리머,18,
A000000255981,제로이드 핌프로브 레드 컨트롤 크림 pH4,폴리글리세릴-3비즈왁스,19,
A000000255981,제로이드 핌프로브 레드 컨트롤 크림 pH4,세틸알코올,20,
A000000255981,제로이드 핌프로브 레드 컨트롤 크림 pH4,암모늄아크릴로일다이메틸타우레이트/브이피코폴리머,21,
A000000255981,제로이드 핌프로브 레드 컨트롤 크림 pH4,소듐하이알루로네이트,22,
A000000255981,제로이드 핌프로브 레드 컨트롤 크림 pH4,잔탄검,23,
A000000255981,제로이드 핌프로브 레드 컨트롤 크림 pH4,카프릴릴글라이콜,24,
A000000249211,리얼베리어 익스트림 크림,정제수,1,
A000000249211,리얼베리어 익스트림 크림,부틸렌글라이콜,2,
A000000249211,리얼베리어 익스트림 크림,카프릴릭/카프릭트라이글리세라이드,3,
A000000249211,리얼베리어 익스트림 크림,글리세린,4,
A000000249211,리얼베리어 익스트림 크림,세테아릴알코올,5,
A000000249211,리얼베리어 익스트림 크림,프로판다이올,6,
A000000249211,리얼베리어 익스트림 크림,판테놀,7,
A000000249211,리얼베리어 익스트림 크림,미리스토일/팔미토일옥소스테아라마이드/아라카마이드엠이에이,8,
A000000249211,리얼베리어 익스트림 크림,글리세릴스테아레이트,9,
A000000249211,리얼베리어 익스트림 크림,폴리글리세릴-10다이스테아레이트,10,
A000000249211,리얼베리어 익스트림 크림,다이메티콘,11,
A000000249211,리얼베리어 익스트림 크림,솔비탄스테아레이트,12,
A000000249211,리얼베리어 익스트림 크림,겨우살이열매추출물,13,
A000000249211,리얼베리어 익스트림 크림,"1,2-헥산다이올",14,
A000000249211,리얼베리어 익스트림 크림,메도우폼씨오일,15,
A000000249211,리얼베리어 익스트림 크림,올리브오일,16,
A000000249211,리얼베리어 익스트림 크림,하이드로제네이티드식물성오일,17,
A000000249211,리얼베리어 익스트림 크림,자일리틸글루코사이드,18,
A000000249211,리얼베리어 익스트림 크림,안하이드로자일리톨,19,
A000000249211,리얼베리어 익스트림 크림,자일리톨,20,
A000000249211,리얼베리어 익스트림 크림,글루코오스,21,
A000000249211,리얼베리어 익스트림 크림,토코페릴아세테이트,22,
A000000249211,리얼베리어 익스트림 크림,피토스테롤,23,
A000000249211,리얼베리어 익스트림 크림,포스포리피드,24,
A000000249211,리얼베리어 익스트림 크림,다이하이드록시아이소프로필팔모일팜아마이드,25,
A000000249211,리얼베리어 익스트림 크림,비스-카프릴로일옥시팔미타미도아이소프로판올,26,
A000000249211,리얼베리어 익스트림 크림,알란토인,27,
A000000249211,리얼베리어 익스트림 크림,아세틸헵타펩타이드-4,28,
A000000249211,리얼베리어 익스트림 크림,해바라기씨오일,29,
A000000249211,리얼베리어 익스트림 크림,살비아오일,30,
A000000249211,리얼베리어 익스트림 크림,광곽향오일,31,
A000000249211,리얼베리어 익스트림 크림,소두구씨오일,32,
A000000249211,리얼베리어 익스트림 크림,콘민트오일,33,
A000000249211,리얼베리어 익스트림 크림,캐모마일꽃오일,34,
A000000249211,리얼베리어 익스트림 크림,멕시칸주니퍼오일,35,
A000000249211,리얼베리어 익스트림 크림,바이오사카라이드검-1,36,
A000000249211,리얼베리어 익스트림 크림,소듐하이알루로네이트,37,
A000000249211,리얼베리어 익스트림 크림,아세틸다이펩타이드-1세틸에스터,38,
A000000249211,리얼베리어 익스트림 크림,마데카소사이드,39,
A000000249211,리얼베리어 익스트림 크림,스테아릭애씨드,40,
A000000249211,리얼베리어 익스트림 크림,카보머,41,
A000000249211,리얼베리어 익스트림 크림,카프릴릴글라이콜,42,
A000000249211,리얼베리어 익스트림 크림,솔비탄라우레이트,43,
A000000249211,리얼베리어 익스트림 크림,하이드록시에틸셀룰로오스,44,
A000000249211,리얼베리어 익스트림 크림,소듐레불리네이트,45,
A000000249211,리얼베리어 익스트림 크림,글리세릴카프릴레이트,46,
A000000249211,리얼베리어 익스트림 크림,p-아니식애씨드,47,
A000000174316,라로슈포제 시카플라스트 밤B5,정제수,1,
A000000174316,라로슈포제 시카플라스트 밤B5,하이드로제네이티드폴리아이소부텐,2,
A000000174316,라로슈포제 시카플라스트 밤B5,다이메티콘,3,
A000000174316,라로슈포제 시카플라스트 밤B5,글리세린,4,
A000000174316,라로슈포제 시카플라스트 밤B5,시어버터,5,
A000000174316,라로슈포제 시카플라스트 밤B5,판테놀,6,
A000000174316,라로슈포제 시카플라스트 밤B5,옥수수전분,7,
A000000174316,라로슈포제 시카플라스트 밤B5,프로판다이올,8,
A000000174316,라로슈포제 시카플라스트 밤B5,부틸렌글라이콜,9,
A000000174316,라로슈포제 시카플라스트 밤B5,세틸피이지/피피지-10/1다이메티콘,10,
A000000174316,라로슈포제 시카플라스트 밤B5,트라이하이드록시스테아린,11,
A000000174316,라로슈포제 시카플라스트 밤B5,병풀잎추출물,12,
A000000174316,라로슈포제 시카플라스트 밤B5,야콘뿌리즙,13,
A000000174316,라로슈포제 시카플라스트 밤B5,징크글루코네이트,14,
A000000174316,라로슈포제 시카플라스트 밤B5,마데카소사이드,15,
A000000174316,라로슈포제 시카플라스트 밤B5,망가니즈글루코네이트,16,
A000000174316,라로슈포제 시카플라스트 밤B5,알파-글루칸올리고사카라이드,17,
A000000174316,라로슈포제 시카플라스트 밤B5,실리카,18,
A000000174316,라로슈포제 시카플라스트 밤B5,알루미늄하이드록사이드,19,
A000000174316,라로슈포제 시카플라스트 밤B5,마그네슘설페이트,20,
A000000174316,라로슈포제 시카플라스트 밤B5,만노오스,21,
A000000174316,라로슈포제 시카플라스트 밤B5,카프릴로일글라이신,22,
A000000174316,라로슈포제 시카플라스트 밤B5,카프릴릴글라이콜,23,
A000000174316,라로슈포제 시카플라스트 밤B5,비트레오스실라발효물,24,
A000000174316,라로슈포제 시카플라스트 밤B5,시트릭애씨드,25,
A000000174316,라로슈포제 시카플라스트 밤B5,트라이소듐에틸렌다이아민다이석시네이트,26,
A000000174316,라로슈포제 시카플라스트 밤B5,락토바실러스,27,
A000000174316,라로슈포제 시카플라스트 밤B5,아세틸레이티드글라이콜스테아레이트,28,
A000000174316,라로슈포제 시카플라스트 밤B5,말토덱스트린,29,
A000000174316,라로슈포제 시카플라스트 밤B5,폴리글리세릴-4아이소스테아레이트,30,
A000000174316,라로슈포제 시카플라스트 밤B5,토코페롤,31,
A000000174316,라로슈포제 시카플라스트 밤B5,펜타에리스리틸테트라-다이-t-부틸하이드록시하이드로신나메이트,32,
A000000174316,라로슈포제 시카플라스트 밤B5,티타늄디옥사이드,33,
A000000255499,쿠피 멜라스마 클리어 트라넥삼산 레몬수 기미크림,레몬수,1,
A000000255499,쿠피 멜라스마 클리어 트라넥삼산 레몬수 기미크림,정제수,2,
A000000255499,쿠피 멜라스마 클리어 트라넥삼산 레몬수 기미크림,다이프로필렌글라이콜,3,
A000000255499,쿠피 멜라스마 클리어 트라넥삼산 레몬수 기미크림,트라넥사믹애씨드,4,
A000000255499,쿠피 멜라스마 클리어 트라넥삼산 레몬수 기미크림,글리세린,5,
A000000255499,쿠피 멜라스마 클리어 트라넥삼산 레몬수 기미크림,올리브오일,6,
A000000255499,쿠피 멜라스마 클리어 트라넥삼산 레몬수 기미크림,나이아신아마이드,7,
A000000255499,쿠피 멜라스마 클리어 트라넥삼산 레몬수 기미크림,"1,2-헥산다이올",8,
A000000255499,쿠피 멜라스마 클리어 트라넥삼산 레몬수 기미크림,폴리솔베이트60,9,
A000000255499,쿠피 멜라스마 클리어 트라넥삼산 레몬수 기미크림,트라이에틸헥사노인,10,
A000000255499,쿠피 멜라스마 클리어 트라넥삼산 레몬수 기미크림,스테아릭애씨드,11,
A000000255499,쿠피 멜라스마 클리어 트라넥삼산 레몬수 기미크림,티타늄디옥사이드,12,
A000000255499,쿠피 멜라스마 클리어 트라넥삼산 레몬수 기미크림,카프릴릭/카프릭트라이글리세라이드,13,
A000000255499,쿠피 멜라스마 클리어 트라넥삼산 레몬수 기미크림,세테아릴알코올,14,
A000000255499,쿠피 멜라스마 클리어 트라넥삼산 레몬수 기미크림,잇꽃씨오일,15,
A000000255499,쿠피 멜라스마 클리어 트라넥삼산 레몬수 기미크림,다이메티콘,16,
A000000255499,쿠피 멜라스마 클리어 트라넥삼산 레몬수 기미크림,수크로오스테트라아이소스테아레이트,17,
A000000255499,쿠피 멜라스마 클리어 트라넥삼산 레몬수 기미크림,글리세릴스테아레이트,18,
A000000255499,쿠피 멜라스마 클리어 트라넥삼산 레몬수 기미크림,알부틴,19,
A000000255499,쿠피 멜라스마 클리어 트라넥삼산 레몬수 기미크림,아크릴레이트/C10-30알킬아크릴레이트크로스폴리머,20,
A000000255499,쿠피 멜라스마 클리어 트라넥삼산 레몬수 기미크림,폴리글리세릴-4아이소스테아레이트,21,
A000000255499,쿠피 멜라스마 클리어 트라넥삼산 레몬수 기미크림,폴리글리세릴-4카프레이트,22,
A000000255499,쿠피 멜라스마 클리어 트라넥삼산 레몬수 기미크림,소듐폴리아크릴로일다이메틸타우레이트,23,
A000000255499,쿠피 멜라스마 클리어 트라넥삼산 레몬수 기미크림,알지닌,24,
A000000255499,쿠피 멜라스마 클리어 트라넥삼산 레몬수 기미크림,알란토인,25,
A000000255499,쿠피 멜라스마 클리어 트라넥삼산 레몬수 기미크림,비사보롤,26,
A000000255499,쿠피 멜라스마 클리어 트라넥삼산 레몬수 기미크림,하이드록시아세토페논,27,
A000000255499,쿠피 멜라스마 클리어 트라넥삼산 레몬수 기미크림,하이드로제네이티드폴리데센,28,
A000000255499,쿠피 멜라스마 클리어 트라넥삼산 레몬수 기미크림,글루코오스,29,
A000000255499,쿠피 멜라스마 클리어 트라넥삼산 레몬수 기미크림,아데노신,30,
A000000255499,쿠피 멜라스마 클리어 트라넥삼산 레몬수 기미크림,트라이에톡시카프릴릴실레인,31,
A000000255499,쿠피 멜라스마 클리어 트라넥삼산 레몬수 기미크림,알루미늄하이드록사이드,32,
A000000255499,쿠피 멜라스마 클리어 트라넥삼산 레몬수 기미크림,부틸렌글라이콜,33,
A000000255499,쿠피 멜라스마 클리어 트라넥삼산 레몬수 기미크림,카프릴릴글라이콜,34,
A000000255499,쿠피 멜라스마 클리어 트라넥삼산 레몬수 기미크림,타마린드씨검,35,
A000000255499,쿠피 멜라스마 클리어 트라넥삼산 레몬수 기미크림,소듐폴리글루타메이트,36,
A000000255499,쿠피 멜라스마 클리어 트라넥삼산 레몬수 기미크림,소듐하이알루로네이트,37,
A000000255499,쿠피 멜라스마 클리어 트라넥삼산 레몬수 기미크림,폴릭애씨드,38,
A000000255499,쿠피 멜라스마 클리어 트라넥삼산 레몬수 기미크림,아라키딕애씨드,39,
A000000255499,쿠피 멜라스마 클리어 트라넥삼산 레몬수 기미크림,팔미틱애씨드,40,
A000000255499,쿠피 멜라스마 클리어 트라넥삼산 레몬수 기미크림,하이드로제네이티드레시틴,41,
A000000255499,쿠피 멜라스마 클리어 트라넥삼산 레몬수 기미크림,트라이데세스-10,42,
A000000255499,쿠피 멜라스마 클리어 트라넥삼산 레몬수 기미크림,살리실릭애씨드,43,
A000000255499,쿠피 멜라스마 클리어 트라넥삼산 레몬수 기미크림,아스코빅애씨드,44,
A000000255499,쿠피 멜라스마 클리어 트라넥삼산 레몬수 기미크림,올레익애씨드,45,
A000000255499,쿠피 멜라스마 클리어 트라넥삼산 레몬수 기미크림,하이드록시데실유비퀴논,46,
A000000255499,쿠피 멜라스마 클리어 트라넥삼산 레몬수 기미크림,베타-글루칸,47,
A000000255499,쿠피 멜라스마 클리어 트라넥삼산 레몬수 기미크림,에틸헥실글리세린,48,
A000000255499,쿠피 멜라스마 클리어 트라넥삼산 레몬수 기미크림,디엔에이,49,
A000000255499,쿠피 멜라스마 클리어 트라넥삼산 레몬수 기미크림,페녹시에탄올,50,
A000000255499,쿠피 멜라스마 클리어 트라넥삼산 레몬수 기미크림,마카다미아씨추출물,51,
A000000255499,쿠피 멜라스마 클리어 트라넥삼산 레몬수 기미크림,블랙커민씨추출물,52,
A000000255499,쿠피 멜라스마 클리어 트라넥삼산 레몬수 기미크림,멕시칸치아씨추출물,53,
A000000255499,쿠피 멜라스마 클리어 트라넥삼산 레몬수 기미크림,드럼스틱씨추출물,54,
A000000255499,쿠피 멜라스마 클리어 트라넥삼산 레몬수 기미크림,잇꽃씨추출물,55,
A000000255499,쿠피 멜라스마 클리어 트라넥삼산 레몬수 기미크림,마데카소사이드,56,
A000000255499,쿠피 멜라스마 클리어 트라넥삼산 레몬수 기미크림,아시아티코사이드,57,
A000000255499,쿠피 멜라스마 클리어 트라넥삼산 레몬수 기미크림,아시아틱애씨드,58,
A000000255499,쿠피 멜라스마 클리어 트라넥삼산 레몬수 기미크림,마데카식애씨드,59,
A000000255499,쿠피 멜라스마 클리어 트라넥삼산 레몬수 기미크림,카보머,60,
A000000255499,쿠피 멜라스마 클리어 트라넥삼산 레몬수 기미크림,포타슘솔베이트,61,
A000000255499,쿠피 멜라스마 클리어 트라넥삼산 레몬수 기미크림,소듐메타바이설파이트,62,
A000000255499,쿠피 멜라스마 클리어 트라넥삼산 레몬수 기미크림,바이오틴,63,
A000000222703,아누아 피디알엔 히알루론산 100 수분 크림,정제수,1,
A000000222703,아누아 피디알엔 히알루론산 100 수분 크림,스쿠알란,2,
A000000222703,아누아 피디알엔 히알루론산 100 수분 크림,글리세린,3,
A000000222703,아누아 피디알엔 히알루론산 100 수분 크림,나이아신아마이드,4,
A000000222703,아누아 피디알엔 히알루론산 100 수분 크림,펜틸렌글라이콜,5,
A000000222703,아누아 피디알엔 히알루론산 100 수분 크림,"1,2-헥산다이올",6,
A000000222703,아누아 피디알엔 히알루론산 100 수분 크림,소듐디엔에이,7,
A000000222703,아누아 피디알엔 히알루론산 100 수분 크림,하이드롤라이즈드콜라겐,8,
A000000222703,아누아 피디알엔 히알루론산 100 수분 크림,소듐하이알루로네이트,9,
A000000222703,아누아 피디알엔 히알루론산 100 수분 크림,인도멀구슬나무잎추출물,10,
A000000222703,아누아 피디알엔 히알루론산 100 수분 크림,하이드롤라이즈드하이알루로닉애씨드,11,
A000000222703,아누아 피디알엔 히알루론산 100 수분 크림,인도멀구슬나무꽃추출물,12,
A000000222703,아누아 피디알엔 히알루론산 100 수분 크림,아이비고드열매추출물,13,
A000000222703,아누아 피디알엔 히알루론산 100 수분 크림,하이알루로닉애씨드,14,
A000000222703,아누아 피디알엔 히알루론산 100 수분 크림,알로에베라꽃추출물,15,
A000000222703,아누아 피디알엔 히알루론산 100 수분 크림,가지열매추출물,16,
A000000222703,아누아 피디알엔 히알루론산 100 수분 크림,홀리바질잎추출물,17,
A000000222703,아누아 피디알엔 히알루론산 100 수분 크림,참산호말추출물,18,
A000000222703,아누아 피디알엔 히알루론산 100 수분 크림,울금뿌리추출물,19,
A000000222703,아누아 피디알엔 히알루론산 100 수분 크림,병풀잎추출물,20,
A000000222703,아누아 피디알엔 히알루론산 100 수분 크림,다이페닐실록시페닐트라이메티콘,21,
A000000222703,아누아 피디알엔 히알루론산 100 수분 크림,피씨에이다이메티콘,22,
A000000222703,아누아 피디알엔 히알루론산 100 수분 크림,부틸렌글라이콜,23,
A000000222703,아누아 피디알엔 히알루론산 100 수분 크림,프로판다이올,24,
A000000222703,아누아 피디알엔 히알루론산 100 수분 크림,암모늄아크릴로일다이메틸타우레이트/브이피코폴리머,25,
A000000222703,아누아 피디알엔 히알루론산 100 수분 크림,다이글리세린,26,
A000000222703,아누아 피디알엔 히알루론산 100 수분 크림,하이드록시에틸아크릴레이트/소듐아크릴로일다이메틸타우레이트코폴리머,27,
A000000222703,아누아 피디알엔 히알루론산 100 수분 크림,아크릴레이트/C10-30알킬아크릴레이트크로스폴리머,28,
A000000222703,아누아 피디알엔 히알루론산 100 수분 크림,C12-20알킬글루코사이드,29,
A000000222703,아누아 피디알엔 히알루론산 100 수분 크림,메틸프로판다이올,30,
A000000222703,아누아 피디알엔 히알루론산 100 수분 크림,에틸헥실글리세린,31,
A000000222703,아누아 피디알엔 히알루론산 100 수분 크림,아데노신,32,
A000000222703,아누아 피디알엔 히알루론산 100 수분 크림,소듐파이테이트,33,
A000000222703,아누아 피디알엔 히알루론산 100 수분 크림,아미노메틸프로판다이올,34,
A000000222703,아누아 피디알엔 히알루론산 100 수분 크림,피브이엠/엠에이코폴리머,35,
A000000222703,아누아 피디알엔 히알루론산 100 수분 크림,마데카소사이드,36,
A000000222703,아누아 피디알엔 히알루론산 100 수분 크림,C12-13알케스-9,37,
A000000222703,아누아 피디알엔 히알루론산 100 수분 크림,다이메틸실란올하이알루로네이트,38,
A000000222703,아누아 피디알엔 히알루론산 100 수분 크림,하이드롤라이즈드소듐하이알루로네이트,39,
A000000222703,아누아 피디알엔 히알루론산 100 수분 크림,아시아티코사이드,40,
A000000222703,아누아 피디알엔 히알루론산 100 수분 크림,포타슘하이알루로네이트,41,
A000000222703,아누아 피디알엔 히알루론산 100 수분 크림,하이드록시프로필트라이모늄하이알루로네이트,42,
A000000222703,아누아 피디알엔 히알루론산 100 수분 크림,소듐하이알루로네이트크로스폴리머,43,
A000000222703,아누아 피디알엔 히알루론산 100 수분 크림,소듐하이알루로네이트다이메틸실란올,44,
A000000222703,아누아 피디알엔 히알루론산 100 수분 크림,소듐아세틸레이티드하이알루로네이트,45,
A000000222703,아누아 피디알엔 히알루론산 100 수분 크림,베헤닐알코올,46,
A000000222703,아누아 피디알엔 히알루론산 100 수분 크림,C14-22알코올,47,
A000000222703,아누아 피디알엔 히알루론산 100 수분 크림,카보머,48,
A000000228390,잇츠스킨 시크릿 솔루션 웨딩 드레스 퓨어 크림,정제수,1,
A000000228390,잇츠스킨 시크릿 솔루션 웨딩 드레스 퓨어 크림,사이클로펜타실록세인,2,
A000000228390,잇츠스킨 시크릿 솔루션 웨딩 드레스 퓨어 크림,사이클로헥사실록세인,3,
A000000228390,잇츠스킨 시크릿 솔루션 웨딩 드레스 퓨어 크림,부틸렌글라이콜,4,
A000000228390,잇츠스킨 시크릿 솔루션 웨딩 드레스 퓨어 크림,티타늄디옥사이드,5,
A000000228390,잇츠스킨 시크릿 솔루션 웨딩 드레스 퓨어 크림,세틸피이지/피피지-10/1다이메티콘,6,
A000000228390,잇츠스킨 시크릿 솔루션 웨딩 드레스 퓨어 크림,"1,2-헥산다이올",7,
A000000228390,잇츠스킨 시크릿 솔루션 웨딩 드레스 퓨어 크림,라벤더꽃수,8,
A000000228390,잇츠스킨 시크릿 솔루션 웨딩 드레스 퓨어 크림,라즈베리추출물,9,
A000000228390,잇츠스킨 시크릿 솔루션 웨딩 드레스 퓨어 크림,진주추출물,10,
A000000228390,잇츠스킨 시크릿 솔루션 웨딩 드레스 퓨어 크림,데이지꽃추출물,11,
A000000228390,잇츠스킨 시크릿 솔루션 웨딩 드레스 퓨어 크림,로우스위트블루베리추출물,12,
A000000228390,잇츠스킨 시크릿 솔루션 웨딩 드레스 퓨어 크림,로즈마리추출물,13,
A000000228390,잇츠스킨 시크릿 솔루션 웨딩 드레스 퓨어 크림,수레국화꽃수,14,
A000000228390,잇츠스킨 시크릿 솔루션 웨딩 드레스 퓨어 크림,커먼자스민꽃추출물,15,
A000000228390,잇츠스킨 시크릿 솔루션 웨딩 드레스 퓨어 크림,크랜베리추출물,16,
A000000228390,잇츠스킨 시크릿 솔루션 웨딩 드레스 퓨어 크림,소듐클로라이드,17,
A000000228390,잇츠스킨 시크릿 솔루션 웨딩 드레스 퓨어 크림,다이메티콘,18,
A000000228390,잇츠스킨 시크릿 솔루션 웨딩 드레스 퓨어 크림,다이메티콘/비닐다이메티콘크로스폴리머,19,
A000000228390,잇츠스킨 시크릿 솔루션 웨딩 드레스 퓨어 크림,카프릴릴글라이콜,20,
A000000228390,잇츠스킨 시크릿 솔루션 웨딩 드레스 퓨어 크림,알루미늄하이드록사이드,21,
A000000228390,잇츠스킨 시크릿 솔루션 웨딩 드레스 퓨어 크림,트라이에톡시카프릴릴실레인,22,
A000000228390,잇츠스킨 시크릿 솔루션 웨딩 드레스 퓨어 크림,다이소듐이디티에이,23,
A000000228390,잇츠스킨 시크릿 솔루션 웨딩 드레스 퓨어 크림,트라이에톡시실릴에틸폴리다이메틸실록시에틸헥실다이메티콘,24,
A000000228390,잇츠스킨 시크릿 솔루션 웨딩 드레스 퓨어 크림,향료,25,
A000000182795,프리메라 알파인 베리 워터리 크림,정제수,1,
A000000182795,프리메라 알파인 베리 워터리 크림,글리세린,2,
A000000182795,프리메라 알파인 베리 워터리 크림,부틸렌글라이콜,3,
A000000182795,프리메라 알파인 베리 워터리 크림,스쿠알란,4,
A000000182795,프리메라 알파인 베리 워터리 크림,비스-하이드록시에톡시프로필다이메티콘,5,
A000000182795,프리메라 알파인 베리 워터리 크림,카프릴릭/카프릭/미리스틱/스테아릭트라이글리세라이드,6,
A000000182795,프리메라 알파인 베리 워터리 크림,수크로오스폴리스테아레이트,7,
A000000182795,프리메라 알파인 베리 워터리 크림,나이아신아마이드,8,
A000000182795,프리메라 알파인 베리 워터리 크림,다이카프릴릴에터,9,
A000000182795,프리메라 알파인 베리 워터리 크림,메틸트라이메티콘,10,
A000000182795,프리메라 알파인 베리 워터리 크림,우레아,11,
A000000182795,프리메라 알파인 베리 워터리 크림,펜타에리스리틸테트라에틸헥사노에이트,12,
A000000182795,프리메라 알파인 베리 워터리 크림,"1,2-헥산다이올",13,
A000000182795,프리메라 알파인 베리 워터리 크림,글리세릴스테아레이트,14,
A000000182795,프리메라 알파인 베리 워터리 크림,카카오씨버터,15,
A000000182795,프리메라 알파인 베리 워터리 크림,폴리글리세릴-3메틸글루코오스다이스테아레이트,16,
A000000182795,프리메라 알파인 베리 워터리 크림,스테아릭애씨드,17,
A000000182795,프리메라 알파인 베리 워터리 크림,피토스테롤,18,
A000000182795,프리메라 알파인 베리 워터리 크림,팔미틱애씨드,19,
A000000182795,프리메라 알파인 베리 워터리 크림,하이드로제네이티드폴리아이소부텐,20,
A000000182795,프리메라 알파인 베리 워터리 크림,하이드록시에틸아크릴레이트/소듐아크릴로일다이메틸타우레이트코폴리머,21,
A000000182795,프리메라 알파인 베리 워터리 크림,세테아릴알코올,22,
A000000182795,프리메라 알파인 베리 워터리 크림,아크릴레이트/C10-30알킬아크릴레이트크로스폴리머,23,
A000000182795,프리메라 알파인 베리 워터리 크림,잔탄검,24,
A000000182795,프리메라 알파인 베리 워터리 크림,글리세릴카프릴레이트,25,
A000000182795,프리메라 알파인 베리 워터리 크림,트로메타민,26,
A000000182795,프리메라 알파인 베리 워터리 크림,에틸헥실글리세린,27,
A000000182795,프리메라 알파인 베리 워터리 크림,향료,28,
A000000182795,프리메라 알파인 베리 워터리 크림,솔비탄아이소스테아레이트,29,
A000000182795,프리메라 알파인 베리 워터리 크림,다이소듐이디티에이,30,
A000000182795,프리메라 알파인 베리 워터리 크림,리모넨,31,
A000000182795,프리메라 알파인 베리 워터리 크림,마데카소사이드,32,
A000000182795,프리메라 알파인 베리 워터리 크림,서양산딸기추출물,33,40
A000000182795,프리메라 알파인 베리 워터리 크림,리날룰,34,
A000000182795,프리메라 알파인 베리 워터리 크림,미리스틱애씨드,35,
A000000182795,프리메라 알파인 베리 워터리 크림,아라키딕애씨드,36,
A000000182795,프리메라 알파인 베리 워터리 크림,토코페롤,37,
A000000182795,프리메라 알파인 베리 워터리 크림,야생딸기잎추출물,38,5
A000000182795,프리메라 알파인 베리 워터리 크림,돌콩오일,39,
A000000189248,바이오힐보 판테셀 리페어시카 크림,정제수,1,
A000000189248,바이오힐보 판테셀 리페어시카 크림,판테놀,2,50000
A000000189248,바이오힐보 판테셀 리페어시카 크림,프로판다이올,3,
A000000189248,바이오힐보 판테셀 리페어시카 크림,펜타에리스리틸테트라에틸헥사노에이트,4,
A000000189248,바이오힐보 판테셀 리페어시카 크림,글리세린,5,
A000000189248,바이오힐보 판테셀 리페어시카 크림,"1,2-헥산다이올",6,
A000000189248,바이오힐보 판테셀 리페어시카 크림,부틸렌글라이콜,7,
A000000189248,바이오힐보 판테셀 리페어시카 크림,에틸헥실스테아레이트,8,
A000000189248,바이오힐보 판테셀 리페어시카 크림,병풀추출물,9,
A000000189248,바이오힐보 판테셀 리페어시카 크림,병풀잎추출물,10,
A000000189248,바이오힐보 판테셀 리페어시카 크림,마데카소사이드,11,
A000000189248,바이오힐보 판테셀 리페어시카 크림,베타-시토스테롤,12,
A000000189248,바이오힐보 판테셀 리페어시카 크림,아시아티코사이드,13,
A000000189248,바이오힐보 판테셀 리페어시카 크림,아세틸헥사펩타이드-8,14,
A000000189248,바이오힐보 판테셀 리페어시카 크림,아스코빅애씨드폴리펩타이드,15,
A000000189248,바이오힐보 판테셀 리페어시카 크림,아세틸옥타펩타이드-3,16,
A000000189248,바이오힐보 판테셀 리페어시카 크림,아세틸테트라펩타이드-2,17,
A000000189248,바이오힐보 판테셀 리페어시카 크림,아세틸테트라펩타이드-3,18,
A000000189248,바이오힐보 판테셀 리페어시카 크림,아세틸테트라펩타이드-5,19,
A000000189248,바이오힐보 판테셀 리페어시카 크림,아세틸테트라펩타이드-9,20,
A000000189248,바이오힐보 판테셀 리페어시카 크림,카르노신,21,
A000000189248,바이오힐보 판테셀 리페어시카 크림,카퍼트라이펩타이드-1,22,
A000000189248,바이오힐보 판테셀 리페어시카 크림,노나펩타이드-1,23,
A000000189248,바이오힐보 판테셀 리페어시카 크림,팔미토일펜타펩타이드-4,24,
A000000189248,바이오힐보 판테셀 리페어시카 크림,팔미토일트라이펩타이드-1,25,
A000000189248,바이오힐보 판테셀 리페어시카 크림,팔미토일트라이펩타이드-5,26,
A000000189248,바이오힐보 판테셀 리페어시카 크림,칸디다 봄비콜라/글루코오스/메틸레이프씨데이트발효물,27,
A000000189248,바이오힐보 판테셀 리페어시카 크림,해바라기씨오일,28,
A000000189248,바이오힐보 판테셀 리페어시카 크림,메틸메타크릴레이트크로스폴리머,29,
A000000189248,바이오힐보 판테셀 리페어시카 크림,펜틸렌글라이콜,30,
A000000189248,바이오힐보 판테셀 리페어시카 크림,트라이에틸헥사노인,31,
A000000189248,바이오힐보 판테셀 리페어시카 크림,다이카프릴릴카보네이트,32,
A000000189248,바이오힐보 판테셀 리페어시카 크림,소듐폴리아크릴로일다이메틸타우레이트,33,
A000000189248,바이오힐보 판테셀 리페어시카 크림,아크릴레이트/C10-30알킬아크릴레이트크로스폴리머,34,
A000000189248,바이오힐보 판테셀 리페어시카 크림,C12-20알킬글루코사이드,35,
A000000189248,바이오힐보 판테셀 리페어시카 크림,다이포타슘글리시리제이트,36,
A000000189248,바이오힐보 판테셀 리페어시카 크림,알란토인,37,
A000000189248,바이오힐보 판테셀 리페어시카 크림,에틸헥실글리세린,38,
A000000189248,바이오힐보 판테셀 리페어시카 크림,팔미틱애씨드,39,
A000000189248,바이오힐보 판테셀 리페어시카 크림,글리세릴아크릴레이트/아크릴릭애씨드코폴리머,40,
A000000189248,바이오힐보 판테셀 리페어시카 크림,하이드로제네이티드레시틴,41,
A000000189248,바이오힐보 판테셀 리페어시카 크림,소듐파이테이트,42,
A000000189248,바이오힐보 판테셀 리페어시카 크림,트로메타민,43,
A000000189248,바이오힐보 판테셀 리페어시카 크림,다이프로필렌글라이콜,44,
A000000189248,바이오힐보 판테셀 리페어시카 크림,글리세릴카프릴레이트,45,
A000000189248,바이오힐보 판테셀 리페어시카 크림,토코페롤,46,
A000000189248,바이오힐보 판테셀 리페어시카 크림,레시틴,47,
A000000189248,바이오힐보 판테셀 리페어시카 크림,에스신,48,
A000000189248,바이오힐보 판테셀 리페어시카 크림,시트릭애씨드,49,
A000000189248,바이오힐보 판테셀 리페어시카 크림,C14-22알코올,50,
A000000189248,바이오힐보 판테셀 리페어시카 크림,세테아릴알코올,51,
A000000189248,바이오힐보 판테셀 리페어시카 크림,C12-16알코올,52,
A000000189248,바이오힐보 판테셀 리페어시카 크림,카보머,53,
A000000178512,웰라쥬 리얼 히알루로닉 100 크림,하이드롤라이즈드하이알루로닉애씨드,1,500000
A000000178512,웰라쥬 리얼 히알루로닉 100 크림,정제수,2,
A000000178512,웰라쥬 리얼 히알루로닉 100 크림,글리세린,3,
A000000178512,웰라쥬 리얼 히알루로닉 100 크림,세테아릴알코올,4,
A000000178512,웰라쥬 리얼 히알루로닉 100 크림,펜틸렌글라이콜,5,
A000000178512,웰라쥬 리얼 히알루로닉 100 크림,카프릴릭/카프릭트라이글리세라이드,6,
A000000178512,웰라쥬 리얼 히알루로닉 100 크림,스쿠알란,7,
A000000178512,웰라쥬 리얼 히알루로닉 100 크림,프로판다이올,8,
A000000178512,웰라쥬 리얼 히알루로닉 100 크림,베타인,9,
A000000178512,웰라쥬 리얼 히알루로닉 100 크림,세테아릴올리베이트,10,
A000000178512,웰라쥬 리얼 히알루로닉 100 크림,비닐다이메티콘,11,
A000000178512,웰라쥬 리얼 히알루로닉 100 크림,코코-카프릴레이트/카프레이트,12,
A000000178512,웰라쥬 리얼 히알루로닉 100 크림,아이소프로필미리스테이트,13,
A000000178512,웰라쥬 리얼 히알루로닉 100 크림,시어버터,14,
A000000178512,웰라쥬 리얼 히알루로닉 100 크림,폴리글리세릴-4카프레이트,15,
A000000178512,웰라쥬 리얼 히알루로닉 100 크림,판테놀,16,
A000000178512,웰라쥬 리얼 히알루로닉 100 크림,옥틸도데칸올,17,
A000000178512,웰라쥬 리얼 히알루로닉 100 크림,알란토인,18,
A000000178512,웰라쥬 리얼 히알루로닉 100 크림,부틸렌글라이콜,19,
A000000178512,웰라쥬 리얼 히알루로닉 100 크림,글라이신,20,
A000000178512,웰라쥬 리얼 히알루로닉 100 크림,알지닌,21,
A000000178512,웰라쥬 리얼 히알루로닉 100 크림,히스티딘,22,
A000000178512,웰라쥬 리얼 히알루로닉 100 크림,세린,23,
A000000178512,웰라쥬 리얼 히알루로닉 100 크림,토코페롤,24,
A000000178512,웰라쥬 리얼 히알루로닉 100 크림,벤질글라이콜,25,
A000000178512,웰라쥬 리얼 히알루로닉 100 크림,소듐스테아로일글루타메이트,26,
A000000178512,웰라쥬 리얼 히알루로닉 100 크림,하이드롤라이즈드글라이코사미노글리칸,27,
A000000178512,웰라쥬 리얼 히알루로닉 100 크림,아데노신,28,
A000000178512,웰라쥬 리얼 히알루로닉 100 크림,소듐하이알루로네이트,29,100
A000000178512,웰라쥬 리얼 히알루로닉 100 크림,소듐하이알루로네이트크로스폴리머,30,0.0035
A000000178512,웰라쥬 리얼 히알루로닉 100 크림,하이드록시프로필트라이모늄하이알루로네이트,31,0.00041999999999999996
A000000178512,웰라쥬 리얼 히알루로닉 100 크림,하이알루로닉애씨드,32,3.5000000000000004e-05
A000000178512,웰라쥬 리얼 히알루로닉 100 크림,소듐아세틸레이티드하이알루로네이트,33,7e-06
A000000178512,웰라쥬 리얼 히알루로닉 100 크림,나이아신아마이드,34,
A000000178512,웰라쥬 리얼 히알루로닉 100 크림,세라마이드엔피,35,
A000000178512,웰라쥬 리얼 히알루로닉 100 크림,스트렙토코쿠스 테르모필루스발효물,36,
A000000178512,웰라쥬 리얼 히알루로닉 100 크림,다이포타슘글리시리제이트,37,
A000000178512,웰라쥬 리얼 히알루로닉 100 크림,콜레스테롤,38,
A000000178512,웰라쥬 리얼 히알루로닉 100 크림,솔비탄올리베이트,39,
A000000178512,웰라쥬 리얼 히알루로닉 100 크림,수크로오스라우레이트,40,
A000000178512,웰라쥬 리얼 히알루로닉 100 크림,비즈왁스,41,
A000000178512,웰라쥬 리얼 히알루로닉 100 크림,팔미틱애씨드,42,
A000000178512,웰라쥬 리얼 히알루로닉 100 크림,스테아릭애씨드,43,
A000000178512,웰라쥬 리얼 히알루로닉 100 크림,하이드로제네이티드레시틴,44,
A000000178512,웰라쥬 리얼 히알루로닉 100 크림,리솔레시틴,45,
A000000178512,웰라쥬 리얼 히알루로닉 100 크림,폴리글리세릴-3폴리리시놀리에이트,46,
A000000178512,웰라쥬 리얼 히알루로닉 100 크림,카보머,47,
A000000178512,웰라쥬 리얼 히알루로닉 100 크림,잔탄검,48,
A000000178512,웰라쥬 리얼 히알루로닉 100 크림,트라이하이드록시스테아린,49,
A000000178512,웰라쥬 리얼 히알루로닉 100 크림,인도멀구슬나무잎추출물,50,
A000000178512,웰라쥬 리얼 히알루로닉 100 크림,인도멀구슬나무꽃추출물,51,
A000000178512,웰라쥬 리얼 히알루로닉 100 크림,아이비고드열매추출물,52,
A000000178512,웰라쥬 리얼 히알루로닉 100 크림,가지열매추출물,53,
A000000178512,웰라쥬 리얼 히알루로닉 100 크림,홀리바질잎추출물,54,
A000000178512,웰라쥬 리얼 히알루로닉 100 크림,울금뿌리추출물,55,
A000000178512,웰라쥬 리얼 히알루로닉 100 크림,참산호말추출물,56,
A000000178512,웰라쥬 리얼 히알루로닉 100 크림,하수오뿌리추출물,57,
A000000178512,웰라쥬 리얼 히알루로닉 100 크림,스타아니스추출물,58,
A000000178512,웰라쥬 리얼 히알루로닉 100 크림,에틸헥실글리세린,59,
A000000178512,웰라쥬 리얼 히알루로닉 100 크림,카프릴릴글라이콜,60,
A000000178512,웰라쥬 리얼 히알루로닉 100 크림,"1,2-헥산다이올",61,
A000000178512,웰라쥬 리얼 히알루로닉 100 크림,시트릭애씨드,62,
A000000178512,웰라쥬 리얼 히알루로닉 100 크림,다이소듐이디티에이,63,
A000000249736,동국제약 멜라-셋 기미 토닝 크림,정제수,1,
A000000249736,동국제약 멜라-셋 기미 토닝 크림,세틸에틸헥사노에이트,2,
A000000249736,동국제약 멜라-셋 기미 토닝 크림,글리세린,3,
A000000249736,동국제약 멜라-셋 기미 토닝 크림,알부틴,4,
A000000249736,동국제약 멜라-셋 기미 토닝 크림,부틸렌글라이콜,5,
A000000249736,동국제약 멜라-셋 기미 토닝 크림,"1,2-헥산다이올",6,
A000000249736,동국제약 멜라-셋 기미 토닝 크림,알파-알부틴,7,
A000000249736,동국제약 멜라-셋 기미 토닝 크림,다이메티콘,8,
A000000249736,동국제약 멜라-셋 기미 토닝 크림,세테아릴알코올,9,
A000000249736,동국제약 멜라-셋 기미 토닝 크림,다이카프릴릴카보네이트,10,
A000000249736,동국제약 멜라-셋 기미 토닝 크림,베타인,11,
A000000249736,동국제약 멜라-셋 기미 토닝 크림,세테아릴올리베이트,12,
A000000249736,동국제약 멜라-셋 기미 토닝 크림,메틸트라이메티콘,13,
A000000249736,동국제약 멜라-셋 기미 토닝 크림,솔비탄올리베이트,14,
A000000249736,동국제약 멜라-셋 기미 토닝 크림,폴리솔베이트60,15,
A000000249736,동국제약 멜라-셋 기미 토닝 크림,폴리아크릴레이트-13,16,
A000000249736,동국제약 멜라-셋 기미 토닝 크림,피이지-100스테아레이트,17,
A000000249736,동국제약 멜라-셋 기미 토닝 크림,글리세릴스테아레이트,18,
A000000249736,동국제약 멜라-셋 기미 토닝 크림,솔비탄세스퀴올리에이트,19,
A000000249736,동국제약 멜라-셋 기미 토닝 크림,카보머,20,
A000000249736,동국제약 멜라-셋 기미 토닝 크림,트로메타민,21,
A000000249736,동국제약 멜라-셋 기미 토닝 크림,폴리아이소부텐,22,
A000000249736,동국제약 멜라-셋 기미 토닝 크림,다이메티콘/비닐다이메티콘크로스폴리머,23,
A000000249736,동국제약 멜라-셋 기미 토닝 크림,하이드로제네이티드레시틴,24,
A000000249736,동국제약 멜라-셋 기미 토닝 크림,토코페롤,25,
A000000249736,동국제약 멜라-셋 기미 토닝 크림,판테놀,26,
A000000249736,동국제약 멜라-셋 기미 토닝 크림,프로판다이올,27,
A000000249736,동국제약 멜라-셋 기미 토닝 크림,스핑고모나스발효추출물,28,
A000000249736,동국제약 멜라-셋 기미 토닝 크림,에틸헥실글리세린,29,
A000000249736,동국제약 멜라-셋 기미 토닝 크림,폴리솔베이트20,30,
A000000249736,동국제약 멜라-셋 기미 토닝 크림,솔비탄아이소스테아레이트,31,
A000000249736,동국제약 멜라-셋 기미 토닝 크림,다이소듐이디티에이,32,
A000000249736,동국제약 멜라-셋 기미 토닝 크림,나이아신아마이드,33,
A000000249736,동국제약 멜라-셋 기미 토닝 크림,트라넥사믹애씨드,34,
A000000249736,동국제약 멜라-셋 기미 토닝 크림,폴리글리세릴-10올리에이트,35,
A000000249736,동국제약 멜라-셋 기미 토닝 크림,레시틴,36,
A000000249736,동국제약 멜라-셋 기미 토닝 크림,엑토인,37,
A000000249736,동국제약 멜라-셋 기미 토닝 크림,폴리글리세릴-10라우레이트,38,
A000000249736,동국제약 멜라-셋 기미 토닝 크림,폴리글리세릴-4카프레이트,39,
A000000249736,동국제약 멜라-셋 기미 토닝 크림,바쿠치올,40,
A000000249736,동국제약 멜라-셋 기미 토닝 크림,마데카식애씨드,41,
A000000249736,동국제약 멜라-셋 기미 토닝 크림,비파나무잎추출물,42,
A000000249736,동국제약 멜라-셋 기미 토닝 크림,아시아티코사이드,43,
A000000249736,동국제약 멜라-셋 기미 토닝 크림,비타민나무열매추출물,44,
A000000249736,동국제약 멜라-셋 기미 토닝 크림,아시아틱애씨드,45,
A000000249736,동국제약 멜라-셋 기미 토닝 크림,스피어민트추출물,46,
A000000249736,동국제약 멜라-셋 기미 토닝 크림,폴리글리세릴-10스테아레이트,47,
A000000249736,동국제약 멜라-셋 기미 토닝 크림,소듐아스코빌포스페이트,48,
A000000249736,동국제약 멜라-셋 기미 토닝 크림,피리독신,49,
A000000249736,동국제약 멜라-셋 기미 토닝 크림,바이오틴,50,
A000000249736,동국제약 멜라-셋 기미 토닝 크림,사이아노코발아민,51,
A000000249736,동국제약 멜라-셋 기미 토닝 크림,티아민에이치씨엘,52,
A000000249736,동국제약 멜라-셋 기미 토닝 크림,리보플라빈,53,
A000000249736,동국제약 멜라-셋 기미 토닝 크림,베타-카로틴,54,
A000000219716,파티온 노스카나인 트러블 크림,정제수,1,
A000000219716,파티온 노스카나인 트러블 크림,글리세린,2,
A000000219716,파티온 노스카나인 트러블 크림,메도우폼씨오일,3,
A000000219716,파티온 노스카나인 트러블 크림,카프릴릭/카프릭트라이글리세라이드,4,
A000000219716,파티온 노스카나인 트러블 크림,비닐다이메티콘,5,
A000000219716,파티온 노스카나인 트러블 크림,다이글리세린,6,
A000000219716,파티온 노스카나인 트러블 크림,폴리글리세릴-3다이스테아레이트,7,
A000000219716,파티온 노스카나인 트러블 크림,세테아릴알코올,8,
A000000219716,파티온 노스카나인 트러블 크림,"1,2-헥산다이올",9,
A000000219716,파티온 노스카나인 트러블 크림,펜틸렌글라이콜,10,
A000000219716,파티온 노스카나인 트러블 크림,클로렐라 불가리스추출물,11,
A000000219716,파티온 노스카나인 트러블 크림,소듐헤파린,12,
A000000219716,파티온 노스카나인 트러블 크림,쑥잎추출물,13,
A000000219716,파티온 노스카나인 트러블 크림,병풀추출물,14,
A000000219716,파티온 노스카나인 트러블 크림,펜타에리스리틸테트라에틸헥사노에이트,15,
A000000219716,파티온 노스카나인 트러블 크림,하이드로제네이티드쌀겨오일,16,
A000000219716,파티온 노스카나인 트러블 크림,하이드로제네이티드레시틴,17,
A000000219716,파티온 노스카나인 트러블 크림,세테아릴올리베이트,18,
A000000219716,파티온 노스카나인 트러블 크림,소듐스테아로일글루타메이트,19,
A000000219716,파티온 노스카나인 트러블 크림,하이드록시에틸아크릴레이트/소듐아크릴로일다이메틸타우레이트코폴리머,20,
A000000219716,파티온 노스카나인 트러블 크림,폴리글리세릴-2스테아레이트,21,
A000000219716,파티온 노스카나인 트러블 크림,암모늄아크릴로일다이메틸타우레이트/브이피코폴리머,22,
A000000219716,파티온 노스카나인 트러블 크림,아이소도데케인,23,
A000000219716,파티온 노스카나인 트러블 크림,하이드록시아세토페논,24,
A000000219716,파티온 노스카나인 트러블 크림,아크릴레이트/C10-30알킬아크릴레이트크로스폴리머,25,
A000000219716,파티온 노스카나인 트러블 크림,글루코오스,26,
A000000219716,파티온 노스카나인 트러블 크림,솔비탄올리베이트,27,
A000000219716,파티온 노스카나인 트러블 크림,글리세릴스테아레이트,28,
A000000219716,파티온 노스카나인 트러블 크림,판테놀,29,
A000000219716,파티온 노스카나인 트러블 크림,글리세릴스테아레이트시트레이트,30,
A000000219716,파티온 노스카나인 트러블 크림,부틸렌글라이콜,31,
A000000219716,파티온 노스카나인 트러블 크림,프룩토올리고사카라이드,32,
A000000219716,파티온 노스카나인 트러블 크림,프룩토오스,33,
A000000219716,파티온 노스카나인 트러블 크림,스테아릭애씨드,34,
A000000219716,파티온 노스카나인 트러블 크림,석시닉애씨드,35,
A000000219716,파티온 노스카나인 트러블 크림,다이메티콘/비닐다이메티콘크로스폴리머,36,
A000000219716,파티온 노스카나인 트러블 크림,비닐다이메티콘/메티콘실세스퀴옥세인크로스폴리머,37,
A000000219716,파티온 노스카나인 트러블 크림,소듐파이테이트,38,
A000000219716,파티온 노스카나인 트러블 크림,솔비탄아이소스테아레이트,39,
A000000219716,파티온 노스카나인 트러블 크림,폴리글리세릴-10스테아레이트,40,
A000000219716,파티온 노스카나인 트러블 크림,다이프로필렌글라이콜,41,
A000000219716,파티온 노스카나인 트러블 크림,세라마이드엔피,42,
A000000219716,파티온 노스카나인 트러블 크림,알란토인,43,
A000000219716,파티온 노스카나인 트러블 크림,베타-글루칸,44,
A000000219716,파티온 노스카나인 트러블 크림,폴리글리세릴-10라우레이트,45,
A000000219716,파티온 노스카나인 트러블 크림,세라마이드엔에스,46,
A000000219716,파티온 노스카나인 트러블 크림,콜레스테롤,47,
A000000219716,파티온 노스카나인 트러블 크림,에틸헥실글리세린,48,
A000000219716,파티온 노스카나인 트러블 크림,피토스핑고신,49,
A000000219716,파티온 노스카나인 트러블 크림,세라마이드에이피,50,
A000000219716,파티온 노스카나인 트러블 크림,세라마이드에이에스,51,
A000000219716,파티온 노스카나인 트러블 크림,스쿠알란,52,
A000000219716,파티온 노스카나인 트러블 크림,세라마이드이오피,53,
A000000219716,파티온 노스카나인 트러블 크림,카프릴릴/카프릴글루코사이드,54,
A000000219716,파티온 노스카나인 트러블 크림,스테아릴알코올,55,
A000000219716,파티온 노스카나인 트러블 크림,잔탄검,56,
A000000247726,메이크프렘 인테카 수딩크림,정제수,1,
A000000247726,메이크프렘 인테카 수딩크림,프로판다이올,2,
A000000247726,메이크프렘 인테카 수딩크림,글리세린,3,
A000000247726,메이크프렘 인테카 수딩크림,글리세릴글루코사이드,4,
A000000247726,메이크프렘 인테카 수딩크림,"1,2-헥산다이올",5,
A000000247726,메이크프렘 인테카 수딩크림,카프릴릭/카프릭트라이글리세라이드,6,
A000000247726,메이크프렘 인테카 수딩크림,하이드로제네이티드폴리데센,7,
A000000247726,메이크프렘 인테카 수딩크림,나이아신아마이드,8,
A000000247726,메이크프렘 인테카 수딩크림,부틸렌글라이콜,9,
A000000247726,메이크프렘 인테카 수딩크림,솔비톨,10,
A000000247726,메이크프렘 인테카 수딩크림,세테아릴올리베이트,11,
A000000247726,메이크프렘 인테카 수딩크림,비닐다이메티콘,12,
A000000247726,메이크프렘 인테카 수딩크림,솔비탄올리베이트,13,
A000000247726,메이크프렘 인테카 수딩크림,카보머,14,
A000000247726,메이크프렘 인테카 수딩크림,칸디다 봄비콜라/글루코오스/메틸레이프씨데이트발효물,15,
A000000247726,메이크프렘 인테카 수딩크림,해바라기씨오일,16,
A000000247726,메이크프렘 인테카 수딩크림,아시아티코사이드,17,
A000000247726,메이크프렘 인테카 수딩크림,아시아틱애씨드,18,
A000000247726,메이크프렘 인테카 수딩크림,마데카식애씨드,19,
A000000247726,메이크프렘 인테카 수딩크림,하이알루로닉애씨드,20,
A000000247726,메이크프렘 인테카 수딩크림,하이드롤라이즈드하이알루로닉애씨드,21,
A000000247726,메이크프렘 인테카 수딩크림,소듐하이알루로네이트,22,
A000000247726,메이크프렘 인테카 수딩크림,다이프로필렌글라이콜,23,
A000000247726,메이크프렘 인테카 수딩크림,글리세릴스테아레이트에스이,24,
A000000247726,메이크프렘 인테카 수딩크림,하이드로제네이티드레시틴,25,
A000000247726,메이크프렘 인테카 수딩크림,트로메타민,26,
A000000247726,메이크프렘 인테카 수딩크림,에틸헥실글리세린,27,
A000000247726,메이크프렘 인테카 수딩크림,아데노신,28,
A000000247726,메이크프렘 인테카 수딩크림,다이소듐이디티에이,29,
A000000247726,메이크프렘 인테카 수딩크림,에톡시다이글라이콜,30,
A000000244953,라로슈포제 히알루 B5 수분탄력 크림,정제수,1,
A000000244953,라로슈포제 히알루 B5 수분탄력 크림,글리세린,2,
A000000244953,라로슈포제 히알루 B5 수분탄력 크림,아이소헥사데칸,3,
A000000244953,라로슈포제 히알루 B5 수분탄력 크림,프로판다이올,4,
A000000244953,라로슈포제 히알루 B5 수분탄력 크림,변성알코올,5,
A000000244953,라로슈포제 히알루 B5 수분탄력 크림,아이소프로필아이소스테아레이트,6,
A000000244953,라로슈포제 히알루 B5 수분탄력 크림,판테놀,7,
A000000244953,라로슈포제 히알루 B5 수분탄력 크림,다이메티콘,8,
A000000244953,라로슈포제 히알루 B5 수분탄력 크림,옥틸도데칸올,9,
A000000244953,라로슈포제 히알루 B5 수분탄력 크림,베헤닐알코올,10,
A000000244953,라로슈포제 히알루 B5 수분탄력 크림,세틸알코올,11,
A000000244953,라로슈포제 히알루 B5 수분탄력 크림,갈랑가갈랑갈잎추출물,12,
A000000244953,라로슈포제 히알루 B5 수분탄력 크림,스테아릭애씨드,13,
A000000244953,라로슈포제 히알루 B5 수분탄력 크림,칼슘클로라이드,14,
A000000244953,라로슈포제 히알루 B5 수분탄력 크림,세테아릴알코올,15,
A000000244953,라로슈포제 히알루 B5 수분탄력 크림,세테아릴글루코사이드,16,
A000000244953,라로슈포제 히알루 B5 수분탄력 크림,피이지-100스테아레이트,17,
A000000244953,라로슈포제 히알루 B5 수분탄력 크림,소듐하이알루로네이트,18,2004
A000000244953,라로슈포제 히알루 B5 수분탄력 크림,소듐하이드록사이드,19,
A000000244953,라로슈포제 히알루 B5 수분탄력 크림,알진,20,
A000000244953,라로슈포제 히알루 B5 수분탄력 크림,실리카,21,
A000000244953,라로슈포제 히알루 B5 수분탄력 크림,미리스틱애씨드,22,
A000000244953,라로슈포제 히알루 B5 수분탄력 크림,셀룰로오스,23,
A000000244953,라로슈포제 히알루 B5 수분탄력 크림,팔미틱애씨드,24,
A000000244953,라로슈포제 히알루 B5 수분탄력 크림,아데노신,25,
A000000244953,라로슈포제 히알루 B5 수분탄력 크림,암모늄폴리아크릴로일다이메틸타우레이트,26,
A000000244953,라로슈포제 히알루 B5 수분탄력 크림,다이소듐스테아로일글루타메이트,27,
A000000244953,라로슈포제 히알루 B5 수분탄력 크림,엑토인,28,
A000000244953,라로슈포제 히알루 B5 수분탄력 크림,하이드롤라이즈드하이알루로닉애씨드,29,208
A000000244953,라로슈포제 히알루 B5 수분탄력 크림,하이드록시아세토페논,30,
A000000244953,라로슈포제 히알루 B5 수분탄력 크림,카프릴릭/카프릭트라이글리세라이드,31,
A000000244953,라로슈포제 히알루 B5 수분탄력 크림,카프릴로일살리실릭애씨드,32,
A000000244953,라로슈포제 히알루 B5 수분탄력 크림,시트릭애씨드,33,
A000000244953,라로슈포제 히알루 B5 수분탄력 크림,라우레스-7,34,
A000000244953,라로슈포제 히알루 B5 수분탄력 크림,트라이소듐에틸렌다이아민다이석시네이트,35,
A000000244953,라로슈포제 히알루 B5 수분탄력 크림,아세틸글루코사민,36,
A000000244953,라로슈포제 히알루 B5 수분탄력 크림,잔탄검,37,
A000000244953,라로슈포제 히알루 B5 수분탄력 크림,펜틸렌글라이콜,38,
A000000244953,라로슈포제 히알루 B5 수분탄력 크림,파이틱애씨드,39,
A000000244953,라로슈포제 히알루 B5 수분탄력 크림,폴리아크릴아마이드,40,
A000000244953,라로슈포제 히알루 B5 수분탄력 크림,폴리엡실론-라이신,41,
A000000244953,라로슈포제 히알루 B5 수분탄력 크림,부틸렌글라이콜,42,
A000000244953,라로슈포제 히알루 B5 수분탄력 크림,"1,2-헥산다이올",43,
A000000244953,라로슈포제 히알루 B5 수분탄력 크림,C13-14아이소알케인,44,
A000000244953,라로슈포제 히알루 B5 수분탄력 크림,페녹시에탄올,45,
A000000244953,라로슈포제 히알루 B5 수분탄력 크림,향료,46,
A000000259298,아비브 히알루로닉 붐 크림 워터,정제수,1,
A000000259298,아비브 히알루로닉 붐 크림 워터,글리세린,2,
A000000259298,아비브 히알루로닉 붐 크림 워터,메틸프로판다이올,3,
A000000259298,아비브 히알루로닉 붐 크림 워터,부틸렌글라이콜,4,
A000000259298,아비브 히알루로닉 붐 크림 워터,"1,2-헥산다이올",5,
A000000259298,아비브 히알루로닉 붐 크림 워터,펜틸렌글라이콜,6,
A000000259298,아비브 히알루로닉 붐 크림 워터,다이글리세린,7,
A000000259298,아비브 히알루로닉 붐 크림 워터,글리세릴글루코사이드,8,
A000000259298,아비브 히알루로닉 붐 크림 워터,트레할로오스,9,
A000000259298,아비브 히알루로닉 붐 크림 워터,에틸헥실아이소노나노에이트,10,
A000000259298,아비브 히알루로닉 붐 크림 워터,카보머,11,
A000000259298,아비브 히알루로닉 붐 크림 워터,알지닌,12,
A000000259298,아비브 히알루로닉 붐 크림 워터,옥수수전분,13,
A000000259298,아비브 히알루로닉 붐 크림 워터,암모늄아크릴로일다이메틸타우레이트/브이피코폴리머,14,
A000000259298,아비브 히알루로닉 붐 크림 워터,소듐하이알루로네이트,15,1145
A000000259298,아비브 히알루로닉 붐 크림 워터,하이드록시에틸아크릴레이트/소듐아크릴로일다이메틸타우레이트코폴리머,16,
A000000259298,아비브 히알루로닉 붐 크림 워터,세라마이드엔피,17,
A000000259298,아비브 히알루로닉 붐 크림 워터,에리스리톨,18,
A000000259298,아비브 히알루로닉 붐 크림 워터,스테아릭애씨드,19,
A000000259298,아비브 히알루로닉 붐 크림 워터,에틸헥실글리세린,20,
A000000259298,아비브 히알루로닉 붐 크림 워터,잔탄검,21,
A000000259298,아비브 히알루로닉 붐 크림 워터,셀룰로오스,22,
A000000259298,아비브 히알루로닉 붐 크림 워터,하이드로제네이티드레시틴,23,
A000000259298,아비브 히알루로닉 붐 크림 워터,글루코오스,24,
A000000259298,아비브 히알루로닉 붐 크림 워터,소듐파이테이트,25,
A000000259298,아비브 히알루로닉 붐 크림 워터,피브이엠/엠에이코폴리머,26,
A000000259298,아비브 히알루로닉 붐 크림 워터,알란토인,27,
A000000259298,아비브 히알루로닉 붐 크림 워터,덱스트린,28,
A000000259298,아비브 히알루로닉 붐 크림 워터,하이알루로닉애씨드/폴리아이소프로필아크릴아마이드코폴리머,29,20
A000000259298,아비브 히알루로닉 붐 크림 워터,치자추출물,30,
A000000259298,아비브 히알루로닉 붐 크림 워터,아세틸글루코사민,31,
A000000259298,아비브 히알루로닉 붐 크림 워터,엑토인,32,
A000000259298,아비브 히알루로닉 붐 크림 워터,판테놀,33,
A000000259298,아비브 히알루로닉 붐 크림 워터,자일로글루칸,34,
A000000259298,아비브 히알루로닉 붐 크림 워터,토코페롤,35,
A000000259298,아비브 히알루로닉 붐 크림 워터,수용성콜라겐,36,
A000000250254,아이소이 모이스춰 닥터 장수진 수분크림,정제수,1,
A000000250254,아이소이 모이스춰 닥터 장수진 수분크림,글리세린,2,
A000000250254,아이소이 모이스춰 닥터 장수진 수분크림,세틸에틸헥사노에이트,3,
A000000250254,아이소이 모이스춰 닥터 장수진 수분크림,카프릴릭/카프릭트라이글리세라이드,4,
A000000250254,아이소이 모이스춰 닥터 장수진 수분크림,베타인,5,
A000000250254,아이소이 모이스춰 닥터 장수진 수분크림,마카다미아씨오일,6,
A000000250254,아이소이 모이스춰 닥터 장수진 수분크림,소듐하이알루로네이트,7,
A000000250254,아이소이 모이스춰 닥터 장수진 수분크림,하이드롤라이즈드하이알루로닉애씨드,8,
A000000250254,아이소이 모이스춰 닥터 장수진 수분크림,하이알루로닉애씨드,9,
A000000250254,아이소이 모이스춰 닥터 장수진 수분크림,소듐하이알루로네이트크로스폴리머,10,
A000000250254,아이소이 모이스춰 닥터 장수진 수분크림,하이드롤라이즈드글라이코사미노글리칸,11,
A000000250254,아이소이 모이스춰 닥터 장수진 수분크림,티트리잎추출물,12,
A000000250254,아이소이 모이스춰 닥터 장수진 수분크림,쇠비름추출물,13,
A000000250254,아이소이 모이스춰 닥터 장수진 수분크림,약모밀추출물,14,
A000000250254,아이소이 모이스춰 닥터 장수진 수분크림,판테놀,15,
A000000250254,아이소이 모이스춰 닥터 장수진 수분크림,피토스핑고신,16,
A000000250254,아이소이 모이스춰 닥터 장수진 수분크림,세라마이드엔피,17,
A000000250254,아이소이 모이스춰 닥터 장수진 수분크림,알지닌,18,
A000000250254,아이소이 모이스춰 닥터 장수진 수분크림,카보머,19,
A000000250254,아이소이 모이스춰 닥터 장수진 수분크림,흰버드나무껍질추출물,20,
A000000250254,아이소이 모이스춰 닥터 장수진 수분크림,오레가노잎추출물,21,
A000000250254,아이소이 모이스춰 닥터 장수진 수분크림,편백잎추출물,22,
A000000250254,아이소이 모이스춰 닥터 장수진 수분크림,락토바실러스/콩발효추출물,23,
A000000250254,아이소이 모이스춰 닥터 장수진 수분크림,육계나무껍질추출물,24,
A000000250254,아이소이 모이스춰 닥터 장수진 수분크림,잔탄검,25,
A000000250254,아이소이 모이스춰 닥터 장수진 수분크림,솔비탄세스퀴올리에이트,26,
A000000250254,아이소이 모이스춰 닥터 장수진 수분크림,자몽껍질오일,27,
A000000250254,아이소이 모이스춰 닥터 장수진 수분크림,부틸렌글라이콜,28,
A000000250254,아이소이 모이스춰 닥터 장수진 수분크림,"1,2-헥산다이올",29,
A000000250254,아이소이 모이스춰 닥터 장수진 수분크림,프로판다이올,30,
A000000250254,아이소이 모이스춰 닥터 장수진 수분크림,포트마리골드꽃추출물,31,
A000000250254,아이소이 모이스춰 닥터 장수진 수분크림,황금추출물,32,
A000000250254,아이소이 모이스춰 닥터 장수진 수분크림,모란뿌리추출물,33,
A000000250254,아이소이 모이스춰 닥터 장수진 수분크림,스페인감초뿌리추출물,34,
A000000250254,아이소이 모이스춰 닥터 장수진 수분크림,하이드로제네이티드레시틴,35,
A000000250254,아이소이 모이스춰 닥터 장수진 수분크림,리모넨,36,
A000000199889,리얼베리어 익스트림 크림 라이트,정제수,1,
A000000199889,리얼베리어 익스트림 크림 라이트,메틸프로판다이올,2,
A000000199889,리얼베리어 익스트림 크림 라이트,카프릴릭/카프릭트라이글리세라이드,3,
A000000199889,리얼베리어 익스트림 크림 라이트,사이클로펜타실록세인,4,
A000000199889,리얼베리어 익스트림 크림 라이트,미리스토일/팔미토일옥소스테아라마이드/아라카마이드엠이에이,5,
A000000199889,리얼베리어 익스트림 크림 라이트,판테놀,6,29700
A000000199889,리얼베리어 익스트림 크림 라이트,솔비탄스테아레이트,7,
A000000199889,리얼베리어 익스트림 크림 라이트,세테아릴알코올,8,
A000000199889,리얼베리어 익스트림 크림 라이트,하이드록시에틸우레아,9,
A000000199889,리얼베리어 익스트림 크림 라이트,식물성스쿠알란,10,
A000000199889,리얼베리어 익스트림 크림 라이트,글리세릴스테아레이트시트레이트,11,
A000000199889,리얼베리어 익스트림 크림 라이트,"1,2-헥산다이올",12,
A000000199889,리얼베리어 익스트림 크림 라이트,카놀라오일,13,
A000000199889,리얼베리어 익스트림 크림 라이트,글리세린,14,
A000000199889,리얼베리어 익스트림 크림 라이트,소듐아크릴릭애씨드/엠에이코폴리머,15,
A000000199889,리얼베리어 익스트림 크림 라이트,카프릴릴글라이콜,16,
A000000199889,리얼베리어 익스트림 크림 라이트,알지닌,17,
A000000199889,리얼베리어 익스트림 크림 라이트,알란토인,18,
A000000199889,리얼베리어 익스트림 크림 라이트,카보머,19,
A000000199889,리얼베리어 익스트림 크림 라이트,토코페롤,20,
A000000199889,리얼베리어 익스트림 크림 라이트,부틸렌글라이콜,21,
A000000199889,리얼베리어 익스트림 크림 라이트,다이하이드록시아이소프로필팔모일팜아마이드,22,
A000000199889,리얼베리어 익스트림 크림 라이트,피토스테롤,23,
A000000199889,리얼베리어 익스트림 크림 라이트,잔탄검,24,
A000000199889,리얼베리어 익스트림 크림 라이트,해바라기씨오일,25,
A000000199889,리얼베리어 익스트림 크림 라이트,카프로일메틸세리네이트,26,
A000000199889,리얼베리어 익스트림 크림 라이트,엑토인,27,
A000000199889,리얼베리어 익스트림 크림 라이트,프로판다이올,28,
A000000199889,리얼베리어 익스트림 크림 라이트,소듐하이알루로네이트,29,
A000000199889,리얼베리어 익스트림 크림 라이트,소듐하이알루로네이트크로스폴리머,30,
A000000199889,리얼베리어 익스트림 크림 라이트,하이드롤라이즈드글라이코사미노글리칸,31,
A000000199889,리얼베리어 익스트림 크림 라이트,비스-카프릴로일옥시팔미타미도아이소프로판올,32,
A000000199889,리얼베리어 익스트림 크림 라이트,마데카소사이드,33,
A000000199889,리얼베리어 익스트림 크림 라이트,하이드롤라이즈드하이알루로닉애씨드,34,
A000000199889,리얼베리어 익스트림 크림 라이트,광곽향오일,35,
A000000199889,리얼베리어 익스트림 크림 라이트,살비아오일,36,
A000000199889,리얼베리어 익스트림 크림 라이트,벤질글라이콜,37,
A000000199889,리얼베리어 익스트림 크림 라이트,하이드록시프로필트라이모늄하이알루로네이트,38,
A000000199889,리얼베리어 익스트림 크림 라이트,소두구씨오일,39,
A000000199889,리얼베리어 익스트림 크림 라이트,캐모마일꽃오일,40,
A000000199889,리얼베리어 익스트림 크림 라이트,콘민트오일,41,
A000000199889,리얼베리어 익스트림 크림 라이트,베타-글루칸,42,
A000000199889,리얼베리어 익스트림 크림 라이트,리놀레익애씨드,43,
A000000199889,리얼베리어 익스트림 크림 라이트,멕시칸주니퍼오일,44,
A000000199889,리얼베리어 익스트림 크림 라이트,소듐아세틸레이티드하이알루로네이트,45,
A000000199889,리얼베리어 익스트림 크림 라이트,에틸헥실글리세린,46,
A000000199889,리얼베리어 익스트림 크림 라이트,하이알루로닉애씨드,47,
A000000199889,리얼베리어 익스트림 크림 라이트,라즈베리케톤,48,
A000000208331,바이오더마 시카비오 크림,정제수,1,
A000000208331,바이오더마 시카비오 크림,카프릴릭/카프릭트라이글리세라이드,2,
A000000208331,바이오더마 시카비오 크림,글리세린,3,
A000000208331,바이오더마 시카비오 크림,폴리글리세릴-3폴리리시놀리에이트,4,
A000000208331,바이오더마 시카비오 크림,유채씨오일,5,
A000000208331,바이오더마 시카비오 크림,부틸렌글라이콜,6,
A000000208331,바이오더마 시카비오 크림,타피오카전분,7,
A000000208331,바이오더마 시카비오 크림,하이드로제네이티드유채씨오일,8,
A000000208331,바이오더마 시카비오 크림,자일로오스,9,
A000000208331,바이오더마 시카비오 크림,폴리글리세릴-3다이아이소스테아레이트,10,
A000000208331,바이오더마 시카비오 크림,호호바씨오일,11,
A000000208331,바이오더마 시카비오 크림,마그네슘설페이트,12,
A000000208331,바이오더마 시카비오 크림,펜틸렌글라이콜,13,
A000000208331,바이오더마 시카비오 크림,스쿠알란,14,
A000000208331,바이오더마 시카비오 크림,"1,2-헥산다이올",15,
A000000208331,바이오더마 시카비오 크림,카프릴릴글라이콜,16,
A000000208331,바이오더마 시카비오 크림,소듐폴리글루타메이트,17,
A000000208331,바이오더마 시카비오 크림,소듐시트레이트,18,
A000000208331,바이오더마 시카비오 크림,잔탄검,19,
A000000208331,바이오더마 시카비오 크림,소듐하이알루로네이트,20,
A000000208331,바이오더마 시카비오 크림,토코페롤,21,
A000000208331,바이오더마 시카비오 크림,만니톨,22,
A000000208331,바이오더마 시카비오 크림,람노오스,23,
A000000208331,바이오더마 시카비오 크림,자일리톨,24,
A000000208331,바이오더마 시카비오 크림,아세틸다이펩타이드-1세틸에스터,25,
A000000208331,바이오더마 시카비오 크림,해바라기씨오일,26,
A000000208331,바이오더마 시카비오 크림,시트릭애씨드,27,
A000000208331,바이오더마 시카비오 크림,프룩토올리고사카라이드,28,
A000000257128,구달 어성초 히알루론 수딩 크림,정제수,1,
A000000257128,구달 어성초 히알루론 수딩 크림,글리세린,2,
A000000257128,구달 어성초 히알루론 수딩 크림,비닐다이메티콘,3,
A000000257128,구달 어성초 히알루론 수딩 크림,부틸렌글라이콜,4,
A000000257128,구달 어성초 히알루론 수딩 크림,카프릴릴메티콘,5,
A000000257128,구달 어성초 히알루론 수딩 크림,다이프로필렌글라이콜,6,
A000000257128,구달 어성초 히알루론 수딩 크림,"1,2-헥산다이올",7,
A000000257128,구달 어성초 히알루론 수딩 크림,펜틸렌글라이콜,8,
A000000257128,구달 어성초 히알루론 수딩 크림,에리스리톨,9,
A000000257128,구달 어성초 히알루론 수딩 크림,자일리톨,10,
A000000257128,구달 어성초 히알루론 수딩 크림,약모밀추출물,11,
A000000257128,구달 어성초 히알루론 수딩 크림,효모발효여과물,12,
A000000257128,구달 어성초 히알루론 수딩 크림,소듐하이알루로네이트,13,102.1
A000000257128,구달 어성초 히알루론 수딩 크림,편백오일,14,
A000000257128,구달 어성초 히알루론 수딩 크림,유칼립투스잎오일,15,
A000000257128,구달 어성초 히알루론 수딩 크림,하이드롤라이즈드하이알루로닉애씨드,16,0.15
A000000257128,구달 어성초 히알루론 수딩 크림,하이알루로닉애씨드,17,0.1
A000000257128,구달 어성초 히알루론 수딩 크림,칸디다 봄비콜라/글루코오스/메틸레이프씨데이트발효물,18,
A000000257128,구달 어성초 히알루론 수딩 크림,포도씨오일,19,
A000000257128,구달 어성초 히알루론 수딩 크림,병풀잎추출물,20,
A000000257128,구달 어성초 히알루론 수딩 크림,산구절초추출물,21,
A000000257128,구달 어성초 히알루론 수딩 크림,해바라기씨오일,22,
A000000257128,구달 어성초 히알루론 수딩 크림,쇠비름추출물,23,
A000000257128,구달 어성초 히알루론 수딩 크림,에틸헥실팔미테이트,24,
A000000257128,구달 어성초 히알루론 수딩 크림,암모늄아크릴로일다이메틸타우레이트/브이피코폴리머,25,
A000000257128,구달 어성초 히알루론 수딩 크림,솔비톨,26,
A000000257128,구달 어성초 히알루론 수딩 크림,트로메타민,27,
A000000257128,구달 어성초 히알루론 수딩 크림,아크릴레이트/C10-30알킬아크릴레이트크로스폴리머,28,
A000000257128,구달 어성초 히알루론 수딩 크림,카프릴릭/카프릭트라이글리세라이드,29,
A000000257128,구달 어성초 히알루론 수딩 크림,에틸헥실글리세린,30,
A000000257128,구달 어성초 히알루론 수딩 크림,판테놀,31,
A000000257128,구달 어성초 히알루론 수딩 크림,하이드로제네이티드레시틴,32,
A000000257128,구달 어성초 히알루론 수딩 크림,소듐파이테이트,33,
A000000257128,구달 어성초 히알루론 수딩 크림,세라마이드엔피,34,
A000000257128,구달 어성초 히알루론 수딩 크림,베타-글루칸,35,
A000000257128,구달 어성초 히알루론 수딩 크림,다발방패버섯추출물,36,
A000000257128,구달 어성초 히알루론 수딩 크림,엑토인,37,
A000000257128,구달 어성초 히알루론 수딩 크림,셀룰로오스,38,
A000000257128,구달 어성초 히알루론 수딩 크림,폴리글루타믹애씨드,39,
A000000257128,구달 어성초 히알루론 수딩 크림,하이알루로닉애씨드/폴리아이소프로필아크릴아마이드코폴리머,40,1
A000000257128,구달 어성초 히알루론 수딩 크림,글리세릴카프릴레이트,41,
A000000257128,구달 어성초 히알루론 수딩 크림,다이메틸실란올하이알루로네이트,42,0.15
A000000257128,구달 어성초 히알루론 수딩 크림,하이드롤라이즈드소듐하이알루로네이트,43,0.15
A000000257128,구달 어성초 히알루론 수딩 크림,포타슘하이알루로네이트,44,0.1
A000000257128,구달 어성초 히알루론 수딩 크림,토코페롤,45,
A000000257128,구달 어성초 히알루론 수딩 크림,하이드록시프로필트라이모늄하이알루로네이트,46,0.08
A000000257128,구달 어성초 히알루론 수딩 크림,소듐하이알루로네이트크로스폴리머,47,0.08
A000000257128,구달 어성초 히알루론 수딩 크림,프로판다이올,48,
A000000257128,구달 어성초 히알루론 수딩 크림,소듐하이알루로네이트다이메틸실란올,49,0.05
A000000257128,구달 어성초 히알루론 수딩 크림,소듐아세틸레이티드하이알루로네이트,50,0.04
A000000257128,구달 어성초 히알루론 수딩 크림,폴리글리세릴-10아이소스테아레이트,51,
A000000257128,구달 어성초 히알루론 수딩 크림,폴리글리세릴-10올리에이트,52,
A000000257128,구달 어성초 히알루론 수딩 크림,스테아릭애씨드,53,
A000000257128,구달 어성초 히알루론 수딩 크림,세라마이드엔에스,54,
A000000257128,구달 어성초 히알루론 수딩 크림,콜레스테롤,55,
A000000257128,구달 어성초 히알루론 수딩 크림,피토스핑고신,56,
A000000257128,구달 어성초 히알루론 수딩 크림,세라마이드에이피,57,
A000000257128,구달 어성초 히알루론 수딩 크림,세라마이드에이에스,58,
A000000257128,구달 어성초 히알루론 수딩 크림,세라마이드이오피,59,
A000000257128,구달 어성초 히알루론 수딩 크림,카보머,60,
A000000257128,구달 어성초 히알루론 수딩 크림,세테아릴알코올,61,
A000000188751,몰바니 아티초크 카밍 케어 수딩 크림,정제수,1,
A000000188751,몰바니 아티초크 카밍 케어 수딩 크림,글리세린,2,
A000000188751,몰바니 아티초크 카밍 케어 수딩 크림,"2,3-부탄다이올",3,
A000000188751,몰바니 아티초크 카밍 케어 수딩 크림,"1,2-헥산다이올",4,
A000000188751,몰바니 아티초크 카밍 케어 수딩 크림,나이아신아마이드,5,
A000000188751,몰바니 아티초크 카밍 케어 수딩 크림,C13-15알케인,6,
A000000188751,몰바니 아티초크 카밍 케어 수딩 크림,카프릴릭/카프릭트라이글리세라이드,7,
A000000188751,몰바니 아티초크 카밍 케어 수딩 크림,아티초크잎추출물,8,
A000000188751,몰바니 아티초크 카밍 케어 수딩 크림,인도멀구슬나무잎추출물,9,
A000000188751,몰바니 아티초크 카밍 케어 수딩 크림,인도멀구슬나무꽃추출물,10,
A000000188751,몰바니 아티초크 카밍 케어 수딩 크림,아이비고드열매추출물,11,
A000000188751,몰바니 아티초크 카밍 케어 수딩 크림,복령균핵추출물,12,
A000000188751,몰바니 아티초크 카밍 케어 수딩 크림,가지열매추출물,13,
A000000188751,몰바니 아티초크 카밍 케어 수딩 크림,울금뿌리추출물,14,
A000000188751,몰바니 아티초크 카밍 케어 수딩 크림,홀리바질잎추출물,15,
A000000188751,몰바니 아티초크 카밍 케어 수딩 크림,밤부사 불가리스싹추출물,16,
A000000188751,몰바니 아티초크 카밍 케어 수딩 크림,밤부사 불가리스잎/줄기추출물,17,
A000000188751,몰바니 아티초크 카밍 케어 수딩 크림,참산호말추출물,18,
A000000188751,몰바니 아티초크 카밍 케어 수딩 크림,다시마추출물,19,
A000000188751,몰바니 아티초크 카밍 케어 수딩 크림,밤부사 불가리스수,20,
A000000188751,몰바니 아티초크 카밍 케어 수딩 크림,수용성콜라겐,21,
A000000188751,몰바니 아티초크 카밍 케어 수딩 크림,베타-글루칸,22,
A000000188751,몰바니 아티초크 카밍 케어 수딩 크림,소듐아크릴레이트코폴리머,23,
A000000188751,몰바니 아티초크 카밍 케어 수딩 크림,베타인,24,
A000000188751,몰바니 아티초크 카밍 케어 수딩 크림,암모늄아크릴로일다이메틸타우레이트/브이피코폴리머,25,
A000000188751,몰바니 아티초크 카밍 케어 수딩 크림,폴리글리세릴-2스테아레이트,26,
A000000188751,몰바니 아티초크 카밍 케어 수딩 크림,글리세릴스테아레이트,27,
A000000188751,몰바니 아티초크 카밍 케어 수딩 크림,스테아릴알코올,28,
A000000188751,몰바니 아티초크 카밍 케어 수딩 크림,판테놀,29,
A000000188751,몰바니 아티초크 카밍 케어 수딩 크림,아크릴레이트/C10-30알킬아크릴레이트크로스폴리머,30,
A000000188751,몰바니 아티초크 카밍 케어 수딩 크림,알지닌,31,
A000000188751,몰바니 아티초크 카밍 케어 수딩 크림,레시틴,32,
A000000188751,몰바니 아티초크 카밍 케어 수딩 크림,잔탄검,33,
A000000188751,몰바니 아티초크 카밍 케어 수딩 크림,알란토인,34,
A000000188751,몰바니 아티초크 카밍 케어 수딩 크림,다이포타슘글리시리제이트,35,
A000000188751,몰바니 아티초크 카밍 케어 수딩 크림,시트릭애씨드,36,
A000000188751,몰바니 아티초크 카밍 케어 수딩 크림,토코페롤,37,
A000000188751,몰바니 아티초크 카밍 케어 수딩 크림,아데노신,38,
A000000188751,몰바니 아티초크 카밍 케어 수딩 크림,구아검,39,
A000000188751,몰바니 아티초크 카밍 케어 수딩 크림,부틸렌글라이콜,40,
A000000188751,몰바니 아티초크 카밍 케어 수딩 크림,아가,41,
A000000188751,몰바니 아티초크 카밍 케어 수딩 크림,소듐시트레이트,42,
A000000188751,몰바니 아티초크 카밍 케어 수딩 크림,스쿠알란,43,
A000000188751,몰바니 아티초크 카밍 케어 수딩 크림,엑토인,44,
A000000188751,몰바니 아티초크 카밍 케어 수딩 크림,호박가루,45,
A000000188751,몰바니 아티초크 카밍 케어 수딩 크림,드럼스틱씨오일,46,
A000000188751,몰바니 아티초크 카밍 케어 수딩 크림,향료,47,
A000000188751,몰바니 아티초크 카밍 케어 수딩 크림,에틸헥실글리세린,48,
A000000188751,몰바니 아티초크 카밍 케어 수딩 크림,펜틸렌글라이콜,49,
A000000188751,몰바니 아티초크 카밍 케어 수딩 크림,카프릴릴글라이콜,50,
A000000260348,리쥬덱스 더마 리페어링 크림,정제수,1,
A000000260348,리쥬덱스 더마 리페어링 크림,세테아릴알코올,2,
A000000260348,리쥬덱스 더마 리페어링 크림,시어버터,3,
A000000260348,리쥬덱스 더마 리페어링 크림,카프릴릭/카프릭트라이글리세라이드,4,
A000000260348,리쥬덱스 더마 리페어링 크림,부틸렌글라이콜,5,
A000000260348,리쥬덱스 더마 리페어링 크림,글리세린,6,
A000000260348,리쥬덱스 더마 리페어링 크림,세테아릴올리베이트,7,
A000000260348,리쥬덱스 더마 리페어링 크림,프로판다이올,8,
A000000260348,리쥬덱스 더마 리페어링 크림,솔비탄올리베이트,9,
A000000260348,리쥬덱스 더마 리페어링 크림,하이드롤라이즈드디엔에이,10,
A000000260348,리쥬덱스 더마 리페어링 크림,세틸알코올,11,
A000000260348,리쥬덱스 더마 리페어링 크림,베헤닐알코올,12,
A000000260348,리쥬덱스 더마 리페어링 크림,다이메티콘,13,
A000000260348,리쥬덱스 더마 리페어링 크림,글리세릴스테아레이트에스이,14,
A000000260348,리쥬덱스 더마 리페어링 크림,글리세릴스테아레이트,15,
A000000260348,리쥬덱스 더마 리페어링 크림,에틸헥실올리베이트,16,
A000000260348,리쥬덱스 더마 리페어링 크림,잔탄검,17,
A000000260348,리쥬덱스 더마 리페어링 크림,소듐아크릴레이트코폴리머,18,
A000000260348,리쥬덱스 더마 리페어링 크림,세테아릴글루코사이드,19,
A000000260348,리쥬덱스 더마 리페어링 크림,폴리글리세릴-4올리에이트,20,
A000000260348,리쥬덱스 더마 리페어링 크림,토코페롤,21,
A000000260348,리쥬덱스 더마 리페어링 크림,아데노신,22,
A000000260348,리쥬덱스 더마 리페어링 크림,편백잎추출물,23,
A000000260348,리쥬덱스 더마 리페어링 크림,다이소듐이디티에이,24,
A000000260348,리쥬덱스 더마 리페어링 크림,판테놀,25,
A000000260348,리쥬덱스 더마 리페어링 크림,"1,2-헥산다이올",26,
A000000260348,리쥬덱스 더마 리페어링 크림,병풀추출물,27,
A000000260348,리쥬덱스 더마 리페어링 크림,마데카식애씨드,28,
A000000260348,리쥬덱스 더마 리페어링 크림,아시아틱애씨드,29,
A000000260348,리쥬덱스 더마 리페어링 크림,아시아티코사이드,30,
A000000260348,리쥬덱스 더마 리페어링 크림,마데카소사이드,31,
A000000260348,리쥬덱스 더마 리페어링 크림,에스에이치-올리고펩타이드-1,32,
A000000250188,가히 멀티밤,해바라기씨오일,1,
A000000250188,가히 멀티밤,폴리글리세릴-2트라이아이소스테아레이트,2,
A000000250188,가히 멀티밤,칸데릴라왁스,3,
A000000250188,가히 멀티밤,사과씨오일,4,
A000000250188,가히 멀티밤,스위트아몬드오일,5,
A000000250188,가히 멀티밤,시어버터,6,
A000000250188,가히 멀티밤,옥틸도데칸올,7,
A000000250188,가히 멀티밤,쌀겨왁스,8,
A000000250188,가히 멀티밤,파라핀,9,
A000000250188,가히 멀티밤,마이크로크리스탈린왁스,10,
A000000250188,가히 멀티밤,스쿠알란,11,
A000000250188,가히 멀티밤,향료,12,
A000000250188,가히 멀티밤,스테아릭애씨드,13,
A000000250188,가히 멀티밤,그롬웰뿌리추출물,14,
A000000250188,가히 멀티밤,토코페롤,15,
A000000250188,가히 멀티밤,벤질살리실레이트,16,
A000000250188,가히 멀티밤,유용성감초추출물,17,
A000000250188,가히 멀티밤,아데노신,18,
A000000250188,가히 멀티밤,하이드록시시트로넬알,19,
A000000250188,가히 멀티밤,헥실신남알,20,
A000000250188,가히 멀티밤,시트로넬올,21,
A000000250188,가히 멀티밤,알파-아이소메틸아이오논,22,
A000000250188,가히 멀티밤,바실러스발효물,23,
A000000250188,가히 멀티밤,알칸나뿌리추출물,24,
A000000250188,가히 멀티밤,쌀배아오일,25,
A000000250188,가히 멀티밤,비에이치티,26,
A000000250188,가히 멀티밤,오미자추출물,27,
A000000250188,가히 멀티밤,치자추출물,28,
A000000250188,가히 멀티밤,지치뿌리추출물,29,
A000000250188,가히 멀티밤,울금뿌리추출물,30,
A000000250188,가히 멀티밤,정제수,31,
A000000250188,가히 멀티밤,카놀라오일,32,
A000000250188,가히 멀티밤,타라열매추출물,33,
A000000250188,가히 멀티밤,코토니추출물,34,
A000000250188,가히 멀티밤,부틸렌글라이콜,35,
A000000250188,가히 멀티밤,"1,2-헥산다이올",36,
A000000250188,가히 멀티밤,클로렐라 불가리스추출물,37,
A000000250188,가히 멀티밤,당근씨오일,38,
A000000250188,가히 멀티밤,하이드롤라이즈드콜라겐,39,
A000000250188,가히 멀티밤,당근추출물,40,
A000000250188,가히 멀티밤,베타-카로틴,41,
A000000250188,가히 멀티밤,토코페릴아세테이트,42,
A000000250188,가히 멀티밤,백미꽃추출물,43,
A000000250188,가히 멀티밤,에틸헥실글리세린,44,
A000000250188,가히 멀티밤,수용성프로테오글리칸,45,
A000000250188,가히 멀티밤,접시꽃추출물,46,
A000000250188,가히 멀티밤,소듐디엔에이,47,
A000000230799,오드로이 모공수축 크림 모공요철 케어,정제수,1,
A000000230799,오드로이 모공수축 크림 모공요철 케어,부틸렌글라이콜,2,
A000000230799,오드로이 모공수축 크림 모공요철 케어,글리세린,3,
A000000230799,오드로이 모공수축 크림 모공요철 케어,"1,2-헥산다이올",4,
A000000230799,오드로이 모공수축 크림 모공요철 케어,마카다미아씨오일,5,
A000000230799,오드로이 모공수축 크림 모공요철 케어,하이드로제네이티드폴리(C6-14올레핀),6,
A000000230799,오드로이 모공수축 크림 모공요철 케어,다이카프릴릴카보네이트,7,
A000000230799,오드로이 모공수축 크림 모공요철 케어,알지닌,8,
A000000230799,오드로이 모공수축 크림 모공요철 케어,아크릴레이트/C10-30알킬아크릴레이트크로스폴리머,9,
A000000230799,오드로이 모공수축 크림 모공요철 케어,글리세릴카프릴레이트,10,
A000000230799,오드로이 모공수축 크림 모공요철 케어,세테아릴올리베이트,11,
A000000230799,오드로이 모공수축 크림 모공요철 케어,스쿠알란,12,
A000000230799,오드로이 모공수축 크림 모공요철 케어,솔비탄올리베이트,13,
A000000230799,오드로이 모공수축 크림 모공요철 케어,하이드록시에틸아크릴레이트/소듐아크릴로일다이메틸타우레이트코폴리머,14,
A000000230799,오드로이 모공수축 크림 모공요철 케어,해바라기씨오일,15,
A000000230799,오드로이 모공수축 크림 모공요철 케어,알란토인,16,
A000000230799,오드로이 모공수축 크림 모공요철 케어,완두콩추출물,17,
A000000230799,오드로이 모공수축 크림 모공요철 케어,약모밀추출물,18,
A000000230799,오드로이 모공수축 크림 모공요철 케어,토코페롤,19,
A000000230799,오드로이 모공수축 크림 모공요철 케어,향료,20,
A000000230799,오드로이 모공수축 크림 모공요철 케어,에난티아 클로란타껍질추출물,21,
A000000230799,오드로이 모공수축 크림 모공요철 케어,다이포타슘글리시리제이트,22,
A000000230799,오드로이 모공수축 크림 모공요철 케어,아데노신,23,
A000000230799,오드로이 모공수축 크림 모공요철 케어,소듐글루코네이트,24,
A000000230799,오드로이 모공수축 크림 모공요철 케어,시트릭애씨드,25,
A000000230799,오드로이 모공수축 크림 모공요철 케어,블랙체리열매추출물,26,
A000000230799,오드로이 모공수축 크림 모공요철 케어,펜틸렌글라이콜,27,
A000000230799,오드로이 모공수축 크림 모공요철 케어,하이드롤라이즈드콜라겐,28,
A000000230799,오드로이 모공수축 크림 모공요철 케어,올레아놀릭애씨드,29,
A000000206053,넘버즈인 1번 판토텐산 액티브 수딩크림,정제수,1,
A000000206053,넘버즈인 1번 판토텐산 액티브 수딩크림,부틸렌글라이콜,2,
A000000206053,넘버즈인 1번 판토텐산 액티브 수딩크림,글리세린,3,
A000000206053,넘버즈인 1번 판토텐산 액티브 수딩크림,나이아신아마이드,4,
A000000206053,넘버즈인 1번 판토텐산 액티브 수딩크림,세틸에틸헥사노에이트,5,
A000000206053,넘버즈인 1번 판토텐산 액티브 수딩크림,다이카프릴릴카보네이트,6,
A000000206053,넘버즈인 1번 판토텐산 액티브 수딩크림,"1,2-헥산다이올",7,
A000000206053,넘버즈인 1번 판토텐산 액티브 수딩크림,펜틸렌글라이콜,8,
A000000206053,넘버즈인 1번 판토텐산 액티브 수딩크림,비닐다이메티콘,9,
A000000206053,넘버즈인 1번 판토텐산 액티브 수딩크림,병풀추출물,10,
A000000206053,넘버즈인 1번 판토텐산 액티브 수딩크림,클로렐라 불가리스추출물,11,
A000000206053,넘버즈인 1번 판토텐산 액티브 수딩크림,도둑놈의지팡이뿌리추출물,12,
A000000206053,넘버즈인 1번 판토텐산 액티브 수딩크림,인도멀구슬나무잎추출물,13,
A000000206053,넘버즈인 1번 판토텐산 액티브 수딩크림,인도멀구슬나무꽃추출물,14,
A000000206053,넘버즈인 1번 판토텐산 액티브 수딩크림,아이비고드열매추출물,15,
A000000206053,넘버즈인 1번 판토텐산 액티브 수딩크림,홀리바질잎추출물,16,
A000000206053,넘버즈인 1번 판토텐산 액티브 수딩크림,울금뿌리추출물,17,
A000000206053,넘버즈인 1번 판토텐산 액티브 수딩크림,알로에베라꽃추출물,18,
A000000206053,넘버즈인 1번 판토텐산 액티브 수딩크림,가지열매추출물,19,
A000000206053,넘버즈인 1번 판토텐산 액티브 수딩크림,참산호말추출물,20,
A000000206053,넘버즈인 1번 판토텐산 액티브 수딩크림,녹차추출물,21,
A000000206053,넘버즈인 1번 판토텐산 액티브 수딩크림,병풀잎추출물,22,
A000000206053,넘버즈인 1번 판토텐산 액티브 수딩크림,오카무라큰실말추출물,23,
A000000206053,넘버즈인 1번 판토텐산 액티브 수딩크림,흰버드나무껍질추출물,24,
A000000206053,넘버즈인 1번 판토텐산 액티브 수딩크림,약모밀추출물,25,
A000000206053,넘버즈인 1번 판토텐산 액티브 수딩크림,커피콩추출물,26,
A000000206053,넘버즈인 1번 판토텐산 액티브 수딩크림,베르가모트잎추출물,27,
A000000206053,넘버즈인 1번 판토텐산 액티브 수딩크림,소나무잎추출물,28,
A000000206053,넘버즈인 1번 판토텐산 액티브 수딩크림,알파-알부틴,29,
A000000206053,넘버즈인 1번 판토텐산 액티브 수딩크림,아르간커넬오일,30,
A000000206053,넘버즈인 1번 판토텐산 액티브 수딩크림,참깨오일,31,
A000000206053,넘버즈인 1번 판토텐산 액티브 수딩크림,사발팜열매추출물,32,
A000000206053,넘버즈인 1번 판토텐산 액티브 수딩크림,스페인감초뿌리추출물,33,
A000000206053,넘버즈인 1번 판토텐산 액티브 수딩크림,카프릴릴메티콘,34,
A000000206053,넘버즈인 1번 판토텐산 액티브 수딩크림,에리스리톨,35,
A000000206053,넘버즈인 1번 판토텐산 액티브 수딩크림,판테놀,36,
A000000206053,넘버즈인 1번 판토텐산 액티브 수딩크림,하이드록시에틸아크릴레이트/소듐아크릴로일다이메틸타우레이트코폴리머,37,
A000000206053,넘버즈인 1번 판토텐산 액티브 수딩크림,다이메티콘올,38,
A000000206053,넘버즈인 1번 판토텐산 액티브 수딩크림,폴리메틸실세스퀴옥세인,39,
A000000206053,넘버즈인 1번 판토텐산 액티브 수딩크림,아크릴레이트/C10-30알킬아크릴레이트크로스폴리머,40,
A000000206053,넘버즈인 1번 판토텐산 액티브 수딩크림,글루코오스,41,
A000000206053,넘버즈인 1번 판토텐산 액티브 수딩크림,트로메타민,42,
A000000206053,넘버즈인 1번 판토텐산 액티브 수딩크림,실리카,43,
A000000206053,넘버즈인 1번 판토텐산 액티브 수딩크림,프룩토올리고사카라이드,44,
A000000206053,넘버즈인 1번 판토텐산 액티브 수딩크림,프룩토오스,45,
A000000206053,넘버즈인 1번 판토텐산 액티브 수딩크림,에틸헥실글리세린,46,
A000000206053,넘버즈인 1번 판토텐산 액티브 수딩크림,소듐파이테이트,47,
A000000206053,넘버즈인 1번 판토텐산 액티브 수딩크림,글리세릴아크릴레이트/아크릴릭애씨드코폴리머,48,
A000000206053,넘버즈인 1번 판토텐산 액티브 수딩크림,카프릴릭/카프릭트라이글리세라이드,49,
A000000206053,넘버즈인 1번 판토텐산 액티브 수딩크림,하이드로제네이티드레시틴,50,
A000000206053,넘버즈인 1번 판토텐산 액티브 수딩크림,토코페롤,51,
A000000206053,넘버즈인 1번 판토텐산 액티브 수딩크림,데실글루코사이드,52,
A000000206053,넘버즈인 1번 판토텐산 액티브 수딩크림,판토테닉애씨드,53,
A000000206053,넘버즈인 1번 판토텐산 액티브 수딩크림,폴리글리세릴-4카프레이트,54,
A000000206053,넘버즈인 1번 판토텐산 액티브 수딩크림,폴리글리세릴-6카프릴레이트,55,
A000000206053,넘버즈인 1번 판토텐산 액티브 수딩크림,징크피씨에이,56,
A000000206053,넘버즈인 1번 판토텐산 액티브 수딩크림,메틸다이아이소프로필프로피온아마이드,57,
A000000206053,넘버즈인 1번 판토텐산 액티브 수딩크림,베타-시토스테롤,58,
A000000206053,넘버즈인 1번 판토텐산 액티브 수딩크림,잔탄검,59,
A000000187127,피지오겔 레드수딩 시카밸런스 크림,정제수,1,
A000000187127,피지오겔 레드수딩 시카밸런스 크림,하이드로제네이티드폴리아이소부텐,2,
A000000187127,피지오겔 레드수딩 시카밸런스 크림,부틸렌글라이콜,3,
A000000187127,피지오겔 레드수딩 시카밸런스 크림,다이프로필렌글라이콜,4,
A000000187127,피지오겔 레드수딩 시카밸런스 크림,"1,2-헥산다이올",5,
A000000187127,피지오겔 레드수딩 시카밸런스 크림,글리세린,6,
A000000187127,피지오겔 레드수딩 시카밸런스 크림,하이드로제네이티드폴리데센,7,
A000000187127,피지오겔 레드수딩 시카밸런스 크림,나이아신아마이드,8,
A000000187127,피지오겔 레드수딩 시카밸런스 크림,판테놀,9,
A000000187127,피지오겔 레드수딩 시카밸런스 크림,트레할로오스,10,
A000000187127,피지오겔 레드수딩 시카밸런스 크림,스쿠알란,11,
A000000187127,피지오겔 레드수딩 시카밸런스 크림,카프릴릭/카프릭트라이글리세라이드,12,
A000000187127,피지오겔 레드수딩 시카밸런스 크림,베타-글루칸,13,
A000000187127,피지오겔 레드수딩 시카밸런스 크림,폴리메틸실세스퀴옥세인,14,
A000000187127,피지오겔 레드수딩 시카밸런스 크림,솔비탄아이소스테아레이트,15,
A000000187127,피지오겔 레드수딩 시카밸런스 크림,아세타마이드엠이에이,16,
A000000187127,피지오겔 레드수딩 시카밸런스 크림,사코신,17,
A000000187127,피지오겔 레드수딩 시카밸런스 크림,팔미타마이드엠이에이,18,
A000000187127,피지오겔 레드수딩 시카밸런스 크림,세라마이드엔피,19,
A000000187127,피지오겔 레드수딩 시카밸런스 크림,하이드로제네이티드레시틴,20,
A000000187127,피지오겔 레드수딩 시카밸런스 크림,마데카소사이드,21,245
A000000187127,피지오겔 레드수딩 시카밸런스 크림,아시아티코사이드,22,0.4
A000000187127,피지오겔 레드수딩 시카밸런스 크림,마데카식애씨드,23,0.35
A000000187127,피지오겔 레드수딩 시카밸런스 크림,아시아틱애씨드,24,0.25
A000000187127,피지오겔 레드수딩 시카밸런스 크림,아크릴레이트/C10-30알킬아크릴레이트크로스폴리머,25,
A000000187127,피지오겔 레드수딩 시카밸런스 크림,하이드록시에틸아크릴레이트/소듐아크릴로일다이메틸타우레이트코폴리머,26,
A000000187127,피지오겔 레드수딩 시카밸런스 크림,글리세릴아크릴레이트/아크릴릭애씨드코폴리머,27,
A000000187127,피지오겔 레드수딩 시카밸런스 크림,트로메타민,28,
A000000258860,코이 플로우 리프팅 랩핑 크림 포어앤쿨,정제수,1,
A000000258860,코이 플로우 리프팅 랩핑 크림 포어앤쿨,다이페닐실록시페닐트라이메티콘,2,
A000000258860,코이 플로우 리프팅 랩핑 크림 포어앤쿨,부틸렌글라이콜,3,
A000000258860,코이 플로우 리프팅 랩핑 크림 포어앤쿨,카프릴릭/카프릭트라이글리세라이드,4,
A000000258860,코이 플로우 리프팅 랩핑 크림 포어앤쿨,글리세린,5,
A000000258860,코이 플로우 리프팅 랩핑 크림 포어앤쿨,프로판다이올,6,
A000000258860,코이 플로우 리프팅 랩핑 크림 포어앤쿨,아이소노닐아이소노나노에이트,7,
A000000258860,코이 플로우 리프팅 랩핑 크림 포어앤쿨,나이아신아마이드,8,
A000000258860,코이 플로우 리프팅 랩핑 크림 포어앤쿨,"1,2-헥산다이올",9,
A000000258860,코이 플로우 리프팅 랩핑 크림 포어앤쿨,자일리톨,10,
A000000258860,코이 플로우 리프팅 랩핑 크림 포어앤쿨,폴리글리세릴-10라우레이트,11,
A000000258860,코이 플로우 리프팅 랩핑 크림 포어앤쿨,폴리아크릴레이트크로스폴리머-6,12,
A000000258860,코이 플로우 리프팅 랩핑 크림 포어앤쿨,에리스리톨,13,
A000000258860,코이 플로우 리프팅 랩핑 크림 포어앤쿨,캐스터오일/아이피디아이코폴리머,14,
A000000258860,코이 플로우 리프팅 랩핑 크림 포어앤쿨,암모늄아크릴로일다이메틸타우레이트/브이피코폴리머,15,
A000000258860,코이 플로우 리프팅 랩핑 크림 포어앤쿨,아크릴레이트/C10-30알킬아크릴레이트크로스폴리머,16,
A000000258860,코이 플로우 리프팅 랩핑 크림 포어앤쿨,잔탄검,17,
A000000258860,코이 플로우 리프팅 랩핑 크림 포어앤쿨,트로메타민,18,
A000000258860,코이 플로우 리프팅 랩핑 크림 포어앤쿨,향료,19,
A000000258860,코이 플로우 리프팅 랩핑 크림 포어앤쿨,에틸헥실글리세린,20,
A000000258860,코이 플로우 리프팅 랩핑 크림 포어앤쿨,아데노신,21,
A000000258860,코이 플로우 리프팅 랩핑 크림 포어앤쿨,알지닌,22,
A000000258860,코이 플로우 리프팅 랩핑 크림 포어앤쿨,카보머,23,
A000000258860,코이 플로우 리프팅 랩핑 크림 포어앤쿨,다이소듐이디티에이,24,
A000000258860,코이 플로우 리프팅 랩핑 크림 포어앤쿨,덱스트린,25,
A000000258860,코이 플로우 리프팅 랩핑 크림 포어앤쿨,t-부틸알코올,26,
A000000258860,코이 플로우 리프팅 랩핑 크림 포어앤쿨,레몬그라스추출물,27,
A000000258860,코이 플로우 리프팅 랩핑 크림 포어앤쿨,알로에베라잎추출물,28,
A000000258860,코이 플로우 리프팅 랩핑 크림 포어앤쿨,유칼립투스잎추출물,29,
A000000258860,코이 플로우 리프팅 랩핑 크림 포어앤쿨,콘민트추출물,30,
A000000258860,코이 플로우 리프팅 랩핑 크림 포어앤쿨,아모다이메티콘,31,
A000000258860,코이 플로우 리프팅 랩핑 크림 포어앤쿨,티트리잎오일,32,
A000000258860,코이 플로우 리프팅 랩핑 크림 포어앤쿨,치자추출물,33,
A000000258860,코이 플로우 리프팅 랩핑 크림 포어앤쿨,메도우폼씨오일,34,
A000000258860,코이 플로우 리프팅 랩핑 크림 포어앤쿨,회향씨추출물,35,
A000000258860,코이 플로우 리프팅 랩핑 크림 포어앤쿨,판테놀,36,
A000000258860,코이 플로우 리프팅 랩핑 크림 포어앤쿨,샤프란꽃추출물,37,
A000000258860,코이 플로우 리프팅 랩핑 크림 포어앤쿨,고수추출물,38,
A000000258860,코이 플로우 리프팅 랩핑 크림 포어앤쿨,병풀추출물,39,
A000000258860,코이 플로우 리프팅 랩핑 크림 포어앤쿨,소두구씨추출물,40,
A000000258860,코이 플로우 리프팅 랩핑 크림 포어앤쿨,매듭풀추출물,41,
A000000258860,코이 플로우 리프팅 랩핑 크림 포어앤쿨,레드신코나나무껍질추출물,42,
A000000258860,코이 플로우 리프팅 랩핑 크림 포어앤쿨,팔미토일트라이펩타이드-5,43,
A000000258860,코이 플로우 리프팅 랩핑 크림 포어앤쿨,글리세릴글루코사이드,44,
A000000258860,코이 플로우 리프팅 랩핑 크림 포어앤쿨,마누카잎추출물,45,
A000000258860,코이 플로우 리프팅 랩핑 크림 포어앤쿨,카프릴릴글라이콜,46,
A000000258860,코이 플로우 리프팅 랩핑 크림 포어앤쿨,토코페롤,47,
A000000258860,코이 플로우 리프팅 랩핑 크림 포어앤쿨,포도추출물,48,
A000000258860,코이 플로우 리프팅 랩핑 크림 포어앤쿨,소듐하이알루로네이트,49,
A000000258860,코이 플로우 리프팅 랩핑 크림 포어앤쿨,솔비탄라우레이트,50,
A000000258860,코이 플로우 리프팅 랩핑 크림 포어앤쿨,감나무잎추출물,51,
A000000258860,코이 플로우 리프팅 랩핑 크림 포어앤쿨,커피콩추출물,52,
A000000258860,코이 플로우 리프팅 랩핑 크림 포어앤쿨,잇꽃꽃추출물,53,
A000000258860,코이 플로우 리프팅 랩핑 크림 포어앤쿨,호장근뿌리추출물,54,
A000000258860,코이 플로우 리프팅 랩핑 크림 포어앤쿨,아텔로콜라겐,55,
A000000258860,코이 플로우 리프팅 랩핑 크림 포어앤쿨,데사미도콜라겐,56,
A000000258860,코이 플로우 리프팅 랩핑 크림 포어앤쿨,밤껍질추출물,57,
A000000258860,코이 플로우 리프팅 랩핑 크림 포어앤쿨,녹차추출물,58,
A000000258860,코이 플로우 리프팅 랩핑 크림 포어앤쿨,초피나무열매추출물,59,
A000000258860,코이 플로우 리프팅 랩핑 크림 포어앤쿨,하이드롤라이즈드콜라겐,60,
A000000258860,코이 플로우 리프팅 랩핑 크림 포어앤쿨,하이드록시에틸셀룰로오스,61,
A000000258860,코이 플로우 리프팅 랩핑 크림 포어앤쿨,아세틸다이펩타이드-1세틸에스터,62,
A000000258860,코이 플로우 리프팅 랩핑 크림 포어앤쿨,수용성콜라겐,63,
A000000258860,코이 플로우 리프팅 랩핑 크림 포어앤쿨,콜라겐,64,
A000000258860,코이 플로우 리프팅 랩핑 크림 포어앤쿨,콜라겐아미노산,65,
A000000258860,코이 플로우 리프팅 랩핑 크림 포어앤쿨,아세틸헥사펩타이드-1,66,
A000000258860,코이 플로우 리프팅 랩핑 크림 포어앤쿨,프로콜라겐,67,
A000000258860,코이 플로우 리프팅 랩핑 크림 포어앤쿨,소듐디엔에이,68,
A000000258860,코이 플로우 리프팅 랩핑 크림 포어앤쿨,아세틸옥타펩타이드-3,69,
A000000258860,코이 플로우 리프팅 랩핑 크림 포어앤쿨,테트라메틸아세틸옥타하이드로나프탈렌,70,
A000000258860,코이 플로우 리프팅 랩핑 크림 포어앤쿨,쿠마린,71,
A000000258860,코이 플로우 리프팅 랩핑 크림 포어앤쿨,터피네올,72,
A000000258860,코이 플로우 리프팅 랩핑 크림 포어앤쿨,리날릴아세테이트,73,
A000000249580,제로이드 핌프로브 레드 컨트롤 크림 pH4,정제수,1,
A000000249580,제로이드 핌프로브 레드 컨트롤 크림 pH4,글리세린,2,
A000000249580,제로이드 핌프로브 레드 컨트롤 크림 pH4,카프릴릭/카프릭트라이글리세라이드,3,
A000000249580,제로이드 핌프로브 레드 컨트롤 크림 pH4,호호바씨오일,4,
A000000249580,제로이드 핌프로브 레드 컨트롤 크림 pH4,세테아릴알코올,5,
A000000249580,제로이드 핌프로브 레드 컨트롤 크림 pH4,솔비탄스테아레이트,6,
A000000249580,제로이드 핌프로브 레드 컨트롤 크림 pH4,"1,2-헥산다이올",7,
A000000249580,제로이드 핌프로브 레드 컨트롤 크림 pH4,스테아릭애씨드,8,
A000000249580,제로이드 핌프로브 레드 컨트롤 크림 pH4,미리스토일/팔미토일옥소스테아라마이드/아라카마이드엠이에이,9,
A000000249580,제로이드 핌프로브 레드 컨트롤 크림 pH4,글리세릴스테아레이트,10,
A000000249580,제로이드 핌프로브 레드 컨트롤 크림 pH4,다이메티콘,11,
A000000249580,제로이드 핌프로브 레드 컨트롤 크림 pH4,폴리글리세릴-6다이스테아레이트,12,
A000000249580,제로이드 핌프로브 레드 컨트롤 크림 pH4,피토스테롤,13,
A000000249580,제로이드 핌프로브 레드 컨트롤 크림 pH4,토코페릴아세테이트,14,
A000000249580,제로이드 핌프로브 레드 컨트롤 크림 pH4,카보머,15,
A000000249580,제로이드 핌프로브 레드 컨트롤 크림 pH4,호호바에스터,16,
A000000249580,제로이드 핌프로브 레드 컨트롤 크림 pH4,올레아마이드엠이에이,17,
A000000249580,제로이드 핌프로브 레드 컨트롤 크림 pH4,아크릴레이트/C10-30알킬아크릴레이트크로스폴리머,18,
A000000249580,제로이드 핌프로브 레드 컨트롤 크림 pH4,폴리글리세릴-3비즈왁스,19,
A000000249580,제로이드 핌프로브 레드 컨트롤 크림 pH4,세틸알코올,20,
A000000249580,제로이드 핌프로브 레드 컨트롤 크림 pH4,암모늄아크릴로일다이메틸타우레이트/브이피코폴리머,21,
A000000249580,제로이드 핌프로브 레드 컨트롤 크림 pH4,소듐하이알루로네이트,22,
A000000249580,제로이드 핌프로브 레드 컨트롤 크림 pH4,잔탄검,23,
A000000249580,제로이드 핌프로브 레드 컨트롤 크림 pH4,카프릴릴글라이콜,24,
A000000166586,라운드랩 자작나무 수분 크림,정제수,1,
A000000166586,라운드랩 자작나무 수분 크림,글리세린,2,
A000000166586,라운드랩 자작나무 수분 크림,아이소노닐아이소노나노에이트,3,
A000000166586,라운드랩 자작나무 수분 크림,아이소도데케인,4,
A000000166586,라운드랩 자작나무 수분 크림,"1,2-헥산다이올",5,
A000000166586,라운드랩 자작나무 수분 크림,펜틸렌글라이콜,6,
A000000166586,라운드랩 자작나무 수분 크림,폴리데센,7,
A000000166586,라운드랩 자작나무 수분 크림,자작나무수액,8,10000
A000000166586,라운드랩 자작나무 수분 크림,호호바에스터,9,
A000000166586,라운드랩 자작나무 수분 크림,판테놀,10,
A000000166586,라운드랩 자작나무 수분 크림,글리세릴글루코사이드,11,
A000000166586,라운드랩 자작나무 수분 크림,아라비아고무나무검,12,
A000000166586,라운드랩 자작나무 수분 크림,하이드롤라이즈드오크라추출물,13,
A000000166586,라운드랩 자작나무 수분 크림,소듐하이알루로네이트,14,
A000000166586,라운드랩 자작나무 수분 크림,하이알루로닉애씨드,15,
A000000166586,라운드랩 자작나무 수분 크림,화이트루핀씨추출물,16,
A000000166586,라운드랩 자작나무 수분 크림,드럼스틱씨추출물,17,
A000000166586,라운드랩 자작나무 수분 크림,인도멀구슬나무잎추출물,18,
A000000166586,라운드랩 자작나무 수분 크림,인도멀구슬나무꽃추출물,19,
A000000166586,라운드랩 자작나무 수분 크림,아이비고드열매추출물,20,
A000000166586,라운드랩 자작나무 수분 크림,알로에베라꽃추출물,21,
A000000166586,라운드랩 자작나무 수분 크림,가지열매추출물,22,
A000000166586,라운드랩 자작나무 수분 크림,홀리바질잎추출물,23,
A000000166586,라운드랩 자작나무 수분 크림,참산호말추출물,24,
A000000166586,라운드랩 자작나무 수분 크림,울금뿌리추출물,25,
A000000166586,라운드랩 자작나무 수분 크림,아스코빅애씨드,26,
A000000166586,라운드랩 자작나무 수분 크림,펜타에리스리틸테트라에틸헥사노에이트,27,
A000000166586,라운드랩 자작나무 수분 크림,암모늄아크릴로일다이메틸타우레이트/브이피코폴리머,28,
A000000166586,라운드랩 자작나무 수분 크림,폴리글리세릴-3메틸글루코오스다이스테아레이트,29,
A000000166586,라운드랩 자작나무 수분 크림,아크릴레이트/C10-30알킬아크릴레이트크로스폴리머,30,
A000000166586,라운드랩 자작나무 수분 크림,트로메타민,31,
A000000166586,라운드랩 자작나무 수분 크림,글리세릴아크릴레이트/아크릴릭애씨드코폴리머,32,
A000000166586,라운드랩 자작나무 수분 크림,에틸헥실글리세린,33,
A000000166586,라운드랩 자작나무 수분 크림,아가,34,
A000000166586,라운드랩 자작나무 수분 크림,다이포타슘글리시리제이트,35,
A000000166586,라운드랩 자작나무 수분 크림,글리세릴카프릴레이트,36,
A000000166586,라운드랩 자작나무 수분 크림,부틸렌글라이콜,37,
A000000166586,라운드랩 자작나무 수분 크림,다이소듐이디티에이,38,
A000000204308,바이오힐보 프로바이오덤 콜라겐 리모델링 크림,정제수,1,
A000000204308,바이오힐보 프로바이오덤 콜라겐 리모델링 크림,글리세린,2,
A000000204308,바이오힐보 프로바이오덤 콜라겐 리모델링 크림,프로판다이올,3,
A000000204308,바이오힐보 프로바이오덤 콜라겐 리모델링 크림,메틸프로판다이올,4,
A000000204308,바이오힐보 프로바이오덤 콜라겐 리모델링 크림,페닐트라이메티콘,5,
A000000204308,바이오힐보 프로바이오덤 콜라겐 리모델링 크림,락토바실러스발효물,6,
A000000204308,바이오힐보 프로바이오덤 콜라겐 리모델링 크림,펜틸렌글라이콜,7,
A000000204308,바이오힐보 프로바이오덤 콜라겐 리모델링 크림,콜라겐,8,40
A000000204308,바이오힐보 프로바이오덤 콜라겐 리모델링 크림,콜라겐추출물,9,40
A000000204308,바이오힐보 프로바이오덤 콜라겐 리모델링 크림,달맞이꽃꽃추출물,10,
A000000204308,바이오힐보 프로바이오덤 콜라겐 리모델링 크림,당느릅나무뿌리추출물,11,
A000000204308,바이오힐보 프로바이오덤 콜라겐 리모델링 크림,대왕소나무잎추출물,12,
A000000204308,바이오힐보 프로바이오덤 콜라겐 리모델링 크림,칡뿌리추출물,13,
A000000204308,바이오힐보 프로바이오덤 콜라겐 리모델링 크림,하이드로제네이티드레시틴,14,
A000000204308,바이오힐보 프로바이오덤 콜라겐 리모델링 크림,피토스테롤,15,
A000000204308,바이오힐보 프로바이오덤 콜라겐 리모델링 크림,비닐다이메티콘,16,
A000000204308,바이오힐보 프로바이오덤 콜라겐 리모델링 크림,"1,2-헥산다이올",17,
A000000204308,바이오힐보 프로바이오덤 콜라겐 리모델링 크림,판테놀,18,
A000000204308,바이오힐보 프로바이오덤 콜라겐 리모델링 크림,폴리메틸실세스퀴옥세인,19,
A000000204308,바이오힐보 프로바이오덤 콜라겐 리모델링 크림,아라키딜알코올,20,
A000000204308,바이오힐보 프로바이오덤 콜라겐 리모델링 크림,암모늄아크릴로일다이메틸타우레이트/브이피코폴리머,21,
A000000204308,바이오힐보 프로바이오덤 콜라겐 리모델링 크림,하이드록시에틸아크릴레이트/소듐아크릴로일다이메틸타우레이트코폴리머,22,
A000000204308,바이오힐보 프로바이오덤 콜라겐 리모델링 크림,베타인,23,
A000000204308,바이오힐보 프로바이오덤 콜라겐 리모델링 크림,하이드록시아세토페논,24,
A000000204308,바이오힐보 프로바이오덤 콜라겐 리모델링 크림,다이메티콘올,25,
A000000204308,바이오힐보 프로바이오덤 콜라겐 리모델링 크림,스테아릭애씨드,26,
A000000204308,바이오힐보 프로바이오덤 콜라겐 리모델링 크림,베헤닐알코올,27,
A000000204308,바이오힐보 프로바이오덤 콜라겐 리모델링 크림,아라키딜글루코사이드,28,
A000000204308,바이오힐보 프로바이오덤 콜라겐 리모델링 크림,에틸헥실글리세린,29,
A000000204308,바이오힐보 프로바이오덤 콜라겐 리모델링 크림,세테아릴알코올,30,
A000000204308,바이오힐보 프로바이오덤 콜라겐 리모델링 크림,아데노신,31,
A000000204308,바이오힐보 프로바이오덤 콜라겐 리모델링 크림,아크릴레이트/C10-30알킬아크릴레이트크로스폴리머,32,
A000000204308,바이오힐보 프로바이오덤 콜라겐 리모델링 크림,부틸렌글라이콜,33,
A000000204308,바이오힐보 프로바이오덤 콜라겐 리모델링 크림,세라마이드엔피,34,
A000000204308,바이오힐보 프로바이오덤 콜라겐 리모델링 크림,솔비탄아이소스테아레이트,35,
A000000204308,바이오힐보 프로바이오덤 콜라겐 리모델링 크림,트로메타민,36,
A000000204308,바이오힐보 프로바이오덤 콜라겐 리모델링 크림,3-O-에틸아스코빅애씨드,37,
A000000204308,바이오힐보 프로바이오덤 콜라겐 리모델링 크림,잔탄검,38,
A000000204308,바이오힐보 프로바이오덤 콜라겐 리모델링 크림,베타-글루칸,39,
A000000204308,바이오힐보 프로바이오덤 콜라겐 리모델링 크림,하이드롤라이즈드옥수수전분,40,
A000000204308,바이오힐보 프로바이오덤 콜라겐 리모델링 크림,글라이코사미노글리칸,41,
A000000204308,바이오힐보 프로바이오덤 콜라겐 리모델링 크림,하이드롤라이즈드엘라스틴,42,
A000000204308,바이오힐보 프로바이오덤 콜라겐 리모델링 크림,수크로오스,43,
A000000204308,바이오힐보 프로바이오덤 콜라겐 리모델링 크림,사이아노코발아민,44,
A000000204308,바이오힐보 프로바이오덤 콜라겐 리모델링 크림,프룩토올리고사카라이드,45,
A000000204308,바이오힐보 프로바이오덤 콜라겐 리모델링 크림,토코페롤,46,
A000000204308,바이오힐보 프로바이오덤 콜라겐 리모델링 크림,글루코노락톤,47,
A000000204308,바이오힐보 프로바이오덤 콜라겐 리모델링 크림,카프릴로일살리실릭애씨드,48,
A000000204308,바이오힐보 프로바이오덤 콜라겐 리모델링 크림,탄닉애씨드,49,
A000000204308,바이오힐보 프로바이오덤 콜라겐 리모델링 크림,하이드록시프로필사이클로덱스트린,50,
A000000204308,바이오힐보 프로바이오덤 콜라겐 리모델링 크림,프룩탄,51,
A000000204308,바이오힐보 프로바이오덤 콜라겐 리모델링 크림,이눌린,52,
A000000204308,바이오힐보 프로바이오덤 콜라겐 리모델링 크림,노나펩타이드-1,53,
A000000204308,바이오힐보 프로바이오덤 콜라겐 리모델링 크림,다이펩타이드다이아미노부티로일벤질아마이드다이아세테이트,54,
A000000204308,바이오힐보 프로바이오덤 콜라겐 리모델링 크림,아세틸헥사펩타이드-8,55,
A000000204308,바이오힐보 프로바이오덤 콜라겐 리모델링 크림,카퍼트라이펩타이드-1,56,
A000000204308,바이오힐보 프로바이오덤 콜라겐 리모델링 크림,카프릴릭/카프릭트라이글리세라이드,57,
A000000204308,바이오힐보 프로바이오덤 콜라겐 리모델링 크림,트라이펩타이드-1,58,
A000000204308,바이오힐보 프로바이오덤 콜라겐 리모델링 크림,팔미토일테트라펩타이드-7,59,
A000000204308,바이오힐보 프로바이오덤 콜라겐 리모델링 크림,팔미토일트라이펩타이드-1,60,
A000000204308,바이오힐보 프로바이오덤 콜라겐 리모델링 크림,팔미토일트라이펩타이드-5,61,
A000000204308,바이오힐보 프로바이오덤 콜라겐 리모델링 크림,팔미토일펜타펩타이드-4,62,
A000000204308,바이오힐보 프로바이오덤 콜라겐 리모델링 크림,팔미토일헥사펩타이드-12,63,
A000000204308,바이오힐보 프로바이오덤 콜라겐 리모델링 크림,펜타펩타이드-3,64,
A000000204308,바이오힐보 프로바이오덤 콜라겐 리모델링 크림,헥사펩타이드-9,65,
A000000204308,바이오힐보 프로바이오덤 콜라겐 리모델링 크림,수크로오스다이스테아레이트,66,
A000000204308,바이오힐보 프로바이오덤 콜라겐 리모델링 크림,향료,67,
A000000233614,이니스프리 그린티 수분크림,정제수,1,
A000000233614,이니스프리 그린티 수분크림,프로판다이올,2,
A000000233614,이니스프리 그린티 수분크림,글리세린,3,
A000000233614,이니스프리 그린티 수분크림,스테아릴다이메티콘,4,
A000000233614,이니스프리 그린티 수분크림,메틸트라이메티콘,5,
A000000233614,이니스프리 그린티 수분크림,부틸렌글라이콜다이카프릴레이트/다이카프레이트,6,
A000000233614,이니스프리 그린티 수분크림,펜타에리스리틸테트라에틸헥사노에이트,7,
A000000233614,이니스프리 그린티 수분크림,녹차씨오일,8,
A000000233614,이니스프리 그린티 수분크림,"1,2-헥산다이올",9,
A000000233614,이니스프리 그린티 수분크림,글리세릴폴리메타크릴레이트,10,
A000000233614,이니스프리 그린티 수분크림,폴리메틸실세스퀴옥세인,11,
A000000233614,이니스프리 그린티 수분크림,스쿠알란,12,
A000000233614,이니스프리 그린티 수분크림,하이드록시에틸아크릴레이트/소듐아크릴로일다이메틸타우레이트코폴리머,13,
A000000233614,이니스프리 그린티 수분크림,폴리글리세릴-3메틸글루코오스다이스테아레이트,14,
A000000233614,이니스프리 그린티 수분크림,카보머,15,
A000000233614,이니스프리 그린티 수분크림,트라이에틸시트레이트,16,
A000000233614,이니스프리 그린티 수분크림,하이드로제네이티드레시틴,17,
A000000233614,이니스프리 그린티 수분크림,콜레스테롤,18,
A000000233614,이니스프리 그린티 수분크림,글리세릴스테아레이트,19,
A000000233614,이니스프리 그린티 수분크림,트로메타민,20,
A000000233614,이니스프리 그린티 수분크림,리모넨,21,
A000000233614,이니스프리 그린티 수분크림,락토바실러스발효용해물,22,
A000000233614,이니스프리 그린티 수분크림,하이알루로닉애씨드,23,
A000000233614,이니스프리 그린티 수분크림,판테놀,24,
A000000233614,이니스프리 그린티 수분크림,알란토인,25,
A000000233614,이니스프리 그린티 수분크림,세테아릴알코올,26,
A000000233614,이니스프리 그린티 수분크림,잔탄검,27,
A000000233614,이니스프리 그린티 수분크림,글리세릴카프릴레이트,28,
A000000233614,이니스프리 그린티 수분크림,소듐스테아로일글루타메이트,29,
A000000233614,이니스프리 그린티 수분크림,부틸렌글라이콜,30,
A000000233614,이니스프리 그린티 수분크림,에틸헥실글리세린,31,
A000000233614,이니스프리 그린티 수분크림,다이소듐이디티에이,32,
A000000233614,이니스프리 그린티 수분크림,레몬껍질오일,33,
A000000233614,이니스프리 그린티 수분크림,솔비탄아이소스테아레이트,34,
A000000233614,이니스프리 그린티 수분크림,녹차추출물,35,
A000000233614,이니스프리 그린티 수분크림,마테잎추출물,36,
A000000233614,이니스프리 그린티 수분크림,소듐하이알루로네이트,37,
A000000233614,이니스프리 그린티 수분크림,마데카소사이드,38,
A000000233614,이니스프리 그린티 수분크림,락틱애씨드,39,
A000000233614,이니스프리 그린티 수분크림,시트랄,40,
A000000233614,이니스프리 그린티 수분크림,덱스트린,41,
A000000233614,이니스프리 그린티 수분크림,카카오추출물,42,
A000000233614,이니스프리 그린티 수분크림,소두구씨오일,43,
A000000233614,이니스프리 그린티 수분크림,스피어민트잎오일,44,
A000000233614,이니스프리 그린티 수분크림,리날룰,45,
A000000233614,이니스프리 그린티 수분크림,시트로넬라오일,46,
A000000233614,이니스프리 그린티 수분크림,하이드롤라이즈드하이알루로닉애씨드,47,
A000000233614,이니스프리 그린티 수분크림,갈바눔수지오일,48,
A000000233614,이니스프리 그린티 수분크림,소듐하이알루로네이트크로스폴리머,49,
A000000233614,이니스프리 그린티 수분크림,녹차씨추출물,50,
A000000233614,이니스프리 그린티 수분크림,세라마이드엔피,51,
A000000233614,이니스프리 그린티 수분크림,토코페롤,52,
A000000233614,이니스프리 그린티 수분크림,피토스핑고신,53,
A000000233614,이니스프리 그린티 수분크림,소듐아세틸레이티드하이알루로네이트,54,
A000000209747,제로이드 수딩 크림,정제수,1,
A000000209747,제로이드 수딩 크림,글리세린,2,
A000000209747,제로이드 수딩 크림,프로판다이올,3,
A000000209747,제로이드 수딩 크림,카프릴릭/카프릭트라이글리세라이드,4,
A000000209747,제로이드 수딩 크림,솔비탄스테아레이트,5,
A000000209747,제로이드 수딩 크림,세테아릴알코올,6,
A000000209747,제로이드 수딩 크림,잇꽃씨오일,7,
A000000209747,제로이드 수딩 크림,글리세릴스테아레이트,8,
A000000209747,제로이드 수딩 크림,스테아릭애씨드,9,
A000000209747,제로이드 수딩 크림,다이메티콘,10,
A000000209747,제로이드 수딩 크림,미리스토일/팔미토일옥소스테아라마이드/아라카마이드엠이에이,11,
A000000209747,제로이드 수딩 크림,메틸카프로오일타이로지네이트,12,
A000000209747,제로이드 수딩 크림,피토스테롤,13,
A000000209747,제로이드 수딩 크림,토코페릴아세테이트,14,
A000000209747,제로이드 수딩 크림,비사보롤,15,
A000000209747,제로이드 수딩 크림,잔탄검,16,
A000000209747,제로이드 수딩 크림,소듐하이알루로네이트,17,
A000000209747,제로이드 수딩 크림,카보머,18,
A000000209747,제로이드 수딩 크림,알지닌,19,
A000000209747,제로이드 수딩 크림,"1,2-헥산다이올",20,
A000000209747,제로이드 수딩 크림,카프릴릴글라이콜,21,
A000000209747,제로이드 수딩 크림,트로폴론,22,
A000000238929,차앤박 프로폴리스 앰플 액티브 샷 크림,정제수,1,
A000000238929,차앤박 프로폴리스 앰플 액티브 샷 크림,다이메티콘,2,
A000000238929,차앤박 프로폴리스 앰플 액티브 샷 크림,부틸렌글라이콜,3,
A000000238929,차앤박 프로폴리스 앰플 액티브 샷 크림,글리세린,4,
A000000238929,차앤박 프로폴리스 앰플 액티브 샷 크림,하이드로제네이티드폴리데센,5,
A000000238929,차앤박 프로폴리스 앰플 액티브 샷 크림,"2,3-부탄다이올",6,
A000000238929,차앤박 프로폴리스 앰플 액티브 샷 크림,다이프로필렌글라이콜,7,
A000000238929,차앤박 프로폴리스 앰플 액티브 샷 크림,"1,2-헥산다이올",8,
A000000238929,차앤박 프로폴리스 앰플 액티브 샷 크림,마카다미아씨오일,9,
A000000238929,차앤박 프로폴리스 앰플 액티브 샷 크림,트라이에틸헥사노인,10,
A000000238929,차앤박 프로폴리스 앰플 액티브 샷 크림,스테아릴알코올,11,
A000000238929,차앤박 프로폴리스 앰플 액티브 샷 크림,글리세릴스테아레이트,12,
A000000238929,차앤박 프로폴리스 앰플 액티브 샷 크림,판테놀,13,
A000000238929,차앤박 프로폴리스 앰플 액티브 샷 크림,피이지-40스테아레이트,14,
A000000238929,차앤박 프로폴리스 앰플 액티브 샷 크림,펜타에리스리틸테트라에틸헥사노에이트,15,
A000000238929,차앤박 프로폴리스 앰플 액티브 샷 크림,비스-피이지-18메틸에터다이메틸실레인,16,
A000000238929,차앤박 프로폴리스 앰플 액티브 샷 크림,프로폴리스추출물,17,1500
A000000238929,차앤박 프로폴리스 앰플 액티브 샷 크림,세라마이드엔피,18,
A000000238929,차앤박 프로폴리스 앰플 액티브 샷 크림,세테아릴알코올,19,
A000000238929,차앤박 프로폴리스 앰플 액티브 샷 크림,솔비탄스테아레이트,20,
A000000238929,차앤박 프로폴리스 앰플 액티브 샷 크림,하이드록시에틸피페라진에탄설포닉애씨드,21,
A000000238929,차앤박 프로폴리스 앰플 액티브 샷 크림,우레아,22,
A000000238929,차앤박 프로폴리스 앰플 액티브 샷 크림,세테아릴올리베이트,23,
A000000238929,차앤박 프로폴리스 앰플 액티브 샷 크림,피이지-100스테아레이트,24,
A000000238929,차앤박 프로폴리스 앰플 액티브 샷 크림,트로메타민,25,
A000000238929,차앤박 프로폴리스 앰플 액티브 샷 크림,팔미틱애씨드,26,
A000000238929,차앤박 프로폴리스 앰플 액티브 샷 크림,솔비탄올리베이트,27,
A000000238929,차앤박 프로폴리스 앰플 액티브 샷 크림,하이드로제네이티드레시틴,28,
A000000238929,차앤박 프로폴리스 앰플 액티브 샷 크림,아크릴레이트/C10-30알킬아크릴레이트크로스폴리머,29,
A000000238929,차앤박 프로폴리스 앰플 액티브 샷 크림,스테아릭애씨드,30,
A000000238929,차앤박 프로폴리스 앰플 액티브 샷 크림,다이메티콘/비닐다이메티콘크로스폴리머,31,
A000000238929,차앤박 프로폴리스 앰플 액티브 샷 크림,다이포타슘글리시리제이트,32,
A000000238929,차앤박 프로폴리스 앰플 액티브 샷 크림,효모발효여과물,33,
A000000238929,차앤박 프로폴리스 앰플 액티브 샷 크림,겨우살이추출물,34,
A000000238929,차앤박 프로폴리스 앰플 액티브 샷 크림,글라이코실트레할로오스,35,
A000000238929,차앤박 프로폴리스 앰플 액티브 샷 크림,암모늄아크릴로일다이메틸타우레이트/브이피코폴리머,36,
A000000238929,차앤박 프로폴리스 앰플 액티브 샷 크림,락토바실러스/콩발효추출물,37,
A000000238929,차앤박 프로폴리스 앰플 액티브 샷 크림,하이드로제네이티드스타치하이드롤리세이트,38,
A000000238929,차앤박 프로폴리스 앰플 액티브 샷 크림,카보머,39,
A000000238929,차앤박 프로폴리스 앰플 액티브 샷 크림,잔탄검,40,
A000000238929,차앤박 프로폴리스 앰플 액티브 샷 크림,티타늄디옥사이드,41,
A000000238929,차앤박 프로폴리스 앰플 액티브 샷 크림,띠뿌리추출물,42,
A000000238929,차앤박 프로폴리스 앰플 액티브 샷 크림,마이카,43,
A000000238929,차앤박 프로폴리스 앰플 액티브 샷 크림,아시아티코사이드,44,
A000000238929,차앤박 프로폴리스 앰플 액티브 샷 크림,트라이소듐이디티에이,45,
A000000238929,차앤박 프로폴리스 앰플 액티브 샷 크림,마데카식애씨드,46,
A000000238929,차앤박 프로폴리스 앰플 액티브 샷 크림,아시아틱애씨드,47,
A000000238929,차앤박 프로폴리스 앰플 액티브 샷 크림,적색산화철,48,
A000000238929,차앤박 프로폴리스 앰플 액티브 샷 크림,마데카소사이드,49,
A000000238929,차앤박 프로폴리스 앰플 액티브 샷 크림,더덕뿌리추출물,50,
A000000238929,차앤박 프로폴리스 앰플 액티브 샷 크림,무화과추출물,51,
A000000238929,차앤박 프로폴리스 앰플 액티브 샷 크림,레몬밤잎추출물,52,
A000000238929,차앤박 프로폴리스 앰플 액티브 샷 크림,석류추출물,53,
A000000238929,차앤박 프로폴리스 앰플 액티브 샷 크림,베타-글루칸,54,
A000000238929,차앤박 프로폴리스 앰플 액티브 샷 크림,토코페롤,55,
A000000238929,차앤박 프로폴리스 앰플 액티브 샷 크림,글리시레티닉애씨드,56,
A000000238929,차앤박 프로폴리스 앰플 액티브 샷 크림,알지닌글루타메이트,57,
A000000238929,차앤박 프로폴리스 앰플 액티브 샷 크림,센티드제라늄꽃오일,58,
A000000238929,차앤박 프로폴리스 앰플 액티브 샷 크림,시트로넬올,59,
A000000238929,차앤박 프로폴리스 앰플 액티브 샷 크림,제라니올,60,
A000000238929,차앤박 프로폴리스 앰플 액티브 샷 크림,리날룰,61,
A000000238929,차앤박 프로폴리스 앰플 액티브 샷 크림,시트랄,62,
A000000259494,파넬 시카마누 레드 리페어 크림,정제수,1,
A000000259494,파넬 시카마누 레드 리페어 크림,글리세린,2,
A000000259494,파넬 시카마누 레드 리페어 크림,카프릴릭/카프릭트라이글리세라이드,3,
A000000259494,파넬 시카마누 레드 리페어 크림,세테아릴알코올,4,
A000000259494,파넬 시카마누 레드 리페어 크림,"1,2-헥산다이올",5,
A000000259494,파넬 시카마누 레드 리페어 크림,프로판다이올,6,
A000000259494,파넬 시카마누 레드 리페어 크림,부틸렌글라이콜다이카프릴레이트/다이카프레이트,7,
A000000259494,파넬 시카마누 레드 리페어 크림,폴리글리세린-3,8,
A000000259494,파넬 시카마누 레드 리페어 크림,비닐다이메티콘,9,
A000000259494,파넬 시카마누 레드 리페어 크림,하이드로제네이티드폴리데센,10,
A000000259494,파넬 시카마누 레드 리페어 크림,판테놀,11,
A000000259494,파넬 시카마누 레드 리페어 크림,스쿠알란,12,
A000000259494,파넬 시카마누 레드 리페어 크림,세테아릴올리베이트,13,
A000000259494,파넬 시카마누 레드 리페어 크림,솔비탄올리베이트,14,
A000000259494,파넬 시카마누 레드 리페어 크림,글리세릴스테아레이트,15,
A000000259494,파넬 시카마누 레드 리페어 크림,폴리아크릴레이트-13,16,
A000000259494,파넬 시카마누 레드 리페어 크림,부틸렌글라이콜,17,
A000000259494,파넬 시카마누 레드 리페어 크림,아크릴레이트/C10-30알킬아크릴레이트크로스폴리머,18,
A000000259494,파넬 시카마누 레드 리페어 크림,하이드로제네이티드폴리아이소부텐,19,
A000000259494,파넬 시카마누 레드 리페어 크림,병풀추출물,20,1025
A000000259494,파넬 시카마누 레드 리페어 크림,잇꽃꽃추출물,21,
A000000259494,파넬 시카마누 레드 리페어 크림,하이드록시에틸아크릴레이트/소듐아크릴로일다이메틸타우레이트코폴리머,22,
A000000259494,파넬 시카마누 레드 리페어 크림,덱스트린,23,
A000000259494,파넬 시카마누 레드 리페어 크림,알지닌,24,
A000000259494,파넬 시카마누 레드 리페어 크림,에틸헥실글리세린,25,
A000000259494,파넬 시카마누 레드 리페어 크림,치자추출물,26,
A000000259494,파넬 시카마누 레드 리페어 크림,다이소듐이디티에이,27,
A000000259494,파넬 시카마누 레드 리페어 크림,폴리글리세릴-10라우레이트,28,
A000000259494,파넬 시카마누 레드 리페어 크림,"2,3-부탄다이올",29,
A000000259494,파넬 시카마누 레드 리페어 크림,에틸헥실팔미테이트,30,
A000000259494,파넬 시카마누 레드 리페어 크림,카카오씨추출물,31,
A000000259494,파넬 시카마누 레드 리페어 크림,칸디다 봄비콜라/글루코오스/메틸레이프씨데이트발효물,32,
A000000259494,파넬 시카마누 레드 리페어 크림,솔비탄아이소스테아레이트,33,
A000000259494,파넬 시카마누 레드 리페어 크림,불가리스쑥오일,34,
A000000259494,파넬 시카마누 레드 리페어 크림,소듐하이알루로네이트,35,
A000000259494,파넬 시카마누 레드 리페어 크림,라우릴글루코사이드,36,
A000000259494,파넬 시카마누 레드 리페어 크림,올리브오일,37,
A000000259494,파넬 시카마누 레드 리페어 크림,에톡시다이글라이콜,38,
A000000259494,파넬 시카마누 레드 리페어 크림,하이드로제네이티드레시틴,39,
A000000259494,파넬 시카마누 레드 리페어 크림,아시아티코사이드,40,42
A000000259494,파넬 시카마누 레드 리페어 크림,아시아틱애씨드,41,31.5
A000000259494,파넬 시카마누 레드 리페어 크림,마데카식애씨드,42,31.43
A000000259494,파넬 시카마누 레드 리페어 크림,마누카잎추출물,43,25
A000000259494,파넬 시카마누 레드 리페어 크림,꿀추출물,44,20
A000000259494,파넬 시카마누 레드 리페어 크림,락토바실러스발효물,45,
A000000259494,파넬 시카마누 레드 리페어 크림,병풀꽃/잎/줄기추출물,46,10
A000000259494,파넬 시카마누 레드 리페어 크림,병풀뿌리추출물,47,10
A000000259494,파넬 시카마누 레드 리페어 크림,해바라기씨오일,48,
A000000259494,파넬 시카마누 레드 리페어 크림,마데카소사이드,49,1.07
A000000259494,파넬 시카마누 레드 리페어 크림,멜라토닌,50,
A000000259494,파넬 시카마누 레드 리페어 크림,셀필룸추출물,51,
A000000259494,파넬 시카마누 레드 리페어 크림,테아닌,52,
A000000259494,파넬 시카마누 레드 리페어 크림,소듐디엔에이,53,
A000000240908,메디큐브 PDRN 핑크 히알루로닉 수분크림,정제수,1,
A000000240908,메디큐브 PDRN 핑크 히알루로닉 수분크림,글리세레스-26,2,
A000000240908,메디큐브 PDRN 핑크 히알루로닉 수분크림,부틸렌글라이콜,3,
A000000240908,메디큐브 PDRN 핑크 히알루로닉 수분크림,카프릴릭/카프릭트라이글리세라이드,4,
A000000240908,메디큐브 PDRN 핑크 히알루로닉 수분크림,사이클로펜타실록세인,5,
A000000240908,메디큐브 PDRN 핑크 히알루로닉 수분크림,"1,2-헥산다이올",6,
A000000240908,메디큐브 PDRN 핑크 히알루로닉 수분크림,나이아신아마이드,7,
A000000240908,메디큐브 PDRN 핑크 히알루로닉 수분크림,하이드로제네이티드폴리데센,8,
A000000240908,메디큐브 PDRN 핑크 히알루로닉 수분크림,아이소노닐아이소노나노에이트,9,
A000000240908,메디큐브 PDRN 핑크 히알루로닉 수분크림,세테아릴올리베이트,10,
A000000240908,메디큐브 PDRN 핑크 히알루로닉 수분크림,에틸헥실올리베이트,11,
A000000240908,메디큐브 PDRN 핑크 히알루로닉 수분크림,글리세린,12,
A000000240908,메디큐브 PDRN 핑크 히알루로닉 수분크림,솔비탄올리베이트,13,
A000000240908,메디큐브 PDRN 핑크 히알루로닉 수분크림,소듐디엔에이,14,5000
A000000240908,메디큐브 PDRN 핑크 히알루로닉 수분크림,소듐아크릴레이트코폴리머,15,
A000000240908,메디큐브 PDRN 핑크 히알루로닉 수분크림,소듐폴리아크릴로일다이메틸타우레이트,16,
A000000240908,메디큐브 PDRN 핑크 히알루로닉 수분크림,하이드록시에틸아크릴레이트/소듐아크릴로일다이메틸타우레이트코폴리머,17,
A000000240908,메디큐브 PDRN 핑크 히알루로닉 수분크림,폴리글리세릴-4올리에이트,18,
A000000240908,메디큐브 PDRN 핑크 히알루로닉 수분크림,다이소듐이디티에이,19,
A000000240908,메디큐브 PDRN 핑크 히알루로닉 수분크림,베타인,20,
A000000240908,메디큐브 PDRN 핑크 히알루로닉 수분크림,판테놀,21,
A000000240908,메디큐브 PDRN 핑크 히알루로닉 수분크림,향료,22,
A000000240908,메디큐브 PDRN 핑크 히알루로닉 수분크림,에틸헥실글리세린,23,
A000000240908,메디큐브 PDRN 핑크 히알루로닉 수분크림,아데노신,24,
A000000240908,메디큐브 PDRN 핑크 히알루로닉 수분크림,솔비탄아이소스테아레이트,25,
A000000240908,메디큐브 PDRN 핑크 히알루로닉 수분크림,메도우폼씨오일,26,
A000000240908,메디큐브 PDRN 핑크 히알루로닉 수분크림,글리세릴아크릴레이트/아크릴릭애씨드코폴리머,27,
A000000240908,메디큐브 PDRN 핑크 히알루로닉 수분크림,시트릭애씨드,28,
A000000240908,메디큐브 PDRN 핑크 히알루로닉 수분크림,사이아노코발아민,29,
A000000240908,메디큐브 PDRN 핑크 히알루로닉 수분크림,하이드로제네이티드레시틴,30,
A000000240908,메디큐브 PDRN 핑크 히알루로닉 수분크림,세테아릴알코올,31,
A000000240908,메디큐브 PDRN 핑크 히알루로닉 수분크림,스테아릭애씨드,32,
A000000240908,메디큐브 PDRN 핑크 히알루로닉 수분크림,소듐하이알루로네이트,33,1.02
A000000240908,메디큐브 PDRN 핑크 히알루로닉 수분크림,하이드록시프로필트라이모늄하이알루로네이트,34,0.1
A000000240908,메디큐브 PDRN 핑크 히알루로닉 수분크림,세라마이드엔피,35,
A000000240908,메디큐브 PDRN 핑크 히알루로닉 수분크림,꿀풀추출물,36,
A000000240908,메디큐브 PDRN 핑크 히알루로닉 수분크림,블래더랙추출물,37,
A000000240908,메디큐브 PDRN 핑크 히알루로닉 수분크림,노니열매추출물,38,
A000000240908,메디큐브 PDRN 핑크 히알루로닉 수분크림,여주열매추출물,39,
A000000240908,메디큐브 PDRN 핑크 히알루로닉 수분크림,오크라열매추출물,40,
A000000240908,메디큐브 PDRN 핑크 히알루로닉 수분크림,세라마이드엔에스,41,
A000000240908,메디큐브 PDRN 핑크 히알루로닉 수분크림,소듐아세틸레이티드하이알루로네이트,42,0.01
A000000240908,메디큐브 PDRN 핑크 히알루로닉 수분크림,하이드롤라이즈드하이알루로닉애씨드,43,0.01
A000000240908,메디큐브 PDRN 핑크 히알루로닉 수분크림,병풀잎추출물,44,
A000000240908,메디큐브 PDRN 핑크 히알루로닉 수분크림,콜레스테롤,45,
A000000240908,메디큐브 PDRN 핑크 히알루로닉 수분크림,피토스핑고신,46,
A000000240908,메디큐브 PDRN 핑크 히알루로닉 수분크림,세라마이드에이에스,47,
A000000240908,메디큐브 PDRN 핑크 히알루로닉 수분크림,세라마이드에이피,48,
A000000240908,메디큐브 PDRN 핑크 히알루로닉 수분크림,하이알루로닉애씨드,49,0.0025
A000000240908,메디큐브 PDRN 핑크 히알루로닉 수분크림,카퍼트라이펩타이드-1,50,
A000000240908,메디큐브 PDRN 핑크 히알루로닉 수분크림,소듐하이알루로네이트크로스폴리머,51,0.001
A000000240908,메디큐브 PDRN 핑크 히알루로닉 수분크림,아세틸헥사펩타이드-8,52,
A000000240908,메디큐브 PDRN 핑크 히알루로닉 수분크림,팔미토일펜타펩타이드-4,53,
A000000240908,메디큐브 PDRN 핑크 히알루로닉 수분크림,하이드롤라이즈드소듐하이알루로네이트,54,0.001
A000000240908,메디큐브 PDRN 핑크 히알루로닉 수분크림,팔미토일테트라펩타이드-7,55,
A000000240908,메디큐브 PDRN 핑크 히알루로닉 수분크림,팔미토일트라이펩타이드-1,56,
A000000240908,메디큐브 PDRN 핑크 히알루로닉 수분크림,포타슘하이알루로네이트,57,0.0002
A000000258935,리쥬란 더마 힐러 포어 타이트닝 크림,정제수,1,
A000000258935,리쥬란 더마 힐러 포어 타이트닝 크림,글리세린,2,
A000000258935,리쥬란 더마 힐러 포어 타이트닝 크림,부틸렌글라이콜,3,
A000000258935,리쥬란 더마 힐러 포어 타이트닝 크림,프로판다이올,4,
A000000258935,리쥬란 더마 힐러 포어 타이트닝 크림,"1,2-헥산다이올",5,
A000000258935,리쥬란 더마 힐러 포어 타이트닝 크림,네오펜틸글라이콜다이헵타노에이트,6,
A000000258935,리쥬란 더마 힐러 포어 타이트닝 크림,나이아신아마이드,7,
A000000258935,리쥬란 더마 힐러 포어 타이트닝 크림,베타인,8,
A000000258935,리쥬란 더마 힐러 포어 타이트닝 크림,에틸헥실팔미테이트,9,
A000000258935,리쥬란 더마 힐러 포어 타이트닝 크림,펜틸렌글라이콜,10,
A000000258935,리쥬란 더마 힐러 포어 타이트닝 크림,암모늄아크릴로일다이메틸타우레이트/브이피코폴리머,11,
A000000258935,리쥬란 더마 힐러 포어 타이트닝 크림,다이메티콘,12,
A000000258935,리쥬란 더마 힐러 포어 타이트닝 크림,카프릴릭/카프릭트라이글리세라이드,13,
A000000258935,리쥬란 더마 힐러 포어 타이트닝 크림,카보머,14,
A000000258935,리쥬란 더마 힐러 포어 타이트닝 크림,세테아릴올리베이트,15,
A000000258935,리쥬란 더마 힐러 포어 타이트닝 크림,트로메타민,16,
A000000258935,리쥬란 더마 힐러 포어 타이트닝 크림,세테아릴알코올,17,
A000000258935,리쥬란 더마 힐러 포어 타이트닝 크림,하이드롤라이즈드디엔에이,18,
A000000258935,리쥬란 더마 힐러 포어 타이트닝 크림,솔비탄올리베이트,19,
A000000258935,리쥬란 더마 힐러 포어 타이트닝 크림,세라마이드엔피,20,
A000000258935,리쥬란 더마 힐러 포어 타이트닝 크림,트레할로오스,21,
A000000258935,리쥬란 더마 힐러 포어 타이트닝 크림,하이드롤라이즈드콩단백질,22,
A000000258935,리쥬란 더마 힐러 포어 타이트닝 크림,하이드롤라이즈드엘라스틴,23,
A000000258935,리쥬란 더마 힐러 포어 타이트닝 크림,소듐하이알루로네이트,24,
A000000258935,리쥬란 더마 힐러 포어 타이트닝 크림,하이알루로닉애씨드,25,
A000000258935,리쥬란 더마 힐러 포어 타이트닝 크림,하이드롤라이즈드하이알루로닉애씨드,26,
A000000258935,리쥬란 더마 힐러 포어 타이트닝 크림,아데노신,27,
A000000258935,리쥬란 더마 힐러 포어 타이트닝 크림,하이드로제네이티드레시틴,28,
A000000258935,리쥬란 더마 힐러 포어 타이트닝 크림,에틸헥실글리세린,29,
A000000258935,리쥬란 더마 힐러 포어 타이트닝 크림,잔탄검,30,
A000000258935,리쥬란 더마 힐러 포어 타이트닝 크림,폴리글루타믹애씨드,31,
A000000258935,리쥬란 더마 힐러 포어 타이트닝 크림,아세틸테트라펩타이드-2,32,
A000000258935,리쥬란 더마 힐러 포어 타이트닝 크림,카르노신,33,
A000000258935,리쥬란 더마 힐러 포어 타이트닝 크림,포트마리골드꽃추출물,34,
A000000258935,리쥬란 더마 힐러 포어 타이트닝 크림,칼메그추출물,35,
A000000229455,셀라딕스 트러블 세라 캡슐 131 크림,정제수,1,
A000000229455,셀라딕스 트러블 세라 캡슐 131 크림,부틸렌글라이콜,2,
A000000229455,셀라딕스 트러블 세라 캡슐 131 크림,다이프로필렌글라이콜,3,
A000000229455,셀라딕스 트러블 세라 캡슐 131 크림,글리세린,4,
A000000229455,셀라딕스 트러블 세라 캡슐 131 크림,"1,2-헥산다이올",5,
A000000229455,셀라딕스 트러블 세라 캡슐 131 크림,만니톨,6,
A000000229455,셀라딕스 트러블 세라 캡슐 131 크림,프로판다이올,7,
A000000229455,셀라딕스 트러블 세라 캡슐 131 크림,아라키딜알코올,8,
A000000229455,셀라딕스 트러블 세라 캡슐 131 크림,카보머,9,
A000000229455,셀라딕스 트러블 세라 캡슐 131 크림,트로메타민,10,
A000000229455,셀라딕스 트러블 세라 캡슐 131 크림,베헤닐알코올,11,
A000000229455,셀라딕스 트러블 세라 캡슐 131 크림,글리세레스-26,12,
A000000229455,셀라딕스 트러블 세라 캡슐 131 크림,아라키딜글루코사이드,13,
A000000229455,셀라딕스 트러블 세라 캡슐 131 크림,하이드로제네이티드올리브오일불검화물,14,
A000000229455,셀라딕스 트러블 세라 캡슐 131 크림,에틸헥실글리세린,15,
A000000229455,셀라딕스 트러블 세라 캡슐 131 크림,하이드로제네이티드폴리아이소부텐,16,
A000000229455,셀라딕스 트러블 세라 캡슐 131 크림,세라마이드엔피,17,
A000000229455,셀라딕스 트러블 세라 캡슐 131 크림,다이소듐이디티에이,18,
A000000229455,셀라딕스 트러블 세라 캡슐 131 크림,하이드록시에틸셀룰로오스,19,
A000000229455,셀라딕스 트러블 세라 캡슐 131 크림,알란토인,20,
A000000229455,셀라딕스 트러블 세라 캡슐 131 크림,나이아신아마이드,21,
A000000229455,셀라딕스 트러블 세라 캡슐 131 크림,하이알루로닉애씨드,22,
A000000229455,셀라딕스 트러블 세라 캡슐 131 크림,하이드롤라이즈드하이알루로닉애씨드,23,
A000000229455,셀라딕스 트러블 세라 캡슐 131 크림,판테놀,24,
A000000229455,셀라딕스 트러블 세라 캡슐 131 크림,소듐하이알루로네이트,25,
A000000229455,셀라딕스 트러블 세라 캡슐 131 크림,호호바에스터,26,
A000000229455,셀라딕스 트러블 세라 캡슐 131 크림,하이드롤라이즈드콜라겐,27,
A000000229455,셀라딕스 트러블 세라 캡슐 131 크림,아세틸헥사펩타이드-8,28,
A000000229455,셀라딕스 트러블 세라 캡슐 131 크림,카프릴릴/카프릴트라이글리세라이드,29,
A000000229455,셀라딕스 트러블 세라 캡슐 131 크림,토코페롤,30,
A000000229455,셀라딕스 트러블 세라 캡슐 131 크림,스쿠알란,31,
A000000229455,셀라딕스 트러블 세라 캡슐 131 크림,리놀레익애씨드,32,
A000000229455,셀라딕스 트러블 세라 캡슐 131 크림,유칼립투스잎추출물,33,
A000000229455,셀라딕스 트러블 세라 캡슐 131 크림,프로필렌글라이콜,34,
A000000229455,셀라딕스 트러블 세라 캡슐 131 크림,올리브잎세포추출물,35,
A000000229455,셀라딕스 트러블 세라 캡슐 131 크림,황금추출물,36,
A000000229455,셀라딕스 트러블 세라 캡슐 131 크림,팔미틱애씨드,37,
A000000229455,셀라딕스 트러블 세라 캡슐 131 크림,피토스테롤,38,
A000000229455,셀라딕스 트러블 세라 캡슐 131 크림,폴리라이신,39,
A000000229455,셀라딕스 트러블 세라 캡슐 131 크림,스테아릭애씨드,40,
A000000229455,셀라딕스 트러블 세라 캡슐 131 크림,리놀레닉애씨드,41,
A000000210054,아누아 복숭아 나이아신아마이드 인리치드 크림,복숭아수,1,770000
A000000210054,아누아 복숭아 나이아신아마이드 인리치드 크림,글리세린,2,
A000000210054,아누아 복숭아 나이아신아마이드 인리치드 크림,메틸프로판다이올,3,
A000000210054,아누아 복숭아 나이아신아마이드 인리치드 크림,나이아신아마이드,4,20000
A000000210054,아누아 복숭아 나이아신아마이드 인리치드 크림,"1,2-헥산다이올",5,
A000000210054,아누아 복숭아 나이아신아마이드 인리치드 크림,아이소도데케인,6,
A000000210054,아누아 복숭아 나이아신아마이드 인리치드 크림,락토바실러스발효물,7,
A000000210054,아누아 복숭아 나이아신아마이드 인리치드 크림,프로판다이올,8,
A000000210054,아누아 복숭아 나이아신아마이드 인리치드 크림,판테놀,9,
A000000210054,아누아 복숭아 나이아신아마이드 인리치드 크림,폴리글리세릴-3메틸글루코오스다이스테아레이트,10,
A000000210054,아누아 복숭아 나이아신아마이드 인리치드 크림,폴리메틸실세스퀴옥세인,11,
A000000210054,아누아 복숭아 나이아신아마이드 인리치드 크림,하이드로제네이티드폴리데센,12,
A000000210054,아누아 복숭아 나이아신아마이드 인리치드 크림,황련뿌리추출물,13,
A000000210054,아누아 복숭아 나이아신아마이드 인리치드 크림,복숭아추출물,14,40
A000000210054,아누아 복숭아 나이아신아마이드 인리치드 크림,복사나무꽃추출물,15,10
A000000210054,아누아 복숭아 나이아신아마이드 인리치드 크림,소듐하이알루로네이트,16,
A000000210054,아누아 복숭아 나이아신아마이드 인리치드 크림,수용성콜라겐,17,
A000000210054,아누아 복숭아 나이아신아마이드 인리치드 크림,호호바에스터,18,
A000000210054,아누아 복숭아 나이아신아마이드 인리치드 크림,비닐다이메티콘,19,
A000000210054,아누아 복숭아 나이아신아마이드 인리치드 크림,암모늄아크릴로일다이메틸타우레이트/브이피코폴리머,20,
A000000210054,아누아 복숭아 나이아신아마이드 인리치드 크림,정제수,21,
A000000210054,아누아 복숭아 나이아신아마이드 인리치드 크림,다이메티콘올,22,
A000000210054,아누아 복숭아 나이아신아마이드 인리치드 크림,아크릴레이트/C10-30알킬아크릴레이트크로스폴리머,23,
A000000210054,아누아 복숭아 나이아신아마이드 인리치드 크림,하이드록시아세토페논,24,
A000000210054,아누아 복숭아 나이아신아마이드 인리치드 크림,트로메타민,25,
A000000210054,아누아 복숭아 나이아신아마이드 인리치드 크림,에틸헥실글리세린,26,
A000000210054,아누아 복숭아 나이아신아마이드 인리치드 크림,부틸렌글라이콜,27,
A000000210054,아누아 복숭아 나이아신아마이드 인리치드 크림,아데노신,28,
A000000210054,아누아 복숭아 나이아신아마이드 인리치드 크림,다이소듐이디티에이,29,
A000000210054,아누아 복숭아 나이아신아마이드 인리치드 크림,사이아노코발아민,30,
A000000210054,아누아 복숭아 나이아신아마이드 인리치드 크림,효모발효여과물,31,
A000000210054,아누아 복숭아 나이아신아마이드 인리치드 크림,토코페롤,32,
A000000210054,아누아 복숭아 나이아신아마이드 인리치드 크림,세라마이드엔피,33,
A000000210054,아누아 복숭아 나이아신아마이드 인리치드 크림,펙틴,34,
A000000210054,아누아 복숭아 나이아신아마이드 인리치드 크림,말토덱스트린,35,
A000000210054,아누아 복숭아 나이아신아마이드 인리치드 크림,하이드롤라이즈드식물성단백질,36,
A000000210054,아누아 복숭아 나이아신아마이드 인리치드 크림,갈락토미세스발효여과물,37,
A000000210054,아누아 복숭아 나이아신아마이드 인리치드 크림,비피다발효용해물,38,
A000000210054,아누아 복숭아 나이아신아마이드 인리치드 크림,향료,39,
A000000258830,피지오겔 DMT 리제너러티브 크림,정제수,1,
A000000258830,피지오겔 DMT 리제너러티브 크림,글리세린,2,
A000000258830,피지오겔 DMT 리제너러티브 크림,펜틸렌글라이콜,3,
A000000258830,피지오겔 DMT 리제너러티브 크림,카프릴릭/카프릭트라이글리세라이드,4,
A000000258830,피지오겔 DMT 리제너러티브 크림,코코-카프릴레이트/카프레이트,5,
A000000258830,피지오겔 DMT 리제너러티브 크림,세테아릴알코올,6,
A000000258830,피지오겔 DMT 리제너러티브 크림,아라키딜알코올,7,
A000000258830,피지오겔 DMT 리제너러티브 크림,스쿠알란,8,
A000000258830,피지오겔 DMT 리제너러티브 크림,메틸트라이메티콘,9,
A000000258830,피지오겔 DMT 리제너러티브 크림,판테놀,10,
A000000258830,피지오겔 DMT 리제너러티브 크림,베헤닐알코올,11,
A000000258830,피지오겔 DMT 리제너러티브 크림,시어버터,12,
A000000258830,피지오겔 DMT 리제너러티브 크림,피토스테릴/이소스테아릴/세틸/스테아릴/베헤닐다이머디리놀리에이트,13,
A000000258830,피지오겔 DMT 리제너러티브 크림,오일팜오일,14,
A000000258830,피지오겔 DMT 리제너러티브 크림,하이드록시에틸아크릴레이트/소듐아크릴로일다이메틸타우레이트코폴리머,15,
A000000258830,피지오겔 DMT 리제너러티브 크림,아라키딜글루코사이드,16,
A000000258830,피지오겔 DMT 리제너러티브 크림,"1,2-헥산다이올",17,
A000000258830,피지오겔 DMT 리제너러티브 크림,폴리아크릴레이트크로스폴리머-6,18,
A000000258830,피지오겔 DMT 리제너러티브 크림,하이드로제네이티드레시틴,19,
A000000258830,피지오겔 DMT 리제너러티브 크림,오일팜커넬오일,20,
A000000258830,피지오겔 DMT 리제너러티브 크림,베헤닉애씨드,21,
A000000258830,피지오겔 DMT 리제너러티브 크림,아이소스테아릴아이소스테아레이트,22,
A000000258830,피지오겔 DMT 리제너러티브 크림,카보머,23,
A000000258830,피지오겔 DMT 리제너러티브 크림,소듐카보머,24,
A000000258830,피지오겔 DMT 리제너러티브 크림,세라마이드엔피,25,
A000000258830,피지오겔 DMT 리제너러티브 크림,아데노신,26,
A000000258830,피지오겔 DMT 리제너러티브 크림,콜레스테롤,27,
A000000258830,피지오겔 DMT 리제너러티브 크림,소듐하이알루로네이트,28,
A000000258830,피지오겔 DMT 리제너러티브 크림,솔비탄아이소스테아레이트,29,
A000000258830,피지오겔 DMT 리제너러티브 크림,나이아신아마이드,30,
A000000258830,피지오겔 DMT 리제너러티브 크림,팔미틱애씨드,31,
A000000258830,피지오겔 DMT 리제너러티브 크림,스테아릭애씨드,32,
A000000258830,피지오겔 DMT 리제너러티브 크림,토코페롤,33,
A000000258830,피지오겔 DMT 리제너러티브 크림,"2,3-부탄다이올",34,
A000000258830,피지오겔 DMT 리제너러티브 크림,글리세릴스테아레이트,35,
A000000258830,피지오겔 DMT 리제너러티브 크림,세라마이드에이피,36,
A000000258830,피지오겔 DMT 리제너러티브 크림,세라마이드엔지,37,
A000000258830,피지오겔 DMT 리제너러티브 크림,세라마이드이오피,38,
A000000258830,피지오겔 DMT 리제너러티브 크림,다이프로필렌글라이콜,39,
A000000258830,피지오겔 DMT 리제너러티브 크림,하이알루로닉애씨드,40,
A000000259039,이니스프리 레티놀 시카 모공 흔적 크림,병풀잎수,1,668500
A000000259039,이니스프리 레티놀 시카 모공 흔적 크림,부틸렌글라이콜,2,
A000000259039,이니스프리 레티놀 시카 모공 흔적 크림,글리세린,3,
A000000259039,이니스프리 레티놀 시카 모공 흔적 크림,카프릴릭/카프릭트라이글리세라이드,4,
A000000259039,이니스프리 레티놀 시카 모공 흔적 크림,나이아신아마이드,5,
A000000259039,이니스프리 레티놀 시카 모공 흔적 크림,다이카프릴릴에터,6,
A000000259039,이니스프리 레티놀 시카 모공 흔적 크림,"1,2-헥산다이올",7,
A000000259039,이니스프리 레티놀 시카 모공 흔적 크림,메틸트라이메티콘,8,
A000000259039,이니스프리 레티놀 시카 모공 흔적 크림,판테놀,9,
A000000259039,이니스프리 레티놀 시카 모공 흔적 크림,다이에톡시에틸석시네이트,10,
A000000259039,이니스프리 레티놀 시카 모공 흔적 크림,다이페닐다이메티콘,11,
A000000259039,이니스프리 레티놀 시카 모공 흔적 크림,정제수,12,
A000000259039,이니스프리 레티놀 시카 모공 흔적 크림,글리세릴폴리메타크릴레이트,13,
A000000259039,이니스프리 레티놀 시카 모공 흔적 크림,세테아릴올리베이트,14,
A000000259039,이니스프리 레티놀 시카 모공 흔적 크림,하이드록시에틸아크릴레이트/소듐아크릴로일다이메틸타우레이트코폴리머,15,
A000000259039,이니스프리 레티놀 시카 모공 흔적 크림,폴리메틸실세스퀴옥세인,16,
A000000259039,이니스프리 레티놀 시카 모공 흔적 크림,하이드로제네이티드레시틴,17,
A000000259039,이니스프리 레티놀 시카 모공 흔적 크림,솔비탄올리베이트,18,
A000000259039,이니스프리 레티놀 시카 모공 흔적 크림,아크릴레이트/C10-30알킬아크릴레이트크로스폴리머,19,
A000000259039,이니스프리 레티놀 시카 모공 흔적 크림,알란토인,20,
A000000259039,이니스프리 레티놀 시카 모공 흔적 크림,트로메타민,21,
A000000259039,이니스프리 레티놀 시카 모공 흔적 크림,에틸헥실글리세린,22,
A000000259039,이니스프리 레티놀 시카 모공 흔적 크림,세테아릴알코올,23,
A000000259039,이니스프리 레티놀 시카 모공 흔적 크림,돌콩오일,24,
A000000259039,이니스프리 레티놀 시카 모공 흔적 크림,토코페롤,25,
A000000259039,이니스프리 레티놀 시카 모공 흔적 크림,글리세릴카프릴레이트,26,
A000000259039,이니스프리 레티놀 시카 모공 흔적 크림,토코페릴아세테이트,27,
A000000259039,이니스프리 레티놀 시카 모공 흔적 크림,다이포타슘글리시리제이트,28,
A000000259039,이니스프리 레티놀 시카 모공 흔적 크림,피토스테롤,29,
A000000259039,이니스프리 레티놀 시카 모공 흔적 크림,해바라기씨오일,30,
A000000259039,이니스프리 레티놀 시카 모공 흔적 크림,다이메틸아이소소바이드,31,
A000000259039,이니스프리 레티놀 시카 모공 흔적 크림,아데노신,32,
A000000259039,이니스프리 레티놀 시카 모공 흔적 크림,솔비탄아이소스테아레이트,33,
A000000259039,이니스프리 레티놀 시카 모공 흔적 크림,세테아릴글루코사이드,34,
A000000259039,이니스프리 레티놀 시카 모공 흔적 크림,폴리글리세릴-6카프릴레이트,35,
A000000259039,이니스프리 레티놀 시카 모공 흔적 크림,당근추출물,36,
A000000259039,이니스프리 레티놀 시카 모공 흔적 크림,소듐메타포스페이트,37,
A000000259039,이니스프리 레티놀 시카 모공 흔적 크림,레티놀,38,
A000000259039,이니스프리 레티놀 시카 모공 흔적 크림,하이알루로닉애씨드,39,
A000000259039,이니스프리 레티놀 시카 모공 흔적 크림,세라마이드엔피,40,
A000000259039,이니스프리 레티놀 시카 모공 흔적 크림,엑토인,41,
A000000259039,이니스프리 레티놀 시카 모공 흔적 크림,하이드록시피나콜론레티노에이트,42,
A000000259039,이니스프리 레티놀 시카 모공 흔적 크림,레틴알,43,
A000000259039,이니스프리 레티놀 시카 모공 흔적 크림,폴리글리세릴-10라우레이트,44,
A000000259039,이니스프리 레티놀 시카 모공 흔적 크림,풀루란,45,
A000000259039,이니스프리 레티놀 시카 모공 흔적 크림,소듐하이알루로네이트,46,
A000000259039,이니스프리 레티놀 시카 모공 흔적 크림,베타-카로틴,47,
A000000259039,이니스프리 레티놀 시카 모공 흔적 크림,프로판다이올,48,
A000000259039,이니스프리 레티놀 시카 모공 흔적 크림,병풀추출물,49,1
A000000259039,이니스프리 레티놀 시카 모공 흔적 크림,글라이코프로테인,50,
A000000259039,이니스프리 레티놀 시카 모공 흔적 크림,프로필렌글라이콜,51,
A000000259039,이니스프리 레티놀 시카 모공 흔적 크림,제인,52,
A000000259039,이니스프리 레티놀 시카 모공 흔적 크림,글리세릴올리에이트,53,
A000000259039,이니스프리 레티놀 시카 모공 흔적 크림,레시틴,54,
A000000259039,이니스프리 레티놀 시카 모공 흔적 크림,라우릴글루코사이드,55,
A000000259039,이니스프리 레티놀 시카 모공 흔적 크림,하이드롤라이즈드하이알루로닉애씨드,56,
A000000259039,이니스프리 레티놀 시카 모공 흔적 크림,폴리글리세릴-6라우레이트,57,
A000000259039,이니스프리 레티놀 시카 모공 흔적 크림,미리스틸글루코사이드,58,
A000000259039,이니스프리 레티놀 시카 모공 흔적 크림,펙틴,59,
A000000259039,이니스프리 레티놀 시카 모공 흔적 크림,소듐하이알루로네이트크로스폴리머,60,
A000000259039,이니스프리 레티놀 시카 모공 흔적 크림,소듐트라이메타포스페이트,61,
A000000259039,이니스프리 레티놀 시카 모공 흔적 크림,잔탄검,62,
A000000259039,이니스프리 레티놀 시카 모공 흔적 크림,소듐아세틸레이티드하이알루로네이트,63,
A000000251937,세타필 시카 세라 장벽 크림,정제수,1,
A000000251937,세타필 시카 세라 장벽 크림,카프릴릭/카프릭트라이글리세라이드,2,
A000000251937,세타필 시카 세라 장벽 크림,글리세린,3,
A000000251937,세타필 시카 세라 장벽 크림,프로판다이올,4,
A000000251937,세타필 시카 세라 장벽 크림,해바라기씨오일,5,
A000000251937,세타필 시카 세라 장벽 크림,펜틸렌글라이콜,6,
A000000251937,세타필 시카 세라 장벽 크림,다이메티콘,7,
A000000251937,세타필 시카 세라 장벽 크림,시어버터,8,
A000000251937,세타필 시카 세라 장벽 크림,세테아릴알코올,9,
A000000251937,세타필 시카 세라 장벽 크림,베헤닐알코올,10,
A000000251937,세타필 시카 세라 장벽 크림,글리세릴스테아레이트,11,
A000000251937,세타필 시카 세라 장벽 크림,토코페릴아세테이트,12,
A000000251937,세타필 시카 세라 장벽 크림,세틸알코올,13,
A000000251937,세타필 시카 세라 장벽 크림,나이아신아마이드,14,
A000000251937,세타필 시카 세라 장벽 크림,글리세릴스테아레이트시트레이트,15,
A000000251937,세타필 시카 세라 장벽 크림,다이소듐에틸렌다이코카마이드피이지-15다이설페이트,16,
A000000251937,세타필 시카 세라 장벽 크림,카프릴릴글라이콜,17,
A000000251937,세타필 시카 세라 장벽 크림,카페인,18,
A000000251937,세타필 시카 세라 장벽 크림,세테아레스-20,19,
A000000251937,세타필 시카 세라 장벽 크림,판테놀,20,
A000000251937,세타필 시카 세라 장벽 크림,알란토인,21,
A000000251937,세타필 시카 세라 장벽 크림,병풀잎추출물,22,2000
A000000251937,세타필 시카 세라 장벽 크림,아크릴레이트/C10-30알킬아크릴레이트크로스폴리머,23,
A000000251937,세타필 시카 세라 장벽 크림,다이소듐이디티에이,24,
A000000251937,세타필 시카 세라 장벽 크림,잔탄검,25,
A000000251937,세타필 시카 세라 장벽 크림,세라마이드엔피,26,
A000000251937,세타필 시카 세라 장벽 크림,소듐하이알루로네이트,27,
A000000251937,세타필 시카 세라 장벽 크림,소듐하이드록사이드,28,
A000000251937,세타필 시카 세라 장벽 크림,판토락톤,29,
A000000251937,세타필 시카 세라 장벽 크림,시트릭애씨드,30,
A000000225409,아누아 어성초 센텔라 레드 스팟 크림,정제수,1,
A000000225409,아누아 어성초 센텔라 레드 스팟 크림,약모밀꽃/잎/줄기수,2,70000
A000000225409,아누아 어성초 센텔라 레드 스팟 크림,글리세린,3,
A000000225409,아누아 어성초 센텔라 레드 스팟 크림,부틸렌글라이콜,4,
A000000225409,아누아 어성초 센텔라 레드 스팟 크림,판테놀,5,
A000000225409,아누아 어성초 센텔라 레드 스팟 크림,"2,3-부탄다이올",6,
A000000225409,아누아 어성초 센텔라 레드 스팟 크림,다이카프릴릴카보네이트,7,
A000000225409,아누아 어성초 센텔라 레드 스팟 크림,메틸트라이메티콘,8,
A000000225409,아누아 어성초 센텔라 레드 스팟 크림,나이아신아마이드,9,
A000000225409,아누아 어성초 센텔라 레드 스팟 크림,"1,2-헥산다이올",10,
A000000225409,아누아 어성초 센텔라 레드 스팟 크림,펜틸렌글라이콜,11,
A000000225409,아누아 어성초 센텔라 레드 스팟 크림,스쿠알란,12,
A000000225409,아누아 어성초 센텔라 레드 스팟 크림,세테아릴올리베이트,13,
A000000225409,아누아 어성초 센텔라 레드 스팟 크림,솔비탄올리베이트,14,
A000000225409,아누아 어성초 센텔라 레드 스팟 크림,하이드로제네이티드올리브오일데실에스터,15,
A000000225409,아누아 어성초 센텔라 레드 스팟 크림,칸디다 봄비콜라/글루코오스/메틸레이프씨데이트발효물,16,
A000000225409,아누아 어성초 센텔라 레드 스팟 크림,올리브오일불검화물,17,
A000000225409,아누아 어성초 센텔라 레드 스팟 크림,인도멀구슬나무잎추출물,18,
A000000225409,아누아 어성초 센텔라 레드 스팟 크림,인도멀구슬나무꽃추출물,19,
A000000225409,아누아 어성초 센텔라 레드 스팟 크림,홀리바질잎추출물,20,
A000000225409,아누아 어성초 센텔라 레드 스팟 크림,마카다미아씨오일,21,
A000000225409,아누아 어성초 센텔라 레드 스팟 크림,울금뿌리추출물,22,
A000000225409,아누아 어성초 센텔라 레드 스팟 크림,참산호말추출물,23,
A000000225409,아누아 어성초 센텔라 레드 스팟 크림,솔비톨,24,
A000000225409,아누아 어성초 센텔라 레드 스팟 크림,다이페닐실록시페닐트라이메티콘,25,
A000000225409,아누아 어성초 센텔라 레드 스팟 크림,수크로오스폴리스테아레이트,26,
A000000225409,아누아 어성초 센텔라 레드 스팟 크림,하이드로제네이티드폴리아이소부텐,27,
A000000225409,아누아 어성초 센텔라 레드 스팟 크림,폴리C10-30알킬아크릴레이트,28,
A000000225409,아누아 어성초 센텔라 레드 스팟 크림,스테아릴다이메티콘,29,
A000000225409,아누아 어성초 센텔라 레드 스팟 크림,세틸팔미테이트,30,
A000000225409,아누아 어성초 센텔라 레드 스팟 크림,아크릴레이트/C10-30알킬아크릴레이트크로스폴리머,31,
A000000225409,아누아 어성초 센텔라 레드 스팟 크림,폴리글리세릴-3다이스테아레이트,32,
A000000225409,아누아 어성초 센텔라 레드 스팟 크림,하이드록시에틸아크릴레이트/소듐아크릴로일다이메틸타우레이트코폴리머,33,
A000000225409,아누아 어성초 센텔라 레드 스팟 크림,솔비탄팔미테이트,34,
A000000225409,아누아 어성초 센텔라 레드 스팟 크림,아미노메틸프로판다이올,35,
A000000225409,아누아 어성초 센텔라 레드 스팟 크림,셀룰로오스,36,
A000000225409,아누아 어성초 센텔라 레드 스팟 크림,글리세릴스테아레이트,37,
A000000225409,아누아 어성초 센텔라 레드 스팟 크림,소듐아크릴레이트/소듐아크릴로일다이메틸타우레이트코폴리머,38,
A000000225409,아누아 어성초 센텔라 레드 스팟 크림,폴리아이소부텐,39,
A000000225409,아누아 어성초 센텔라 레드 스팟 크림,폴리글리세릴-6카프릴레이트,40,
A000000225409,아누아 어성초 센텔라 레드 스팟 크림,하이드로제네이티드레시틴,41,
A000000225409,아누아 어성초 센텔라 레드 스팟 크림,에틸헥실글리세린,42,
A000000225409,아누아 어성초 센텔라 레드 스팟 크림,폴리글리세릴-4카프레이트,43,
A000000225409,아누아 어성초 센텔라 레드 스팟 크림,아데노신,44,
A000000225409,아누아 어성초 센텔라 레드 스팟 크림,소듐파이테이트,45,
A000000225409,아누아 어성초 센텔라 레드 스팟 크림,솔비탄아이소스테아레이트,46,
A000000225409,아누아 어성초 센텔라 레드 스팟 크림,글리세릴스테아레이트시트레이트,47,
A000000225409,아누아 어성초 센텔라 레드 스팟 크림,베타-시토스테롤,48,
A000000225409,아누아 어성초 센텔라 레드 스팟 크림,알란토인,49,
A000000225409,아누아 어성초 센텔라 레드 스팟 크림,카프릴릴/카프릴글루코사이드,50,
A000000225409,아누아 어성초 센텔라 레드 스팟 크림,솔비탄올리에이트,51,
A000000225409,아누아 어성초 센텔라 레드 스팟 크림,마데카식애씨드,52,66
A000000225409,아누아 어성초 센텔라 레드 스팟 크림,아시아티코사이드,53,36
A000000225409,아누아 어성초 센텔라 레드 스팟 크림,마데카소사이드,54,36
A000000225409,아누아 어성초 센텔라 레드 스팟 크림,피토스테롤,55,
A000000225409,아누아 어성초 센텔라 레드 스팟 크림,스테아릭애씨드,56,
A000000225409,아누아 어성초 센텔라 레드 스팟 크림,아시아틱애씨드,57,18
A000000225409,아누아 어성초 센텔라 레드 스팟 크림,토코페롤,58,
A000000225409,아누아 어성초 센텔라 레드 스팟 크림,세라마이드엔피,59,
A000000225409,아누아 어성초 센텔라 레드 스팟 크림,콜레스테롤,60,
A000000225409,아누아 어성초 센텔라 레드 스팟 크림,피토스핑고신,61,
A000000225409,아누아 어성초 센텔라 레드 스팟 크림,세라마이드엔지,62,
A000000225409,아누아 어성초 센텔라 레드 스팟 크림,세라마이드엔에스,63,
A000000225409,아누아 어성초 센텔라 레드 스팟 크림,세라마이드에이피,64,
A000000225409,아누아 어성초 센텔라 레드 스팟 크림,세라마이드에이에스,65,
A000000225409,아누아 어성초 센텔라 레드 스팟 크림,세라마이드이오피,66,
A000000225409,아누아 어성초 센텔라 레드 스팟 크림,세테아릴알코올,67,
A000000231638,디오디너리 설퍼 10% 파우더-투-크림 컨센트레이트,글리세린,1,
A000000231638,디오디너리 설퍼 10% 파우더-투-크림 컨센트레이트,프로판다이올,2,
A000000231638,디오디너리 설퍼 10% 파우더-투-크림 컨센트레이트,실리카실릴레이트,3,
A000000231638,디오디너리 설퍼 10% 파우더-투-크림 컨센트레이트,황,4,100000
A000000231638,디오디너리 설퍼 10% 파우더-투-크림 컨센트레이트,정제수,5,
A000000231638,디오디너리 설퍼 10% 파우더-투-크림 컨센트레이트,카르니틴,6,
A000000231638,디오디너리 설퍼 10% 파우더-투-크림 컨센트레이트,나이아신아마이드,7,
A000000231638,디오디너리 설퍼 10% 파우더-투-크림 컨센트레이트,아라비아고무나무검,8,
A000000231638,디오디너리 설퍼 10% 파우더-투-크림 컨센트레이트,카올린,9,
A000000231638,디오디너리 설퍼 10% 파우더-투-크림 컨센트레이트,폴리라이신,10,
A000000231638,디오디너리 설퍼 10% 파우더-투-크림 컨센트레이트,시트릭애씨드,11,
A000000231638,디오디너리 설퍼 10% 파우더-투-크림 컨센트레이트,소듐시트레이트,12,
A000000231638,디오디너리 설퍼 10% 파우더-투-크림 컨센트레이트,에틸헥실글리세린,13,
A000000231638,디오디너리 설퍼 10% 파우더-투-크림 컨센트레이트,페녹시에탄올,14,
A000000231638,디오디너리 설퍼 10% 파우더-투-크림 컨센트레이트,클로페네신,15,
A000000228255,더마팩토리 바쿠치올 1% 크림,비피다발효용해물,1,
A000000228255,더마팩토리 바쿠치올 1% 크림,부틸렌글라이콜,2,
A000000228255,더마팩토리 바쿠치올 1% 크림,글리세린,3,
A000000228255,더마팩토리 바쿠치올 1% 크림,폴리글리세릴-3다이스테아레이트,4,
A000000228255,더마팩토리 바쿠치올 1% 크림,세틸에틸헥사노에이트,5,
A000000228255,더마팩토리 바쿠치올 1% 크림,스쿠알란,6,
A000000228255,더마팩토리 바쿠치올 1% 크림,페닐트라이메티콘,7,
A000000228255,더마팩토리 바쿠치올 1% 크림,카프릴릭/카프릭트라이글리세라이드,8,
A000000228255,더마팩토리 바쿠치올 1% 크림,세테아릴알코올,9,
A000000228255,더마팩토리 바쿠치올 1% 크림,"1,2-헥산다이올",10,
A000000228255,더마팩토리 바쿠치올 1% 크림,바쿠치올,11,
A000000228255,더마팩토리 바쿠치올 1% 크림,시어버터,12,
A000000228255,더마팩토리 바쿠치올 1% 크림,글리세릴스테아레이트시트레이트,13,
A000000228255,더마팩토리 바쿠치올 1% 크림,하이드록시프로필스타치포스페이트,14,
A000000228255,더마팩토리 바쿠치올 1% 크림,아크릴레이트/C10-30알킬아크릴레이트크로스폴리머,15,
A000000228255,더마팩토리 바쿠치올 1% 크림,하이드록시에틸아크릴레이트/소듐아크릴로일다이메틸타우레이트코폴리머,16,
A000000228255,더마팩토리 바쿠치올 1% 크림,트로메타민,17,
A000000228255,더마팩토리 바쿠치올 1% 크림,에틸헥실글리세린,18,
A000000228255,더마팩토리 바쿠치올 1% 크림,아데노신,19,
A000000228255,더마팩토리 바쿠치올 1% 크림,다이소듐이디티에이,20,
A000000228255,더마팩토리 바쿠치올 1% 크림,카카오추출물,21,
A000000228255,더마팩토리 바쿠치올 1% 크림,정제수,22,
A000000228255,더마팩토리 바쿠치올 1% 크림,솔비탄아이소스테아레이트,23,
A000000228255,더마팩토리 바쿠치올 1% 크림,덱스트린,24,
A000000224147,바이오힐보 프로바이오덤 3D리프팅 스킨케어,정제수,1,
A000000224147,바이오힐보 프로바이오덤 3D리프팅 스킨케어,락토바실러스발효용해물,2,
A000000224147,바이오힐보 프로바이오덤 3D리프팅 스킨케어,글리세린,3,
A000000224147,바이오힐보 프로바이오덤 3D리프팅 스킨케어,카프릴릭/카프릭트라이글리세라이드,4,
A000000224147,바이오힐보 프로바이오덤 3D리프팅 스킨케어,다이아이소스테아릴말레이트,5,
A000000224147,바이오힐보 프로바이오덤 3D리프팅 스킨케어,세테아릴알코올,6,
A000000224147,바이오힐보 프로바이오덤 3D리프팅 스킨케어,세테아릴올리베이트,7,
A000000224147,바이오힐보 프로바이오덤 3D리프팅 스킨케어,락토바실러스발효물,8,
A000000224147,바이오힐보 프로바이오덤 3D리프팅 스킨케어,프룩토올리고사카라이드,9,
A000000224147,바이오힐보 프로바이오덤 3D리프팅 스킨케어,프룩탄,10,
A000000224147,바이오힐보 프로바이오덤 3D리프팅 스킨케어,이눌린,11,
A000000224147,바이오힐보 프로바이오덤 3D리프팅 스킨케어,판테놀,12,
A000000224147,바이오힐보 프로바이오덤 3D리프팅 스킨케어,베타인,13,
A000000224147,바이오힐보 프로바이오덤 3D리프팅 스킨케어,베타-글루칸,14,
A000000224147,바이오힐보 프로바이오덤 3D리프팅 스킨케어,아데노신,15,
A000000224147,바이오힐보 프로바이오덤 3D리프팅 스킨케어,사포닌,16,
A000000224147,바이오힐보 프로바이오덤 3D리프팅 스킨케어,수용성프로테오글리칸,17,
A000000224147,바이오힐보 프로바이오덤 3D리프팅 스킨케어,아세틸테트라펩타이드-5,18,
A000000224147,바이오힐보 프로바이오덤 3D리프팅 스킨케어,노나펩타이드-1,19,
A000000224147,바이오힐보 프로바이오덤 3D리프팅 스킨케어,아세틸테트라펩타이드-9,20,
A000000224147,바이오힐보 프로바이오덤 3D리프팅 스킨케어,아세틸헥사펩타이드-1,21,
A000000224147,바이오힐보 프로바이오덤 3D리프팅 스킨케어,아세틸헥사펩타이드-8,22,
A000000224147,바이오힐보 프로바이오덤 3D리프팅 스킨케어,팔미토일트라이펩타이드-8,23,
A000000224147,바이오힐보 프로바이오덤 3D리프팅 스킨케어,다이펩타이드다이아미노부티로일벤질아마이드다이아세테이트,24,
A000000224147,바이오힐보 프로바이오덤 3D리프팅 스킨케어,카퍼트라이펩타이드-1,25,
A000000224147,바이오힐보 프로바이오덤 3D리프팅 스킨케어,트라이펩타이드-1,26,
A000000224147,바이오힐보 프로바이오덤 3D리프팅 스킨케어,팔미토일테트라펩타이드-7,27,
A000000224147,바이오힐보 프로바이오덤 3D리프팅 스킨케어,팔미토일트라이펩타이드-1,28,
A000000224147,바이오힐보 프로바이오덤 3D리프팅 스킨케어,팔미토일트라이펩타이드-5,29,
A000000224147,바이오힐보 프로바이오덤 3D리프팅 스킨케어,팔미토일펜타펩타이드-4,30,
A000000224147,바이오힐보 프로바이오덤 3D리프팅 스킨케어,팔미토일헥사펩타이드-12,31,
A000000224147,바이오힐보 프로바이오덤 3D리프팅 스킨케어,펜타펩타이드-3,32,
A000000224147,바이오힐보 프로바이오덤 3D리프팅 스킨케어,헥사펩타이드-9,33,
A000000224147,바이오힐보 프로바이오덤 3D리프팅 스킨케어,올리고펩타이드-2,34,
A000000224147,바이오힐보 프로바이오덤 3D리프팅 스킨케어,다시마추출물,35,
A000000224147,바이오힐보 프로바이오덤 3D리프팅 스킨케어,한련초잎추출물,36,
A000000224147,바이오힐보 프로바이오덤 3D리프팅 스킨케어,맥아추출물,37,
A000000224147,바이오힐보 프로바이오덤 3D리프팅 스킨케어,오일팜오일,38,
A000000224147,바이오힐보 프로바이오덤 3D리프팅 스킨케어,하이드로제네이티드레시틴,39,
A000000224147,바이오힐보 프로바이오덤 3D리프팅 스킨케어,폴리글리세린-3,40,
A000000224147,바이오힐보 프로바이오덤 3D리프팅 스킨케어,폴리메틸실세스퀴옥세인,41,
A000000224147,바이오힐보 프로바이오덤 3D리프팅 스킨케어,피토스테릴/베헤닐/옥틸도데실라우로일글루타메이트,42,
A000000224147,바이오힐보 프로바이오덤 3D리프팅 스킨케어,솔비탄올리베이트,43,
A000000224147,바이오힐보 프로바이오덤 3D리프팅 스킨케어,스테아릴다이메티콘,44,
A000000224147,바이오힐보 프로바이오덤 3D리프팅 스킨케어,"1,2-헥산다이올",45,
A000000224147,바이오힐보 프로바이오덤 3D리프팅 스킨케어,부틸렌글라이콜,46,
A000000224147,바이오힐보 프로바이오덤 3D리프팅 스킨케어,비닐다이메티콘,47,
A000000224147,바이오힐보 프로바이오덤 3D리프팅 스킨케어,암모늄아크릴로일다이메틸타우레이트/브이피코폴리머,48,
A000000224147,바이오힐보 프로바이오덤 3D리프팅 스킨케어,하이드록시에틸아크릴레이트/소듐아크릴로일다이메틸타우레이트코폴리머,49,
A000000224147,바이오힐보 프로바이오덤 3D리프팅 스킨케어,다이메티콘/비닐다이메티콘크로스폴리머,50,
A000000224147,바이오힐보 프로바이오덤 3D리프팅 스킨케어,하이드록시아세토페논,51,
A000000224147,바이오힐보 프로바이오덤 3D리프팅 스킨케어,옥타데센,52,
A000000224147,바이오힐보 프로바이오덤 3D리프팅 스킨케어,칸데릴라왁스,53,
A000000224147,바이오힐보 프로바이오덤 3D리프팅 스킨케어,다이프로필렌글라이콜,54,
A000000224147,바이오힐보 프로바이오덤 3D리프팅 스킨케어,폴리아크릴레이트-13,55,
A000000224147,바이오힐보 프로바이오덤 3D리프팅 스킨케어,에틸헥실글리세린,56,
A000000224147,바이오힐보 프로바이오덤 3D리프팅 스킨케어,잔탄검,57,
A000000224147,바이오힐보 프로바이오덤 3D리프팅 스킨케어,글리세릴아크릴레이트/아크릴릭애씨드코폴리머,58,
A000000224147,바이오힐보 프로바이오덤 3D리프팅 스킨케어,하이드로제네이티드폴리아이소부텐,59,
A000000224147,바이오힐보 프로바이오덤 3D리프팅 스킨케어,솔비탄아이소스테아레이트,60,
A000000224147,바이오힐보 프로바이오덤 3D리프팅 스킨케어,폴리글리세릴-10미리스테이트,61,
A000000224147,바이오힐보 프로바이오덤 3D리프팅 스킨케어,다이소듐이디티에이,62,
A000000224147,바이오힐보 프로바이오덤 3D리프팅 스킨케어,폴리글리세릴-10라우레이트,63,
A000000224147,바이오힐보 프로바이오덤 3D리프팅 스킨케어,에틸헥실팔미테이트,64,
A000000224147,바이오힐보 프로바이오덤 3D리프팅 스킨케어,하이드롤라이즈드하이알루로닉애씨드,65,
A000000224147,바이오힐보 프로바이오덤 3D리프팅 스킨케어,사이아노코발아민,66,
A000000224147,바이오힐보 프로바이오덤 3D리프팅 스킨케어,알지닌,67,
A000000224147,바이오힐보 프로바이오덤 3D리프팅 스킨케어,카보머,68,
A000000224147,바이오힐보 프로바이오덤 3D리프팅 스킨케어,말토덱스트린,69,
A000000224147,바이오힐보 프로바이오덤 3D리프팅 스킨케어,토코페롤,70,
A000000224147,바이오힐보 프로바이오덤 3D리프팅 스킨케어,프로판다이올,71,
A000000224147,바이오힐보 프로바이오덤 3D리프팅 스킨케어,소듐포스페이트,72,
A000000224147,바이오힐보 프로바이오덤 3D리프팅 스킨케어,카프릴릴글라이콜,73,
A000000224147,바이오힐보 프로바이오덤 3D리프팅 스킨케어,알진,74,
A000000224147,바이오힐보 프로바이오덤 3D리프팅 스킨케어,바이오사카라이드검-4,75,
A000000224147,바이오힐보 프로바이오덤 3D리프팅 스킨케어,덱스트란,76,
A000000224147,바이오힐보 프로바이오덤 3D리프팅 스킨케어,미네랄솔트,77,
A000000224147,바이오힐보 프로바이오덤 3D리프팅 스킨케어,다이소듐포스페이트,78,
A000000224147,바이오힐보 프로바이오덤 3D리프팅 스킨케어,향료,79,
A000000200356,닥터디퍼런트 비타리프트 에이 포르테,정제수,1,
A000000200356,닥터디퍼런트 비타리프트 에이 포르테,세틸에틸헥사노에이트,2,
A000000200356,닥터디퍼런트 비타리프트 에이 포르테,글리세린,3,
A000000200356,닥터디퍼런트 비타리프트 에이 포르테,스쿠알란,4,
A000000200356,닥터디퍼런트 비타리프트 에이 포르테,잇꽃씨오일,5,
A000000200356,닥터디퍼런트 비타리프트 에이 포르테,시어버터,6,
A000000200356,닥터디퍼런트 비타리프트 에이 포르테,유채스테롤,7,
A000000200356,닥터디퍼런트 비타리프트 에이 포르테,콜레스테롤,8,
A000000200356,닥터디퍼런트 비타리프트 에이 포르테,피토스테릴/베헤닐/옥틸도데실라우로일글루타메이트,9,
A000000200356,닥터디퍼런트 비타리프트 에이 포르테,"1,2-헥산다이올",10,
A000000200356,닥터디퍼런트 비타리프트 에이 포르테,폴리글리세릴-10올리에이트,11,
A000000200356,닥터디퍼런트 비타리프트 에이 포르테,소듐하이알루로네이트,12,
A000000200356,닥터디퍼런트 비타리프트 에이 포르테,하이드로제네이티드레시틴,13,
A000000200356,닥터디퍼런트 비타리프트 에이 포르테,폴리글루타믹애씨드,14,
A000000200356,닥터디퍼런트 비타리프트 에이 포르테,세라마이드엔피,15,
A000000200356,닥터디퍼런트 비타리프트 에이 포르테,레틴알,16,1000
A000000200356,닥터디퍼런트 비타리프트 에이 포르테,스테아릭애씨드,17,
A000000200356,닥터디퍼런트 비타리프트 에이 포르테,올레익애씨드,18,
A000000200356,닥터디퍼런트 비타리프트 에이 포르테,토코페롤,19,
A000000200356,닥터디퍼런트 비타리프트 에이 포르테,아데노신,20,
A000000200356,닥터디퍼런트 비타리프트 에이 포르테,다이소듐이디티에이,21,
A000000230877,바이오던스 포어 퍼펙팅 콜라겐 펩타이드 크림,콜라겐수,1,
A000000230877,바이오던스 포어 퍼펙팅 콜라겐 펩타이드 크림,글리세린,2,
A000000230877,바이오던스 포어 퍼펙팅 콜라겐 펩타이드 크림,메틸프로판다이올,3,
A000000230877,바이오던스 포어 퍼펙팅 콜라겐 펩타이드 크림,다이페닐다이메티콘,4,
A000000230877,바이오던스 포어 퍼펙팅 콜라겐 펩타이드 크림,네오펜틸글라이콜다이헵타노에이트,5,
A000000230877,바이오던스 포어 퍼펙팅 콜라겐 펩타이드 크림,트라이에틸헥사노인,6,
A000000230877,바이오던스 포어 퍼펙팅 콜라겐 펩타이드 크림,"1,2-헥산다이올",7,
A000000230877,바이오던스 포어 퍼펙팅 콜라겐 펩타이드 크림,세테아릴알코올,8,
A000000230877,바이오던스 포어 퍼펙팅 콜라겐 펩타이드 크림,나이아신아마이드,9,
A000000230877,바이오던스 포어 퍼펙팅 콜라겐 펩타이드 크림,하이드로제네이티드폴리데센,10,
A000000230877,바이오던스 포어 퍼펙팅 콜라겐 펩타이드 크림,시메티콘,11,
A000000230877,바이오던스 포어 퍼펙팅 콜라겐 펩타이드 크림,세테아릴올리베이트,12,
A000000230877,바이오던스 포어 퍼펙팅 콜라겐 펩타이드 크림,하이드로제네이티드폴리(C6-14올레핀),13,
A000000230877,바이오던스 포어 퍼펙팅 콜라겐 펩타이드 크림,글리세릴스테아레이트,14,
A000000230877,바이오던스 포어 퍼펙팅 콜라겐 펩타이드 크림,솔비탄올리베이트,15,
A000000230877,바이오던스 포어 퍼펙팅 콜라겐 펩타이드 크림,다이머다이리놀레일다이머다이리놀리에이트,16,
A000000230877,바이오던스 포어 퍼펙팅 콜라겐 펩타이드 크림,정제수,17,
A000000230877,바이오던스 포어 퍼펙팅 콜라겐 펩타이드 크림,소듐아크릴레이트/소듐아크릴로일다이메틸타우레이트코폴리머,18,
A000000230877,바이오던스 포어 퍼펙팅 콜라겐 펩타이드 크림,폴리아이소부텐,19,
A000000230877,바이오던스 포어 퍼펙팅 콜라겐 펩타이드 크림,소듐폴리아크릴레이트,20,
A000000230877,바이오던스 포어 퍼펙팅 콜라겐 펩타이드 크림,에틸헥실글리세린,21,
A000000230877,바이오던스 포어 퍼펙팅 콜라겐 펩타이드 크림,아데노신,22,
A000000230877,바이오던스 포어 퍼펙팅 콜라겐 펩타이드 크림,카프릴릴/카프릴글루코사이드,23,
A000000230877,바이오던스 포어 퍼펙팅 콜라겐 펩타이드 크림,솔비탄올리에이트,24,
A000000230877,바이오던스 포어 퍼펙팅 콜라겐 펩타이드 크림,다이소듐이디티에이,25,
A000000230877,바이오던스 포어 퍼펙팅 콜라겐 펩타이드 크림,판테놀,26,
A000000230877,바이오던스 포어 퍼펙팅 콜라겐 펩타이드 크림,사이아노코발아민,27,
A000000230877,바이오던스 포어 퍼펙팅 콜라겐 펩타이드 크림,미네랄워터,28,
A000000230877,바이오던스 포어 퍼펙팅 콜라겐 펩타이드 크림,토코페롤,29,
A000000230877,바이오던스 포어 퍼펙팅 콜라겐 펩타이드 크림,프로판다이올,30,
A000000230877,바이오던스 포어 퍼펙팅 콜라겐 펩타이드 크림,부틸렌글라이콜,31,
A000000230877,바이오던스 포어 퍼펙팅 콜라겐 펩타이드 크림,콜라겐추출물,32,
A000000230877,바이오던스 포어 퍼펙팅 콜라겐 펩타이드 크림,소듐하이알루로네이트,33,
A000000230877,바이오던스 포어 퍼펙팅 콜라겐 펩타이드 크림,알지닉애씨드,34,
A000000230877,바이오던스 포어 퍼펙팅 콜라겐 펩타이드 크림,펜틸렌글라이콜,35,
A000000230877,바이오던스 포어 퍼펙팅 콜라겐 펩타이드 크림,실란트라이올,36,
A000000230877,바이오던스 포어 퍼펙팅 콜라겐 펩타이드 크림,카프릴릴글라이콜,37,
A000000230877,바이오던스 포어 퍼펙팅 콜라겐 펩타이드 크림,엘라스틴,38,
A000000230877,바이오던스 포어 퍼펙팅 콜라겐 펩타이드 크림,하이드록시프로필트라이모늄하이알루로네이트,39,
A000000230877,바이오던스 포어 퍼펙팅 콜라겐 펩타이드 크림,하이드롤라이즈드엘라스틴,40,
A000000230877,바이오던스 포어 퍼펙팅 콜라겐 펩타이드 크림,수용성엘라스틴,41,
A000000230877,바이오던스 포어 퍼펙팅 콜라겐 펩타이드 크림,소듐아세틸레이티드하이알루로네이트,42,
A000000230877,바이오던스 포어 퍼펙팅 콜라겐 펩타이드 크림,하이드롤라이즈드하이알루로닉애씨드,43,
A000000230877,바이오던스 포어 퍼펙팅 콜라겐 펩타이드 크림,하이알루로닉애씨드,44,
A000000230877,바이오던스 포어 퍼펙팅 콜라겐 펩타이드 크림,하이드롤라이즈드소듐하이알루로네이트,45,
A000000230877,바이오던스 포어 퍼펙팅 콜라겐 펩타이드 크림,소듐하이알루로네이트크로스폴리머,46,
A000000230877,바이오던스 포어 퍼펙팅 콜라겐 펩타이드 크림,포타슘하이알루로네이트,47,
A000000230877,바이오던스 포어 퍼펙팅 콜라겐 펩타이드 크림,에스에이치-올리고펩타이드-1,48,
A000000230877,바이오던스 포어 퍼펙팅 콜라겐 펩타이드 크림,트라이펩타이드-1,49,
A000000230877,바이오던스 포어 퍼펙팅 콜라겐 펩타이드 크림,헥사펩타이드-12,50,
A000000230877,바이오던스 포어 퍼펙팅 콜라겐 펩타이드 크림,헥사펩타이드-9,51,
A000000230877,바이오던스 포어 퍼펙팅 콜라겐 펩타이드 크림,팔미토일트라이펩타이드-5,52,
A000000230877,바이오던스 포어 퍼펙팅 콜라겐 펩타이드 크림,펜타펩타이드-4,53,
A000000230877,바이오던스 포어 퍼펙팅 콜라겐 펩타이드 크림,팔미토일트라이펩타이드-38,54,
A000000230877,바이오던스 포어 퍼펙팅 콜라겐 펩타이드 크림,팔미토일펜타펩타이드-4,55,
A000000230877,바이오던스 포어 퍼펙팅 콜라겐 펩타이드 크림,아세틸헥사펩타이드-8,56,
A000000230877,바이오던스 포어 퍼펙팅 콜라겐 펩타이드 크림,카퍼트라이펩타이드-1,57,
A000000171829,바이오더마 아토덤 인텐시브 밤,정제수,1,
A000000171829,바이오더마 아토덤 인텐시브 밤,글리세린,2,
A000000171829,바이오더마 아토덤 인텐시브 밤,미네랄오일,3,
A000000171829,바이오더마 아토덤 인텐시브 밤,해바라기씨오일,4,
A000000171829,바이오더마 아토덤 인텐시브 밤,베헤닐알코올,5,
A000000171829,바이오더마 아토덤 인텐시브 밤,수크로오스스테아레이트,6,
A000000171829,바이오더마 아토덤 인텐시브 밤,카놀라오일,7,
A000000171829,바이오더마 아토덤 인텐시브 밤,하이드록시에틸아크릴레이트/소듐아크릴로일다이메틸타우레이트코폴리머,8,
A000000171829,바이오더마 아토덤 인텐시브 밤,펜틸렌글라이콜,9,
A000000171829,바이오더마 아토덤 인텐시브 밤,베타-시토스테롤,10,
A000000171829,바이오더마 아토덤 인텐시브 밤,자일리톨,11,
A000000171829,바이오더마 아토덤 인텐시브 밤,징크글루코네이트,12,
A000000171829,바이오더마 아토덤 인텐시브 밤,아크릴레이트/C10-30알킬아크릴레이트크로스폴리머,13,
A000000171829,바이오더마 아토덤 인텐시브 밤,팔미타마이드엠이에이,14,
A000000171829,바이오더마 아토덤 인텐시브 밤,"1,2-헥산다이올",15,
A000000171829,바이오더마 아토덤 인텐시브 밤,카프릴릴글라이콜,16,
A000000171829,바이오더마 아토덤 인텐시브 밤,소듐시트레이트,17,
A000000171829,바이오더마 아토덤 인텐시브 밤,만니톨,18,
A000000171829,바이오더마 아토덤 인텐시브 밤,람노오스,19,
A000000171829,바이오더마 아토덤 인텐시브 밤,소듐라우로일락틸레이트,20,
A000000171829,바이오더마 아토덤 인텐시브 밤,소듐하이드록사이드,21,
A000000171829,바이오더마 아토덤 인텐시브 밤,폴리솔베이트60,22,
A000000171829,바이오더마 아토덤 인텐시브 밤,솔비탄아이소스테아레이트,23,
A000000171829,바이오더마 아토덤 인텐시브 밤,토코페롤,24,
A000000171829,바이오더마 아토덤 인텐시브 밤,피토스핑고신,25,
A000000171829,바이오더마 아토덤 인텐시브 밤,세라마이드엔피,26,
A000000171829,바이오더마 아토덤 인텐시브 밤,에틸헥실글리세린,27,
A000000171829,바이오더마 아토덤 인텐시브 밤,세라마이드에이피,28,
A000000171829,바이오더마 아토덤 인텐시브 밤,콜레스테롤,29,
A000000171829,바이오더마 아토덤 인텐시브 밤,카보머,30,
A000000171829,바이오더마 아토덤 인텐시브 밤,잔탄검,31,
A000000171829,바이오더마 아토덤 인텐시브 밤,프룩토올리고사카라이드,32,
A000000171829,바이오더마 아토덤 인텐시브 밤,카프릴릭/카프릭트라이글리세라이드,33,
A000000171829,바이오더마 아토덤 인텐시브 밤,라미나리아 오크롤레우카추출물,34,
A000000171829,바이오더마 아토덤 인텐시브 밤,시트릭애씨드,35,
A000000171829,바이오더마 아토덤 인텐시브 밤,세라마이드이오피,36,
A000000243333,키엘 울트라 훼이셜 메디크림,정제수,1,
A000000243333,키엘 울트라 훼이셜 메디크림,글리세린,2,
A000000243333,키엘 울트라 훼이셜 메디크림,카프릴릭/카프릭트라이글리세라이드,3,
A000000243333,키엘 울트라 훼이셜 메디크림,스쿠알란,4,
A000000243333,키엘 울트라 훼이셜 메디크림,시어버터,5,
A000000243333,키엘 울트라 훼이셜 메디크림,스테아릴알코올,6,
A000000243333,키엘 울트라 훼이셜 메디크림,세틸알코올,7,
A000000243333,키엘 울트라 훼이셜 메디크림,미리스틸미리스테이트,8,
A000000243333,키엘 울트라 훼이셜 메디크림,콜로이달오트밀,9,
A000000243333,키엘 울트라 훼이셜 메디크림,C15-19알케인,10,
A000000243333,키엘 울트라 훼이셜 메디크림,페녹시에탄올,11,
A000000243333,키엘 울트라 훼이셜 메디크림,판테놀,12,
A000000243333,키엘 울트라 훼이셜 메디크림,글리세릴스테아레이트,13,
A000000243333,키엘 울트라 훼이셜 메디크림,다이메티콘,14,
A000000243333,키엘 울트라 훼이셜 메디크림,피이지-100스테아레이트,15,
A000000243333,키엘 울트라 훼이셜 메디크림,아보카도오일,16,
A000000243333,키엘 울트라 훼이셜 메디크림,클로페네신,17,
A000000243333,키엘 울트라 훼이셜 메디크림,스테아릭애씨드,18,
A000000243333,키엘 울트라 훼이셜 메디크림,팔미틱애씨드,19,
A000000243333,키엘 울트라 훼이셜 메디크림,트라이소듐에틸렌다이아민다이석시네이트,20,
A000000243333,키엘 울트라 훼이셜 메디크림,카보머,21,
A000000243333,키엘 울트라 훼이셜 메디크림,아크릴레이트/C10-30알킬아크릴레이트크로스폴리머,22,
A000000243333,키엘 울트라 훼이셜 메디크림,토코페롤,23,
A000000243333,키엘 울트라 훼이셜 메디크림,비사보롤,24,
A000000243333,키엘 울트라 훼이셜 메디크림,징크글루코네이트,25,
A000000243333,키엘 울트라 훼이셜 메디크림,돌콩오일,26,
A000000243333,키엘 울트라 훼이셜 메디크림,펜타에리스리틸테트라-다이-t-부틸하이드록시하이드로신나메이트,27,
A000000243333,키엘 울트라 훼이셜 메디크림,잔탄검,28,
A000000243333,키엘 울트라 훼이셜 메디크림,에틸헥실글리세린,29,
A000000243333,키엘 울트라 훼이셜 메디크림,아데노신,30,
A000000243333,키엘 울트라 훼이셜 메디크림,소듐하이드록사이드,31,
A000000243333,키엘 울트라 훼이셜 메디크림,미리스틱애씨드,32,
A000000243333,키엘 울트라 훼이셜 메디크림,시트릭애씨드,33,
A000000243333,키엘 울트라 훼이셜 메디크림,해바라기씨오일,34,
A000000243333,키엘 울트라 훼이셜 메디크림,로즈마리잎추출물,35,
A000000212016,에센허브 티트리 수딩 인 카밍 크림,정제수,1,
A000000212016,에센허브 티트리 수딩 인 카밍 크림,글리세린,2,
A000000212016,에센허브 티트리 수딩 인 카밍 크림,부틸렌글라이콜,3,
A000000212016,에센허브 티트리 수딩 인 카밍 크림,티트리잎수,4,
A000000212016,에센허브 티트리 수딩 인 카밍 크림,카프릴릭/카프릭트라이글리세라이드,5,
A000000212016,에센허브 티트리 수딩 인 카밍 크림,다이카프릴릴카보네이트,6,
A000000212016,에센허브 티트리 수딩 인 카밍 크림,티트리잎추출물,7,
A000000212016,에센허브 티트리 수딩 인 카밍 크림,펜틸렌글라이콜,8,
A000000212016,에센허브 티트리 수딩 인 카밍 크림,"1,2-헥산다이올",9,
A000000212016,에센허브 티트리 수딩 인 카밍 크림,라벤더오일,10,
A000000212016,에센허브 티트리 수딩 인 카밍 크림,티트리잎오일,11,
A000000212016,에센허브 티트리 수딩 인 카밍 크림,티트리추출물,12,
A000000212016,에센허브 티트리 수딩 인 카밍 크림,티트리꽃/잎/줄기추출물,13,
A000000212016,에센허브 티트리 수딩 인 카밍 크림,백미꽃추출물,14,
A000000212016,에센허브 티트리 수딩 인 카밍 크림,오렌지껍질오일,15,
A000000212016,에센허브 티트리 수딩 인 카밍 크림,접시꽃추출물,16,
A000000212016,에센허브 티트리 수딩 인 카밍 크림,병풀잎추출물,17,
A000000212016,에센허브 티트리 수딩 인 카밍 크림,유칼립투스잎추출물,18,
A000000212016,에센허브 티트리 수딩 인 카밍 크림,다이글리세린,19,
A000000212016,에센허브 티트리 수딩 인 카밍 크림,하이드로제네이티드폴리데센,20,
A000000212016,에센허브 티트리 수딩 인 카밍 크림,판테놀,21,
A000000212016,에센허브 티트리 수딩 인 카밍 크림,비닐다이메티콘,22,
A000000212016,에센허브 티트리 수딩 인 카밍 크림,카프릴릴메티콘,23,
A000000212016,에센허브 티트리 수딩 인 카밍 크림,폴리메틸실세스퀴옥세인,24,
A000000212016,에센허브 티트리 수딩 인 카밍 크림,암모늄아크릴로일다이메틸타우레이트/브이피코폴리머,25,
A000000212016,에센허브 티트리 수딩 인 카밍 크림,하이드록시에틸아크릴레이트/소듐아크릴로일다이메틸타우레이트코폴리머,26,
A000000212016,에센허브 티트리 수딩 인 카밍 크림,아크릴레이트/C10-30알킬아크릴레이트크로스폴리머,27,
A000000212016,에센허브 티트리 수딩 인 카밍 크림,다이메티콘올,28,
A000000212016,에센허브 티트리 수딩 인 카밍 크림,트로메타민,29,
A000000212016,에센허브 티트리 수딩 인 카밍 크림,마데카소사이드,30,
A000000212016,에센허브 티트리 수딩 인 카밍 크림,글리세릴아크릴레이트/아크릴릭애씨드코폴리머,31,
A000000212016,에센허브 티트리 수딩 인 카밍 크림,에틸헥실글리세린,32,
A000000212016,에센허브 티트리 수딩 인 카밍 크림,하이드로제네이티드레시틴,33,
A000000212016,에센허브 티트리 수딩 인 카밍 크림,소듐파이테이트,34,
A000000212016,에센허브 티트리 수딩 인 카밍 크림,알란토인,35,
A000000212016,에센허브 티트리 수딩 인 카밍 크림,베타-글루칸,36,
A000000212016,에센허브 티트리 수딩 인 카밍 크림,다이포타슘글리시리제이트,37,
A000000212016,에센허브 티트리 수딩 인 카밍 크림,세라마이드엔피,38,
A000000212016,에센허브 티트리 수딩 인 카밍 크림,4-터피네올,39,
A000000212016,에센허브 티트리 수딩 인 카밍 크림,토코페롤,40,
A000000212016,에센허브 티트리 수딩 인 카밍 크림,잔탄검,41,
A000000212016,에센허브 티트리 수딩 인 카밍 크림,리모넨,42,
A000000212016,에센허브 티트리 수딩 인 카밍 크림,리날룰,43,
A000000255827,동국제약 멜라-셋 기미 토닝 크림,정제수,1,
A000000255827,동국제약 멜라-셋 기미 토닝 크림,세틸에틸헥사노에이트,2,
A000000255827,동국제약 멜라-셋 기미 토닝 크림,글리세린,3,
A000000255827,동국제약 멜라-셋 기미 토닝 크림,알부틴,4,
A000000255827,동국제약 멜라-셋 기미 토닝 크림,부틸렌글라이콜,5,
A000000255827,동국제약 멜라-셋 기미 토닝 크림,"1,2-헥산다이올",6,
A000000255827,동국제약 멜라-셋 기미 토닝 크림,알파-알부틴,7,
A000000255827,동국제약 멜라-셋 기미 토닝 크림,다이메티콘,8,
A000000255827,동국제약 멜라-셋 기미 토닝 크림,세테아릴알코올,9,
A000000255827,동국제약 멜라-셋 기미 토닝 크림,다이카프릴릴카보네이트,10,
A000000255827,동국제약 멜라-셋 기미 토닝 크림,베타인,11,
A000000255827,동국제약 멜라-셋 기미 토닝 크림,세테아릴올리베이트,12,
A000000255827,동국제약 멜라-셋 기미 토닝 크림,메틸트라이메티콘,13,
A000000255827,동국제약 멜라-셋 기미 토닝 크림,솔비탄올리베이트,14,
A000000255827,동국제약 멜라-셋 기미 토닝 크림,폴리솔베이트60,15,
A000000255827,동국제약 멜라-셋 기미 토닝 크림,폴리아크릴레이트-13,16,
A000000255827,동국제약 멜라-셋 기미 토닝 크림,피이지-100스테아레이트,17,
A000000255827,동국제약 멜라-셋 기미 토닝 크림,글리세릴스테아레이트,18,
A000000255827,동국제약 멜라-셋 기미 토닝 크림,솔비탄세스퀴올리에이트,19,
A000000255827,동국제약 멜라-셋 기미 토닝 크림,카보머,20,
A000000255827,동국제약 멜라-셋 기미 토닝 크림,트로메타민,21,
A000000255827,동국제약 멜라-셋 기미 토닝 크림,폴리아이소부텐,22,
A000000255827,동국제약 멜라-셋 기미 토닝 크림,다이메티콘/비닐다이메티콘크로스폴리머,23,
A000000255827,동국제약 멜라-셋 기미 토닝 크림,하이드로제네이티드레시틴,24,
A000000255827,동국제약 멜라-셋 기미 토닝 크림,토코페롤,25,
A000000255827,동국제약 멜라-셋 기미 토닝 크림,판테놀,26,
A000000255827,동국제약 멜라-셋 기미 토닝 크림,프로판다이올,27,
A000000255827,동국제약 멜라-셋 기미 토닝 크림,스핑고모나스발효추출물,28,
A000000255827,동국제약 멜라-셋 기미 토닝 크림,에틸헥실글리세린,29,
A000000255827,동국제약 멜라-셋 기미 토닝 크림,폴리솔베이트20,30,
A000000255827,동국제약 멜라-셋 기미 토닝 크림,솔비탄아이소스테아레이트,31,
A000000255827,동국제약 멜라-셋 기미 토닝 크림,다이소듐이디티에이,32,
A000000255827,동국제약 멜라-셋 기미 토닝 크림,나이아신아마이드,33,
A000000255827,동국제약 멜라-셋 기미 토닝 크림,트라넥사믹애씨드,34,
A000000255827,동국제약 멜라-셋 기미 토닝 크림,폴리글리세릴-10올리에이트,35,
A000000255827,동국제약 멜라-셋 기미 토닝 크림,레시틴,36,
A000000255827,동국제약 멜라-셋 기미 토닝 크림,엑토인,37,
A000000255827,동국제약 멜라-셋 기미 토닝 크림,폴리글리세릴-10라우레이트,38,
A000000255827,동국제약 멜라-셋 기미 토닝 크림,폴리글리세릴-4카프레이트,39,
A000000255827,동국제약 멜라-셋 기미 토닝 크림,바쿠치올,40,
A000000255827,동국제약 멜라-셋 기미 토닝 크림,마데카식애씨드,41,
A000000255827,동국제약 멜라-셋 기미 토닝 크림,비파나무잎추출물,42,
A000000255827,동국제약 멜라-셋 기미 토닝 크림,아시아티코사이드,43,
A000000255827,동국제약 멜라-셋 기미 토닝 크림,비타민나무열매추출물,44,
A000000255827,동국제약 멜라-셋 기미 토닝 크림,아시아틱애씨드,45,
A000000255827,동국제약 멜라-셋 기미 토닝 크림,스피어민트추출물,46,
A000000255827,동국제약 멜라-셋 기미 토닝 크림,폴리글리세릴-10스테아레이트,47,
A000000255827,동국제약 멜라-셋 기미 토닝 크림,소듐아스코빌포스페이트,48,
A000000255827,동국제약 멜라-셋 기미 토닝 크림,피리독신,49,
A000000255827,동국제약 멜라-셋 기미 토닝 크림,바이오틴,50,
A000000255827,동국제약 멜라-셋 기미 토닝 크림,사이아노코발아민,51,
A000000255827,동국제약 멜라-셋 기미 토닝 크림,티아민에이치씨엘,52,
A000000255827,동국제약 멜라-셋 기미 토닝 크림,리보플라빈,53,
A000000255827,동국제약 멜라-셋 기미 토닝 크림,베타-카로틴,54,
A000000259386,포들 밤 레티날 모공 리셋 솔루션 캡슐 크림,정제수,1,
A000000259386,포들 밤 레티날 모공 리셋 솔루션 캡슐 크림,부틸렌글라이콜,2,
A000000259386,포들 밤 레티날 모공 리셋 솔루션 캡슐 크림,글리세린,3,
A000000259386,포들 밤 레티날 모공 리셋 솔루션 캡슐 크림,메틸프로판다이올,4,
A000000259386,포들 밤 레티날 모공 리셋 솔루션 캡슐 크림,나이아신아마이드,5,
A000000259386,포들 밤 레티날 모공 리셋 솔루션 캡슐 크림,프로판다이올,6,
A000000259386,포들 밤 레티날 모공 리셋 솔루션 캡슐 크림,글리세릴글루코사이드,7,
A000000259386,포들 밤 레티날 모공 리셋 솔루션 캡슐 크림,"1,2-헥산다이올",8,
A000000259386,포들 밤 레티날 모공 리셋 솔루션 캡슐 크림,알지닌,9,
A000000259386,포들 밤 레티날 모공 리셋 솔루션 캡슐 크림,카보머,10,
A000000259386,포들 밤 레티날 모공 리셋 솔루션 캡슐 크림,아크릴레이트/C10-30알킬아크릴레이트크로스폴리머,11,
A000000259386,포들 밤 레티날 모공 리셋 솔루션 캡슐 크림,하이드록시아세토페논,12,
A000000259386,포들 밤 레티날 모공 리셋 솔루션 캡슐 크림,잔탄검,13,
A000000259386,포들 밤 레티날 모공 리셋 솔루션 캡슐 크림,에틸헥실글리세린,14,
A000000259386,포들 밤 레티날 모공 리셋 솔루션 캡슐 크림,아데노신,15,
A000000259386,포들 밤 레티날 모공 리셋 솔루션 캡슐 크림,다이소듐이디티에이,16,
A000000259386,포들 밤 레티날 모공 리셋 솔루션 캡슐 크림,밤껍질추출물,17,125
A000000259386,포들 밤 레티날 모공 리셋 솔루션 캡슐 크림,하이드로제네이티드폴리아이소부텐,20,
A000000259386,포들 밤 레티날 모공 리셋 솔루션 캡슐 크림,세테아릴알코올,21,
A000000259386,포들 밤 레티날 모공 리셋 솔루션 캡슐 크림,카프릴릭/카프릭트라이글리세라이드,22,
A000000259386,포들 밤 레티날 모공 리셋 솔루션 캡슐 크림,스쿠알란,23,
A000000259386,포들 밤 레티날 모공 리셋 솔루션 캡슐 크림,다이메티콘,27,
A000000259386,포들 밤 레티날 모공 리셋 솔루션 캡슐 크림,해바라기씨오일,28,
A000000259386,포들 밤 레티날 모공 리셋 솔루션 캡슐 크림,세테아릴글루코사이드,30,
A000000259386,포들 밤 레티날 모공 리셋 솔루션 캡슐 크림,글리세릴스테아레이트,31,
A000000259386,포들 밤 레티날 모공 리셋 솔루션 캡슐 크림,암모늄아크릴로일다이메틸타우레이트/브이피코폴리머,35,
A000000259386,포들 밤 레티날 모공 리셋 솔루션 캡슐 크림,돌콩오일,36,
A000000259386,포들 밤 레티날 모공 리셋 솔루션 캡슐 크림,글루코오스,40,
A000000259386,포들 밤 레티날 모공 리셋 솔루션 캡슐 크림,아나토씨오일,41,
A000000259386,포들 밤 레티날 모공 리셋 솔루션 캡슐 크림,지모뿌리추출물,42,
A000000259386,포들 밤 레티날 모공 리셋 솔루션 캡슐 크림,토코페롤,43,
A000000259386,포들 밤 레티날 모공 리셋 솔루션 캡슐 크림,다이프로필렌글라이콜,45,
A000000259386,포들 밤 레티날 모공 리셋 솔루션 캡슐 크림,하이드로제네이티드레시틴,46,
A000000259386,포들 밤 레티날 모공 리셋 솔루션 캡슐 크림,피토스테롤,47,
A000000259386,포들 밤 레티날 모공 리셋 솔루션 캡슐 크림,세라마이드엔피,48,
A000000259386,포들 밤 레티날 모공 리셋 솔루션 캡슐 크림,레티닐팔미테이트,49,
A000000259386,포들 밤 레티날 모공 리셋 솔루션 캡슐 크림,레티놀,50,
A000000259386,포들 밤 레티날 모공 리셋 솔루션 캡슐 크림,레틴알,51,1e-05
A000000248501,아누아 어성초 77 B3 징크 수딩 크림,약모밀꽃/잎/줄기수,1,770000
A000000248501,아누아 어성초 77 B3 징크 수딩 크림,나이아신아마이드,2,1000
A000000248501,아누아 어성초 77 B3 징크 수딩 크림,"1,2-헥산다이올",3,
A000000248501,아누아 어성초 77 B3 징크 수딩 크림,판테놀,4,
A000000248501,아누아 어성초 77 B3 징크 수딩 크림,글리세린,5,
A000000248501,아누아 어성초 77 B3 징크 수딩 크림,다이프로필렌글라이콜,6,
A000000248501,아누아 어성초 77 B3 징크 수딩 크림,부틸렌글라이콜,7,
A000000248501,아누아 어성초 77 B3 징크 수딩 크림,소듐시트레이트,8,
A000000248501,아누아 어성초 77 B3 징크 수딩 크림,징크피씨에이,9,10
A000000248501,아누아 어성초 77 B3 징크 수딩 크림,프로판다이올,10,
A000000248501,아누아 어성초 77 B3 징크 수딩 크림,트레할로오스,11,
A000000248501,아누아 어성초 77 B3 징크 수딩 크림,정제수,12,
A000000248501,아누아 어성초 77 B3 징크 수딩 크림,베타인,13,
A000000248501,아누아 어성초 77 B3 징크 수딩 크림,잔탄검,14,
A000000248501,아누아 어성초 77 B3 징크 수딩 크림,스핑고모나스발효추출물,15,
A000000248501,아누아 어성초 77 B3 징크 수딩 크림,에틸헥실글리세린,16,
A000000248501,아누아 어성초 77 B3 징크 수딩 크림,시트릭애씨드,17,
A000000248501,아누아 어성초 77 B3 징크 수딩 크림,하이드록시프로필사이클로덱스트린,18,
A000000248501,아누아 어성초 77 B3 징크 수딩 크림,아데노신,19,
A000000248501,아누아 어성초 77 B3 징크 수딩 크림,다이소듐이디티에이,20,
A000000248501,아누아 어성초 77 B3 징크 수딩 크림,다이포타슘글리시리제이트,21,
A000000248501,아누아 어성초 77 B3 징크 수딩 크림,글리세릴아크릴레이트/아크릴릭애씨드코폴리머,22,
A000000248501,아누아 어성초 77 B3 징크 수딩 크림,글루코노락톤,23,
A000000248501,아누아 어성초 77 B3 징크 수딩 크림,도코사헥사에노익애씨드,24,
A000000248501,아누아 어성초 77 B3 징크 수딩 크림,토코페롤,25,
A000000248501,아누아 어성초 77 B3 징크 수딩 크림,알란토인,26,
A000000248501,아누아 어성초 77 B3 징크 수딩 크림,피리독신에이치씨엘,27,
A000000248501,아누아 어성초 77 B3 징크 수딩 크림,카프릴로일살리실릭애씨드,28,
A000000248501,아누아 어성초 77 B3 징크 수딩 크림,약모밀소포,29,
A000000248501,아누아 어성초 77 B3 징크 수딩 크림,아이소쿼시트린,30,
A000000248501,아누아 어성초 77 B3 징크 수딩 크림,쿼세틴,31,
A000000145333,닥터디퍼런트 113 세콜지 모이스처라이저,정제수,1,
A000000145333,닥터디퍼런트 113 세콜지 모이스처라이저,글리세린,2,
A000000145333,닥터디퍼런트 113 세콜지 모이스처라이저,프로판다이올,3,
A000000145333,닥터디퍼런트 113 세콜지 모이스처라이저,나이아신아마이드,4,
A000000145333,닥터디퍼런트 113 세콜지 모이스처라이저,카프릴릭/카프릭트라이글리세라이드,5,
A000000145333,닥터디퍼런트 113 세콜지 모이스처라이저,"1,2-헥산다이올",6,
A000000145333,닥터디퍼런트 113 세콜지 모이스처라이저,글리세릴스테아레이트에스이,7,
A000000145333,닥터디퍼런트 113 세콜지 모이스처라이저,세테아릴올리베이트,8,
A000000145333,닥터디퍼런트 113 세콜지 모이스처라이저,C18-21알케인,9,
A000000145333,닥터디퍼런트 113 세콜지 모이스처라이저,솔비탄세스퀴올리에이트,10,
A000000145333,닥터디퍼런트 113 세콜지 모이스처라이저,솔비탄올리에이트,11,
A000000145333,닥터디퍼런트 113 세콜지 모이스처라이저,카보머,12,
A000000145333,닥터디퍼런트 113 세콜지 모이스처라이저,스테아릭애씨드,13,
A000000145333,닥터디퍼런트 113 세콜지 모이스처라이저,스테아릴알코올,14,
A000000145333,닥터디퍼런트 113 세콜지 모이스처라이저,알지닌,15,
A000000145333,닥터디퍼런트 113 세콜지 모이스처라이저,하이드록시프로필비스팔미타마이드엠이에이,16,
A000000145333,닥터디퍼런트 113 세콜지 모이스처라이저,세틸알코올,17,
A000000145333,닥터디퍼런트 113 세콜지 모이스처라이저,에틸헥실글리세린,18,
A000000145333,닥터디퍼런트 113 세콜지 모이스처라이저,콜레스테롤,19,
A000000145333,닥터디퍼런트 113 세콜지 모이스처라이저,잇꽃씨오일,20,
A000000145333,닥터디퍼런트 113 세콜지 모이스처라이저,아이소머라이즈드리놀레익애씨드,21,
A000000145333,닥터디퍼런트 113 세콜지 모이스처라이저,카프릴릴글라이콜,22,
A000000145333,닥터디퍼런트 113 세콜지 모이스처라이저,데실렌글라이콜,23,
A000000145333,닥터디퍼런트 113 세콜지 모이스처라이저,잔탄검,24,
A000000145333,닥터디퍼런트 113 세콜지 모이스처라이저,올레익애씨드,25,
A000000145333,닥터디퍼런트 113 세콜지 모이스처라이저,미리스틸알코올,26,
A000000145333,닥터디퍼런트 113 세콜지 모이스처라이저,부틸렌글라이콜,27,
A000000145333,닥터디퍼런트 113 세콜지 모이스처라이저,팔미틱애씨드,28,
A000000145333,닥터디퍼런트 113 세콜지 모이스처라이저,토코페롤,29,
A000000145333,닥터디퍼런트 113 세콜지 모이스처라이저,라우릴알코올,30,
A000000145333,닥터디퍼런트 113 세콜지 모이스처라이저,하이드로제네이티드포스파티딜콜린,31,
A000000145333,닥터디퍼런트 113 세콜지 모이스처라이저,리놀레익애씨드,32,
A000000145333,닥터디퍼런트 113 세콜지 모이스처라이저,소듐피씨에이,33,
A000000145333,닥터디퍼런트 113 세콜지 모이스처라이저,세린,34,
A000000145333,닥터디퍼런트 113 세콜지 모이스처라이저,로즈힙열매추출물,35,
A000000145333,닥터디퍼런트 113 세콜지 모이스처라이저,글라이신,36,
A000000145333,닥터디퍼런트 113 세콜지 모이스처라이저,흰목이버섯폴리사카라이드,37,
A000000145333,닥터디퍼런트 113 세콜지 모이스처라이저,세라마이드엔피,38,
A000000145333,닥터디퍼런트 113 세콜지 모이스처라이저,알라닌,39,
A000000145333,닥터디퍼런트 113 세콜지 모이스처라이저,글루타믹애씨드,40,
A000000145333,닥터디퍼런트 113 세콜지 모이스처라이저,콜레스테릴마카다미에이트,41,
A000000145333,닥터디퍼런트 113 세콜지 모이스처라이저,글라이코스핑고리피드,42,
A000000145333,닥터디퍼런트 113 세콜지 모이스처라이저,피토스핑고신,43,
A000000145333,닥터디퍼런트 113 세콜지 모이스처라이저,수크로오스스테아레이트,44,
A000000182685,에스트라 테라크네365 수딩 액티브 모이스처라이저,정제수,1,
A000000182685,에스트라 테라크네365 수딩 액티브 모이스처라이저,부틸렌글라이콜,2,
A000000182685,에스트라 테라크네365 수딩 액티브 모이스처라이저,카프릴릭/카프릭트라이글리세라이드,3,
A000000182685,에스트라 테라크네365 수딩 액티브 모이스처라이저,나이아신아마이드,4,
A000000182685,에스트라 테라크네365 수딩 액티브 모이스처라이저,아이소펜틸다이올,5,
A000000182685,에스트라 테라크네365 수딩 액티브 모이스처라이저,세테아릴알코올,6,
A000000182685,에스트라 테라크네365 수딩 액티브 모이스처라이저,다이메티콘,7,
A000000182685,에스트라 테라크네365 수딩 액티브 모이스처라이저,폴리글리세릴-10스테아레이트,8,
A000000182685,에스트라 테라크네365 수딩 액티브 모이스처라이저,베헤닐알코올,9,
A000000182685,에스트라 테라크네365 수딩 액티브 모이스처라이저,카보머,10,
A000000182685,에스트라 테라크네365 수딩 액티브 모이스처라이저,다이포타슘글리시리제이트,11,
A000000182685,에스트라 테라크네365 수딩 액티브 모이스처라이저,포타슘하이드록사이드,12,
A000000182685,에스트라 테라크네365 수딩 액티브 모이스처라이저,살리실릭애씨드,13,
A000000182685,에스트라 테라크네365 수딩 액티브 모이스처라이저,다이소듐이디티에이,14,
A000000182685,에스트라 테라크네365 수딩 액티브 모이스처라이저,에틸헥실글리세린,15,
A000000182685,에스트라 테라크네365 수딩 액티브 모이스처라이저,소듐하이알루로네이트,16,
A000000182685,에스트라 테라크네365 수딩 액티브 모이스처라이저,징크클로라이드,17,
A000000182685,에스트라 테라크네365 수딩 액티브 모이스처라이저,토코페롤,18,
A000000260462,에스트라 아토베리어365 하이드로 수딩크림,정제수,1,
A000000260462,에스트라 아토베리어365 하이드로 수딩크림,글리세린,2,
A000000260462,에스트라 아토베리어365 하이드로 수딩크림,부틸렌글라이콜,3,
A000000260462,에스트라 아토베리어365 하이드로 수딩크림,다이메티콘,4,
A000000260462,에스트라 아토베리어365 하이드로 수딩크림,스쿠알란,5,
A000000260462,에스트라 아토베리어365 하이드로 수딩크림,"1,2-헥산다이올",6,
A000000260462,에스트라 아토베리어365 하이드로 수딩크림,베타인,7,
A000000260462,에스트라 아토베리어365 하이드로 수딩크림,세테아릴알코올,8,
A000000260462,에스트라 아토베리어365 하이드로 수딩크림,암모늄아크릴로일다이메틸타우레이트/브이피코폴리머,9,
A000000260462,에스트라 아토베리어365 하이드로 수딩크림,하이드로제네이티드쌀겨오일,10,
A000000260462,에스트라 아토베리어365 하이드로 수딩크림,하이드로제네이티드레시틴,11,
A000000260462,에스트라 아토베리어365 하이드로 수딩크림,폴리글리세릴-3메틸글루코오스다이스테아레이트,12,
A000000260462,에스트라 아토베리어365 하이드로 수딩크림,폴리아크릴레이트크로스폴리머-6,13,
A000000260462,에스트라 아토베리어365 하이드로 수딩크림,만니톨,14,
A000000260462,에스트라 아토베리어365 하이드로 수딩크림,세틸-피지하이드록시에틸팔미타마이드,15,
A000000260462,에스트라 아토베리어365 하이드로 수딩크림,스테아릭애씨드,16,
A000000260462,에스트라 아토베리어365 하이드로 수딩크림,에틸헥실글리세린,17,
A000000260462,에스트라 아토베리어365 하이드로 수딩크림,글리세릴카프릴레이트,18,
A000000260462,에스트라 아토베리어365 하이드로 수딩크림,프로판다이올,19,
A000000260462,에스트라 아토베리어365 하이드로 수딩크림,글리세릴스테아레이트,20,
A000000260462,에스트라 아토베리어365 하이드로 수딩크림,소듐메타포스페이트,21,
A000000260462,에스트라 아토베리어365 하이드로 수딩크림,세라마이드엔피,22,
A000000260462,에스트라 아토베리어365 하이드로 수딩크림,카보머,23,
A000000260462,에스트라 아토베리어365 하이드로 수딩크림,팔미틱애씨드,24,
A000000260462,에스트라 아토베리어365 하이드로 수딩크림,실리카,25,
A000000260462,에스트라 아토베리어365 하이드로 수딩크림,징크클로라이드,26,
A000000260462,에스트라 아토베리어365 하이드로 수딩크림,콜레스테롤,27,
A000000260462,에스트라 아토베리어365 하이드로 수딩크림,베타-글루칸,28,
A000000260462,에스트라 아토베리어365 하이드로 수딩크림,스핑고리피드,29,
A000000260462,에스트라 아토베리어365 하이드로 수딩크림,소듐하이알루로네이트,30,
A000000260462,에스트라 아토베리어365 하이드로 수딩크림,하이드록시프로필메틸셀룰로오스,31,
A000000260462,에스트라 아토베리어365 하이드로 수딩크림,미리스틱애씨드,32,
A000000260462,에스트라 아토베리어365 하이드로 수딩크림,프로필렌글라이콜,33,
A000000260462,에스트라 아토베리어365 하이드로 수딩크림,라우릭애씨드,34,
A000000260462,에스트라 아토베리어365 하이드로 수딩크림,토코페롤,35,
A000000126470,유세린 울트라 센서티브 리페어 크림,정제수,1,
A000000126470,유세린 울트라 센서티브 리페어 크림,글리세린,2,
A000000126470,유세린 울트라 센서티브 리페어 크림,판테놀,3,
A000000126470,유세린 울트라 센서티브 리페어 크림,세틸팔미테이트,4,
A000000126470,유세린 울트라 센서티브 리페어 크림,식물성오일,5,
A000000126470,유세린 울트라 센서티브 리페어 크림,시어버터,6,
A000000126470,유세린 울트라 센서티브 리페어 크림,메틸팔미테이트,7,
A000000126470,유세린 울트라 센서티브 리페어 크림,펜틸렌글라이콜,8,
A000000126470,유세린 울트라 센서티브 리페어 크림,메틸프로판다이올,9,
A000000126470,유세린 울트라 센서티브 리페어 크림,소듐폴리아크릴레이트,10,
A000000126470,유세린 울트라 센서티브 리페어 크림,4-t-부틸사이클로헥산올,11,
A000000126470,유세린 울트라 센서티브 리페어 크림,소듐하이드록사이드,12,
A000000126470,유세린 울트라 센서티브 리페어 크림,카프릴릴글라이콜,13,
A000000126470,유세린 울트라 센서티브 리페어 크림,판토락톤,14,
A000000126470,유세린 울트라 센서티브 리페어 크림,시트릭애씨드,15,
A000000126470,유세린 울트라 센서티브 리페어 크림,창과감초뿌리추출물,16,
A000000251453,도미나스 크림 Rx,정제수,1,
A000000251453,도미나스 크림 Rx,다이프로필렌글라이콜,2,
A000000251453,도미나스 크림 Rx,나이아신아마이드,3,
A000000251453,도미나스 크림 Rx,하이드로제네이티드폴리아이소부텐,4,
A000000251453,도미나스 크림 Rx,헥실데실에틸헥사노에이트,5,
A000000251453,도미나스 크림 Rx,판테놀,6,
A000000251453,도미나스 크림 Rx,프로판다이올,7,
A000000251453,도미나스 크림 Rx,트라넥사믹애씨드,8,
A000000251453,도미나스 크림 Rx,글리세린,9,
A000000251453,도미나스 크림 Rx,트라이에틸헥사노인,10,
A000000251453,도미나스 크림 Rx,"1,2-헥산다이올",11,
A000000251453,도미나스 크림 Rx,세테아릴알코올,12,
A000000251453,도미나스 크림 Rx,C14-22알코올,13,
A000000251453,도미나스 크림 Rx,글리세릴스테아레이트,14,
A000000251453,도미나스 크림 Rx,펜타에리스리틸테트라에틸헥사노에이트,15,
A000000251453,도미나스 크림 Rx,만델릭애씨드,16,
A000000251453,도미나스 크림 Rx,글루타믹애씨드,17,
A000000251453,도미나스 크림 Rx,유비퀴논,18,
A000000251453,도미나스 크림 Rx,하이드록시데실유비퀴논,19,
A000000251453,도미나스 크림 Rx,바쿠치올,20,
A000000251453,도미나스 크림 Rx,비사보롤,21,
A000000251453,도미나스 크림 Rx,크리신,22,
A000000251453,도미나스 크림 Rx,에피갈로카테킨갈레이트,23,
A000000251453,도미나스 크림 Rx,헥실레조시놀,24,
A000000251453,도미나스 크림 Rx,하이드록시에틸우레아,25,
A000000251453,도미나스 크림 Rx,폴리다틴,26,
A000000251453,도미나스 크림 Rx,다이메티콘,27,
A000000251453,도미나스 크림 Rx,아스코빌글루코사이드,28,
A000000251453,도미나스 크림 Rx,세테아릴올리베이트,29,
A000000251453,도미나스 크림 Rx,피이지-100스테아레이트,30,
A000000251453,도미나스 크림 Rx,세린,31,
A000000251453,도미나스 크림 Rx,솔비탄올리베이트,32,
A000000251453,도미나스 크림 Rx,C12-20알킬글루코사이드,33,
A000000251453,도미나스 크림 Rx,실리카,34,
A000000251453,도미나스 크림 Rx,암모늄아크릴로일다이메틸타우레이트/브이피코폴리머,35,
A000000251453,도미나스 크림 Rx,아라키딜알코올,36,
A000000251453,도미나스 크림 Rx,베헤닐알코올,37,
A000000251453,도미나스 크림 Rx,포타슘하이드록사이드,38,
A000000251453,도미나스 크림 Rx,알란토인,39,
A000000251453,도미나스 크림 Rx,폴리메틸실세스퀴옥세인,40,
A000000251453,도미나스 크림 Rx,소듐파이루베이트,41,
A000000251453,도미나스 크림 Rx,트레할로오스,42,
A000000251453,도미나스 크림 Rx,아라키딜글루코사이드,43,
A000000251453,도미나스 크림 Rx,다이메티콘올,44,
A000000251453,도미나스 크림 Rx,카보머,45,
A000000251453,도미나스 크림 Rx,알지닌,46,
A000000251453,도미나스 크림 Rx,소듐메타바이설파이트,47,
A000000251453,도미나스 크림 Rx,잔탄검,48,
A000000251453,도미나스 크림 Rx,아데노신,49,
A000000251453,도미나스 크림 Rx,토코페롤,50,
A000000251453,도미나스 크림 Rx,카프릴릭/카프릭트라이글리세라이드,51,
A000000251453,도미나스 크림 Rx,트라이소듐이디티에이,52,
A000000251453,도미나스 크림 Rx,부틸렌글라이콜,53,
A000000251453,도미나스 크림 Rx,돌콩오일,54,
A000000251453,도미나스 크림 Rx,티타늄디옥사이드,55,
A000000251453,도미나스 크림 Rx,마이카,56,
A000000251453,도미나스 크림 Rx,하이드로제네이티드레시틴,57,
A000000251453,도미나스 크림 Rx,적색산화철,58,
A000000251453,도미나스 크림 Rx,폴리글리세릴-10올리에이트,59,
A000000251453,도미나스 크림 Rx,시스테인에이치씨엘,60,
A000000251453,도미나스 크림 Rx,베타-글루칸,61,
A000000251453,도미나스 크림 Rx,만니톨,62,
A000000251453,도미나스 크림 Rx,수크로오스,63,
A000000251453,도미나스 크림 Rx,왜당귀뿌리추출물,64,
A000000251453,도미나스 크림 Rx,삽주뿌리줄기추출물,65,
A000000251453,도미나스 크림 Rx,스페인감초뿌리추출물,66,
A000000251453,도미나스 크림 Rx,작약뿌리추출물,67,
A000000251453,도미나스 크림 Rx,모란뿌리추출물,68,
A000000251453,도미나스 크림 Rx,피씨에이,69,
A000000251453,도미나스 크림 Rx,질경이추출물,70,
A000000251453,도미나스 크림 Rx,복숭아씨추출물,71,
A000000251453,도미나스 크림 Rx,황금추출물,72,
A000000251453,도미나스 크림 Rx,시트룰린,73,
A000000251453,도미나스 크림 Rx,글라이코젠,74,
A000000251453,도미나스 크림 Rx,히스티딘에이치씨엘,75,
A000000251453,도미나스 크림 Rx,알라닌,76,
A000000251453,도미나스 크림 Rx,트레오닌,77,
A000000251453,도미나스 크림 Rx,라이신에이치씨엘,78,
A000000251453,도미나스 크림 Rx,향료,79,
A000000251453,도미나스 크림 Rx,벤질벤조에이트,80,
A000000251453,도미나스 크림 Rx,리날룰,81,
A000000251453,도미나스 크림 Rx,하이드록시시트로넬알,82,
A000000251453,도미나스 크림 Rx,리모넨,83,
A000000251453,도미나스 크림 Rx,헥실신남알,84,
A000000251453,도미나스 크림 Rx,시트로넬올,85,
A000000238669,닥터엘시아 345 릴리프 크림,정제수,1,
A000000238669,닥터엘시아 345 릴리프 크림,티트리잎수,2,
A000000238669,닥터엘시아 345 릴리프 크림,프로판다이올,3,
A000000238669,닥터엘시아 345 릴리프 크림,글리세린,4,
A000000238669,닥터엘시아 345 릴리프 크림,"1,2-헥산다이올",5,
A000000238669,닥터엘시아 345 릴리프 크림,하이드로제네이티드폴리데센,6,
A000000238669,닥터엘시아 345 릴리프 크림,비닐다이메티콘,7,
A000000238669,닥터엘시아 345 릴리프 크림,C14-22알코올,8,
A000000238669,닥터엘시아 345 릴리프 크림,카프릴릭/카프릭트라이글리세라이드,9,
A000000238669,닥터엘시아 345 릴리프 크림,나이아신아마이드,10,
A000000238669,닥터엘시아 345 릴리프 크림,판테놀,11,
A000000238669,닥터엘시아 345 릴리프 크림,다이카프릴릴카보네이트,12,
A000000238669,닥터엘시아 345 릴리프 크림,부틸렌글라이콜,13,
A000000238669,닥터엘시아 345 릴리프 크림,암모늄아크릴로일다이메틸타우레이트/브이피코폴리머,14,
A000000238669,닥터엘시아 345 릴리프 크림,카프릴릴메티콘,15,
A000000238669,닥터엘시아 345 릴리프 크림,폴리메틸실세스퀴옥세인,16,
A000000238669,닥터엘시아 345 릴리프 크림,C12-20알킬글루코사이드,17,
A000000238669,닥터엘시아 345 릴리프 크림,하이드록시아세토페논,18,
A000000238669,닥터엘시아 345 릴리프 크림,아크릴레이트/C10-30알킬아크릴레이트크로스폴리머,19,
A000000238669,닥터엘시아 345 릴리프 크림,폴리쿼터늄-51,20,
A000000238669,닥터엘시아 345 릴리프 크림,에틸헥실글리세린,21,
A000000238669,닥터엘시아 345 릴리프 크림,트로메타민,22,
A000000238669,닥터엘시아 345 릴리프 크림,소듐하이알루로네이트,23,
A000000238669,닥터엘시아 345 릴리프 크림,소듐스테아로일글루타메이트,24,
A000000238669,닥터엘시아 345 릴리프 크림,황련뿌리추출물,25,
A000000238669,닥터엘시아 345 릴리프 크림,병풀잎수,26,
A000000238669,닥터엘시아 345 릴리프 크림,베타-글루칸,27,
A000000238669,닥터엘시아 345 릴리프 크림,레스베라트롤,28,
A000000238669,닥터엘시아 345 릴리프 크림,하이드롤라이즈드하이알루로닉애씨드,29,
A000000238669,닥터엘시아 345 릴리프 크림,녹차수,30,
A000000238669,닥터엘시아 345 릴리프 크림,토코페롤,31,
A000000238669,닥터엘시아 345 릴리프 크림,마데카소사이드,32,
A000000238669,닥터엘시아 345 릴리프 크림,소듐디엔에이,33,
A000000238669,닥터엘시아 345 릴리프 크림,병풀추출물,34,
A000000238669,닥터엘시아 345 릴리프 크림,세라마이드엔피,35,
A000000238669,닥터엘시아 345 릴리프 크림,탄닉애씨드,36,
A000000238669,닥터엘시아 345 릴리프 크림,다이소듐이디티에이,37,
A000000238669,닥터엘시아 345 릴리프 크림,소듐파이테이트,38,
A000000218756,라운드랩 소나무 진정 시카 크림 플러스,정제수,1,
A000000218756,라운드랩 소나무 진정 시카 크림 플러스,부틸렌글라이콜,2,
A000000218756,라운드랩 소나무 진정 시카 크림 플러스,글리세린,3,
A000000218756,라운드랩 소나무 진정 시카 크림 플러스,카프릴릭/카프릭트라이글리세라이드,4,
A000000218756,라운드랩 소나무 진정 시카 크림 플러스,세틸에틸헥사노에이트,5,
A000000218756,라운드랩 소나무 진정 시카 크림 플러스,하이드로제네이티드폴리(C6-14올레핀),6,
A000000218756,라운드랩 소나무 진정 시카 크림 플러스,나이아신아마이드,7,
A000000218756,라운드랩 소나무 진정 시카 크림 플러스,폴리글리세릴-3다이스테아레이트,8,
A000000218756,라운드랩 소나무 진정 시카 크림 플러스,소나무잎추출물,9,10001
A000000218756,라운드랩 소나무 진정 시카 크림 플러스,세테아릴알코올,10,
A000000218756,라운드랩 소나무 진정 시카 크림 플러스,"1,2-헥산다이올",11,
A000000218756,라운드랩 소나무 진정 시카 크림 플러스,C14-22알코올,12,
A000000218756,라운드랩 소나무 진정 시카 크림 플러스,글리세릴스테아레이트,13,
A000000218756,라운드랩 소나무 진정 시카 크림 플러스,하이드록시아세토페논,14,
A000000218756,라운드랩 소나무 진정 시카 크림 플러스,비닐다이메티콘,15,
A000000218756,라운드랩 소나무 진정 시카 크림 플러스,팔미틱애씨드,16,
A000000218756,라운드랩 소나무 진정 시카 크림 플러스,알지닌,17,
A000000218756,라운드랩 소나무 진정 시카 크림 플러스,카보머,18,
A000000218756,라운드랩 소나무 진정 시카 크림 플러스,스테아릭애씨드,19,
A000000218756,라운드랩 소나무 진정 시카 크림 플러스,인도멀구슬나무잎추출물,20,
A000000218756,라운드랩 소나무 진정 시카 크림 플러스,폴리아크릴레이트-13,21,
A000000218756,라운드랩 소나무 진정 시카 크림 플러스,C12-20알킬글루코사이드,22,
A000000218756,라운드랩 소나무 진정 시카 크림 플러스,글리세릴스테아레이트시트레이트,23,
A000000218756,라운드랩 소나무 진정 시카 크림 플러스,에틸헥실글리세린,24,
A000000218756,라운드랩 소나무 진정 시카 크림 플러스,인도멀구슬나무꽃추출물,25,
A000000218756,라운드랩 소나무 진정 시카 크림 플러스,스핑고모나스발효추출물,26,
A000000218756,라운드랩 소나무 진정 시카 크림 플러스,하이드로제네이티드폴리아이소부텐,27,
A000000218756,라운드랩 소나무 진정 시카 크림 플러스,아데노신,28,
A000000218756,라운드랩 소나무 진정 시카 크림 플러스,호호바씨오일,29,
A000000218756,라운드랩 소나무 진정 시카 크림 플러스,데실글루코사이드,30,
A000000218756,라운드랩 소나무 진정 시카 크림 플러스,다이소듐이디티에이,31,
A000000218756,라운드랩 소나무 진정 시카 크림 플러스,폴리글리세릴-10라우레이트,32,
A000000218756,라운드랩 소나무 진정 시카 크림 플러스,베타-시토스테롤,33,
A000000218756,라운드랩 소나무 진정 시카 크림 플러스,병풀추출물,34,100
A000000218756,라운드랩 소나무 진정 시카 크림 플러스,에틸헥실팔미테이트,35,
A000000218756,라운드랩 소나무 진정 시카 크림 플러스,카카오추출물,36,
A000000218756,라운드랩 소나무 진정 시카 크림 플러스,폴리글리세릴-10스테아레이트,37,
A000000218756,라운드랩 소나무 진정 시카 크림 플러스,솔비탄아이소스테아레이트,38,
A000000218756,라운드랩 소나무 진정 시카 크림 플러스,하이드로제네이티드레시틴,39,
A000000218756,라운드랩 소나무 진정 시카 크림 플러스,녹차추출물,40,
A000000218756,라운드랩 소나무 진정 시카 크림 플러스,병풀잎추출물,41,21.2
A000000218756,라운드랩 소나무 진정 시카 크림 플러스,오카무라큰실말추출물,42,
A000000218756,라운드랩 소나무 진정 시카 크림 플러스,흰버드나무껍질추출물,43,
A000000218756,라운드랩 소나무 진정 시카 크림 플러스,커피콩추출물,44,
A000000218756,라운드랩 소나무 진정 시카 크림 플러스,글루코오스,45,
A000000218756,라운드랩 소나무 진정 시카 크림 플러스,베르가모트잎추출물,46,
A000000218756,라운드랩 소나무 진정 시카 크림 플러스,글라이코프로테인,47,2
A000000218756,라운드랩 소나무 진정 시카 크림 플러스,덱스트린,48,
A000000218756,라운드랩 소나무 진정 시카 크림 플러스,아시아티코사이드,49,0.1
A000000218756,라운드랩 소나무 진정 시카 크림 플러스,아시아틱애씨드,50,0.1
A000000218756,라운드랩 소나무 진정 시카 크림 플러스,마데카식애씨드,51,0.1
A000000218756,라운드랩 소나무 진정 시카 크림 플러스,마데카소사이드,52,0.1
A000000218756,라운드랩 소나무 진정 시카 크림 플러스,트라이에틸헥사노인,58,
A000000218756,라운드랩 소나무 진정 시카 크림 플러스,폴리글리세릴-3메틸글루코오스다이스테아레이트,60,
A000000218756,라운드랩 소나무 진정 시카 크림 플러스,세테아릴올리베이트,63,
A000000218756,라운드랩 소나무 진정 시카 크림 플러스,쿠푸아수씨버터,65,
A000000218756,라운드랩 소나무 진정 시카 크림 플러스,솔비탄올리베이트,67,
A000000218756,라운드랩 소나무 진정 시카 크림 플러스,하이드록시에틸아크릴레이트/소듐아크릴로일다이메틸타우레이트코폴리머,68,
A000000218756,라운드랩 소나무 진정 시카 크림 플러스,잔탄검,72,
A000000218756,라운드랩 소나무 진정 시카 크림 플러스,소듐하이알루로네이트,82,
A000000218756,라운드랩 소나무 진정 시카 크림 플러스,글루타티온,83,
A000000218756,라운드랩 소나무 진정 시카 크림 플러스,하이드록시프로필트라이모늄하이알루로네이트,85,
A000000218756,라운드랩 소나무 진정 시카 크림 플러스,하이드롤라이즈드하이알루로닉애씨드,86,
A000000218756,라운드랩 소나무 진정 시카 크림 플러스,소듐아세틸레이티드하이알루로네이트,87,
A000000218756,라운드랩 소나무 진정 시카 크림 플러스,하이알루로닉애씨드,88,
A000000218756,라운드랩 소나무 진정 시카 크림 플러스,세라마이드엔피,89,
A000000218756,라운드랩 소나무 진정 시카 크림 플러스,하이드롤라이즈드소듐하이알루로네이트,90,
A000000218756,라운드랩 소나무 진정 시카 크림 플러스,소듐하이알루로네이트크로스폴리머,91,
A000000218756,라운드랩 소나무 진정 시카 크림 플러스,포타슘하이알루로네이트,92,
A000000242515,센텔리안24 마데카 크림 PDRN,정제수,1,
A000000242515,센텔리안24 마데카 크림 PDRN,글리세린,2,
A000000242515,센텔리안24 마데카 크림 PDRN,다이프로필렌글라이콜,3,
A000000242515,센텔리안24 마데카 크림 PDRN,카프릴릭/카프릭트라이글리세라이드,4,
A000000242515,센텔리안24 마데카 크림 PDRN,하이드로제네이티드폴리(C6-14올레핀),5,
A000000242515,센텔리안24 마데카 크림 PDRN,글리세릴스테아레이트,6,
A000000242515,센텔리안24 마데카 크림 PDRN,펜타에리스리틸테트라에틸헥사노에이트,7,
A000000242515,센텔리안24 마데카 크림 PDRN,나이아신아마이드,8,
A000000242515,센텔리안24 마데카 크림 PDRN,메틸트라이메티콘,9,
A000000242515,센텔리안24 마데카 크림 PDRN,비닐다이메티콘,10,
A000000242515,센텔리안24 마데카 크림 PDRN,세테아릴알코올,11,
A000000242515,센텔리안24 마데카 크림 PDRN,다마스크장미꽃수,12,
A000000242515,센텔리안24 마데카 크림 PDRN,폴리글리세릴-10라우레이트,13,
A000000242515,센텔리안24 마데카 크림 PDRN,소듐디엔에이,14,2000
A000000242515,센텔리안24 마데카 크림 PDRN,마데카식애씨드,15,1600
A000000242515,센텔리안24 마데카 크림 PDRN,아시아티코사이드,16,
A000000242515,센텔리안24 마데카 크림 PDRN,아시아틱애씨드,17,
A000000242515,센텔리안24 마데카 크림 PDRN,병풀추출물,18,
A000000242515,센텔리안24 마데카 크림 PDRN,글루타티온,19,
A000000242515,센텔리안24 마데카 크림 PDRN,카페인,20,
A000000242515,센텔리안24 마데카 크림 PDRN,베타-시토스테롤,21,
A000000242515,센텔리안24 마데카 크림 PDRN,피토스테롤,22,
A000000242515,센텔리안24 마데카 크림 PDRN,다시마추출물,23,
A000000242515,센텔리안24 마데카 크림 PDRN,알로에베라잎추출물,24,
A000000242515,센텔리안24 마데카 크림 PDRN,참마뿌리추출물,25,
A000000242515,센텔리안24 마데카 크림 PDRN,당느릅나무뿌리추출물,26,
A000000242515,센텔리안24 마데카 크림 PDRN,제비꽃꽃추출물,27,
A000000242515,센텔리안24 마데카 크림 PDRN,소듐하이알루로네이트,28,
A000000242515,센텔리안24 마데카 크림 PDRN,다이메틸실란올하이알루로네이트,29,
A000000242515,센텔리안24 마데카 크림 PDRN,하이드롤라이즈드하이알루로닉애씨드,30,
A000000242515,센텔리안24 마데카 크림 PDRN,하이드롤라이즈드소듐하이알루로네이트,31,
A000000242515,센텔리안24 마데카 크림 PDRN,하이알루로닉애씨드,32,
A000000242515,센텔리안24 마데카 크림 PDRN,포타슘하이알루로네이트,33,
A000000242515,센텔리안24 마데카 크림 PDRN,소듐하이알루로네이트크로스폴리머,34,
A000000242515,센텔리안24 마데카 크림 PDRN,하이드록시프로필트라이모늄하이알루로네이트,35,
A000000242515,센텔리안24 마데카 크림 PDRN,소듐하이알루로네이트다이메틸실란올,36,
A000000242515,센텔리안24 마데카 크림 PDRN,소듐아세틸레이티드하이알루로네이트,37,
A000000242515,센텔리안24 마데카 크림 PDRN,"1,2-헥산다이올",38,
A000000242515,센텔리안24 마데카 크림 PDRN,판테놀,39,
A000000242515,센텔리안24 마데카 크림 PDRN,C10-18트라이글리세라이즈,40,
A000000242515,센텔리안24 마데카 크림 PDRN,소듐스테아로일글루타메이트,41,
A000000242515,센텔리안24 마데카 크림 PDRN,소듐폴리아크릴로일다이메틸타우레이트,42,
A000000242515,센텔리안24 마데카 크림 PDRN,부틸렌글라이콜,43,
A000000242515,센텔리안24 마데카 크림 PDRN,호호바에스터,44,
A000000242515,센텔리안24 마데카 크림 PDRN,혼합글리세릴스테아레이트,45,
A000000242515,센텔리안24 마데카 크림 PDRN,하이드록시아세토페논,46,
A000000242515,센텔리안24 마데카 크림 PDRN,하이드록시에틸아크릴레이트/소듐아크릴로일다이메틸타우레이트코폴리머,47,
A000000242515,센텔리안24 마데카 크림 PDRN,세틸알코올,48,
A000000242515,센텔리안24 마데카 크림 PDRN,스테아릴알코올,49,
A000000242515,센텔리안24 마데카 크림 PDRN,베헤닐알코올,50,
A000000242515,센텔리안24 마데카 크림 PDRN,해바라기씨왁스,51,
A000000242515,센텔리안24 마데카 크림 PDRN,황련뿌리추출물,52,
A000000242515,센텔리안24 마데카 크림 PDRN,에틸헥실글리세린,53,
A000000242515,센텔리안24 마데카 크림 PDRN,라벤더오일,54,
A000000242515,센텔리안24 마데카 크림 PDRN,베르가모트오일,55,
A000000242515,센텔리안24 마데카 크림 PDRN,올리브오일,56,
A000000242515,센텔리안24 마데카 크림 PDRN,오렌지껍질오일,57,
A000000242515,센텔리안24 마데카 크림 PDRN,잔탄검,58,
A000000242515,센텔리안24 마데카 크림 PDRN,로즈마리잎오일,59,
A000000242515,센텔리안24 마데카 크림 PDRN,다이소듐이디티에이,60,
A000000242515,센텔리안24 마데카 크림 PDRN,아데노신,61,
A000000242515,센텔리안24 마데카 크림 PDRN,솔비탄아이소스테아레이트,62,
A000000242515,센텔리안24 마데카 크림 PDRN,폴리글리세린-3,63,
A000000242515,센텔리안24 마데카 크림 PDRN,캐모마일꽃오일,64,
A000000242515,센텔리안24 마데카 크림 PDRN,사이아노코발아민,65,
A000000242515,센텔리안24 마데카 크림 PDRN,아스코빅애씨드,66,
A000000242515,센텔리안24 마데카 크림 PDRN,토코페롤,67,
A000000242515,센텔리안24 마데카 크림 PDRN,세라마이드엔피,68,
A000000242515,센텔리안24 마데카 크림 PDRN,글라이코프로테인,69,
A000000242515,센텔리안24 마데카 크림 PDRN,피토스핑고신,70,
A000000242515,센텔리안24 마데카 크림 PDRN,하이드로제네이티드레시틴,71,
A000000242515,센텔리안24 마데카 크림 PDRN,콜라겐아미노산,72,
A000000242515,센텔리안24 마데카 크림 PDRN,하이드롤라이즈드엘라스틴,73,
A000000242515,센텔리안24 마데카 크림 PDRN,아스파틱애씨드,74,
A000000242515,센텔리안24 마데카 크림 PDRN,글라이신,75,
A000000242515,센텔리안24 마데카 크림 PDRN,글루타믹애씨드,76,
A000000242515,센텔리안24 마데카 크림 PDRN,알지닌,77,
A000000242515,센텔리안24 마데카 크림 PDRN,리모넨,78,
A000000242515,센텔리안24 마데카 크림 PDRN,리날룰,79,
A000000238458,오아조 더마 테카 카밍 크림,정제수,1,
A000000238458,오아조 더마 테카 카밍 크림,글리세린,2,
A000000238458,오아조 더마 테카 카밍 크림,부틸렌글라이콜,3,
A000000238458,오아조 더마 테카 카밍 크림,프로판다이올,4,
A000000238458,오아조 더마 테카 카밍 크림,"1,2-헥산다이올",5,
A000000238458,오아조 더마 테카 카밍 크림,나이아신아마이드,6,
A000000238458,오아조 더마 테카 카밍 크림,하이드로제네이티드폴리(C6-14올레핀),7,
A000000238458,오아조 더마 테카 카밍 크림,C14-22알코올,8,
A000000238458,오아조 더마 테카 카밍 크림,스쿠알란,9,
A000000238458,오아조 더마 테카 카밍 크림,하이드로제네이티드폴리데센,10,
A000000238458,오아조 더마 테카 카밍 크림,판테놀,11,
A000000238458,오아조 더마 테카 카밍 크림,비닐다이메티콘,12,
A000000238458,오아조 더마 테카 카밍 크림,글리세릴글루코사이드,13,
A000000238458,오아조 더마 테카 카밍 크림,에톡시다이글라이콜,14,
A000000238458,오아조 더마 테카 카밍 크림,C12-20알킬글루코사이드,15,
A000000238458,오아조 더마 테카 카밍 크림,하이드록시에틸아크릴레이트/소듐아크릴로일다이메틸타우레이트코폴리머,16,
A000000238458,오아조 더마 테카 카밍 크림,아크릴레이트/C10-30알킬아크릴레이트크로스폴리머,17,
A000000238458,오아조 더마 테카 카밍 크림,알지닌,18,
A000000238458,오아조 더마 테카 카밍 크림,C12-16알코올,19,
A000000238458,오아조 더마 테카 카밍 크림,알란토인,20,
A000000238458,오아조 더마 테카 카밍 크림,하이드로제네이티드레시틴,21,
A000000238458,오아조 더마 테카 카밍 크림,팔미틱애씨드,22,
A000000238458,오아조 더마 테카 카밍 크림,토코페롤,23,
A000000238458,오아조 더마 테카 카밍 크림,에틸헥실글리세린,24,
A000000238458,오아조 더마 테카 카밍 크림,해바라기씨오일,25,
A000000238458,오아조 더마 테카 카밍 크림,옥틸도데카올,26,
A000000238458,오아조 더마 테카 카밍 크림,잔탄검,27,
A000000238458,오아조 더마 테카 카밍 크림,로즈마리잎오일,28,
A000000238458,오아조 더마 테카 카밍 크림,아데노신,29,
A000000238458,오아조 더마 테카 카밍 크림,아시아티코사이드,30,400
A000000238458,오아조 더마 테카 카밍 크림,아시아틱애씨드,31,300
A000000238458,오아조 더마 테카 카밍 크림,다이소듐이디티에이,32,
A000000238458,오아조 더마 테카 카밍 크림,글리세릴아크릴레이트/아크릴릭애씨드코폴리머,33,
A000000238458,오아조 더마 테카 카밍 크림,글라이코리피드,34,
A000000238458,오아조 더마 테카 카밍 크림,마데카식애씨드,35,300
A000000238458,오아조 더마 테카 카밍 크림,글루코오스,36,
A000000238458,오아조 더마 테카 카밍 크림,C12-13알케스-0,37,
A000000238458,오아조 더마 테카 카밍 크림,솔비탄아이소스테아레이트,38,
A000000238458,오아조 더마 테카 카밍 크림,백미꽃추출물,39,
A000000238458,오아조 더마 테카 카밍 크림,세라마이드엔피,40,
A000000238458,오아조 더마 테카 카밍 크림,리모넨,41,
A000000238458,오아조 더마 테카 카밍 크림,세틸에틸헥사노에이트,42,
A000000238458,오아조 더마 테카 카밍 크림,콜레스테롤,43,
A000000238458,오아조 더마 테카 카밍 크림,마카다미아씨오일,44,
A000000238458,오아조 더마 테카 카밍 크림,칸디다 봄비콜라/글루코오스/메틸레이프씨데이트발효물,45,
A000000238458,오아조 더마 테카 카밍 크림,유채스테롤,46,
A000000238458,오아조 더마 테카 카밍 크림,올레익애씨드,47,
A000000238458,오아조 더마 테카 카밍 크림,소듐하이알루로네이트,48,
A000000238458,오아조 더마 테카 카밍 크림,스테아릭애씨드,49,
A000000238458,오아조 더마 테카 카밍 크림,하이드롤라이즈드하이알루로닉애씨드,50,
A000000238458,오아조 더마 테카 카밍 크림,소듐아세틸레이티드하이알루로네이트,51,
A000000238458,오아조 더마 테카 카밍 크림,포타슘솔베이트,52,
A000000192300,몰바니 볼륨 인크리징 프로틴 크림,해수,1,
A000000192300,몰바니 볼륨 인크리징 프로틴 크림,메틸프로판다이올,2,
A000000192300,몰바니 볼륨 인크리징 프로틴 크림,글리세린,3,
A000000192300,몰바니 볼륨 인크리징 프로틴 크림,페닐트라이메티콘,4,
A000000192300,몰바니 볼륨 인크리징 프로틴 크림,"1,2-헥산다이올",5,
A000000192300,몰바니 볼륨 인크리징 프로틴 크림,나이아신아마이드,6,
A000000192300,몰바니 볼륨 인크리징 프로틴 크림,다이카프릴릴에터,7,
A000000192300,몰바니 볼륨 인크리징 프로틴 크림,다이카프릴릴카보네이트,8,
A000000192300,몰바니 볼륨 인크리징 프로틴 크림,사이클로헥사실록세인,9,
A000000192300,몰바니 볼륨 인크리징 프로틴 크림,폴리글리세릴-3메틸글루코오스다이스테아레이트,10,
A000000192300,몰바니 볼륨 인크리징 프로틴 크림,아이소스테아릴알코올,11,
A000000192300,몰바니 볼륨 인크리징 프로틴 크림,부틸렌글라이콜코코에이트,12,
A000000192300,몰바니 볼륨 인크리징 프로틴 크림,글리세릴스테아레이트,13,
A000000192300,몰바니 볼륨 인크리징 프로틴 크림,다시마추출물,14,
A000000192300,몰바니 볼륨 인크리징 프로틴 크림,한련초잎추출물,15,
A000000192300,몰바니 볼륨 인크리징 프로틴 크림,꿀풀추출물,16,
A000000192300,몰바니 볼륨 인크리징 프로틴 크림,블래더랙추출물,17,
A000000192300,몰바니 볼륨 인크리징 프로틴 크림,슈도알테로모나스발효추출물,18,
A000000192300,몰바니 볼륨 인크리징 프로틴 크림,하이드로제네이티드레시틴,19,
A000000192300,몰바니 볼륨 인크리징 프로틴 크림,정제수,20,
A000000192300,몰바니 볼륨 인크리징 프로틴 크림,암모늄아크릴로일다이메틸타우레이트/브이피코폴리머,21,
A000000192300,몰바니 볼륨 인크리징 프로틴 크림,폴리글리세릴-10라우레이트,22,
A000000192300,몰바니 볼륨 인크리징 프로틴 크림,소듐스테아로일글루타메이트,23,
A000000192300,몰바니 볼륨 인크리징 프로틴 크림,아크릴레이트/C10-30알킬아크릴레이트크로스폴리머,24,
A000000192300,몰바니 볼륨 인크리징 프로틴 크림,트로메타민,25,
A000000192300,몰바니 볼륨 인크리징 프로틴 크림,잔탄검,26,
A000000192300,몰바니 볼륨 인크리징 프로틴 크림,초유,27,
A000000192300,몰바니 볼륨 인크리징 프로틴 크림,에틸셀룰로오스,28,
A000000192300,몰바니 볼륨 인크리징 프로틴 크림,아데노신,29,
A000000192300,몰바니 볼륨 인크리징 프로틴 크림,프룩토올리고사카라이드,30,
A000000192300,몰바니 볼륨 인크리징 프로틴 크림,베타-글루칸,31,
A000000192300,몰바니 볼륨 인크리징 프로틴 크림,하이드롤라이즈드하이알루로닉애씨드,32,
A000000192300,몰바니 볼륨 인크리징 프로틴 크림,이노시톨,33,
A000000192300,몰바니 볼륨 인크리징 프로틴 크림,프룩탄,34,
A000000192300,몰바니 볼륨 인크리징 프로틴 크림,살리실릭애씨드,35,
A000000192300,몰바니 볼륨 인크리징 프로틴 크림,소듐살리실레이트,36,
A000000192300,몰바니 볼륨 인크리징 프로틴 크림,시트릭애씨드,37,
A000000192300,몰바니 볼륨 인크리징 프로틴 크림,에틸헥실글리세린,38,
A000000183498,에뛰드 순정 수분 베리어 크림,정제수,1,
A000000183498,에뛰드 순정 수분 베리어 크림,글리세린,2,
A000000183498,에뛰드 순정 수분 베리어 크림,프로판다이올,3,
A000000183498,에뛰드 순정 수분 베리어 크림,펜타에리스리틸테트라에틸헥사노에이트,4,
A000000183498,에뛰드 순정 수분 베리어 크림,하이드로제네이티드폴리(C6-14올레핀),5,
A000000183498,에뛰드 순정 수분 베리어 크림,판테놀,6,
A000000183498,에뛰드 순정 수분 베리어 크림,"1,2-헥산다이올",7,
A000000183498,에뛰드 순정 수분 베리어 크림,하이드록시에틸아크릴레이트/소듐아크릴로일다이메틸타우레이트코폴리머,8,
A000000183498,에뛰드 순정 수분 베리어 크림,폴리메틸실세스퀴옥세인,9,
A000000183498,에뛰드 순정 수분 베리어 크림,글리세릴스테아레이트시트레이트,10,
A000000183498,에뛰드 순정 수분 베리어 크림,카보머,11,
A000000183498,에뛰드 순정 수분 베리어 크림,C14-22알코올,12,
A000000183498,에뛰드 순정 수분 베리어 크림,글리세릴스테아레이트,13,
A000000183498,에뛰드 순정 수분 베리어 크림,아라키딜알코올,14,
A000000183498,에뛰드 순정 수분 베리어 크림,글리세릴카프릴레이트,15,
A000000183498,에뛰드 순정 수분 베리어 크림,베헤닐알코올,16,
A000000183498,에뛰드 순정 수분 베리어 크림,트로메타민,17,
A000000183498,에뛰드 순정 수분 베리어 크림,C12-20알킬글루코사이드,18,
A000000183498,에뛰드 순정 수분 베리어 크림,에틸헥실글리세린,19,
A000000183498,에뛰드 순정 수분 베리어 크림,부틸렌글라이콜,20,
A000000183498,에뛰드 순정 수분 베리어 크림,다이소듐이디티에이,21,
A000000183498,에뛰드 순정 수분 베리어 크림,솔비탄아이소스테아레이트,22,
A000000183498,에뛰드 순정 수분 베리어 크림,아라키딜글루코사이드,23,
A000000183498,에뛰드 순정 수분 베리어 크림,알란토인,24,
A000000183498,에뛰드 순정 수분 베리어 크림,마데카소사이드,25,
A000000183498,에뛰드 순정 수분 베리어 크림,황금추출물,26,
A000000183498,에뛰드 순정 수분 베리어 크림,토코페롤,27,
A000000183498,에뛰드 순정 수분 베리어 크림,녹차추출물,28,
A000000247713,브링그린 징크테카 리페어 흔적 크림,정제수,1,
A000000247713,브링그린 징크테카 리페어 흔적 크림,다이프로필렌글라이콜,2,
A000000247713,브링그린 징크테카 리페어 흔적 크림,시어버터,3,
A000000247713,브링그린 징크테카 리페어 흔적 크림,하이드로제네이티드폴리(C6-14올레핀),4,
A000000247713,브링그린 징크테카 리페어 흔적 크림,팔미틱애씨드,5,
A000000247713,브링그린 징크테카 리페어 흔적 크림,스테아릭애씨드,6,
A000000247713,브링그린 징크테카 리페어 흔적 크림,글리세린,7,
A000000247713,브링그린 징크테카 리페어 흔적 크림,"1,2-헥산다이올",8,
A000000247713,브링그린 징크테카 리페어 흔적 크림,나이아신아마이드,9,
A000000247713,브링그린 징크테카 리페어 흔적 크림,비닐다이메티콘,10,
A000000247713,브링그린 징크테카 리페어 흔적 크림,코코넛야자씨버터,11,
A000000247713,브링그린 징크테카 리페어 흔적 크림,다이메티콘/비닐다이메티콘크로스폴리머,12,
A000000247713,브링그린 징크테카 리페어 흔적 크림,베타인,13,
A000000247713,브링그린 징크테카 리페어 흔적 크림,세테아릴글루코사이드,14,
A000000247713,브링그린 징크테카 리페어 흔적 크림,세테아릴알코올,15,
A000000247713,브링그린 징크테카 리페어 흔적 크림,다이카프릴릴에터,16,
A000000247713,브링그린 징크테카 리페어 흔적 크림,글리세릴스테아레이트에스이,17,
A000000247713,브링그린 징크테카 리페어 흔적 크림,소듐폴리아크릴레이트,18,
A000000247713,브링그린 징크테카 리페어 흔적 크림,소듐스테아로일글루타메이트,19,
A000000247713,브링그린 징크테카 리페어 흔적 크림,하이드록시에틸아크릴레이트/소듐아크릴로일다이메틸타우레이트코폴리머,20,
A000000247713,브링그린 징크테카 리페어 흔적 크림,하이드록시아세토페논,21,
A000000247713,브링그린 징크테카 리페어 흔적 크림,마데카식애씨드,22,1470
A000000247713,브링그린 징크테카 리페어 흔적 크림,아시아티코사이드,23,1202
A000000247713,브링그린 징크테카 리페어 흔적 크림,에틸헥실글리세린,24,
A000000247713,브링그린 징크테카 리페어 흔적 크림,소듐카보머,25,
A000000247713,브링그린 징크테카 리페어 흔적 크림,암모늄아크릴로일다이메틸타우레이트/브이피코폴리머,26,
A000000247713,브링그린 징크테카 리페어 흔적 크림,폴리글리세릴-10미리스테이트,27,
A000000247713,브링그린 징크테카 리페어 흔적 크림,부틸렌글라이콜,28,
A000000247713,브링그린 징크테카 리페어 흔적 크림,잔탄검,29,
A000000247713,브링그린 징크테카 리페어 흔적 크림,징크피씨에이,30,500
A000000247713,브링그린 징크테카 리페어 흔적 크림,병풀추출물,31,
A000000247713,브링그린 징크테카 리페어 흔적 크림,아시아틱애씨드,32,334
A000000247713,브링그린 징크테카 리페어 흔적 크림,다이소듐이디티에이,33,
A000000247713,브링그린 징크테카 리페어 흔적 크림,폴리솔베이트60,34,
A000000247713,브링그린 징크테카 리페어 흔적 크림,솔비탄아이소스테아레이트,35,
A000000247713,브링그린 징크테카 리페어 흔적 크림,하이드로제네이티드레시틴,36,
A000000247713,브링그린 징크테카 리페어 흔적 크림,무화과추출물,37,
A000000247713,브링그린 징크테카 리페어 흔적 크림,마카다미아씨오일,38,
A000000247713,브링그린 징크테카 리페어 흔적 크림,세라마이드엔피,39,
A000000247713,브링그린 징크테카 리페어 흔적 크림,알지닌,40,
A000000247713,브링그린 징크테카 리페어 흔적 크림,카보머,41,
A000000247713,브링그린 징크테카 리페어 흔적 크림,토코페롤,42,
A000000247713,브링그린 징크테카 리페어 흔적 크림,피토스핑고신,43,
A000000247713,브링그린 징크테카 리페어 흔적 크림,참마뿌리추출물,44,
A000000247713,브링그린 징크테카 리페어 흔적 크림,판테놀,45,
A000000247713,브링그린 징크테카 리페어 흔적 크림,몰로키아잎추출물,46,
A000000247713,브링그린 징크테카 리페어 흔적 크림,연꽃뿌리추출물,47,
A000000247713,브링그린 징크테카 리페어 흔적 크림,오크라열매추출물,48,
A000000247713,브링그린 징크테카 리페어 흔적 크림,신선초추출물,49,
A000000212724,듀이트리 AC 딥 흔적 진정 크림,정제수,1,
A000000212724,듀이트리 AC 딥 흔적 진정 크림,부틸렌글라이콜,2,
A000000212724,듀이트리 AC 딥 흔적 진정 크림,다이프로필렌글라이콜,3,
A000000212724,듀이트리 AC 딥 흔적 진정 크림,나이아신아마이드,4,
A000000212724,듀이트리 AC 딥 흔적 진정 크림,"1,2-헥산다이올",5,
A000000212724,듀이트리 AC 딥 흔적 진정 크림,다이카프릴릴에터,6,
A000000212724,듀이트리 AC 딥 흔적 진정 크림,폴리글리세릴-3메틸글루코오스다이스테아레이트,7,
A000000212724,듀이트리 AC 딥 흔적 진정 크림,암모늄아크릴로일다이메틸타우레이트/브이피코폴리머,8,
A000000212724,듀이트리 AC 딥 흔적 진정 크림,카보머,9,
A000000212724,듀이트리 AC 딥 흔적 진정 크림,판테놀,10,
A000000212724,듀이트리 AC 딥 흔적 진정 크림,알지닌,11,
A000000212724,듀이트리 AC 딥 흔적 진정 크림,베타인,12,
A000000212724,듀이트리 AC 딥 흔적 진정 크림,트레할로오스,13,
A000000212724,듀이트리 AC 딥 흔적 진정 크림,에틸헥실글리세린,14,
A000000212724,듀이트리 AC 딥 흔적 진정 크림,잔탄검,15,
A000000212724,듀이트리 AC 딥 흔적 진정 크림,카프릴릭/카프릭트라이글리세라이드,16,
A000000212724,듀이트리 AC 딥 흔적 진정 크림,병풀추출물,17,
A000000212724,듀이트리 AC 딥 흔적 진정 크림,아데노신,18,
A000000212724,듀이트리 AC 딥 흔적 진정 크림,다이소듐이디티에이,19,
A000000212724,듀이트리 AC 딥 흔적 진정 크림,글리세린,20,
A000000212724,듀이트리 AC 딥 흔적 진정 크림,인도멀구슬나무잎추출물,21,
A000000212724,듀이트리 AC 딥 흔적 진정 크림,폴리쿼터늄-51,22,
A000000212724,듀이트리 AC 딥 흔적 진정 크림,인도멀구슬나무꽃추출물,23,
A000000212724,듀이트리 AC 딥 흔적 진정 크림,알로에베라잎추출물,24,
A000000212724,듀이트리 AC 딥 흔적 진정 크림,참마뿌리추출물,25,
A000000212724,듀이트리 AC 딥 흔적 진정 크림,다시마추출물,26,
A000000212724,듀이트리 AC 딥 흔적 진정 크림,당느릅나무뿌리추출물,27,
A000000212724,듀이트리 AC 딥 흔적 진정 크림,제비꽃꽃추출물,28,
A000000212724,듀이트리 AC 딥 흔적 진정 크림,페퍼민트오일,29,
A000000212724,듀이트리 AC 딥 흔적 진정 크림,3-O-에틸아스코빅애씨드,30,
A000000212724,듀이트리 AC 딥 흔적 진정 크림,아스코빅애씨드,31,
A000000212724,듀이트리 AC 딥 흔적 진정 크림,하이드로제네이티드레시틴,32,
A000000212724,듀이트리 AC 딥 흔적 진정 크림,멘틸락테이트,33,
A000000212724,듀이트리 AC 딥 흔적 진정 크림,자작나무수액,34,
A000000212724,듀이트리 AC 딥 흔적 진정 크림,에틸멘탄카복사마이드,35,
A000000212724,듀이트리 AC 딥 흔적 진정 크림,아이비고드열매추출물,36,
A000000212724,듀이트리 AC 딥 흔적 진정 크림,메틸다이아이소프로필프로피온아마이드,37,
A000000212724,듀이트리 AC 딥 흔적 진정 크림,시어버터,38,
A000000212724,듀이트리 AC 딥 흔적 진정 크림,백미꽃추출물,39,
A000000212724,듀이트리 AC 딥 흔적 진정 크림,올리브오일,40,
A000000212724,듀이트리 AC 딥 흔적 진정 크림,호박가루,41,
A000000212724,듀이트리 AC 딥 흔적 진정 크림,황련뿌리추출물,42,
A000000212724,듀이트리 AC 딥 흔적 진정 크림,가지열매추출물,43,
A000000212724,듀이트리 AC 딥 흔적 진정 크림,울금뿌리추출물,44,
A000000212724,듀이트리 AC 딥 흔적 진정 크림,홀리바질잎추출물,45,
A000000212724,듀이트리 AC 딥 흔적 진정 크림,참산호말추출물,46,
A000000212724,듀이트리 AC 딥 흔적 진정 크림,드럼스틱씨오일,47,
A000000212724,듀이트리 AC 딥 흔적 진정 크림,칸디다 봄비콜라/글루코오스/메틸레이프씨데이트발효물,48,
A000000212724,듀이트리 AC 딥 흔적 진정 크림,세라마이드엔피,49,
A000000212724,듀이트리 AC 딥 흔적 진정 크림,라임추출물,50,
A000000212724,듀이트리 AC 딥 흔적 진정 크림,글라이코리피드,51,
A000000212724,듀이트리 AC 딥 흔적 진정 크림,페퍼민트추출물,52,
A000000212724,듀이트리 AC 딥 흔적 진정 크림,소듐하이알루로네이트,53,
A000000212724,듀이트리 AC 딥 흔적 진정 크림,폴리글리세릴-3다이스테아레이트,54,
A000000212724,듀이트리 AC 딥 흔적 진정 크림,글루타티온,55,
A000000212724,듀이트리 AC 딥 흔적 진정 크림,글리세릴스테아레이트시트레이트,56,
A000000212724,듀이트리 AC 딥 흔적 진정 크림,하이드롤라이즈드하이알루로닉애씨드,57,
A000000212724,듀이트리 AC 딥 흔적 진정 크림,하이드롤라이즈드소듐하이알루로네이트,58,
A000000212724,듀이트리 AC 딥 흔적 진정 크림,티트리잎추출물,59,
A000000212724,듀이트리 AC 딥 흔적 진정 크림,하이드록시프로필트라이모늄하이알루로네이트,60,
A000000212724,듀이트리 AC 딥 흔적 진정 크림,소듐아세틸레이티드하이알루로네이트,61,
A000000212724,듀이트리 AC 딥 흔적 진정 크림,소듐하이알루로네이트크로스폴리머,62,
A000000212724,듀이트리 AC 딥 흔적 진정 크림,하이알루로닉애씨드,63,
A000000212724,듀이트리 AC 딥 흔적 진정 크림,펜틸렌글라이콜,64,
A000000212724,듀이트리 AC 딥 흔적 진정 크림,아시아틱애씨드,65,
A000000212724,듀이트리 AC 딥 흔적 진정 크림,아시아티코사이드,66,
A000000212724,듀이트리 AC 딥 흔적 진정 크림,마데카식애씨드,67,
A000000212724,듀이트리 AC 딥 흔적 진정 크림,마데카소사이드,68,
A000000212724,듀이트리 AC 딥 흔적 진정 크림,포타슘하이알루로네이트,69,
A000000256802,웰라쥬 리얼 히알루로닉 수딩 크림,정제수,1,
A000000256802,웰라쥬 리얼 히알루로닉 수딩 크림,부틸렌글라이콜,2,
A000000256802,웰라쥬 리얼 히알루로닉 수딩 크림,글리세린,3,
A000000256802,웰라쥬 리얼 히알루로닉 수딩 크림,"1,2-헥산다이올",4,
A000000256802,웰라쥬 리얼 히알루로닉 수딩 크림,나이아신아마이드,5,
A000000256802,웰라쥬 리얼 히알루로닉 수딩 크림,하이드로제네이티드다이데센,6,
A000000256802,웰라쥬 리얼 히알루로닉 수딩 크림,판테놀,7,
A000000256802,웰라쥬 리얼 히알루로닉 수딩 크림,세테아릴알코올,8,
A000000256802,웰라쥬 리얼 히알루로닉 수딩 크림,세틸에틸헥사노에이트,9,
A000000256802,웰라쥬 리얼 히알루로닉 수딩 크림,트레할로오스,10,
A000000256802,웰라쥬 리얼 히알루로닉 수딩 크림,메틸트라이메티콘,11,
A000000256802,웰라쥬 리얼 히알루로닉 수딩 크림,비닐다이메티콘,12,
A000000256802,웰라쥬 리얼 히알루로닉 수딩 크림,올리브오일폴리글리세릴-6에스터,13,
A000000256802,웰라쥬 리얼 히알루로닉 수딩 크림,알지닌,14,
A000000256802,웰라쥬 리얼 히알루로닉 수딩 크림,카보머,15,
A000000256802,웰라쥬 리얼 히알루로닉 수딩 크림,소듐스테아로일락틸레이트,16,
A000000256802,웰라쥬 리얼 히알루로닉 수딩 크림,하이드록시에틸아크릴레이트/소듐아크릴로일다이메틸타우레이트코폴리머,17,
A000000256802,웰라쥬 리얼 히알루로닉 수딩 크림,하이드록시아세토페논,18,
A000000256802,웰라쥬 리얼 히알루로닉 수딩 크림,에틸헥실글리세린,19,
A000000256802,웰라쥬 리얼 히알루로닉 수딩 크림,알란토인,20,
A000000256802,웰라쥬 리얼 히알루로닉 수딩 크림,아데노신,21,
A000000256802,웰라쥬 리얼 히알루로닉 수딩 크림,트라이소듐에틸렌다이아민다이석시네이트,22,
A000000256802,웰라쥬 리얼 히알루로닉 수딩 크림,다이소듐이디티에이,23,
A000000256802,웰라쥬 리얼 히알루로닉 수딩 크림,소듐폴리아크릴레이트,24,
A000000256802,웰라쥬 리얼 히알루로닉 수딩 크림,피브이엠/엠에이코폴리머,25,
A000000256802,웰라쥬 리얼 히알루로닉 수딩 크림,솔비탄아이소스테아레이트,26,
A000000256802,웰라쥬 리얼 히알루로닉 수딩 크림,말라카이트추출물,27,
A000000256802,웰라쥬 리얼 히알루로닉 수딩 크림,소듐디엔에이,28,
A000000256802,웰라쥬 리얼 히알루로닉 수딩 크림,프로판다이올,29,
A000000256802,웰라쥬 리얼 히알루로닉 수딩 크림,토코페롤,30,
A000000256802,웰라쥬 리얼 히알루로닉 수딩 크림,하이드롤라이즈드하이알루로닉애씨드,31,1
A000000256802,웰라쥬 리얼 히알루로닉 수딩 크림,다이메틸아이소소바이드,32,
A000000256802,웰라쥬 리얼 히알루로닉 수딩 크림,하이드로제네이티드레시틴,33,
A000000256802,웰라쥬 리얼 히알루로닉 수딩 크림,소듐하이알루로네이트크로스폴리머,34,0.1981
A000000256802,웰라쥬 리얼 히알루로닉 수딩 크림,시트릭애씨드,35,
A000000256802,웰라쥬 리얼 히알루로닉 수딩 크림,카프릴릭/카프릭트라이글리세라이드,36,
A000000256802,웰라쥬 리얼 히알루로닉 수딩 크림,수크로오스라우레이트,37,
A000000256802,웰라쥬 리얼 히알루로닉 수딩 크림,올레일알코올,38,
A000000256802,웰라쥬 리얼 히알루로닉 수딩 크림,소듐스테아로일글루타메이트,39,
A000000256802,웰라쥬 리얼 히알루로닉 수딩 크림,암모늄아크릴로일다이메틸타우레이트/브이피코폴리머,40,
A000000256802,웰라쥬 리얼 히알루로닉 수딩 크림,글라이신,41,
A000000256802,웰라쥬 리얼 히알루로닉 수딩 크림,세린,42,
A000000256802,웰라쥬 리얼 히알루로닉 수딩 크림,히스티딘,43,
A000000256802,웰라쥬 리얼 히알루로닉 수딩 크림,돌콩추출물,44,
A000000256802,웰라쥬 리얼 히알루로닉 수딩 크림,리솔레시틴,45,
A000000256802,웰라쥬 리얼 히알루로닉 수딩 크림,플로레틴,46,
A000000256802,웰라쥬 리얼 히알루로닉 수딩 크림,테트라하이드로피페린,47,
A000000256802,웰라쥬 리얼 히알루로닉 수딩 크림,벤질글라이콜,48,
A000000256802,웰라쥬 리얼 히알루로닉 수딩 크림,하이드롤라이즈드글라이코사미노글리칸,49,
A000000256802,웰라쥬 리얼 히알루로닉 수딩 크림,소듐하이알루로네이트,50,0.0005200000000000001
A000000256802,웰라쥬 리얼 히알루로닉 수딩 크림,하이드록시프로필트라이모늄하이알루로네이트,51,1.2e-05
A000000256802,웰라쥬 리얼 히알루로닉 수딩 크림,하이알루로닉애씨드,52,1e-06
A000000256802,웰라쥬 리얼 히알루로닉 수딩 크림,소듐아세틸레이티드하이알루로네이트,53,2.0000000000000002e-07
A000000185456,나인위시스 비건 화이트 톤업 크림,해수,1,
A000000185456,나인위시스 비건 화이트 톤업 크림,정제수,2,
A000000185456,나인위시스 비건 화이트 톤업 크림,사이클로펜타실록세인,3,
A000000185456,나인위시스 비건 화이트 톤업 크림,에칠헥실메톡시신나메이트,4,
A000000185456,나인위시스 비건 화이트 톤업 크림,사이클로헥사실록세인,5,
A000000185456,나인위시스 비건 화이트 톤업 크림,페닐트라이메티콘,6,
A000000185456,나인위시스 비건 화이트 톤업 크림,부틸렌글라이콜,7,
A000000185456,나인위시스 비건 화이트 톤업 크림,카프릴릭/카프릭트라이글리세라이드,8,
A000000185456,나인위시스 비건 화이트 톤업 크림,프로필렌글라이콜다이카프릴레이트,9,
A000000185456,나인위시스 비건 화이트 톤업 크림,세틸피이지/피피지-10/1다이메티콘,10,
A000000185456,나인위시스 비건 화이트 톤업 크림,티타늄디옥사이드,11,
A000000185456,나인위시스 비건 화이트 톤업 크림,나이아신아마이드,12,
A000000185456,나인위시스 비건 화이트 톤업 크림,피이지-10다이메티콘,13,
A000000185456,나인위시스 비건 화이트 톤업 크림,글리세린,14,
A000000185456,나인위시스 비건 화이트 톤업 크림,폴리글리세릴-4아이소스테아레이트,15,
A000000185456,나인위시스 비건 화이트 톤업 크림,소듐클로라이드,16,
A000000185456,나인위시스 비건 화이트 톤업 크림,"1,2-헥산다이올",17,
A000000185456,나인위시스 비건 화이트 톤업 크림,카프릴릴글라이콜,18,
A000000185456,나인위시스 비건 화이트 톤업 크림,금송뿌리추출물,19,
A000000185456,나인위시스 비건 화이트 톤업 크림,호호바씨오일,20,
A000000185456,나인위시스 비건 화이트 톤업 크림,스페인감초뿌리추출물,21,
A000000185456,나인위시스 비건 화이트 톤업 크림,펜틸렌글라이콜,22,
A000000185456,나인위시스 비건 화이트 톤업 크림,검은깨추출물,23,
A000000185456,나인위시스 비건 화이트 톤업 크림,고삼뿌리추출물,24,
A000000185456,나인위시스 비건 화이트 톤업 크림,라케모사승마뿌리추출물,25,
A000000185456,나인위시스 비건 화이트 톤업 크림,뽕나무껍질추출물,26,
A000000185456,나인위시스 비건 화이트 톤업 크림,작약뿌리추출물,27,
A000000185456,나인위시스 비건 화이트 톤업 크림,진흙버섯추출물,28,
A000000185456,나인위시스 비건 화이트 톤업 크림,참당귀뿌리추출물,29,
A000000185456,나인위시스 비건 화이트 톤업 크림,하수오뿌리추출물,30,
A000000185456,나인위시스 비건 화이트 톤업 크림,황금추출물,31,
A000000185456,나인위시스 비건 화이트 톤업 크림,루이보스추출물,32,
A000000185456,나인위시스 비건 화이트 톤업 크림,소듐하이알루로네이트,33,
A000000185456,나인위시스 비건 화이트 톤업 크림,알란토인,34,
A000000185456,나인위시스 비건 화이트 톤업 크림,에틸헥실글리세린,35,
A000000185456,나인위시스 비건 화이트 톤업 크림,아데노신,36,
A000000185456,나인위시스 비건 화이트 톤업 크림,다이포타슘글리시리제이트,37,
A000000185456,나인위시스 비건 화이트 톤업 크림,하이알루로닉애씨드,38,
A000000185456,나인위시스 비건 화이트 톤업 크림,하이드롤라이즈드소듐하이알루로네이트,39,
A000000185456,나인위시스 비건 화이트 톤업 크림,하이드롤라이즈드하이알루로닉애씨드,40,
A000000185456,나인위시스 비건 화이트 톤업 크림,하이드롤라이즈드글라이코사미노글리칸,41,
A000000185456,나인위시스 비건 화이트 톤업 크림,다이메틸실란올하이알루로네이트,42,
A000000185456,나인위시스 비건 화이트 톤업 크림,소듐아세틸레이티드하이알루로네이트,43,
A000000185456,나인위시스 비건 화이트 톤업 크림,소듐하이알루로네이트크로스폴리머,44,
A000000185456,나인위시스 비건 화이트 톤업 크림,하이드록시프로필트라이모늄하이알루로네이트,45,
A000000185456,나인위시스 비건 화이트 톤업 크림,모하비유카뿌리추출물,46,
A000000185456,나인위시스 비건 화이트 톤업 크림,몰약수지추출물,47,
A000000185456,나인위시스 비건 화이트 톤업 크림,소엽잎추출물,48,
A000000238594,우노 크림 퍼펙션,정제수,1,
A000000238594,우노 크림 퍼펙션,다이프로필렌글라이콜,2,
A000000238594,우노 크림 퍼펙션,글리세린,3,
A000000238594,우노 크림 퍼펙션,다이메티콘,4,
A000000238594,우노 크림 퍼펙션,아가,5,
A000000238594,우노 크림 퍼펙션,피이지-240/에이치디아이코폴리머비스-데실테트라데세스-20에터,6,
A000000238594,우노 크림 퍼펙션,페녹시에탄올,7,
A000000238594,우노 크림 퍼펙션,메틸파라벤,8,
A000000238594,우노 크림 퍼펙션,카보머,9,
A000000238594,우노 크림 퍼펙션,소듐시트레이트,10,
A000000238594,우노 크림 퍼펙션,아크릴레이트/C10-30알킬아크릴레이트크로스폴리머,11,
A000000238594,우노 크림 퍼펙션,포타슘하이드록사이드,12,
A000000238594,우노 크림 퍼펙션,다이소듐이디티에이,13,
A000000238594,우노 크림 퍼펙션,향료,14,
A000000238594,우노 크림 퍼펙션,피이지-10다이메티콘,15,
A000000238594,우노 크림 퍼펙션,시트릭애씨드,16,
A000000238594,우노 크림 퍼펙션,소듐메타바이설파이트,17,
A000000238594,우노 크림 퍼펙션,아이소세테스-10,18,
A000000238594,우노 크림 퍼펙션,부틸렌글라이콜,19,
A000000238594,우노 크림 퍼펙션,비에이치티,20,
A000000238594,우노 크림 퍼펙션,소듐아세틸레이티드하이알루로네이트,21,
A000000238594,우노 크림 퍼펙션,소듐하이알루로네이트,22,
A000000238594,우노 크림 퍼펙션,올리브나무잎추출물,23,
A000000238594,우노 크림 퍼펙션,하이드롤라이즈드콘키올린단백질,24,
A000000238594,우노 크림 퍼펙션,소듐바이카보네이트,25,
A000000238594,우노 크림 퍼펙션,실리카,26,
A000000238594,우노 크림 퍼펙션,타마린드씨검,27,
A000000238594,우노 크림 퍼펙션,락틱애씨드,28,
A000000238594,우노 크림 퍼펙션,토코페롤,29,
A000000238594,우노 크림 퍼펙션,글루코오스,30,
A000000238594,우노 크림 퍼펙션,리날룰,31,
A000000238594,우노 크림 퍼펙션,리모넨,32,
A000000238594,우노 크림 퍼펙션,벤질벤조에이트,33,
A000000212570,바이오더마 시카비오 크림,정제수,1,
A000000212570,바이오더마 시카비오 크림,카프릴릭/카프릭트라이글리세라이드,2,
A000000212570,바이오더마 시카비오 크림,글리세린,3,
A000000212570,바이오더마 시카비오 크림,폴리글리세릴-3폴리리시놀리에이트,4,
A000000212570,바이오더마 시카비오 크림,유채씨오일,5,
A000000212570,바이오더마 시카비오 크림,부틸렌글라이콜,6,
A000000212570,바이오더마 시카비오 크림,타피오카전분,7,
A000000212570,바이오더마 시카비오 크림,하이드로제네이티드유채씨오일,8,
A000000212570,바이오더마 시카비오 크림,자일로오스,9,
A000000212570,바이오더마 시카비오 크림,폴리글리세릴-3다이아이소스테아레이트,10,
A000000212570,바이오더마 시카비오 크림,호호바씨오일,11,
A000000212570,바이오더마 시카비오 크림,마그네슘설페이트,12,
A000000212570,바이오더마 시카비오 크림,펜틸렌글라이콜,13,
A000000212570,바이오더마 시카비오 크림,스쿠알란,14,
A000000212570,바이오더마 시카비오 크림,"1,2-헥산다이올",15,
A000000212570,바이오더마 시카비오 크림,카프릴릴글라이콜,16,
A000000212570,바이오더마 시카비오 크림,소듐폴리글루타메이트,17,
A000000212570,바이오더마 시카비오 크림,소듐시트레이트,18,
A000000212570,바이오더마 시카비오 크림,잔탄검,19,
A000000212570,바이오더마 시카비오 크림,소듐하이알루로네이트,20,
A000000212570,바이오더마 시카비오 크림,토코페롤,21,
A000000212570,바이오더마 시카비오 크림,만니톨,22,
A000000212570,바이오더마 시카비오 크림,람노오스,23,
A000000212570,바이오더마 시카비오 크림,자일리톨,24,
A000000212570,바이오더마 시카비오 크림,아세틸다이펩타이드-1세틸에스터,25,
A000000212570,바이오더마 시카비오 크림,해바라기씨오일,26,
A000000212570,바이오더마 시카비오 크림,시트릭애씨드,27,
A000000212570,바이오더마 시카비오 크림,프룩토올리고사카라이드,28,
A000000251274,아벤느 시칼파트 플러스 S.O.S 크림,온천수,1,
A000000251274,아벤느 시칼파트 플러스 S.O.S 크림,카프릴릭/카프릭트라이글리세라이드,2,
A000000251274,아벤느 시칼파트 플러스 S.O.S 크림,미네랄오일,3,
A000000251274,아벤느 시칼파트 플러스 S.O.S 크림,글리세린,4,
A000000251274,아벤느 시칼파트 플러스 S.O.S 크림,하이드로제네이티드식물성오일,5,
A000000251274,아벤느 시칼파트 플러스 S.O.S 크림,징크옥사이드,6,
A000000251274,아벤느 시칼파트 플러스 S.O.S 크림,프로필렌글라이콜,7,
A000000251274,아벤느 시칼파트 플러스 S.O.S 크림,폴리글리세릴-2세스퀴이소스테아레이트,8,
A000000251274,아벤느 시칼파트 플러스 S.O.S 크림,피이지-22/도데실글라이콜코폴리머,9,
A000000251274,아벤느 시칼파트 플러스 S.O.S 크림,아쿠아필루스 돌로미아이발효여과물,10,
A000000251274,아벤느 시칼파트 플러스 S.O.S 크림,마그네슘스테아레이트,11,
A000000251274,아벤느 시칼파트 플러스 S.O.S 크림,비즈왁스,12,
A000000251274,아벤느 시칼파트 플러스 S.O.S 크림,마이크로크리스탈린왁스,13,
A000000251274,아벤느 시칼파트 플러스 S.O.S 크림,알루미늄스테아레이트,14,
A000000251274,아벤느 시칼파트 플러스 S.O.S 크림,카퍼설페이트,15,
A000000251274,아벤느 시칼파트 플러스 S.O.S 크림,마그네슘설페이트,16,
A000000251274,아벤느 시칼파트 플러스 S.O.S 크림,징크설페이트,17,
A000000251274,아벤느 시칼파트 플러스 S.O.S 크림,알지닌,18,
A000000251274,아벤느 시칼파트 플러스 S.O.S 크림,트로메타민,19,
A000000191715,아벤느 클리낭스 아쿠아크림-인-젤 수분 크림,온천수,1,
A000000191715,아벤느 클리낭스 아쿠아크림-인-젤 수분 크림,프로판다이올,2,
A000000191715,아벤느 클리낭스 아쿠아크림-인-젤 수분 크림,펜틸렌글라이콜,3,
A000000191715,아벤느 클리낭스 아쿠아크림-인-젤 수분 크림,글리세린,4,
A000000191715,아벤느 클리낭스 아쿠아크림-인-젤 수분 크림,정제수,5,
A000000191715,아벤느 클리낭스 아쿠아크림-인-젤 수분 크림,트라이에틸헥사노인,6,
A000000191715,아벤느 클리낭스 아쿠아크림-인-젤 수분 크림,나이아신아마이드,7,
A000000191715,아벤느 클리낭스 아쿠아크림-인-젤 수분 크림,아크릴레이트/C10-30알킬아크릴레이트크로스폴리머,8,
A000000191715,아벤느 클리낭스 아쿠아크림-인-젤 수분 크림,청색1호,9,
A000000191715,아벤느 클리낭스 아쿠아크림-인-젤 수분 크림,카프릴릭/카프릭트라이글리세라이드,10,
A000000191715,아벤느 클리낭스 아쿠아크림-인-젤 수분 크림,카프릴릴글라이콜,11,
A000000191715,아벤느 클리낭스 아쿠아크림-인-젤 수분 크림,세테아릴올리베이트,12,
A000000191715,아벤느 클리낭스 아쿠아크림-인-젤 수분 크림,다이글리세린,13,
A000000191715,아벤느 클리낭스 아쿠아크림-인-젤 수분 크림,향료,14,
A000000191715,아벤느 클리낭스 아쿠아크림-인-젤 수분 크림,글리세릴라우레이트,15,
A000000191715,아벤느 클리낭스 아쿠아크림-인-젤 수분 크림,하이드록시에틸아크릴레이트/소듐아크릴로일다이메틸타우레이트코폴리머,16,
A000000191715,아벤느 클리낭스 아쿠아크림-인-젤 수분 크림,하이드록시프로필스타치포스페이트,17,
A000000191715,아벤느 클리낭스 아쿠아크림-인-젤 수분 크림,에스큘렌타렌즈콩씨추출물,18,
A000000191715,아벤느 클리낭스 아쿠아크림-인-젤 수분 크림,폴리글리세린-3,19,
A000000191715,아벤느 클리낭스 아쿠아크림-인-젤 수분 크림,폴리솔베이트60,20,
A000000191715,아벤느 클리낭스 아쿠아크림-인-젤 수분 크림,포타슘하이드록사이드,21,
A000000191715,아벤느 클리낭스 아쿠아크림-인-젤 수분 크림,소듐벤조에이트,22,
A000000191715,아벤느 클리낭스 아쿠아크림-인-젤 수분 크림,솔비탄아이소스테아레이트,23,
A000000191715,아벤느 클리낭스 아쿠아크림-인-젤 수분 크림,솔비탄올리베이트,24,
A000000191715,아벤느 클리낭스 아쿠아크림-인-젤 수분 크림,토코페릴글루코사이드,25,
A000000199714,닥터지 더모이스처 배리어 D 인텐스 크림,정제수,1,
A000000199714,닥터지 더모이스처 배리어 D 인텐스 크림,글리세린,2,
A000000199714,닥터지 더모이스처 배리어 D 인텐스 크림,프로판다이올,3,
A000000199714,닥터지 더모이스처 배리어 D 인텐스 크림,스쿠알란,4,
A000000199714,닥터지 더모이스처 배리어 D 인텐스 크림,부틸렌글라이콜다이카프릴레이트/다이카프레이트,5,
A000000199714,닥터지 더모이스처 배리어 D 인텐스 크림,사이클로헥사실록세인,6,
A000000199714,닥터지 더모이스처 배리어 D 인텐스 크림,펜타에리스리틸테트라아이소스테아레이트,7,
A000000199714,닥터지 더모이스처 배리어 D 인텐스 크림,C14-22알코올,8,
A000000199714,닥터지 더모이스처 배리어 D 인텐스 크림,아라키딜알코올,9,
A000000199714,닥터지 더모이스처 배리어 D 인텐스 크림,비닐다이메티콘,10,
A000000199714,닥터지 더모이스처 배리어 D 인텐스 크림,판테놀,11,
A000000199714,닥터지 더모이스처 배리어 D 인텐스 크림,세테아릴알코올,12,
A000000199714,닥터지 더모이스처 배리어 D 인텐스 크림,세테아릴올리베이트,13,
A000000199714,닥터지 더모이스처 배리어 D 인텐스 크림,베헤닐알코올,14,
A000000199714,닥터지 더모이스처 배리어 D 인텐스 크림,솔비탄올리베이트,15,
A000000199714,닥터지 더모이스처 배리어 D 인텐스 크림,"1,2-헥산다이올",16,
A000000199714,닥터지 더모이스처 배리어 D 인텐스 크림,포타슘세틸포스페이트,17,
A000000199714,닥터지 더모이스처 배리어 D 인텐스 크림,세라마이드엔피,18,
A000000199714,닥터지 더모이스처 배리어 D 인텐스 크림,C12-20알킬글루코사이드,19,
A000000199714,닥터지 더모이스처 배리어 D 인텐스 크림,아라키딜글루코사이드,20,
A000000199714,닥터지 더모이스처 배리어 D 인텐스 크림,글리세릴글루코사이드,21,
A000000199714,닥터지 더모이스처 배리어 D 인텐스 크림,폴리아크릴레이트크로스폴리머-6,22,
A000000199714,닥터지 더모이스처 배리어 D 인텐스 크림,올리브오일불검화물,23,
A000000199714,닥터지 더모이스처 배리어 D 인텐스 크림,자일리틸글루코사이드,24,
A000000199714,닥터지 더모이스처 배리어 D 인텐스 크림,카프릴릴글라이콜,25,
A000000199714,닥터지 더모이스처 배리어 D 인텐스 크림,안하이드로자일리톨,26,
A000000199714,닥터지 더모이스처 배리어 D 인텐스 크림,밀배아오일불검화물,27,
A000000199714,닥터지 더모이스처 배리어 D 인텐스 크림,돌콩오일불검화물,28,
A000000199714,닥터지 더모이스처 배리어 D 인텐스 크림,콜레스테롤,29,
A000000199714,닥터지 더모이스처 배리어 D 인텐스 크림,토코페롤,30,
A000000199714,닥터지 더모이스처 배리어 D 인텐스 크림,알란토인,31,
A000000199714,닥터지 더모이스처 배리어 D 인텐스 크림,아이소말트,32,
A000000199714,닥터지 더모이스처 배리어 D 인텐스 크림,팔미틱애씨드,33,
A000000199714,닥터지 더모이스처 배리어 D 인텐스 크림,자일리톨,34,
A000000199714,닥터지 더모이스처 배리어 D 인텐스 크림,다이소듐이디티에이,35,
A000000199714,닥터지 더모이스처 배리어 D 인텐스 크림,잔탄검,36,
A000000199714,닥터지 더모이스처 배리어 D 인텐스 크림,글루코노락톤,37,
A000000199714,닥터지 더모이스처 배리어 D 인텐스 크림,글루코오스,38,
A000000199714,닥터지 더모이스처 배리어 D 인텐스 크림,에틸헥실글리세린,39,
A000000199714,닥터지 더모이스처 배리어 D 인텐스 크림,카프릴릭/카프릭트라이글리세라이드,40,
A000000199714,닥터지 더모이스처 배리어 D 인텐스 크림,소듐하이알루로네이트,41,
A000000199714,닥터지 더모이스처 배리어 D 인텐스 크림,꽃가루추출물,42,
A000000199714,닥터지 더모이스처 배리어 D 인텐스 크림,t-부틸알코올,43,
A000000199714,닥터지 더모이스처 배리어 D 인텐스 크림,하이드로제네이티드레시틴,44,
A000000199714,닥터지 더모이스처 배리어 D 인텐스 크림,폴리글리세릴-10스테아레이트,45,
A000000199714,닥터지 더모이스처 배리어 D 인텐스 크림,폴리글리세릴-10올리에이트,46,
A000000199714,닥터지 더모이스처 배리어 D 인텐스 크림,엑토인,47,
A000000199714,닥터지 더모이스처 배리어 D 인텐스 크림,미리스틱애씨드,48,
A000000199714,닥터지 더모이스처 배리어 D 인텐스 크림,알루미늄/마그네슘하이드록사이드스테아레이트,49,
A000000199714,닥터지 더모이스처 배리어 D 인텐스 크림,스테아릭애씨드,50,
A000000199714,닥터지 더모이스처 배리어 D 인텐스 크림,흰목이버섯폴리사카라이드,51,
A000000199714,닥터지 더모이스처 배리어 D 인텐스 크림,소듐하이알루로네이트크로스폴리머,52,
A000000199714,닥터지 더모이스처 배리어 D 인텐스 크림,포타슘하이알루로네이트,53,
A000000199714,닥터지 더모이스처 배리어 D 인텐스 크림,하이드록시프로필트라이모늄하이알루로네이트,54,
A000000199714,닥터지 더모이스처 배리어 D 인텐스 크림,하이드롤라이즈드소듐하이알루로네이트,55,
A000000199714,닥터지 더모이스처 배리어 D 인텐스 크림,하이드롤라이즈드하이알루로닉애씨드,56,
A000000199714,닥터지 더모이스처 배리어 D 인텐스 크림,하이알루로닉애씨드,57,
A000000199714,닥터지 더모이스처 배리어 D 인텐스 크림,소듐스테아로일글루타메이트,58,
A000000199714,닥터지 더모이스처 배리어 D 인텐스 크림,7-데하이드로콜레스테롤,59,
A000000199714,닥터지 더모이스처 배리어 D 인텐스 크림,소듐아스코빌포스페이트,60,
A000000199714,닥터지 더모이스처 배리어 D 인텐스 크림,소듐아세틸레이티드하이알루로네이트,61,
A000000199714,닥터지 더모이스처 배리어 D 인텐스 크림,칼슘클로라이드,62,
A000000199714,닥터지 더모이스처 배리어 D 인텐스 크림,피톨,63,
A000000248200,유세린 하이알루론 3X 나이트크림,정제수,1,
A000000248200,유세린 하이알루론 3X 나이트크림,글리세린,2,
A000000248200,유세린 하이알루론 3X 나이트크림,시어버터,3,
A000000248200,유세린 하이알루론 3X 나이트크림,아이소프로필팔미테이트,4,
A000000248200,유세린 하이알루론 3X 나이트크림,판테놀,5,
A000000248200,유세린 하이알루론 3X 나이트크림,스테아릴알코올,6,
A000000248200,유세린 하이알루론 3X 나이트크림,글리세릴스테아레이트시트레이트,7,
A000000248200,유세린 하이알루론 3X 나이트크림,옥틸도데칸올,8,
A000000248200,유세린 하이알루론 3X 나이트크림,하이드로제네이티드코코-글리세라이즈,9,
A000000248200,유세린 하이알루론 3X 나이트크림,카프릴릭/카프릭트라이글리세라이드,10,
A000000248200,유세린 하이알루론 3X 나이트크림,세틸알코올,11,
A000000248200,유세린 하이알루론 3X 나이트크림,부틸렌글라이콜,12,
A000000248200,유세린 하이알루론 3X 나이트크림,하이드록시프로필스타치포스페이트,13,
A000000248200,유세린 하이알루론 3X 나이트크림,베헤닐알코올,14,
A000000248200,유세린 하이알루론 3X 나이트크림,다이메티콘,15,
A000000248200,유세린 하이알루론 3X 나이트크림,토코페롤,16,
A000000248200,유세린 하이알루론 3X 나이트크림,다이스타치포스페이트,17,
A000000248200,유세린 하이알루론 3X 나이트크림,"1,2-헥산다이올",18,
A000000248200,유세린 하이알루론 3X 나이트크림,향료,19,
A000000248200,유세린 하이알루론 3X 나이트크림,페녹시에탄올,20,
A000000248200,유세린 하이알루론 3X 나이트크림,소듐하이알루로네이트,21,2500
A000000248200,유세린 하이알루론 3X 나이트크림,카프릴릴글라이콜,22,
A000000248200,유세린 하이알루론 3X 나이트크림,트라이소듐이디티에이,23,
A000000248200,유세린 하이알루론 3X 나이트크림,잔탄검,24,
A000000248200,유세린 하이알루론 3X 나이트크림,글리시레티닉애씨드,25,
A000000248200,유세린 하이알루론 3X 나이트크림,돌콩배아추출물,26,
A000000248200,유세린 하이알루론 3X 나이트크림,판토락톤,27,
A000000248200,유세린 하이알루론 3X 나이트크림,시트릭애씨드,28,
A000000248587,톤28 해남404 새벽크림 센텔라 아시아티카 크림,정제수,1,
A000000248587,톤28 해남404 새벽크림 센텔라 아시아티카 크림,부틸렌글라이콜,2,
A000000248587,톤28 해남404 새벽크림 센텔라 아시아티카 크림,프로판다이올,3,
A000000248587,톤28 해남404 새벽크림 센텔라 아시아티카 크림,카프릴릭/카프릭트라이글라세라이드,4,
A000000248587,톤28 해남404 새벽크림 센텔라 아시아티카 크림,아이소아밀라우레이트,5,
A000000248587,톤28 해남404 새벽크림 센텔라 아시아티카 크림,다이아이소스테아릴말레이트,6,
A000000248587,톤28 해남404 새벽크림 센텔라 아시아티카 크림,마카다미아씨오일,7,
A000000248587,톤28 해남404 새벽크림 센텔라 아시아티카 크림,펜틸렌글라이콜,8,
A000000248587,톤28 해남404 새벽크림 센텔라 아시아티카 크림,다이카프릴릴카보네이트,9,
A000000248587,톤28 해남404 새벽크림 센텔라 아시아티카 크림,나이아신아마이드,10,
A000000248587,톤28 해남404 새벽크림 센텔라 아시아티카 크림,세테아릴올리베이트,11,
A000000248587,톤28 해남404 새벽크림 센텔라 아시아티카 크림,시어버터,12,
A000000248587,톤28 해남404 새벽크림 센텔라 아시아티카 크림,글리세릴스테아레이트,13,
A000000248587,톤28 해남404 새벽크림 센텔라 아시아티카 크림,하이드록시에틸아크릴레이트/소듐아크릴로일다이메틸타우레이트코폴리머,14,
A000000248587,톤28 해남404 새벽크림 센텔라 아시아티카 크림,솔비탄올리베이트,15,
A000000248587,톤28 해남404 새벽크림 센텔라 아시아티카 크림,판테놀,16,
A000000248587,톤28 해남404 새벽크림 센텔라 아시아티카 크림,카프릴릴글라이콜,17,
A000000248587,톤28 해남404 새벽크림 센텔라 아시아티카 크림,카보머,18,
A000000248587,톤28 해남404 새벽크림 센텔라 아시아티카 크림,알란토인,19,
A000000248587,톤28 해남404 새벽크림 센텔라 아시아티카 크림,다이포타슘글리시리제이트,20,
A000000248587,톤28 해남404 새벽크림 센텔라 아시아티카 크림,알지닌,21,
A000000248587,톤28 해남404 새벽크림 센텔라 아시아티카 크림,광곽향오일,22,
A000000248587,톤28 해남404 새벽크림 센텔라 아시아티카 크림,센티드제라늄오일,23,
A000000248587,톤28 해남404 새벽크림 센텔라 아시아티카 크림,병풀추출물,24,8000
A000000248587,톤28 해남404 새벽크림 센텔라 아시아티카 크림,아시아티코사이드,25,
A000000248587,톤28 해남404 새벽크림 센텔라 아시아티카 크림,마데카소사이드,26,
A000000248587,톤28 해남404 새벽크림 센텔라 아시아티카 크림,마데카식애씨드,27,
A000000248587,톤28 해남404 새벽크림 센텔라 아시아티카 크림,아시아틱애씨드,28,
A000000248587,톤28 해남404 새벽크림 센텔라 아시아티카 크림,아세틸헥사펩타이드-8,29,
A000000248587,톤28 해남404 새벽크림 센텔라 아시아티카 크림,자몽껍질오일,30,
A000000248587,톤28 해남404 새벽크림 센텔라 아시아티카 크림,솔비탄아이소스테아레이트,31,
A000000248587,톤28 해남404 새벽크림 센텔라 아시아티카 크림,잔탄검,32,
A000000248587,톤28 해남404 새벽크림 센텔라 아시아티카 크림,아데노신,33,
A000000248587,톤28 해남404 새벽크림 센텔라 아시아티카 크림,베르가모트오일,34,
A000000248587,톤28 해남404 새벽크림 센텔라 아시아티카 크림,덱스트린,35,
A000000248587,톤28 해남404 새벽크림 센텔라 아시아티카 크림,치자추출물,36,
A000000248587,톤28 해남404 새벽크림 센텔라 아시아티카 크림,비터오렌지꽃오일,37,
A000000248587,톤28 해남404 새벽크림 센텔라 아시아티카 크림,유칼립투스잎오일,38,
A000000248587,톤28 해남404 새벽크림 센텔라 아시아티카 크림,멕시칸주니퍼오일,39,
A000000248587,톤28 해남404 새벽크림 센텔라 아시아티카 크림,로즈우드오일,40,
A000000248587,톤28 해남404 새벽크림 센텔라 아시아티카 크림,일랑일랑꽃오일,41,
A000000248587,톤28 해남404 새벽크림 센텔라 아시아티카 크림,비터오렌지잎/잔가지오일,42,
A000000248587,톤28 해남404 새벽크림 센텔라 아시아티카 크림,리날룰,43,
A000000248587,톤28 해남404 새벽크림 센텔라 아시아티카 크림,리모넨,44,
A000000248587,톤28 해남404 새벽크림 센텔라 아시아티카 크림,벤질벤조에이트,45,
A000000248587,톤28 해남404 새벽크림 센텔라 아시아티카 크림,시트랄,46,
A000000248587,톤28 해남404 새벽크림 센텔라 아시아티카 크림,시트로넬올,47,
A000000248587,톤28 해남404 새벽크림 센텔라 아시아티카 크림,제라니올,48,
A000000192105,CKD 레티노콜라겐 저분자 300 괄사 목주름 크림,정제수,1,
A000000192105,CKD 레티노콜라겐 저분자 300 괄사 목주름 크림,글리세린,2,
A000000192105,CKD 레티노콜라겐 저분자 300 괄사 목주름 크림,카프릴릭/카프릭트라이글리세라이드,3,
A000000192105,CKD 레티노콜라겐 저분자 300 괄사 목주름 크림,부틸렌글라이콜,4,
A000000192105,CKD 레티노콜라겐 저분자 300 괄사 목주름 크림,펜틸렌글라이콜,5,
A000000192105,CKD 레티노콜라겐 저분자 300 괄사 목주름 크림,나이아신아마이드,6,
A000000192105,CKD 레티노콜라겐 저분자 300 괄사 목주름 크림,"1,2-헥산다이올",7,
A000000192105,CKD 레티노콜라겐 저분자 300 괄사 목주름 크림,세테아릴올리베이트,8,
A000000192105,CKD 레티노콜라겐 저분자 300 괄사 목주름 크림,하이드로제네이티드폴리아이소부텐,9,
A000000192105,CKD 레티노콜라겐 저분자 300 괄사 목주름 크림,솔비탄올리베이트,10,
A000000192105,CKD 레티노콜라겐 저분자 300 괄사 목주름 크림,카프릴릴메티콘,11,
A000000192105,CKD 레티노콜라겐 저분자 300 괄사 목주름 크림,다이아이소스테아릴말레이트,12,
A000000192105,CKD 레티노콜라겐 저분자 300 괄사 목주름 크림,에리스리톨,13,
A000000192105,CKD 레티노콜라겐 저분자 300 괄사 목주름 크림,글리세릴스테아레이트,14,
A000000192105,CKD 레티노콜라겐 저분자 300 괄사 목주름 크림,폴리글리세릴-3메틸글루코오스다이스테아레이트,15,
A000000192105,CKD 레티노콜라겐 저분자 300 괄사 목주름 크림,비닐다이메티콘,16,
A000000192105,CKD 레티노콜라겐 저분자 300 괄사 목주름 크림,세테아릴알코올,17,
A000000192105,CKD 레티노콜라겐 저분자 300 괄사 목주름 크림,클로렐라 불가리스추출물,18,
A000000192105,CKD 레티노콜라겐 저분자 300 괄사 목주름 크림,글루코오스,19,
A000000192105,CKD 레티노콜라겐 저분자 300 괄사 목주름 크림,암모늄아크릴로일다이메틸타우레이트/브이피코폴리머,20,
A000000192105,CKD 레티노콜라겐 저분자 300 괄사 목주름 크림,카보머,21,
A000000192105,CKD 레티노콜라겐 저분자 300 괄사 목주름 크림,프룩토올리고사카라이드,22,
A000000192105,CKD 레티노콜라겐 저분자 300 괄사 목주름 크림,프룩토오스,23,
A000000192105,CKD 레티노콜라겐 저분자 300 괄사 목주름 크림,인도멀구슬나무꽃추출물,24,
A000000192105,CKD 레티노콜라겐 저분자 300 괄사 목주름 크림,홀리바질잎추출물,25,
A000000192105,CKD 레티노콜라겐 저분자 300 괄사 목주름 크림,팔미틱애씨드,26,
A000000192105,CKD 레티노콜라겐 저분자 300 괄사 목주름 크림,에틸헥실글리세린,27,
A000000192105,CKD 레티노콜라겐 저분자 300 괄사 목주름 크림,다이포타슘글리시리제이트,28,
A000000192105,CKD 레티노콜라겐 저분자 300 괄사 목주름 크림,스테아릭애씨드,29,
A000000192105,CKD 레티노콜라겐 저분자 300 괄사 목주름 크림,아데노신,30,
A000000192105,CKD 레티노콜라겐 저분자 300 괄사 목주름 크림,인도멀구슬나무잎추출물,31,
A000000192105,CKD 레티노콜라겐 저분자 300 괄사 목주름 크림,베르가모트오일,32,
A000000192105,CKD 레티노콜라겐 저분자 300 괄사 목주름 크림,하이드로제네이티드레시틴,33,
A000000192105,CKD 레티노콜라겐 저분자 300 괄사 목주름 크림,라벤더오일,34,
A000000192105,CKD 레티노콜라겐 저분자 300 괄사 목주름 크림,울금뿌리추출물,35,
A000000192105,CKD 레티노콜라겐 저분자 300 괄사 목주름 크림,레틴알,36,200
A000000192105,CKD 레티노콜라겐 저분자 300 괄사 목주름 크림,소듐파이테이트,37,
A000000192105,CKD 레티노콜라겐 저분자 300 괄사 목주름 크림,참산호말추출물,38,
A000000192105,CKD 레티노콜라겐 저분자 300 괄사 목주름 크림,클레리오일,39,
A000000192105,CKD 레티노콜라겐 저분자 300 괄사 목주름 크림,하이드롤라이즈드콜라겐,40,75
A000000192105,CKD 레티노콜라겐 저분자 300 괄사 목주름 크림,세라마이드엔피,41,
A000000192105,CKD 레티노콜라겐 저분자 300 괄사 목주름 크림,덱스트린,42,
A000000192105,CKD 레티노콜라겐 저분자 300 괄사 목주름 크림,카카오씨추출물,43,
A000000192105,CKD 레티노콜라겐 저분자 300 괄사 목주름 크림,글라이신,44,
A000000192105,CKD 레티노콜라겐 저분자 300 괄사 목주름 크림,세린,45,
A000000192105,CKD 레티노콜라겐 저분자 300 괄사 목주름 크림,글루타믹애씨드,46,
A000000192105,CKD 레티노콜라겐 저분자 300 괄사 목주름 크림,다이프로필렌글라이콜,47,
A000000192105,CKD 레티노콜라겐 저분자 300 괄사 목주름 크림,트로메타민,48,
A000000192105,CKD 레티노콜라겐 저분자 300 괄사 목주름 크림,백미꽃추출물,49,
A000000192105,CKD 레티노콜라겐 저분자 300 괄사 목주름 크림,아스파틱애씨드,50,
A000000192105,CKD 레티노콜라겐 저분자 300 괄사 목주름 크림,류신,51,
A000000192105,CKD 레티노콜라겐 저분자 300 괄사 목주름 크림,알라닌,52,
A000000192105,CKD 레티노콜라겐 저분자 300 괄사 목주름 크림,라이신,53,
A000000192105,CKD 레티노콜라겐 저분자 300 괄사 목주름 크림,알지닌,54,
A000000192105,CKD 레티노콜라겐 저분자 300 괄사 목주름 크림,타이로신,55,
A000000192105,CKD 레티노콜라겐 저분자 300 괄사 목주름 크림,페닐알라닌,56,
A000000192105,CKD 레티노콜라겐 저분자 300 괄사 목주름 크림,프롤린,57,
A000000192105,CKD 레티노콜라겐 저분자 300 괄사 목주름 크림,트레오닌,58,
A000000192105,CKD 레티노콜라겐 저분자 300 괄사 목주름 크림,발린,59,
A000000192105,CKD 레티노콜라겐 저분자 300 괄사 목주름 크림,아이소류신,60,
A000000192105,CKD 레티노콜라겐 저분자 300 괄사 목주름 크림,히스티딘,61,
A000000192105,CKD 레티노콜라겐 저분자 300 괄사 목주름 크림,시스테인,62,
A000000192105,CKD 레티노콜라겐 저분자 300 괄사 목주름 크림,메티오닌,63,
A000000192105,CKD 레티노콜라겐 저분자 300 괄사 목주름 크림,접시꽃추출물,64,
A000000192105,CKD 레티노콜라겐 저분자 300 괄사 목주름 크림,하이알루로닉애씨드,65,
A000000192105,CKD 레티노콜라겐 저분자 300 괄사 목주름 크림,토코페롤,66,
A000000192105,CKD 레티노콜라겐 저분자 300 괄사 목주름 크림,카프릴릴/카프릴글루코사이드,67,
A000000192105,CKD 레티노콜라겐 저분자 300 괄사 목주름 크림,헥사펩타이드-2,68,
A000000192105,CKD 레티노콜라겐 저분자 300 괄사 목주름 크림,하이드롤라이즈드엘라스틴,69,
A000000192105,CKD 레티노콜라겐 저분자 300 괄사 목주름 크림,바이오틴,70,
A000000192105,CKD 레티노콜라겐 저분자 300 괄사 목주름 크림,리모넨,71,
A000000192105,CKD 레티노콜라겐 저분자 300 괄사 목주름 크림,리날룰,72,
A000000244683,셀인샷 알란테놀 트러블 크림,정제수,1,
A000000244683,셀인샷 알란테놀 트러블 크림,다이프로필렌글라이콜,2,
A000000244683,셀인샷 알란테놀 트러블 크림,글리세린,3,
A000000244683,셀인샷 알란테놀 트러블 크림,세틸에틸헥사노에이트,4,
A000000244683,셀인샷 알란테놀 트러블 크림,부틸렌글라이콜,5,
A000000244683,셀인샷 알란테놀 트러블 크림,하이드로제네이티드폴리아이소부텐,6,
A000000244683,셀인샷 알란테놀 트러블 크림,세틸알코올,7,
A000000244683,셀인샷 알란테놀 트러블 크림,나이아신아마이드,8,
A000000244683,셀인샷 알란테놀 트러블 크림,글리세릴스테아레이트,9,
A000000244683,셀인샷 알란테놀 트러블 크림,스테아릴알코올,10,
A000000244683,셀인샷 알란테놀 트러블 크림,"1,2-헥산다이올",11,
A000000244683,셀인샷 알란테놀 트러블 크림,암모늄아크릴로일다이메틸타우레이트/브이피코폴리머,12,
A000000244683,셀인샷 알란테놀 트러블 크림,미리스틸알코올,13,
A000000244683,셀인샷 알란테놀 트러블 크림,향료,14,
A000000244683,셀인샷 알란테놀 트러블 크림,동백나무씨오일,15,
A000000244683,셀인샷 알란테놀 트러블 크림,아보카도오일,16,
A000000244683,셀인샷 알란테놀 트러블 크림,해바라기씨오일,17,
A000000244683,셀인샷 알란테놀 트러블 크림,라우릴알코올,18,
A000000244683,셀인샷 알란테놀 트러블 크림,아크릴레이트/C10-30알킬아크릴레이트크로스폴리머,19,
A000000244683,셀인샷 알란테놀 트러블 크림,판테놀,20,1000
A000000244683,셀인샷 알란테놀 트러블 크림,알란토인,21,500
A000000244683,셀인샷 알란테놀 트러블 크림,아데노신,22,
A000000244683,셀인샷 알란테놀 트러블 크림,프로필렌글라이콜,23,
A000000244683,셀인샷 알란테놀 트러블 크림,잇꽃꽃추출물,24,
A000000244683,셀인샷 알란테놀 트러블 크림,치자추출물,25,
A000000244683,셀인샷 알란테놀 트러블 크림,폴스애플민트잎추출물,26,
A000000244683,셀인샷 알란테놀 트러블 크림,녹차추출물,27,
A000000244683,셀인샷 알란테놀 트러블 크림,타임잎추출물,28,
A000000244683,셀인샷 알란테놀 트러블 크림,덱스트린,29,
A000000244683,셀인샷 알란테놀 트러블 크림,하이드로제네이티드레시틴,30,
A000000244683,셀인샷 알란테놀 트러블 크림,소듐피씨에이,31,
A000000244683,셀인샷 알란테놀 트러블 크림,소듐락테이트,32,
A000000244683,셀인샷 알란테놀 트러블 크림,레시틴,33,
A000000244683,셀인샷 알란테놀 트러블 크림,알지닌,34,
A000000244683,셀인샷 알란테놀 트러블 크림,하이드록시에틸우레아,35,
A000000244683,셀인샷 알란테놀 트러블 크림,아스파틱애씨드,36,
A000000244683,셀인샷 알란테놀 트러블 크림,피씨에이,37,
A000000244683,셀인샷 알란테놀 트러블 크림,글라이신,38,
A000000244683,셀인샷 알란테놀 트러블 크림,알라닌,39,
A000000244683,셀인샷 알란테놀 트러블 크림,세린,40,
A000000244683,셀인샷 알란테놀 트러블 크림,발린,41,
A000000244683,셀인샷 알란테놀 트러블 크림,다이포타슘글리시리제이트,42,
A000000244683,셀인샷 알란테놀 트러블 크림,토코페릴아세테이트,43,
A000000244683,셀인샷 알란테놀 트러블 크림,아이소류신,44,
A000000244683,셀인샷 알란테놀 트러블 크림,트레오닌,45,
A000000244683,셀인샷 알란테놀 트러블 크림,프롤린,46,
A000000244683,셀인샷 알란테놀 트러블 크림,페닐알라닌,47,
A000000244683,셀인샷 알란테놀 트러블 크림,히스티딘,48,
A000000244683,셀인샷 알란테놀 트러블 크림,세라마이드엔피,49,
A000000244683,셀인샷 알란테놀 트러블 크림,에스에이치-올리고펩타이드-32에스피,50,
A000000244683,셀인샷 알란테놀 트러블 크림,에스에이치-올리고펩타이드-1,51,
A000000244683,셀인샷 알란테놀 트러블 크림,다이소듐이디티에이,52,
A000000244683,셀인샷 알란테놀 트러블 크림,에틸헥실글리세린,53,
A000000236508,프리메라 비타티놀 인텐스 바운시 리프트 마스크 크림,정제수,1,
A000000236508,프리메라 비타티놀 인텐스 바운시 리프트 마스크 크림,부틸렌글라이콜,2,
A000000236508,프리메라 비타티놀 인텐스 바운시 리프트 마스크 크림,글리세린,3,
A000000236508,프리메라 비타티놀 인텐스 바운시 리프트 마스크 크림,하이드로제네이티드폴리(C6-14올레핀),4,
A000000236508,프리메라 비타티놀 인텐스 바운시 리프트 마스크 크림,펜타에리스리틸테트라에틸헥사노에이트,5,
A000000236508,프리메라 비타티놀 인텐스 바운시 리프트 마스크 크림,판테놀,6,
A000000236508,프리메라 비타티놀 인텐스 바운시 리프트 마스크 크림,폴리글리세릴-3다이스테아레이트,7,
A000000236508,프리메라 비타티놀 인텐스 바운시 리프트 마스크 크림,다이메티콘,8,
A000000236508,프리메라 비타티놀 인텐스 바운시 리프트 마스크 크림,에틸헥실팔미테이트,9,
A000000236508,프리메라 비타티놀 인텐스 바운시 리프트 마스크 크림,나이아신아마이드,10,
A000000236508,프리메라 비타티놀 인텐스 바운시 리프트 마스크 크림,피토스테릴/베헤닐/옥틸도데실라우로일글루타메이트,11,
A000000236508,프리메라 비타티놀 인텐스 바운시 리프트 마스크 크림,"1,2-헥산다이올",12,
A000000236508,프리메라 비타티놀 인텐스 바운시 리프트 마스크 크림,세테아릴알코올,13,
A000000236508,프리메라 비타티놀 인텐스 바운시 리프트 마스크 크림,글리세릴스테아레이트,14,
A000000236508,프리메라 비타티놀 인텐스 바운시 리프트 마스크 크림,토코페릴아세테이트,15,
A000000236508,프리메라 비타티놀 인텐스 바운시 리프트 마스크 크림,아이소노닐아이소노나노에이트,16,
A000000236508,프리메라 비타티놀 인텐스 바운시 리프트 마스크 크림,스쿠알란,17,
A000000236508,프리메라 비타티놀 인텐스 바운시 리프트 마스크 크림,하이드로제네이티드폴리아이소부텐,18,
A000000236508,프리메라 비타티놀 인텐스 바운시 리프트 마스크 크림,하이드로제네이티드로진,19,
A000000236508,프리메라 비타티놀 인텐스 바운시 리프트 마스크 크림,피이지-100스테아레이트,20,
A000000236508,프리메라 비타티놀 인텐스 바운시 리프트 마스크 크림,풀루란,21,
A000000236508,프리메라 비타티놀 인텐스 바운시 리프트 마스크 크림,합성왁스,22,
A000000236508,프리메라 비타티놀 인텐스 바운시 리프트 마스크 크림,하이드록시에틸셀룰로오스,23,
A000000236508,프리메라 비타티놀 인텐스 바운시 리프트 마스크 크림,다이메틸아이소소바이드,24,
A000000236508,프리메라 비타티놀 인텐스 바운시 리프트 마스크 크림,하이드록시에틸아크릴레이트/소듐아크릴로일다이메틸타우레이트코폴리머,25,
A000000236508,프리메라 비타티놀 인텐스 바운시 리프트 마스크 크림,피브이피,26,
A000000236508,프리메라 비타티놀 인텐스 바운시 리프트 마스크 크림,돌콩오일,27,
A000000236508,프리메라 비타티놀 인텐스 바운시 리프트 마스크 크림,카프릴릭/카프릭트라이글리세라이드,28,
A000000236508,프리메라 비타티놀 인텐스 바운시 리프트 마스크 크림,락토바실러스/콩추출물발효여과물,29,
A000000236508,프리메라 비타티놀 인텐스 바운시 리프트 마스크 크림,트라이메틸실록시실리케이트,30,
A000000236508,프리메라 비타티놀 인텐스 바운시 리프트 마스크 크림,글리세릴스테아레이트시트레이트,31,
A000000236508,프리메라 비타티놀 인텐스 바운시 리프트 마스크 크림,폴리프로필실세스퀴옥세인,32,
A000000236508,프리메라 비타티놀 인텐스 바운시 리프트 마스크 크림,에틸헥실글리세린,33,
A000000236508,프리메라 비타티놀 인텐스 바운시 리프트 마스크 크림,글리세릴카프릴레이트,34,
A000000236508,프리메라 비타티놀 인텐스 바운시 리프트 마스크 크림,칸데릴라왁스에스터,35,
A000000236508,프리메라 비타티놀 인텐스 바운시 리프트 마스크 크림,카프릴릴메티콘,36,
A000000236508,프리메라 비타티놀 인텐스 바운시 리프트 마스크 크림,세테아릴글루코사이드,37,
A000000236508,프리메라 비타티놀 인텐스 바운시 리프트 마스크 크림,폴리쿼터늄-51,38,
A000000236508,프리메라 비타티놀 인텐스 바운시 리프트 마스크 크림,잔탄검,39,
A000000236508,프리메라 비타티놀 인텐스 바운시 리프트 마스크 크림,소듐메타포스페이트,40,
A000000236508,프리메라 비타티놀 인텐스 바운시 리프트 마스크 크림,하이드록시피나콜론레티노에이트,41,
A000000236508,프리메라 비타티놀 인텐스 바운시 리프트 마스크 크림,아데노신,42,
A000000236508,프리메라 비타티놀 인텐스 바운시 리프트 마스크 크림,캐스터오일/아이피디아이코폴리머,43,
A000000236508,프리메라 비타티놀 인텐스 바운시 리프트 마스크 크림,레티놀,44,
A000000236508,프리메라 비타티놀 인텐스 바운시 리프트 마스크 크림,유비퀴논,45,
A000000236508,프리메라 비타티놀 인텐스 바운시 리프트 마스크 크림,하이드로제네이티드폴리(C6-20올레핀),46,
A000000236508,프리메라 비타티놀 인텐스 바운시 리프트 마스크 크림,솔비탄아이소스테아레이트,47,
A000000236508,프리메라 비타티놀 인텐스 바운시 리프트 마스크 크림,아스코빌테트라이소팔미테이트,48,
A000000236508,프리메라 비타티놀 인텐스 바운시 리프트 마스크 크림,카나우바왁스,49,
A000000236508,프리메라 비타티놀 인텐스 바운시 리프트 마스크 크림,글루코노락톤,50,
A000000236508,프리메라 비타티놀 인텐스 바운시 리프트 마스크 크림,엑토인,51,
A000000236508,프리메라 비타티놀 인텐스 바운시 리프트 마스크 크림,에이치디아이/트라이메틸올헥실락톤크로스폴리머,52,
A000000236508,프리메라 비타티놀 인텐스 바운시 리프트 마스크 크림,아크릴레이트/C10-30알킬아크릴레이트크로스폴리머,53,
A000000236508,프리메라 비타티놀 인텐스 바운시 리프트 마스크 크림,폴리솔베이트60,54,
A000000236508,프리메라 비타티놀 인텐스 바운시 리프트 마스크 크림,다이소듐포스페이트,55,
A000000236508,프리메라 비타티놀 인텐스 바운시 리프트 마스크 크림,트로메타민,56,
A000000236508,프리메라 비타티놀 인텐스 바운시 리프트 마스크 크림,아스코빌글루코사이드,57,
A000000236508,프리메라 비타티놀 인텐스 바운시 리프트 마스크 크림,아스코빅애씨드,58,
A000000236508,프리메라 비타티놀 인텐스 바운시 리프트 마스크 크림,토코페롤,59,
A000000236508,프리메라 비타티놀 인텐스 바운시 리프트 마스크 크림,펜틸렌글라이콜,60,
A000000236508,프리메라 비타티놀 인텐스 바운시 리프트 마스크 크림,소듐포스페이트,61,
A000000236508,프리메라 비타티놀 인텐스 바운시 리프트 마스크 크림,프로필렌글라이콜,62,
A000000236508,프리메라 비타티놀 인텐스 바운시 리프트 마스크 크림,소듐하이알루로네이트,63,
A000000236508,프리메라 비타티놀 인텐스 바운시 리프트 마스크 크림,카보머,64,
A000000236508,프리메라 비타티놀 인텐스 바운시 리프트 마스크 크림,아라비아고무나무검,65,
A000000236508,프리메라 비타티놀 인텐스 바운시 리프트 마스크 크림,프로필렌글라이콜알지네이트,66,
A000000236508,프리메라 비타티놀 인텐스 바운시 리프트 마스크 크림,수용성콜라겐,67,
A000000231399,청미정 기미잡티크림 카카두플럼,정제수,1,
A000000231399,청미정 기미잡티크림 카카두플럼,카프릴릭/카프릭트라이글리세라이드,2,
A000000231399,청미정 기미잡티크림 카카두플럼,세틸에틸헥사노에이트,3,
A000000231399,청미정 기미잡티크림 카카두플럼,부틸렌글라이콜,4,
A000000231399,청미정 기미잡티크림 카카두플럼,글리세린,5,
A000000231399,청미정 기미잡티크림 카카두플럼,"1,2-헥산다이올",6,
A000000231399,청미정 기미잡티크림 카카두플럼,프로판다이올,7,
A000000231399,청미정 기미잡티크림 카카두플럼,세테아릴알코올,8,
A000000231399,청미정 기미잡티크림 카카두플럼,펜틸렌글라이콜,9,
A000000231399,청미정 기미잡티크림 카카두플럼,비즈왁스,10,
A000000231399,청미정 기미잡티크림 카카두플럼,폴리글리세릴-3메틸글루코오스다이스테아레이트,11,
A000000231399,청미정 기미잡티크림 카카두플럼,카카두플럼추출물,12,
A000000231399,청미정 기미잡티크림 카카두플럼,닥풀꽃추출물,13,
A000000231399,청미정 기미잡티크림 카카두플럼,세테아릴올리베이트,14,
A000000231399,청미정 기미잡티크림 카카두플럼,아보카도오일,15,
A000000231399,청미정 기미잡티크림 카카두플럼,포트마리골드꽃추출물,16,
A000000231399,청미정 기미잡티크림 카카두플럼,로즈마리추출물,17,
A000000231399,청미정 기미잡티크림 카카두플럼,알파-비사보롤,18,
A000000231399,청미정 기미잡티크림 카카두플럼,카프릴릴글라이콜,19,
A000000231399,청미정 기미잡티크림 카카두플럼,솔비탄올리베이트,20,
A000000231399,청미정 기미잡티크림 카카두플럼,베타인,21,
A000000231399,청미정 기미잡티크림 카카두플럼,아데노신,22,
A000000231399,청미정 기미잡티크림 카카두플럼,에스에이치-올리고펩타이드-1,23,
A000000231399,청미정 기미잡티크림 카카두플럼,잔탄검,24,
A000000231399,청미정 기미잡티크림 카카두플럼,베르가모트오일,25,
A000000231399,청미정 기미잡티크림 카카두플럼,티트리잎오일,26,
A000000231399,청미정 기미잡티크림 카카두플럼,리모넨,27,
A000000231399,청미정 기미잡티크림 카카두플럼,리날룰,28,
A000000255949,헤브블루 살몬 케어링 센텔라 크림,병풀잎수,1,625219
A000000255949,헤브블루 살몬 케어링 센텔라 크림,부틸렌글라이콜,2,
A000000255949,헤브블루 살몬 케어링 센텔라 크림,글리세린,3,
A000000255949,헤브블루 살몬 케어링 센텔라 크림,카프릴릭/카프릭트라이글리세라이드,4,
A000000255949,헤브블루 살몬 케어링 센텔라 크림,하이드로제네이티드폴리(C6-14올레핀),5,
A000000255949,헤브블루 살몬 케어링 센텔라 크림,정제수,6,
A000000255949,헤브블루 살몬 케어링 센텔라 크림,프로판다이올,7,
A000000255949,헤브블루 살몬 케어링 센텔라 크림,다이프로필렌글라이콜,8,
A000000255949,헤브블루 살몬 케어링 센텔라 크림,펜타에리스리틸테트라에틸헥사노에이트,9,
A000000255949,헤브블루 살몬 케어링 센텔라 크림,"1,2-헥산다이올",10,
A000000255949,헤브블루 살몬 케어링 센텔라 크림,사이클로헥사실록세인,11,
A000000255949,헤브블루 살몬 케어링 센텔라 크림,해바라기씨오일,12,
A000000255949,헤브블루 살몬 케어링 센텔라 크림,세테아릴올리베이트,13,
A000000255949,헤브블루 살몬 케어링 센텔라 크림,솔비탄올리베이트,14,
A000000255949,헤브블루 살몬 케어링 센텔라 크림,암모늄아크릴로일다이메틸타우레이트/브이피코폴리머,15,
A000000255949,헤브블루 살몬 케어링 센텔라 크림,아크릴레이트/C10-30알킬아크릴레이트크로스폴리머,16,
A000000255949,헤브블루 살몬 케어링 센텔라 크림,트로메타민,17,
A000000255949,헤브블루 살몬 케어링 센텔라 크림,연어알추출물,18,1500
A000000255949,헤브블루 살몬 케어링 센텔라 크림,소듐폴리아크릴레이트,19,
A000000255949,헤브블루 살몬 케어링 센텔라 크림,베타인,20,
A000000255949,헤브블루 살몬 케어링 센텔라 크림,판테놀,21,
A000000255949,헤브블루 살몬 케어링 센텔라 크림,녹차수,22,
A000000255949,헤브블루 살몬 케어링 센텔라 크림,소듐하이알루로네이트,23,
A000000255949,헤브블루 살몬 케어링 센텔라 크림,에틸헥실글리세린,24,
A000000255949,헤브블루 살몬 케어링 센텔라 크림,잔탄검,25,
A000000255949,헤브블루 살몬 케어링 센텔라 크림,아데노신,26,
A000000255949,헤브블루 살몬 케어링 센텔라 크림,다이소듐이디티에이,27,
A000000255949,헤브블루 살몬 케어링 센텔라 크림,덱스트린,28,
A000000255949,헤브블루 살몬 케어링 센텔라 크림,쇠비름추출물,29,
A000000255949,헤브블루 살몬 케어링 센텔라 크림,하이드롤라이즈드콜라겐,30,
A000000255949,헤브블루 살몬 케어링 센텔라 크림,카카오추출물,31,
A000000255949,헤브블루 살몬 케어링 센텔라 크림,토코페롤,32,
A000000255949,헤브블루 살몬 케어링 센텔라 크림,하이알루로닉애씨드,33,
A000000255949,헤브블루 살몬 케어링 센텔라 크림,마데카소사이드,34,
A000000255949,헤브블루 살몬 케어링 센텔라 크림,소듐디엔에이,35,
A000000255949,헤브블루 살몬 케어링 센텔라 크림,말토덱스트린,36,
A000000255949,헤브블루 살몬 케어링 센텔라 크림,아보카도열매추출물,37,
A000000255949,헤브블루 살몬 케어링 센텔라 크림,하이드롤라이즈드하이알루로닉애씨드,38,
A000000251651,닥터지 레드 블레미쉬 클리어 수딩크림 EX,정제수,1,
A000000251651,닥터지 레드 블레미쉬 클리어 수딩크림 EX,글리세린,2,
A000000251651,닥터지 레드 블레미쉬 클리어 수딩크림 EX,부틸렌글라이콜,3,
A000000251651,닥터지 레드 블레미쉬 클리어 수딩크림 EX,다이카프릴릴에터,4,
A000000251651,닥터지 레드 블레미쉬 클리어 수딩크림 EX,나이아신아마이드,5,
A000000251651,닥터지 레드 블레미쉬 클리어 수딩크림 EX,"1,2-헥산다이올",6,
A000000251651,닥터지 레드 블레미쉬 클리어 수딩크림 EX,펜틸렌글라이콜,7,
A000000251651,닥터지 레드 블레미쉬 클리어 수딩크림 EX,소듐하이알루로네이트,8,
A000000251651,닥터지 레드 블레미쉬 클리어 수딩크림 EX,병풀잎추출물,9,
A000000251651,닥터지 레드 블레미쉬 클리어 수딩크림 EX,비피다발효여과물,10,
A000000251651,닥터지 레드 블레미쉬 클리어 수딩크림 EX,락토바실러스발효물,11,
A000000251651,닥터지 레드 블레미쉬 클리어 수딩크림 EX,병풀꽃/잎/줄기추출물,12,
A000000251651,닥터지 레드 블레미쉬 클리어 수딩크림 EX,병풀뿌리추출물,13,
A000000251651,닥터지 레드 블레미쉬 클리어 수딩크림 EX,병풀추출물,14,
A000000251651,닥터지 레드 블레미쉬 클리어 수딩크림 EX,효모발효여과물,15,
A000000251651,닥터지 레드 블레미쉬 클리어 수딩크림 EX,하이드로제네이티드폴리데센,16,
A000000251651,닥터지 레드 블레미쉬 클리어 수딩크림 EX,다이카프릴릴카보네이트,17,
A000000251651,닥터지 레드 블레미쉬 클리어 수딩크림 EX,하이드록시에틸아크릴레이트/소듐아크릴로일다이메틸타우레이트코폴리머,18,
A000000251651,닥터지 레드 블레미쉬 클리어 수딩크림 EX,판테놀,19,
A000000251651,닥터지 레드 블레미쉬 클리어 수딩크림 EX,아크릴레이트/C10-30알킬아크릴레이트크로스폴리머,20,
A000000251651,닥터지 레드 블레미쉬 클리어 수딩크림 EX,실리카,21,
A000000251651,닥터지 레드 블레미쉬 클리어 수딩크림 EX,트로메타민,22,
A000000251651,닥터지 레드 블레미쉬 클리어 수딩크림 EX,솔비톨,23,
A000000251651,닥터지 레드 블레미쉬 클리어 수딩크림 EX,글리세릴아크릴레이트/아크릴릭애씨드코폴리머,24,
A000000251651,닥터지 레드 블레미쉬 클리어 수딩크림 EX,에틸헥실글리세린,25,
A000000251651,닥터지 레드 블레미쉬 클리어 수딩크림 EX,트라이소듐에틸렌다이아민다이석시네이트,26,
A000000251651,닥터지 레드 블레미쉬 클리어 수딩크림 EX,알란토인,27,
A000000251651,닥터지 레드 블레미쉬 클리어 수딩크림 EX,다이프로필렌글라이콜,28,
A000000251651,닥터지 레드 블레미쉬 클리어 수딩크림 EX,토코페롤,29,
A000000251651,닥터지 레드 블레미쉬 클리어 수딩크림 EX,마데카소사이드,30,
A000000251651,닥터지 레드 블레미쉬 클리어 수딩크림 EX,폴리글리세릴-10라우레이트,31,
A000000251651,닥터지 레드 블레미쉬 클리어 수딩크림 EX,포스파티딜콜린,32,
A000000251651,닥터지 레드 블레미쉬 클리어 수딩크림 EX,하이드로제네이티드레시틴,33,
A000000251651,닥터지 레드 블레미쉬 클리어 수딩크림 EX,칼슘판토테네이트,34,
A000000251651,닥터지 레드 블레미쉬 클리어 수딩크림 EX,스쿠알란,35,
A000000251651,닥터지 레드 블레미쉬 클리어 수딩크림 EX,에리스리톨,36,
A000000251651,닥터지 레드 블레미쉬 클리어 수딩크림 EX,에틸헥실팔미테이트,37,
A000000251651,닥터지 레드 블레미쉬 클리어 수딩크림 EX,아시아티코사이드,38,
A000000251651,닥터지 레드 블레미쉬 클리어 수딩크림 EX,마데카식애씨드,39,
A000000251651,닥터지 레드 블레미쉬 클리어 수딩크림 EX,아시아틱애씨드,40,
A000000251651,닥터지 레드 블레미쉬 클리어 수딩크림 EX,트라이하이드록시스테아린,41,
A000000251651,닥터지 레드 블레미쉬 클리어 수딩크림 EX,세라마이드엔피,42,
A000000251651,닥터지 레드 블레미쉬 클리어 수딩크림 EX,다발방패버섯추출물,43,
A000000251651,닥터지 레드 블레미쉬 클리어 수딩크림 EX,잔탄검,44,
A000000225127,코스알엑스 더 세라마이드 스킨 베리어 모이스처라이저,정제수,1,
A000000225127,코스알엑스 더 세라마이드 스킨 베리어 모이스처라이저,부틸렌글라이콜,2,
A000000225127,코스알엑스 더 세라마이드 스킨 베리어 모이스처라이저,글리세린,3,
A000000225127,코스알엑스 더 세라마이드 스킨 베리어 모이스처라이저,세틸에틸헥사노에이트,4,
A000000225127,코스알엑스 더 세라마이드 스킨 베리어 모이스처라이저,부틸렌글라이콜다이카프릴레이트/다이카프레이트,5,
A000000225127,코스알엑스 더 세라마이드 스킨 베리어 모이스처라이저,스쿠알란,6,
A000000225127,코스알엑스 더 세라마이드 스킨 베리어 모이스처라이저,펜타에리스리틸테트라아이소스테아레이트,7,
A000000225127,코스알엑스 더 세라마이드 스킨 베리어 모이스처라이저,다이카프릴릴카보네이트,8,
A000000225127,코스알엑스 더 세라마이드 스킨 베리어 모이스처라이저,베헤닐알코올,9,
A000000225127,코스알엑스 더 세라마이드 스킨 베리어 모이스처라이저,다이메티콘,10,
A000000225127,코스알엑스 더 세라마이드 스킨 베리어 모이스처라이저,베타인,11,
A000000225127,코스알엑스 더 세라마이드 스킨 베리어 모이스처라이저,하이드록시프로필비스팔미타마이드엠이에이,12,8000
A000000225127,코스알엑스 더 세라마이드 스킨 베리어 모이스처라이저,C14-22알코올,13,
A000000225127,코스알엑스 더 세라마이드 스킨 베리어 모이스처라이저,팔미틱애씨드,14,
A000000225127,코스알엑스 더 세라마이드 스킨 베리어 모이스처라이저,스테아릭애씨드,15,
A000000225127,코스알엑스 더 세라마이드 스킨 베리어 모이스처라이저,하이드록시프로필비스라우라마이드엠이에이,16,7000
A000000225127,코스알엑스 더 세라마이드 스킨 베리어 모이스처라이저,아라키딜알코올,17,
A000000225127,코스알엑스 더 세라마이드 스킨 베리어 모이스처라이저,콜레스테롤,18,
A000000225127,코스알엑스 더 세라마이드 스킨 베리어 모이스처라이저,폴리아크릴레이트-13,19,
A000000225127,코스알엑스 더 세라마이드 스킨 베리어 모이스처라이저,C12-20알킬글루코사이드,20,
A000000225127,코스알엑스 더 세라마이드 스킨 베리어 모이스처라이저,알란토인,21,
A000000225127,코스알엑스 더 세라마이드 스킨 베리어 모이스처라이저,아라키딜글루코사이드,22,
A000000225127,코스알엑스 더 세라마이드 스킨 베리어 모이스처라이저,카프릴릴글라이콜,23,
A000000225127,코스알엑스 더 세라마이드 스킨 베리어 모이스처라이저,글리세릴카프릴레이트,24,
A000000225127,코스알엑스 더 세라마이드 스킨 베리어 모이스처라이저,에틸헥실글리세린,25,
A000000225127,코스알엑스 더 세라마이드 스킨 베리어 모이스처라이저,하이드로제네이티드폴리아이소부텐,26,
A000000225127,코스알엑스 더 세라마이드 스킨 베리어 모이스처라이저,카보머,27,
A000000225127,코스알엑스 더 세라마이드 스킨 베리어 모이스처라이저,트로메타민,28,
A000000225127,코스알엑스 더 세라마이드 스킨 베리어 모이스처라이저,하이드로제네이티드레시틴,29,
A000000225127,코스알엑스 더 세라마이드 스킨 베리어 모이스처라이저,다이메티콘올,30,
A000000225127,코스알엑스 더 세라마이드 스킨 베리어 모이스처라이저,세테아릴알코올,31,
A000000225127,코스알엑스 더 세라마이드 스킨 베리어 모이스처라이저,폴리글리세릴-10라우레이트,32,
A000000225127,코스알엑스 더 세라마이드 스킨 베리어 모이스처라이저,에틸헥실팔미테이트,33,
A000000225127,코스알엑스 더 세라마이드 스킨 베리어 모이스처라이저,솔비탄아이소스테아레이트,34,
A000000225127,코스알엑스 더 세라마이드 스킨 베리어 모이스처라이저,피토스핑고신,35,
A000000225127,코스알엑스 더 세라마이드 스킨 베리어 모이스처라이저,판테놀,36,
A000000225127,코스알엑스 더 세라마이드 스킨 베리어 모이스처라이저,프로판다이올,37,
A000000225127,코스알엑스 더 세라마이드 스킨 베리어 모이스처라이저,토코페롤,38,
A000000225127,코스알엑스 더 세라마이드 스킨 베리어 모이스처라이저,세라마이드엔피,39,5.5
A000000225127,코스알엑스 더 세라마이드 스킨 베리어 모이스처라이저,소듐하이알루로네이트,40,
A000000225127,코스알엑스 더 세라마이드 스킨 베리어 모이스처라이저,세라마이드엔에스,41,1.5
A000000225127,코스알엑스 더 세라마이드 스킨 베리어 모이스처라이저,"1,2-헥산다이올",42,
A000000225127,코스알엑스 더 세라마이드 스킨 베리어 모이스처라이저,하이드롤라이즈드하이알루로닉애씨드,43,
A000000225127,코스알엑스 더 세라마이드 스킨 베리어 모이스처라이저,세라마이드에이피,44,0.5
A000000225127,코스알엑스 더 세라마이드 스킨 베리어 모이스처라이저,세라마이드에이에스,45,0.5
A000000225127,코스알엑스 더 세라마이드 스킨 베리어 모이스처라이저,소듐하이알루로네이트크로스폴리머,46,
A000000225127,코스알엑스 더 세라마이드 스킨 베리어 모이스처라이저,하이알루로닉애씨드,47,
A000000225127,코스알엑스 더 세라마이드 스킨 베리어 모이스처라이저,소듐아세틸레이티드하이알루로네이트,48,
A000000225127,코스알엑스 더 세라마이드 스킨 베리어 모이스처라이저,세라마이드이오피,49,0.001
A000000158038,아비브 부활초 크림 뉴트리션,정제수,1,
A000000158038,아비브 부활초 크림 뉴트리션,부틸렌글라이콜,2,
A000000158038,아비브 부활초 크림 뉴트리션,글리세린,3,
A000000158038,아비브 부활초 크림 뉴트리션,카프릴릭/카프릭트라이글리세라이드,4,
A000000158038,아비브 부활초 크림 뉴트리션,다이아이소스테아릴말레이트,5,
A000000158038,아비브 부활초 크림 뉴트리션,코코넛야자오일,6,
A000000158038,아비브 부활초 크림 뉴트리션,시어버터,7,
A000000158038,아비브 부활초 크림 뉴트리션,세테아릴알코올,8,
A000000158038,아비브 부활초 크림 뉴트리션,다이글리세린,9,
A000000158038,아비브 부활초 크림 뉴트리션,펜틸렌글라이콜,10,
A000000158038,아비브 부활초 크림 뉴트리션,"1,2-헥산다이올",11,
A000000158038,아비브 부활초 크림 뉴트리션,비스-다이글리세릴폴리아실아디페이트-2,12,
A000000158038,아비브 부활초 크림 뉴트리션,카프릴릭/카프릭/미리스틱/스테아릭트라이글리세라이드,13,
A000000158038,아비브 부활초 크림 뉴트리션,아이소트라이데실아이소노나노에이트,14,
A000000158038,아비브 부활초 크림 뉴트리션,아라키딜알코올,15,
A000000158038,아비브 부활초 크림 뉴트리션,판테놀,16,
A000000158038,아비브 부활초 크림 뉴트리션,합성비즈왁스,17,
A000000158038,아비브 부활초 크림 뉴트리션,비닐다이메티콘,18,
A000000158038,아비브 부활초 크림 뉴트리션,트루로즈오브예리코추출물,19,1240
A000000158038,아비브 부활초 크림 뉴트리션,호호바에스터,20,
A000000158038,아비브 부활초 크림 뉴트리션,베헤닐알코올,21,
A000000158038,아비브 부활초 크림 뉴트리션,글리세릴스테아레이트,22,
A000000158038,아비브 부활초 크림 뉴트리션,아라키딜글루코사이드,23,
A000000158038,아비브 부활초 크림 뉴트리션,하이드록시에틸아크릴레이트/소듐아크릴로일다이메틸타우레이트코폴리머,24,
A000000158038,아비브 부활초 크림 뉴트리션,C12-16알코올,25,
A000000158038,아비브 부활초 크림 뉴트리션,아크릴레이트/C10-30알킬아크릴레이트크로스폴리머,26,
A000000158038,아비브 부활초 크림 뉴트리션,팔미틱애씨드,27,
A000000158038,아비브 부활초 크림 뉴트리션,트로메타민,28,
A000000158038,아비브 부활초 크림 뉴트리션,카나우바왁스,29,
A000000158038,아비브 부활초 크림 뉴트리션,하이드로제네이티드레시틴,30,
A000000158038,아비브 부활초 크림 뉴트리션,락토바실러스발효물,31,
A000000158038,아비브 부활초 크림 뉴트리션,다이포타슘글리시리제이트,32,
A000000158038,아비브 부활초 크림 뉴트리션,잔탄검,33,
A000000158038,아비브 부활초 크림 뉴트리션,에틸헥실글리세린,34,
A000000158038,아비브 부활초 크림 뉴트리션,아데노신,35,
A000000158038,아비브 부활초 크림 뉴트리션,트라이소듐에틸렌다이아민다이석시네이트,36,
A000000158038,아비브 부활초 크림 뉴트리션,토코페롤,37,
A000000158038,아비브 부활초 크림 뉴트리션,차가버섯추출물,38,
A000000158038,아비브 부활초 크림 뉴트리션,메틸프로판다이올,39,
A000000158038,아비브 부활초 크림 뉴트리션,블루아가베잎추출물,40,
A000000188831,조선미녀 조선미녀크림,정제수,1,
A000000188831,조선미녀 조선미녀크림,글리세린,2,
A000000188831,조선미녀 조선미녀크림,하이드로제네이티드폴리데센,3,
A000000188831,조선미녀 조선미녀크림,"1,2-헥산다이올",4,
A000000188831,조선미녀 조선미녀크림,나이아신아마이드,5,
A000000188831,조선미녀 조선미녀크림,스쿠알란,6,
A000000188831,조선미녀 조선미녀크림,부틸렌글라이콜,7,
A000000188831,조선미녀 조선미녀크림,프로판다이올,8,
A000000188831,조선미녀 조선미녀크림,부틸렌글라이콜다이카프릴레이트/다이카프레이트,9,
A000000188831,조선미녀 조선미녀크림,세테아릴올리베이트,10,
A000000188831,조선미녀 조선미녀크림,솔비탄올리베이트,11,
A000000188831,조선미녀 조선미녀크림,암모늄아크릴로일다이메틸타우레이트/브이피코폴리머,12,
A000000188831,조선미녀 조선미녀크림,잔탄검,13,
A000000188831,조선미녀 조선미녀크림,인삼수,14,
A000000188831,조선미녀 조선미녀크림,아크릴레이트/C10-30알킬아크릴레이트크로스폴리머,15,
A000000188831,조선미녀 조선미녀크림,트로메타민,16,
A000000188831,조선미녀 조선미녀크림,잇꽃씨오일,17,
A000000188831,조선미녀 조선미녀크림,하이드로제네이티드코코넛오일,18,
A000000188831,조선미녀 조선미녀크림,글리세릴아크릴레이트/아크릴릭애씨드코폴리머,19,
A000000188831,조선미녀 조선미녀크림,쌀겨수,20,
A000000188831,조선미녀 조선미녀크림,에틸헥실글리세린,21,
A000000188831,조선미녀 조선미녀크림,아데노신,22,
A000000188831,조선미녀 조선미녀크림,카프릴릭/카프릭트라이글리세라이드,23,
A000000188831,조선미녀 조선미녀크림,다이소듐이디티에이,24,
A000000188831,조선미녀 조선미녀크림,하이알루로닉애씨드,25,
A000000188831,조선미녀 조선미녀크림,하이드롤라이즈드하이알루로닉애씨드,26,
A000000188831,조선미녀 조선미녀크림,소듐하이알루로네이트,27,
A000000188831,조선미녀 조선미녀크림,꿀추출물,28,
A000000188831,조선미녀 조선미녀크림,세라마이드엔피,29,
A000000188831,조선미녀 조선미녀크림,하이드로제네이티드레시틴,30,
A000000188831,조선미녀 조선미녀크림,황련뿌리추출물,31,
A000000188831,조선미녀 조선미녀크림,무씨추출물,32,
A000000188831,조선미녀 조선미녀크림,카카오씨추출물,33,
A000000188831,조선미녀 조선미녀크림,구기자추출물,34,
A000000188831,조선미녀 조선미녀크림,덱스트린,35,
A000000188831,조선미녀 조선미녀크림,진흙버섯추출물,36,
A000000188831,조선미녀 조선미녀크림,황금추출물,37,
A000000256050,토리든 밸런스풀 시카 진정 크림,정제수,1,
A000000256050,토리든 밸런스풀 시카 진정 크림,부틸렌글라이콜,2,
A000000256050,토리든 밸런스풀 시카 진정 크림,글리세린,3,
A000000256050,토리든 밸런스풀 시카 진정 크림,헵틸운데실레네이트,4,
A000000256050,토리든 밸런스풀 시카 진정 크림,"1,2-헥산다이올",5,
A000000256050,토리든 밸런스풀 시카 진정 크림,판테놀,6,2000
A000000256050,토리든 밸런스풀 시카 진정 크림,병풀추출물,7,
A000000256050,토리든 밸런스풀 시카 진정 크림,마데카식애씨드,8,
A000000256050,토리든 밸런스풀 시카 진정 크림,아시아티코사이드,9,
A000000256050,토리든 밸런스풀 시카 진정 크림,아시아틱애씨드,10,
A000000256050,토리든 밸런스풀 시카 진정 크림,마데카소사이드,11,
A000000256050,토리든 밸런스풀 시카 진정 크림,알란토인,12,
A000000256050,토리든 밸런스풀 시카 진정 크림,하이드롤라이즈드하이알루로닉애씨드,13,
A000000256050,토리든 밸런스풀 시카 진정 크림,쓴풀추출물,14,
A000000256050,토리든 밸런스풀 시카 진정 크림,푸른연꽃추출물,15,
A000000256050,토리든 밸런스풀 시카 진정 크림,락토바실러스발효물,16,
A000000256050,토리든 밸런스풀 시카 진정 크림,접시꽃추출물,17,
A000000256050,토리든 밸런스풀 시카 진정 크림,잇꽃꽃추출물,18,
A000000256050,토리든 밸런스풀 시카 진정 크림,베타인,19,
A000000256050,토리든 밸런스풀 시카 진정 크림,카프릴릭/카프릭트라이글리세라이드,20,
A000000256050,토리든 밸런스풀 시카 진정 크림,세테아릴알코올,21,
A000000256050,토리든 밸런스풀 시카 진정 크림,프로판다이올,22,
A000000256050,토리든 밸런스풀 시카 진정 크림,C14-22알코올,23,
A000000256050,토리든 밸런스풀 시카 진정 크림,다이펩타이드-2,24,
A000000256050,토리든 밸런스풀 시카 진정 크림,아크릴레이트/C10-30알킬아크릴레이트크로스폴리머,25,
A000000256050,토리든 밸런스풀 시카 진정 크림,하이드록시에틸아크릴레이트/소듐아크릴로일다이메틸타우레이트코폴리머,26,
A000000256050,토리든 밸런스풀 시카 진정 크림,소듐폴리아크릴레이트,27,
A000000256050,토리든 밸런스풀 시카 진정 크림,글리세릴아크릴레이트/아크릴릭애씨드코폴리머,28,
A000000256050,토리든 밸런스풀 시카 진정 크림,피브이엠/엠에이코폴리머,29,
A000000256050,토리든 밸런스풀 시카 진정 크림,솔비탄아이소스테아레이트,30,
A000000256050,토리든 밸런스풀 시카 진정 크림,폴리글리세릴-3폴리리시놀리에이트,31,
A000000256050,토리든 밸런스풀 시카 진정 크림,아이소펜틸다이올,32,
A000000256050,토리든 밸런스풀 시카 진정 크림,카프릴로일살리실릭애씨드,33,
A000000256050,토리든 밸런스풀 시카 진정 크림,C12-20알킬글루코사이드,34,
A000000256050,토리든 밸런스풀 시카 진정 크림,폴리글리세릴-4올리에이트,35,
A000000256050,토리든 밸런스풀 시카 진정 크림,소듐스테아로일글루타메이트,36,
A000000256050,토리든 밸런스풀 시카 진정 크림,소듐서팩틴,37,
A000000256050,토리든 밸런스풀 시카 진정 크림,카프로익애씨드,38,
A000000256050,토리든 밸런스풀 시카 진정 크림,잔탄검,39,
A000000256050,토리든 밸런스풀 시카 진정 크림,트로메타민,40,
A000000256050,토리든 밸런스풀 시카 진정 크림,소듐아세테이트,41,
A000000256050,토리든 밸런스풀 시카 진정 크림,다이소듐이디티에이,42,
A000000256050,토리든 밸런스풀 시카 진정 크림,에틸헥실글리세린,43,
A000000256050,토리든 밸런스풀 시카 진정 크림,치자추출물,44,
A000000250103,이지듀 EGFx 다운타임 크림,스트렙토코쿠스테르모필루스발효추출여과물,1,
A000000250103,이지듀 EGFx 다운타임 크림,정제수,2,
A000000250103,이지듀 EGFx 다운타임 크림,글리세린,3,
A000000250103,이지듀 EGFx 다운타임 크림,부틸렌글라이콜,4,
A000000250103,이지듀 EGFx 다운타임 크림,카프릴릭/카프릭트라이글리세라이드,5,
A000000250103,이지듀 EGFx 다운타임 크림,올리브오일,6,
A000000250103,이지듀 EGFx 다운타임 크림,시어버터,7,
A000000250103,이지듀 EGFx 다운타임 크림,"1,2-헥산다이올",8,
A000000250103,이지듀 EGFx 다운타임 크림,세틸에틸헥사노에이트,9,
A000000250103,이지듀 EGFx 다운타임 크림,나이아신아마이드,10,
A000000250103,이지듀 EGFx 다운타임 크림,세테아릴알코올,11,
A000000250103,이지듀 EGFx 다운타임 크림,펜틸렌글라이콜,12,
A000000250103,이지듀 EGFx 다운타임 크림,타피오카전분,13,
A000000250103,이지듀 EGFx 다운타임 크림,편백오일,14,
A000000250103,이지듀 EGFx 다운타임 크림,살비아오일,15,
A000000250103,이지듀 EGFx 다운타임 크림,불가리스쑥오일,16,
A000000250103,이지듀 EGFx 다운타임 크림,바질오일,17,
A000000250103,이지듀 EGFx 다운타임 크림,병풀추출물,18,
A000000250103,이지듀 EGFx 다운타임 크림,하이드롤라이즈드콜라겐,19,
A000000250103,이지듀 EGFx 다운타임 크림,하이드롤라이즈드하이알루로닉애씨드,20,
A000000250103,이지듀 EGFx 다운타임 크림,퀸즈랜드넛오일,21,
A000000250103,이지듀 EGFx 다운타임 크림,다이메티콘,22,
A000000250103,이지듀 EGFx 다운타임 크림,글리세릴스테아레이트,23,
A000000250103,이지듀 EGFx 다운타임 크림,피이지-100스테아레이트,24,
A000000250103,이지듀 EGFx 다운타임 크림,솔비탄세스퀴올리에이트,25,
A000000250103,이지듀 EGFx 다운타임 크림,폴리솔베이트60,26,
A000000250103,이지듀 EGFx 다운타임 크림,비즈왁스,27,
A000000250103,이지듀 EGFx 다운타임 크림,팔미틱애씨드,28,
A000000250103,이지듀 EGFx 다운타임 크림,다이글리세린,29,
A000000250103,이지듀 EGFx 다운타임 크림,하이드록시에틸아크릴레이트/소듐아크릴로일다이메틸타우레이트코폴리머,30,
A000000250103,이지듀 EGFx 다운타임 크림,피토스테릴/베헤닐/옥틸도데실라우로일글루타메이트,31,
A000000250103,이지듀 EGFx 다운타임 크림,스테아릭애씨드,32,
A000000250103,이지듀 EGFx 다운타임 크림,판테놀,33,
A000000250103,이지듀 EGFx 다운타임 크림,소듐아크릴레이트/소듐아크릴로일다이메틸타우레이트코폴리머,34,
A000000250103,이지듀 EGFx 다운타임 크림,프로판다이올,35,
A000000250103,이지듀 EGFx 다운타임 크림,에틸헥실글리세린,36,
A000000250103,이지듀 EGFx 다운타임 크림,아이소헥사데칸,37,
A000000250103,이지듀 EGFx 다운타임 크림,아데노신,38,
A000000250103,이지듀 EGFx 다운타임 크림,소듐파이테이트,39,
A000000250103,이지듀 EGFx 다운타임 크림,폴리솔베이트80,40,
A000000250103,이지듀 EGFx 다운타임 크림,하이드로제네이티드레시틴,41,
A000000250103,이지듀 EGFx 다운타임 크림,폴리글리세릴-10올리에이트,42,
A000000250103,이지듀 EGFx 다운타임 크림,솔비탄올리에이트,43,
A000000250103,이지듀 EGFx 다운타임 크림,니코틴아마이드모노뉴클레오타이드,44,
A000000250103,이지듀 EGFx 다운타임 크림,니코틴아마이드아데닌다이뉴클레오타이드,45,
A000000250103,이지듀 EGFx 다운타임 크림,소듐스테아로일글루타메이트,46,
A000000250103,이지듀 EGFx 다운타임 크림,토코페롤,47,
A000000250103,이지듀 EGFx 다운타임 크림,아데노신트라이포스페이트,48,
A000000250103,이지듀 EGFx 다운타임 크림,라우로일라이신,49,
A000000250103,이지듀 EGFx 다운타임 크림,소듐아스코빌포스페이트,50,
A000000250103,이지듀 EGFx 다운타임 크림,세라마이드엔피,51,
A000000250103,이지듀 EGFx 다운타임 크림,하이드롤라이즈드엘라스틴,52,
A000000250103,이지듀 EGFx 다운타임 크림,소듐디엔에이,53,
A000000250103,이지듀 EGFx 다운타임 크림,에스에이치-올리고펩타이드-1,54,1
A000000250103,이지듀 EGFx 다운타임 크림,콜레스테롤,55,
A000000250103,이지듀 EGFx 다운타임 크림,엑토인,56,
A000000250103,이지듀 EGFx 다운타임 크림,소듐클로라이드,57,
A000000250103,이지듀 EGFx 다운타임 크림,소듐락테이트,58,
A000000250103,이지듀 EGFx 다운타임 크림,메틸글루카민,59,
A000000250103,이지듀 EGFx 다운타임 크림,스쿠알란,60,
A000000250103,이지듀 EGFx 다운타임 크림,알루미늄수크로오스옥타설페이트,61,
A000000250103,이지듀 EGFx 다운타임 크림,유채스테롤,62,
A000000250103,이지듀 EGFx 다운타임 크림,소듐서팩틴,63,
A000000250103,이지듀 EGFx 다운타임 크림,포타슘클로라이드,64,
A000000250103,이지듀 EGFx 다운타임 크림,칼슘클로라이드,65,
A000000250103,이지듀 EGFx 다운타임 크림,셀룰로오스,66,
A000000250103,이지듀 EGFx 다운타임 크림,마그네슘클로라이드,67,
A000000250103,이지듀 EGFx 다운타임 크림,에탄올,68,
A000000250103,이지듀 EGFx 다운타임 크림,다이소듐이디티에이,69,
A000000225180,코스알엑스 어드벤스드 스네일 92 올인원 크림,달팽이점액여과물,1,
A000000225180,코스알엑스 어드벤스드 스네일 92 올인원 크림,베타인,2,
A000000225180,코스알엑스 어드벤스드 스네일 92 올인원 크림,카프릴릭/카프릭트라이글리세라이드,3,
A000000225180,코스알엑스 어드벤스드 스네일 92 올인원 크림,부틸렌글라이콜,4,
A000000225180,코스알엑스 어드벤스드 스네일 92 올인원 크림,세테아릴올리베이트,5,
A000000225180,코스알엑스 어드벤스드 스네일 92 올인원 크림,솔비탄올리베이트,6,
A000000225180,코스알엑스 어드벤스드 스네일 92 올인원 크림,세테아릴알코올,7,
A000000225180,코스알엑스 어드벤스드 스네일 92 올인원 크림,카보머,8,
A000000225180,코스알엑스 어드벤스드 스네일 92 올인원 크림,알지닌,9,
A000000225180,코스알엑스 어드벤스드 스네일 92 올인원 크림,다이메티콘,10,
A000000225180,코스알엑스 어드벤스드 스네일 92 올인원 크림,소듐폴리아크릴레이트,11,
A000000225180,코스알엑스 어드벤스드 스네일 92 올인원 크림,페녹시에탄올,12,
A000000225180,코스알엑스 어드벤스드 스네일 92 올인원 크림,소듐하이알루로네이트,13,
A000000225180,코스알엑스 어드벤스드 스네일 92 올인원 크림,스테아릭애씨드,14,
A000000225180,코스알엑스 어드벤스드 스네일 92 올인원 크림,알란토인,15,
A000000225180,코스알엑스 어드벤스드 스네일 92 올인원 크림,판테놀,16,
A000000225180,코스알엑스 어드벤스드 스네일 92 올인원 크림,잔탄검,17,
A000000225180,코스알엑스 어드벤스드 스네일 92 올인원 크림,에틸헥산다이올,18,
A000000225180,코스알엑스 어드벤스드 스네일 92 올인원 크림,아데노신,19,
A000000200666,토리든 셀메이징 저분자 콜라겐 탄력 크림,정제수,1,
A000000200666,토리든 셀메이징 저분자 콜라겐 탄력 크림,부틸렌글라이콜,2,
A000000200666,토리든 셀메이징 저분자 콜라겐 탄력 크림,글리세린,3,
A000000200666,토리든 셀메이징 저분자 콜라겐 탄력 크림,카프릴릭/카프릭트라이글리세라이드,4,
A000000200666,토리든 셀메이징 저분자 콜라겐 탄력 크림,나이아신아마이드,5,
A000000200666,토리든 셀메이징 저분자 콜라겐 탄력 크림,"1,2-헥산다이올",6,
A000000200666,토리든 셀메이징 저분자 콜라겐 탄력 크림,세테아릴올리베이트,7,
A000000200666,토리든 셀메이징 저분자 콜라겐 탄력 크림,세틸에틸헥사노에이트,8,
A000000200666,토리든 셀메이징 저분자 콜라겐 탄력 크림,콜라겐추출물,9,
A000000200666,토리든 셀메이징 저분자 콜라겐 탄력 크림,수용성콜라겐,10,
A000000200666,토리든 셀메이징 저분자 콜라겐 탄력 크림,콜라겐아미노산,11,
A000000200666,토리든 셀메이징 저분자 콜라겐 탄력 크림,콜라겐,12,
A000000200666,토리든 셀메이징 저분자 콜라겐 탄력 크림,하이드롤라이즈드콜라겐,13,
A000000200666,토리든 셀메이징 저분자 콜라겐 탄력 크림,헥사펩타이드-2,14,
A000000200666,토리든 셀메이징 저분자 콜라겐 탄력 크림,판테놀,15,
A000000200666,토리든 셀메이징 저분자 콜라겐 탄력 크림,알란토인,16,
A000000200666,토리든 셀메이징 저분자 콜라겐 탄력 크림,하이드롤라이즈드하이알루로닉애씨드,17,
A000000200666,토리든 셀메이징 저분자 콜라겐 탄력 크림,소듐하이알루로네이트,18,
A000000200666,토리든 셀메이징 저분자 콜라겐 탄력 크림,하이드록시에틸아크릴레이트/소듐아크릴로일다이메틸타우레이트코폴리머,19,
A000000200666,토리든 셀메이징 저분자 콜라겐 탄력 크림,소듐하이알루로네이트크로스폴리머,20,
A000000200666,토리든 셀메이징 저분자 콜라겐 탄력 크림,포타슘하이알루로네이트,21,
A000000200666,토리든 셀메이징 저분자 콜라겐 탄력 크림,하이드록시프로필트라이모늄하이알루로네이트,22,
A000000200666,토리든 셀메이징 저분자 콜라겐 탄력 크림,하이알루로닉애씨드,23,
A000000200666,토리든 셀메이징 저분자 콜라겐 탄력 크림,소듐아세틸레이티드하이알루로네이트,24,
A000000200666,토리든 셀메이징 저분자 콜라겐 탄력 크림,헵틸운데실레네이트,25,
A000000200666,토리든 셀메이징 저분자 콜라겐 탄력 크림,글리세릴스테아레이트,26,
A000000200666,토리든 셀메이징 저분자 콜라겐 탄력 크림,C10-18트라이글리세라이즈,27,
A000000200666,토리든 셀메이징 저분자 콜라겐 탄력 크림,아크릴레이트/C10-30알킬아크릴레이트크로스폴리머,28,
A000000200666,토리든 셀메이징 저분자 콜라겐 탄력 크림,발린,29,
A000000200666,토리든 셀메이징 저분자 콜라겐 탄력 크림,트레오닌,30,
A000000200666,토리든 셀메이징 저분자 콜라겐 탄력 크림,프롤린,31,
A000000200666,토리든 셀메이징 저분자 콜라겐 탄력 크림,아이소류신,32,
A000000200666,토리든 셀메이징 저분자 콜라겐 탄력 크림,히스티딘,33,
A000000200666,토리든 셀메이징 저분자 콜라겐 탄력 크림,메티오닌,34,
A000000200666,토리든 셀메이징 저분자 콜라겐 탄력 크림,시스테인,35,
A000000200666,토리든 셀메이징 저분자 콜라겐 탄력 크림,바이오틴,36,
A000000200666,토리든 셀메이징 저분자 콜라겐 탄력 크림,펜틸렌글라이콜,37,
A000000200666,토리든 셀메이징 저분자 콜라겐 탄력 크림,글라이신,38,
A000000200666,토리든 셀메이징 저분자 콜라겐 탄력 크림,세린,39,
A000000200666,토리든 셀메이징 저분자 콜라겐 탄력 크림,글루타믹애씨드,40,
A000000200666,토리든 셀메이징 저분자 콜라겐 탄력 크림,아스파틱애씨드,41,
A000000200666,토리든 셀메이징 저분자 콜라겐 탄력 크림,류신,42,
A000000200666,토리든 셀메이징 저분자 콜라겐 탄력 크림,알라닌,43,
A000000200666,토리든 셀메이징 저분자 콜라겐 탄력 크림,라이신,44,
A000000200666,토리든 셀메이징 저분자 콜라겐 탄력 크림,알지닌,45,
A000000200666,토리든 셀메이징 저분자 콜라겐 탄력 크림,타이로신,46,
A000000200666,토리든 셀메이징 저분자 콜라겐 탄력 크림,페닐알라닌,47,
A000000200666,토리든 셀메이징 저분자 콜라겐 탄력 크림,아데노신,48,
A000000200666,토리든 셀메이징 저분자 콜라겐 탄력 크림,솔비탄올리베이트,49,
A000000200666,토리든 셀메이징 저분자 콜라겐 탄력 크림,솔비탄아이소스테아레이트,50,
A000000200666,토리든 셀메이징 저분자 콜라겐 탄력 크림,세테아릴알코올,51,
A000000200666,토리든 셀메이징 저분자 콜라겐 탄력 크림,비닐다이메티콘,52,
A000000200666,토리든 셀메이징 저분자 콜라겐 탄력 크림,트로메타민,53,
A000000200666,토리든 셀메이징 저분자 콜라겐 탄력 크림,글리세릴아크릴레이트/아크릴릭애씨드코폴리머,54,
A000000200666,토리든 셀메이징 저분자 콜라겐 탄력 크림,피브이엠/엠에이코폴리머,55,
A000000200666,토리든 셀메이징 저분자 콜라겐 탄력 크림,잔탄검,56,
A000000200666,토리든 셀메이징 저분자 콜라겐 탄력 크림,다이소듐이디티에이,57,
A000000200666,토리든 셀메이징 저분자 콜라겐 탄력 크림,에틸헥실글리세린,58,
A000000199155,라운드랩 포 맨 소나무 진정 시카 크림,정제수,1,
A000000199155,라운드랩 포 맨 소나무 진정 시카 크림,부틸렌글라이콜,2,
A000000199155,라운드랩 포 맨 소나무 진정 시카 크림,글리세린,3,
A000000199155,라운드랩 포 맨 소나무 진정 시카 크림,카프릴릭/카프릭트라이글리세라이드,4,
A000000199155,라운드랩 포 맨 소나무 진정 시카 크림,"1,2-헥산다이올",5,
A000000199155,라운드랩 포 맨 소나무 진정 시카 크림,하이알루로닉애씨드,6,
A000000199155,라운드랩 포 맨 소나무 진정 시카 크림,하이드롤라이즈드하이알루로닉애씨드,7,
A000000199155,라운드랩 포 맨 소나무 진정 시카 크림,소듐하이알루로네이트,8,
A000000199155,라운드랩 포 맨 소나무 진정 시카 크림,하이드롤라이즈드치자추출물,9,
A000000199155,라운드랩 포 맨 소나무 진정 시카 크림,하이드롤라이즈드맥아추출물,10,
A000000199155,라운드랩 포 맨 소나무 진정 시카 크림,하이드롤라이즈드삼색제비꽃추출물,11,
A000000199155,라운드랩 포 맨 소나무 진정 시카 크림,인도멀구슬나무잎추출물,12,
A000000199155,라운드랩 포 맨 소나무 진정 시카 크림,인도멀구슬나무꽃추출물,13,
A000000199155,라운드랩 포 맨 소나무 진정 시카 크림,카카오씨추출물,14,
A000000199155,라운드랩 포 맨 소나무 진정 시카 크림,감자꽃추출물,15,
A000000199155,라운드랩 포 맨 소나무 진정 시카 크림,녹차추출물,16,
A000000199155,라운드랩 포 맨 소나무 진정 시카 크림,오카무라큰실말추출물,17,
A000000199155,라운드랩 포 맨 소나무 진정 시카 크림,흰버드나무껍질추출물,18,
A000000199155,라운드랩 포 맨 소나무 진정 시카 크림,커피콩추출물,19,
A000000199155,라운드랩 포 맨 소나무 진정 시카 크림,베르가모트잎추출물,20,
A000000199155,라운드랩 포 맨 소나무 진정 시카 크림,소나무잎추출물,21,1000.61
A000000199155,라운드랩 포 맨 소나무 진정 시카 크림,프로판다이올,22,
A000000199155,라운드랩 포 맨 소나무 진정 시카 크림,에틸헥실글리세린,23,
A000000199155,라운드랩 포 맨 소나무 진정 시카 크림,데실글루코사이드,24,
A000000199155,라운드랩 포 맨 소나무 진정 시카 크림,세테아릴올리베이트,25,
A000000199155,라운드랩 포 맨 소나무 진정 시카 크림,솔비탄올리베이트,26,
A000000199155,라운드랩 포 맨 소나무 진정 시카 크림,소듐폴리아크릴레이트,27,
A000000199155,라운드랩 포 맨 소나무 진정 시카 크림,에틸헥실스테아레이트,28,
A000000199155,라운드랩 포 맨 소나무 진정 시카 크림,병풀잎추출물,29,10.6
A000000199155,라운드랩 포 맨 소나무 진정 시카 크림,카프릴로일살리실릭애씨드,30,
A000000199155,라운드랩 포 맨 소나무 진정 시카 크림,덱스트린,31,
A000000199155,라운드랩 포 맨 소나무 진정 시카 크림,암모늄폴리아크릴로일다이메틸타우레이트,32,
A000000199155,라운드랩 포 맨 소나무 진정 시카 크림,병풀추출물,33,0.01
A000000199155,라운드랩 포 맨 소나무 진정 시카 크림,글라이코프로테인,34,0.0002
A000000199155,라운드랩 포 맨 소나무 진정 시카 크림,아시아티코사이드,35,1e-05
A000000199155,라운드랩 포 맨 소나무 진정 시카 크림,아시아틱애씨드,36,1e-05
A000000199155,라운드랩 포 맨 소나무 진정 시카 크림,마데카소사이드,37,1e-05
A000000199155,라운드랩 포 맨 소나무 진정 시카 크림,마데카식애씨드,38,1e-05
A000000199155,라운드랩 포 맨 소나무 진정 시카 크림,세테아릴알코올,39,
A000000199155,라운드랩 포 맨 소나무 진정 시카 크림,비닐다이메티콘,40,
A000000199155,라운드랩 포 맨 소나무 진정 시카 크림,다이소듐이디티에이,41,
A000000199155,라운드랩 포 맨 소나무 진정 시카 크림,트라이데세스-6,42,
A000000248422,아누아 어성초 77 B3 징크 수딩 크림,약모밀꽃/잎/줄기수,1,770000
A000000248422,아누아 어성초 77 B3 징크 수딩 크림,나이아신아마이드,2,1000
A000000248422,아누아 어성초 77 B3 징크 수딩 크림,"1,2-헥산다이올",3,
A000000248422,아누아 어성초 77 B3 징크 수딩 크림,판테놀,4,
A000000248422,아누아 어성초 77 B3 징크 수딩 크림,글리세린,5,
A000000248422,아누아 어성초 77 B3 징크 수딩 크림,다이프로필렌글라이콜,6,
A000000248422,아누아 어성초 77 B3 징크 수딩 크림,부틸렌글라이콜,7,
A000000248422,아누아 어성초 77 B3 징크 수딩 크림,소듐시트레이트,8,
A000000248422,아누아 어성초 77 B3 징크 수딩 크림,징크피씨에이,9,10
A000000248422,아누아 어성초 77 B3 징크 수딩 크림,프로판다이올,10,
A000000248422,아누아 어성초 77 B3 징크 수딩 크림,트레할로오스,11,
A000000248422,아누아 어성초 77 B3 징크 수딩 크림,정제수,12,
A000000248422,아누아 어성초 77 B3 징크 수딩 크림,베타인,13,
A000000248422,아누아 어성초 77 B3 징크 수딩 크림,잔탄검,14,
A000000248422,아누아 어성초 77 B3 징크 수딩 크림,스핑고모나스발효추출물,15,
A000000248422,아누아 어성초 77 B3 징크 수딩 크림,에틸헥실글리세린,16,
A000000248422,아누아 어성초 77 B3 징크 수딩 크림,시트릭애씨드,17,
A000000248422,아누아 어성초 77 B3 징크 수딩 크림,하이드록시프로필사이클로덱스트린,18,
A000000248422,아누아 어성초 77 B3 징크 수딩 크림,아데노신,19,
A000000248422,아누아 어성초 77 B3 징크 수딩 크림,다이소듐이디티에이,20,
A000000248422,아누아 어성초 77 B3 징크 수딩 크림,다이포타슘글리시리제이트,21,
A000000248422,아누아 어성초 77 B3 징크 수딩 크림,글리세릴아크릴레이트/아크릴릭애씨드코폴리머,22,
A000000248422,아누아 어성초 77 B3 징크 수딩 크림,글루코노락톤,23,
A000000248422,아누아 어성초 77 B3 징크 수딩 크림,도코사헥사에노익애씨드,24,
A000000248422,아누아 어성초 77 B3 징크 수딩 크림,토코페롤,25,
A000000248422,아누아 어성초 77 B3 징크 수딩 크림,알란토인,26,
A000000248422,아누아 어성초 77 B3 징크 수딩 크림,피리독신에이치씨엘,27,
A000000248422,아누아 어성초 77 B3 징크 수딩 크림,카프릴로일살리실릭애씨드,28,
A000000248422,아누아 어성초 77 B3 징크 수딩 크림,약모밀소포,29,
A000000248422,아누아 어성초 77 B3 징크 수딩 크림,아이소쿼시트린,30,
A000000248422,아누아 어성초 77 B3 징크 수딩 크림,쿼세틴,31,
A000000242718,차앤박 더마앤서 배리어 리셋 크림,정제수,1,
A000000242718,차앤박 더마앤서 배리어 리셋 크림,글리세린,2,
A000000242718,차앤박 더마앤서 배리어 리셋 크림,다이프로필렌글라이콜,3,
A000000242718,차앤박 더마앤서 배리어 리셋 크림,카프릴릭/카프릭트라이글리세라이드,4,
A000000242718,차앤박 더마앤서 배리어 리셋 크림,하이드로제네이티드폴리아이소부텐,5,
A000000242718,차앤박 더마앤서 배리어 리셋 크림,다이카프릴릴에터,6,
A000000242718,차앤박 더마앤서 배리어 리셋 크림,글리세릴스테아레이트에스이,7,
A000000242718,차앤박 더마앤서 배리어 리셋 크림,"1,2-헥산다이올",8,
A000000242718,차앤박 더마앤서 배리어 리셋 크림,다이메티콘,9,
A000000242718,차앤박 더마앤서 배리어 리셋 크림,세테아릴올리베이트,10,
A000000242718,차앤박 더마앤서 배리어 리셋 크림,판테놀,11,
A000000242718,차앤박 더마앤서 배리어 리셋 크림,다이페닐다이메티콘,12,
A000000242718,차앤박 더마앤서 배리어 리셋 크림,하이드롤라이즈드식물성단백질,13,
A000000242718,차앤박 더마앤서 배리어 리셋 크림,올리브오일,14,
A000000242718,차앤박 더마앤서 배리어 리셋 크림,알지닌,15,
A000000242718,차앤박 더마앤서 배리어 리셋 크림,글루타믹애씨드,16,
A000000242718,차앤박 더마앤서 배리어 리셋 크림,세라마이드엔피,17,
A000000242718,차앤박 더마앤서 배리어 리셋 크림,부틸렌글라이콜,18,
A000000242718,차앤박 더마앤서 배리어 리셋 크림,트레할로오스,19,
A000000242718,차앤박 더마앤서 배리어 리셋 크림,트로메타민,20,
A000000242718,차앤박 더마앤서 배리어 리셋 크림,트록세루틴,21,
A000000242718,차앤박 더마앤서 배리어 리셋 크림,피토스테롤,22,
A000000242718,차앤박 더마앤서 배리어 리셋 크림,팔미틱애씨드,23,
A000000242718,차앤박 더마앤서 배리어 리셋 크림,콜레스테롤,24,
A000000242718,차앤박 더마앤서 배리어 리셋 크림,세라마이드에이피,25,
A000000242718,차앤박 더마앤서 배리어 리셋 크림,세라마이드엔지,26,
A000000242718,차앤박 더마앤서 배리어 리셋 크림,세라마이드엔에스,27,
A000000242718,차앤박 더마앤서 배리어 리셋 크림,피토스핑고신,28,
A000000242718,차앤박 더마앤서 배리어 리셋 크림,세라마이드에이에스,29,
A000000242718,차앤박 더마앤서 배리어 리셋 크림,세라마이드이오피,30,
A000000242718,차앤박 더마앤서 배리어 리셋 크림,소듐하이알루로네이트,31,
A000000242718,차앤박 더마앤서 배리어 리셋 크림,알지닌/라이신폴리펩타이드,32,
A000000242718,차앤박 더마앤서 배리어 리셋 크림,프로폴리스추출물,33,
A000000242718,차앤박 더마앤서 배리어 리셋 크림,알란토인,34,
A000000242718,차앤박 더마앤서 배리어 리셋 크림,폴리글리세릴-3메틸글루코오스다이스테아레이트,35,
A000000242718,차앤박 더마앤서 배리어 리셋 크림,솔비탄올리베이트,36,
A000000242718,차앤박 더마앤서 배리어 리셋 크림,하이드로제네이티드레시틴,37,
A000000242718,차앤박 더마앤서 배리어 리셋 크림,C14-22알코올,38,
A000000242718,차앤박 더마앤서 배리어 리셋 크림,폴리아크릴레이트크로스폴리머-6,39,
A000000242718,차앤박 더마앤서 배리어 리셋 크림,아크릴레이트/C10-30알킬아크릴레이트크로스폴리머,40,
A000000242718,차앤박 더마앤서 배리어 리셋 크림,다이포타슘글리시리제이트,41,
A000000242718,차앤박 더마앤서 배리어 리셋 크림,C12-20알킬글루코사이드,42,
A000000242718,차앤박 더마앤서 배리어 리셋 크림,토코페롤,43,
A000000242718,차앤박 더마앤서 배리어 리셋 크림,돌콩오일,44,
A000000242718,차앤박 더마앤서 배리어 리셋 크림,석시닉애씨드,45,
A000000242718,차앤박 더마앤서 배리어 리셋 크림,세테아릴알코올,46,
A000000242718,차앤박 더마앤서 배리어 리셋 크림,스테아릭애씨드,47,
A000000242718,차앤박 더마앤서 배리어 리셋 크림,"2,3-부탄다이올",48,
A000000242718,차앤박 더마앤서 배리어 리셋 크림,글리세릴스테아레이트,49,
A000000242718,차앤박 더마앤서 배리어 리셋 크림,클레리오일,50,
A000000242718,차앤박 더마앤서 배리어 리셋 크림,멕시칸주니퍼오일,51,
A000000242718,차앤박 더마앤서 배리어 리셋 크림,에틸헥실글리세린,52,
A000000242718,차앤박 더마앤서 배리어 리셋 크림,트라이소듐이디티에이,53,
A000000242718,차앤박 더마앤서 배리어 리셋 크림,로즈마리잎오일,54,
A000000242718,차앤박 더마앤서 배리어 리셋 크림,잔탄검,55,
A000000242718,차앤박 더마앤서 배리어 리셋 크림,피이지-크로스폴리머,56,
A000000242718,차앤박 더마앤서 배리어 리셋 크림,소르빅애씨드,57,
A000000254720,아이오페 비타민C 엑스퍼트 40% 마스크 컨센트레이트,아스코빅애씨드,1,
A000000254720,아이오페 비타민C 엑스퍼트 40% 마스크 컨센트레이트,페닐트라이메티콘,2,
A000000254720,아이오페 비타민C 엑스퍼트 40% 마스크 컨센트레이트,실리카다이메틸실릴레이트,3,
A000000254720,아이오페 비타민C 엑스퍼트 40% 마스크 컨센트레이트,하이드로제네이티드폴리아이소부텐,4,
A000000254720,아이오페 비타민C 엑스퍼트 40% 마스크 컨센트레이트,카프릴릭/카프릭트라이글리세라이드,5,
A000000254720,아이오페 비타민C 엑스퍼트 40% 마스크 컨센트레이트,비닐다이메티콘/메티콘실세스퀴옥세인크로스폴리머,6,
A000000254720,아이오페 비타민C 엑스퍼트 40% 마스크 컨센트레이트,카프릴릴메티콘,7,
A000000254720,아이오페 비타민C 엑스퍼트 40% 마스크 컨센트레이트,C12-15알킬벤조에이트,8,
A000000254720,아이오페 비타민C 엑스퍼트 40% 마스크 컨센트레이트,세틸에틸헥사노에이트,9,
A000000254720,아이오페 비타민C 엑스퍼트 40% 마스크 컨센트레이트,하이드로제네이티드캐스터오일다이머다이리놀레에이트,10,
A000000254720,아이오페 비타민C 엑스퍼트 40% 마스크 컨센트레이트,트라이에틸헥사노인,11,
A000000254720,아이오페 비타민C 엑스퍼트 40% 마스크 컨센트레이트,폴리글리세릴-4다이아이소스테아레이트/폴리하이드록시스테아레이트/세바케이트,12,
A000000254720,아이오페 비타민C 엑스퍼트 40% 마스크 컨센트레이트,다이아이소스테아로일폴리글리세릴-3다이머다이리놀리에이트,13,
A000000254720,아이오페 비타민C 엑스퍼트 40% 마스크 컨센트레이트,폴리메틸메타크릴레이트,14,
A000000254720,아이오페 비타민C 엑스퍼트 40% 마스크 컨센트레이트,티몰트라이메톡시신나메이트,15,
A000000254720,아이오페 비타민C 엑스퍼트 40% 마스크 컨센트레이트,코질메틸렌다이옥시신나메이트,16,
A000000254720,아이오페 비타민C 엑스퍼트 40% 마스크 컨센트레이트,니코틴아마이드모노뉴클레오타이드,17,
A000000254720,아이오페 비타민C 엑스퍼트 40% 마스크 컨센트레이트,메틸메타크릴레이트/아크릴로나이트릴코폴리머,18,
A000000254720,아이오페 비타민C 엑스퍼트 40% 마스크 컨센트레이트,레스베라트롤,19,
A000000254720,아이오페 비타민C 엑스퍼트 40% 마스크 컨센트레이트,콩폴리펩타이드,20,
A000000212010,LBB 골드렐라 펩타이드 28 안티 멜라닌 마스크 크림,시어버터,1,
A000000212010,LBB 골드렐라 펩타이드 28 안티 멜라닌 마스크 크림,비닐다이메티콘,2,
A000000212010,LBB 골드렐라 펩타이드 28 안티 멜라닌 마스크 크림,펜타에리스리틸테트라에틸헥사노에이트,3,
A000000212010,LBB 골드렐라 펩타이드 28 안티 멜라닌 마스크 크림,프로판다이올,4,
A000000212010,LBB 골드렐라 펩타이드 28 안티 멜라닌 마스크 크림,C12-15알킬벤조에이트,5,
A000000212010,LBB 골드렐라 펩타이드 28 안티 멜라닌 마스크 크림,나이아신아마이드,6,
A000000212010,LBB 골드렐라 펩타이드 28 안티 멜라닌 마스크 크림,세테아릴알코올,7,
A000000212010,LBB 골드렐라 펩타이드 28 안티 멜라닌 마스크 크림,오조케라이트,8,
A000000212010,LBB 골드렐라 펩타이드 28 안티 멜라닌 마스크 크림,"1,2-헥산다이올",9,
A000000212010,LBB 골드렐라 펩타이드 28 안티 멜라닌 마스크 크림,글리세릴스테아레이트,10,
A000000212010,LBB 골드렐라 펩타이드 28 안티 멜라닌 마스크 크림,세테아릴올리베이트,11,
A000000212010,LBB 골드렐라 펩타이드 28 안티 멜라닌 마스크 크림,부틸렌글라이콜,12,
A000000212010,LBB 골드렐라 펩타이드 28 안티 멜라닌 마스크 크림,솔비탄올리베이트,13,
A000000212010,LBB 골드렐라 펩타이드 28 안티 멜라닌 마스크 크림,베헤네스-25,14,
A000000212010,LBB 골드렐라 펩타이드 28 안티 멜라닌 마스크 크림,소듐폴리아크릴레이트,15,
A000000212010,LBB 골드렐라 펩타이드 28 안티 멜라닌 마스크 크림,카프릴릭/카프릭트라이글리세라이드,16,
A000000212010,LBB 골드렐라 펩타이드 28 안티 멜라닌 마스크 크림,에틸헥실글리세린,17,
A000000212010,LBB 골드렐라 펩타이드 28 안티 멜라닌 마스크 크림,카프릴릴글라이콜,18,
A000000212010,LBB 골드렐라 펩타이드 28 안티 멜라닌 마스크 크림,라벤더오일,19,
A000000212010,LBB 골드렐라 펩타이드 28 안티 멜라닌 마스크 크림,소듐파이테이트,20,
A000000212010,LBB 골드렐라 펩타이드 28 안티 멜라닌 마스크 크림,말토덱스트린,21,
A000000212010,LBB 골드렐라 펩타이드 28 안티 멜라닌 마스크 크림,글리세린,22,
A000000212010,LBB 골드렐라 펩타이드 28 안티 멜라닌 마스크 크림,아데노신,23,
A000000212010,LBB 골드렐라 펩타이드 28 안티 멜라닌 마스크 크림,세드랏껍질오일,24,
A000000212010,LBB 골드렐라 펩타이드 28 안티 멜라닌 마스크 크림,클로렐라발효물,25,
A000000212010,LBB 골드렐라 펩타이드 28 안티 멜라닌 마스크 크림,자몽껍질오일,26,
A000000212010,LBB 골드렐라 펩타이드 28 안티 멜라닌 마스크 크림,지치뿌리추출물,27,
A000000212010,LBB 골드렐라 펩타이드 28 안티 멜라닌 마스크 크림,하이드록시데실유비퀴논,28,
A000000212010,LBB 골드렐라 펩타이드 28 안티 멜라닌 마스크 크림,폴리글리세릴-10올리에이트,29,
A000000212010,LBB 골드렐라 펩타이드 28 안티 멜라닌 마스크 크림,필리핀오렌지전초오일,30,
A000000212010,LBB 골드렐라 펩타이드 28 안티 멜라닌 마스크 크림,하이드로제네이티드레시틴,31,
A000000212010,LBB 골드렐라 펩타이드 28 안티 멜라닌 마스크 크림,에스에이치-올리고펩타이드-1,32,
A000000212010,LBB 골드렐라 펩타이드 28 안티 멜라닌 마스크 크림,에스에이치-올리고펩타이드-2,33,
A000000212010,LBB 골드렐라 펩타이드 28 안티 멜라닌 마스크 크림,에스에이치-폴리펩타이드-1,34,
A000000212010,LBB 골드렐라 펩타이드 28 안티 멜라닌 마스크 크림,에스에이치-폴리펩타이드-3,35,
A000000212010,LBB 골드렐라 펩타이드 28 안티 멜라닌 마스크 크림,에스에이치-폴리펩타이드-22,36,
A000000172453,닥터지 레드 블레미쉬 클리어 모이스처 크림,정제수,1,
A000000172453,닥터지 레드 블레미쉬 클리어 모이스처 크림,글리세린,2,
A000000172453,닥터지 레드 블레미쉬 클리어 모이스처 크림,"2,3-부탄다이올",3,
A000000172453,닥터지 레드 블레미쉬 클리어 모이스처 크림,하이드로제네이티드폴리(C6-14올레핀),4,
A000000172453,닥터지 레드 블레미쉬 클리어 모이스처 크림,병풀추출물,5,
A000000172453,닥터지 레드 블레미쉬 클리어 모이스처 크림,나이아신아마이드,6,
A000000172453,닥터지 레드 블레미쉬 클리어 모이스처 크림,베타인,7,
A000000172453,닥터지 레드 블레미쉬 클리어 모이스처 크림,비닐다이메티콘,8,
A000000172453,닥터지 레드 블레미쉬 클리어 모이스처 크림,사이클로헥사실록세인,9,
A000000172453,닥터지 레드 블레미쉬 클리어 모이스처 크림,"1,2-헥산다이올",10,
A000000172453,닥터지 레드 블레미쉬 클리어 모이스처 크림,세틸에틸헥사노에이트,11,
A000000172453,닥터지 레드 블레미쉬 클리어 모이스처 크림,하이드로제네이티드폴리데센,12,
A000000172453,닥터지 레드 블레미쉬 클리어 모이스처 크림,호호바에스터,13,
A000000172453,닥터지 레드 블레미쉬 클리어 모이스처 크림,하이드로제네이티드레시틴,14,
A000000172453,닥터지 레드 블레미쉬 클리어 모이스처 크림,소듐하이알루로네이트,15,
A000000172453,닥터지 레드 블레미쉬 클리어 모이스처 크림,마카다미아씨오일,16,
A000000172453,닥터지 레드 블레미쉬 클리어 모이스처 크림,하이드로제네이티드채종유,17,
A000000172453,닥터지 레드 블레미쉬 클리어 모이스처 크림,카프릴릭/카프릭트라이글리세라이드,18,
A000000172453,닥터지 레드 블레미쉬 클리어 모이스처 크림,하이드록시에틸아크릴레이트/소듐아크릴로일다이메틸타우레이트코폴리머,19,
A000000172453,닥터지 레드 블레미쉬 클리어 모이스처 크림,헥실데실라우레이트,20,
A000000172453,닥터지 레드 블레미쉬 클리어 모이스처 크림,헥실데칸올,21,
A000000172453,닥터지 레드 블레미쉬 클리어 모이스처 크림,실리카,22,
A000000172453,닥터지 레드 블레미쉬 클리어 모이스처 크림,암모늄아크릴로일다이메틸타우레이트/브이피코폴리머,23,
A000000172453,닥터지 레드 블레미쉬 클리어 모이스처 크림,C14-22알코올,24,
A000000172453,닥터지 레드 블레미쉬 클리어 모이스처 크림,아라키딜알코올,25,
A000000172453,닥터지 레드 블레미쉬 클리어 모이스처 크림,팔미틱애씨드,26,
A000000172453,닥터지 레드 블레미쉬 클리어 모이스처 크림,C12-20알킬글루코사이드,27,
A000000172453,닥터지 레드 블레미쉬 클리어 모이스처 크림,글리세릴스테아레이트,28,
A000000172453,닥터지 레드 블레미쉬 클리어 모이스처 크림,다이프로필렌글라이콜,29,
A000000172453,닥터지 레드 블레미쉬 클리어 모이스처 크림,알란토인,30,
A000000172453,닥터지 레드 블레미쉬 클리어 모이스처 크림,스테아릭애씨드,31,
A000000172453,닥터지 레드 블레미쉬 클리어 모이스처 크림,베헤닐알코올,32,
A000000172453,닥터지 레드 블레미쉬 클리어 모이스처 크림,아라키딜글루코사이드,33,
A000000172453,닥터지 레드 블레미쉬 클리어 모이스처 크림,카보머,34,
A000000172453,닥터지 레드 블레미쉬 클리어 모이스처 크림,소듐스테아로일글루타메이트,35,
A000000172453,닥터지 레드 블레미쉬 클리어 모이스처 크림,솔비탄아이소스테아레이트,36,
A000000172453,닥터지 레드 블레미쉬 클리어 모이스처 크림,다이소듐이디티에이,37,
A000000172453,닥터지 레드 블레미쉬 클리어 모이스처 크림,판테놀,38,
A000000172453,닥터지 레드 블레미쉬 클리어 모이스처 크림,수크로오스다이스테아레이트,39,
A000000172453,닥터지 레드 블레미쉬 클리어 모이스처 크림,부틸렌글라이콜,40,
A000000172453,닥터지 레드 블레미쉬 클리어 모이스처 크림,글루코오스,41,
A000000172453,닥터지 레드 블레미쉬 클리어 모이스처 크림,미리스틱애씨드,42,
A000000172453,닥터지 레드 블레미쉬 클리어 모이스처 크림,세라마이드엔피,43,
A000000172453,닥터지 레드 블레미쉬 클리어 모이스처 크림,마데카소사이드,44,
A000000172453,닥터지 레드 블레미쉬 클리어 모이스처 크림,아시아티코사이드,45,
A000000172453,닥터지 레드 블레미쉬 클리어 모이스처 크림,마데카식애씨드,46,
A000000172453,닥터지 레드 블레미쉬 클리어 모이스처 크림,아시아틱애씨드,47,
A000000172453,닥터지 레드 블레미쉬 클리어 모이스처 크림,피토스핑고신,48,
A000000172453,닥터지 레드 블레미쉬 클리어 모이스처 크림,하이드록시아세토페논,49,
A000000172453,닥터지 레드 블레미쉬 클리어 모이스처 크림,에틸헥실글리세린,50,
A000000234280,SVR 시카비트 크림 HPPI,정제수,1,
A000000234280,SVR 시카비트 크림 HPPI,바바수씨오일,2,
A000000234280,SVR 시카비트 크림 HPPI,해바라기씨오일,3,
A000000234280,SVR 시카비트 크림 HPPI,시어버터,4,
A000000234280,SVR 시카비트 크림 HPPI,옥수수오일,5,
A000000234280,SVR 시카비트 크림 HPPI,프로판다이올,6,
A000000234280,SVR 시카비트 크림 HPPI,글리세릴스테아레이트,7,
A000000234280,SVR 시카비트 크림 HPPI,글리세린,8,
A000000234280,SVR 시카비트 크림 HPPI,베헤닐알코올,9,
A000000234280,SVR 시카비트 크림 HPPI,나이아신아마이드,10,
A000000234280,SVR 시카비트 크림 HPPI,부틸렌글라이콜,11,
A000000234280,SVR 시카비트 크림 HPPI,세테아릴알코올,12,
A000000234280,SVR 시카비트 크림 HPPI,변성옥수수전분,13,
A000000234280,SVR 시카비트 크림 HPPI,펜틸렌글라이콜,14,
A000000234280,SVR 시카비트 크림 HPPI,레시틴,15,
A000000234280,SVR 시카비트 크림 HPPI,알파-글루칸올리고사카라이드,16,
A000000234280,SVR 시카비트 크림 HPPI,울금뿌리추출물,17,
A000000234280,SVR 시카비트 크림 HPPI,소듐스테아로일글루타메이트,18,
A000000234280,SVR 시카비트 크림 HPPI,소듐폴리아크릴레이트,19,
A000000234280,SVR 시카비트 크림 HPPI,소듐스테아로일락틸레이트,20,
A000000234280,SVR 시카비트 크림 HPPI,"1,2-헥산다이올",21,
A000000234280,SVR 시카비트 크림 HPPI,카프릴릴글라이콜,22,
A000000234280,SVR 시카비트 크림 HPPI,잔탄검,23,
A000000234280,SVR 시카비트 크림 HPPI,하이드롤라이즈드하이알루로닉애씨드,24,
A000000234280,SVR 시카비트 크림 HPPI,글라이코스핑고리피드,25,
A000000234280,SVR 시카비트 크림 HPPI,글라이코리피드,26,
A000000234280,SVR 시카비트 크림 HPPI,시트릭애씨드,27,
A000000234280,SVR 시카비트 크림 HPPI,토코페롤,28,
A000000234280,SVR 시카비트 크림 HPPI,람노오스,29,
A000000234280,SVR 시카비트 크림 HPPI,글루코오스,30,
A000000234280,SVR 시카비트 크림 HPPI,글루쿠로닉애씨드,31,
A000000234280,SVR 시카비트 크림 HPPI,하이드롤라이즈드효모추출물,32,
A000000234280,SVR 시카비트 크림 HPPI,소듐하이드록사이드,33,
A000000147109,유세린 우레아 리페어 크림,정제수,1,
A000000147109,유세린 우레아 리페어 크림,글리세린,2,
A000000147109,유세린 우레아 리페어 크림,우레아,3,50000
A000000147109,유세린 우레아 리페어 크림,펜타에리스리틸테트라아이소스테아레이트,4,
A000000147109,유세린 우레아 리페어 크림,카프릴릭/카프릭트라이글리세라이드,5,
A000000147109,유세린 우레아 리페어 크림,세틸알코올,6,
A000000147109,유세린 우레아 리페어 크림,글리세릴스테아레이트,7,
A000000147109,유세린 우레아 리페어 크림,소듐락테이트,8,
A000000147109,유세린 우레아 리페어 크림,하이드록시프로필스타치포스페이트,9,
A000000147109,유세린 우레아 리페어 크림,페녹시에탄올,10,
A000000147109,유세린 우레아 리페어 크림,"1,2-헥산다이올",11,
A000000147109,유세린 우레아 리페어 크림,락틱애씨드,12,
A000000147109,유세린 우레아 리페어 크림,포타슘세틸포스페이트,13,
A000000147109,유세린 우레아 리페어 크림,소듐클로라이드,14,
A000000147109,유세린 우레아 리페어 크림,글라이신,15,
A000000147109,유세린 우레아 리페어 크림,카르니틴,16,
A000000147109,유세린 우레아 리페어 크림,알지닌에이치씨엘,17,
A000000147109,유세린 우레아 리페어 크림,알라닌,18,
A000000147109,유세린 우레아 리페어 크림,잔탄검,19,
A000000147109,유세린 우레아 리페어 크림,소듐피씨에이,20,
A000000147109,유세린 우레아 리페어 크림,콜레스테롤,21,
A000000147109,유세린 우레아 리페어 크림,세라마이드엔피,22,
A000000147109,유세린 우레아 리페어 크림,피토스핑고신,23,
A000000147109,유세린 우레아 리페어 크림,올레익애씨드,24,
A000000147109,유세린 우레아 리페어 크림,토코페롤,25,
A000000198721,아비브 어성초 크림 카밍,정제수,1,
A000000198721,아비브 어성초 크림 카밍,사이클로헥사실록세인,2,
A000000198721,아비브 어성초 크림 카밍,글리세린,3,
A000000198721,아비브 어성초 크림 카밍,트라이에틸헥사노인,4,
A000000198721,아비브 어성초 크림 카밍,나이아신아마이드,5,
A000000198721,아비브 어성초 크림 카밍,펜틸렌글라이콜,6,
A000000198721,아비브 어성초 크림 카밍,"1,2-헥산다이올",7,
A000000198721,아비브 어성초 크림 카밍,폴리글리세릴-3폴리다이메틸실록시에틸다이메티콘,8,
A000000198721,아비브 어성초 크림 카밍,라우릴다이메티콘/폴리글리세린-3크로스폴리머,9,
A000000198721,아비브 어성초 크림 카밍,소듐클로라이드,10,
A000000198721,아비브 어성초 크림 카밍,아이소도데케인,11,
A000000198721,아비브 어성초 크림 카밍,소듐폴리아크릴레이트스타치,12,
A000000198721,아비브 어성초 크림 카밍,페닐트라이메티콘,13,
A000000198721,아비브 어성초 크림 카밍,다이메티콘/비닐다이메티콘크로스폴리머,14,
A000000198721,아비브 어성초 크림 카밍,비닐다이메티콘/메티콘실세스퀴옥세인크로스폴리머,15,
A000000198721,아비브 어성초 크림 카밍,소듐시트레이트,16,
A000000198721,아비브 어성초 크림 카밍,약모밀추출물,17,1000
A000000198721,아비브 어성초 크림 카밍,판테놀,18,
A000000198721,아비브 어성초 크림 카밍,프로판다이올,19,
A000000198721,아비브 어성초 크림 카밍,실리카,20,
A000000198721,아비브 어성초 크림 카밍,인도멀구슬나무잎추출물,21,
A000000198721,아비브 어성초 크림 카밍,다이포타슘글리시리제이트,22,
A000000198721,아비브 어성초 크림 카밍,다이프로필렌글라이콜,23,
A000000198721,아비브 어성초 크림 카밍,인도멀구슬나무꽃추출물,24,
A000000198721,아비브 어성초 크림 카밍,소듐파이테이트,25,
A000000198721,아비브 어성초 크림 카밍,벤질글라이콜,26,
A000000198721,아비브 어성초 크림 카밍,하이드롤라이즈드글라이코사미노글리칸,27,
A000000198721,아비브 어성초 크림 카밍,홀리바질잎추출물,28,
A000000198721,아비브 어성초 크림 카밍,소듐하이알루로네이트,29,
A000000198721,아비브 어성초 크림 카밍,울금뿌리추출물,30,
A000000198721,아비브 어성초 크림 카밍,참산호말추출물,31,
A000000198721,아비브 어성초 크림 카밍,소듐하이알루로네이트크로스폴리머,32,
A000000198721,아비브 어성초 크림 카밍,토코페롤,33,
A000000198721,아비브 어성초 크림 카밍,하이드롤라이즈드하이알루로닉애씨드,34,
A000000198721,아비브 어성초 크림 카밍,에틸헥실글리세린,35,
A000000198721,아비브 어성초 크림 카밍,하이드록시프로필트라이모늄하이알루로네이트,36,
A000000198721,아비브 어성초 크림 카밍,알란토인,37,
A000000198721,아비브 어성초 크림 카밍,부틸렌글라이콜,38,
A000000198721,아비브 어성초 크림 카밍,카프릴릭/카프릭트라이글리세라이드,39,
A000000198721,아비브 어성초 크림 카밍,베타-글루칸,40,
A000000198721,아비브 어성초 크림 카밍,하이알루로닉애씨드,41,
A000000198721,아비브 어성초 크림 카밍,하이드로제네이티드레시틴,42,
A000000198721,아비브 어성초 크림 카밍,소듐아세틸레이티드하이알루로네이트,43,
A000000198721,아비브 어성초 크림 카밍,알지닌,44,
A000000198721,아비브 어성초 크림 카밍,세라마이드엔피,45,
A000000198721,아비브 어성초 크림 카밍,세린,46,
A000000200133,아벤느 똘레랑스 하이드레이팅 플루이드,온천수,1,
A000000200133,아벤느 똘레랑스 하이드레이팅 플루이드,카프릴릭/카프릭트라이글리세라이드,2,
A000000200133,아벤느 똘레랑스 하이드레이팅 플루이드,글리세린,3,
A000000200133,아벤느 똘레랑스 하이드레이팅 플루이드,미리스틸알코올,4,
A000000200133,아벤느 똘레랑스 하이드레이팅 플루이드,레몬껍질가루,5,
A000000200133,아벤느 똘레랑스 하이드레이팅 플루이드,디우탄검,6,
A000000200133,아벤느 똘레랑스 하이드레이팅 플루이드,미리스틸글루코사이드,7,
A000000200133,아벤느 똘레랑스 하이드레이팅 플루이드,스클레로튬검,8,
A000000200133,아벤느 똘레랑스 하이드레이팅 플루이드,소듐하이알루로네이트,9,
A000000247202,아벤느 똘레랑스 하이드레이팅 크림,온천수,1,
A000000247202,아벤느 똘레랑스 하이드레이팅 크림,카프릴릭/카프릭트라이글리세라이드,2,
A000000247202,아벤느 똘레랑스 하이드레이팅 크림,글리세린,3,
A000000247202,아벤느 똘레랑스 하이드레이팅 크림,시어버터,4,
A000000247202,아벤느 똘레랑스 하이드레이팅 크림,세테아릴알코올,5,
A000000247202,아벤느 똘레랑스 하이드레이팅 크림,세테아릴글루코사이드,6,
A000000247202,아벤느 똘레랑스 하이드레이팅 크림,레몬껍질가루,7,
A000000247202,아벤느 똘레랑스 하이드레이팅 크림,디우탄검,8,
A000000247202,아벤느 똘레랑스 하이드레이팅 크림,스클레로튬검,9,
A000000247202,아벤느 똘레랑스 하이드레이팅 크림,소듐하이알루로네이트,10,
A000000253623,센텔리안24 마데카 크림 타임리버스,정제수,1,
A000000253623,센텔리안24 마데카 크림 타임리버스,다이프로필렌글라이콜,2,
A000000253623,센텔리안24 마데카 크림 타임리버스,하이드로제네이티드폴리데센,3,
A000000253623,센텔리안24 마데카 크림 타임리버스,카프릴릭/카프릭트라이글리세라이드,4,
A000000253623,센텔리안24 마데카 크림 타임리버스,글리세린,5,
A000000253623,센텔리안24 마데카 크림 타임리버스,글리세릴스테아레이트,6,
A000000253623,센텔리안24 마데카 크림 타임리버스,펜타에리스리틸테트라에틸헥사노에이트,7,
A000000253623,센텔리안24 마데카 크림 타임리버스,나이아신아마이드,8,
A000000253623,센텔리안24 마데카 크림 타임리버스,사이클로헥사실록세인,9,
A000000253623,센텔리안24 마데카 크림 타임리버스,세틸알코올,10,
A000000253623,센텔리안24 마데카 크림 타임리버스,폴리글리세릴-6다이스테아레이트,11,
A000000253623,센텔리안24 마데카 크림 타임리버스,비닐다이메티콘,12,
A000000253623,센텔리안24 마데카 크림 타임리버스,다이카프릴릴에터,13,
A000000253623,센텔리안24 마데카 크림 타임리버스,병풀단백질추출물,14,
A000000253623,센텔리안24 마데카 크림 타임리버스,아시아티코사이드,15,
A000000253623,센텔리안24 마데카 크림 타임리버스,아시아틱애씨드,16,
A000000253623,센텔리안24 마데카 크림 타임리버스,마데카식애씨드,17,4800
A000000253623,센텔리안24 마데카 크림 타임리버스,병풀오일,18,
A000000253623,센텔리안24 마데카 크림 타임리버스,병풀아미노산,19,
A000000253623,센텔리안24 마데카 크림 타임리버스,마데카소사이드,20,
A000000253623,센텔리안24 마데카 크림 타임리버스,아스코빌아시아테이트,21,
A000000253623,센텔리안24 마데카 크림 타임리버스,병풀폴리펩타이드,22,
A000000253623,센텔리안24 마데카 크림 타임리버스,하이드롤라이즈드하이알루로닉애씨드,23,
A000000253623,센텔리안24 마데카 크림 타임리버스,하이드롤라이즈드병풀추출물,24,
A000000253623,센텔리안24 마데카 크림 타임리버스,병풀추출물,25,
A000000253623,센텔리안24 마데카 크림 타임리버스,병풀잎추출물,26,
A000000253623,센텔리안24 마데카 크림 타임리버스,라케모사승마뿌리추출물,27,
A000000253623,센텔리안24 마데카 크림 타임리버스,흰무늬엉겅퀴추출물,28,
A000000253623,센텔리안24 마데카 크림 타임리버스,마카뿌리추출물,29,
A000000253623,센텔리안24 마데카 크림 타임리버스,마카다미아씨오일,30,
A000000253623,센텔리안24 마데카 크림 타임리버스,돌콩오일,31,
A000000253623,센텔리안24 마데카 크림 타임리버스,하이드로제네이티드레시틴,32,
A000000253623,센텔리안24 마데카 크림 타임리버스,소듐하이알루로네이트,33,
A000000253623,센텔리안24 마데카 크림 타임리버스,폴리글리세릴-10라우레이트,34,
A000000253623,센텔리안24 마데카 크림 타임리버스,스테아릴알코올,35,
A000000253623,센텔리안24 마데카 크림 타임리버스,비즈왁스,36,
A000000253623,센텔리안24 마데카 크림 타임리버스,소듐스테아로일글루타메이트,37,
A000000253623,센텔리안24 마데카 크림 타임리버스,판테놀,38,
A000000253623,센텔리안24 마데카 크림 타임리버스,자일리틸글루코사이드,39,
A000000253623,센텔리안24 마데카 크림 타임리버스,하이드록시에틸아크릴레이트/소듐아크릴로일다이메틸타우레이트코폴리머,40,
A000000253623,센텔리안24 마데카 크림 타임리버스,호호바에스터,41,
A000000253623,센텔리안24 마데카 크림 타임리버스,안하이드로자일리톨,42,
A000000253623,센텔리안24 마데카 크림 타임리버스,부틸렌글라이콜,43,
A000000253623,센텔리안24 마데카 크림 타임리버스,폴리글리세릴-3비즈왁스,44,
A000000253623,센텔리안24 마데카 크림 타임리버스,"1,2-헥산다이올",45,
A000000253623,센텔리안24 마데카 크림 타임리버스,하이드록시아세토페논,46,
A000000253623,센텔리안24 마데카 크림 타임리버스,자일리톨,47,
A000000253623,센텔리안24 마데카 크림 타임리버스,메틸프로판다이올,48,
A000000253623,센텔리안24 마데카 크림 타임리버스,알란토인,49,
A000000253623,센텔리안24 마데카 크림 타임리버스,프로판다이올,50,
A000000253623,센텔리안24 마데카 크림 타임리버스,칸디다 봄비콜라/글루코오스/메틸레이프씨데이트발효물,51,
A000000253623,센텔리안24 마데카 크림 타임리버스,잔탄검,52,
A000000253623,센텔리안24 마데카 크림 타임리버스,에톡시다이글라이콜,53,
A000000253623,센텔리안24 마데카 크림 타임리버스,다이소듐이디티에이,54,
A000000253623,센텔리안24 마데카 크림 타임리버스,글루코오스,55,
A000000253623,센텔리안24 마데카 크림 타임리버스,아데노신,56,
A000000253623,센텔리안24 마데카 크림 타임리버스,솔비탄아이소스테아레이트,57,
A000000253623,센텔리안24 마데카 크림 타임리버스,에틸헥실글리세린,58,
A000000253623,센텔리안24 마데카 크림 타임리버스,소듐라우레이트,59,
A000000253623,센텔리안24 마데카 크림 타임리버스,사이클로덱스트린,60,
A000000253623,센텔리안24 마데카 크림 타임리버스,라우릭애씨드,61,
A000000253623,센텔리안24 마데카 크림 타임리버스,소듐폴리아크릴레이트,62,
A000000253623,센텔리안24 마데카 크림 타임리버스,피브이엠/엠에이코폴리머,63,
A000000253623,센텔리안24 마데카 크림 타임리버스,옥틸도데칸올,64,
A000000253623,센텔리안24 마데카 크림 타임리버스,글라이코리피드,65,
A000000253623,센텔리안24 마데카 크림 타임리버스,카페인,66,
A000000253623,센텔리안24 마데카 크림 타임리버스,C12-13파레스-9,67,
A000000253623,센텔리안24 마데카 크림 타임리버스,콜라겐아미노산,68,
A000000253623,센텔리안24 마데카 크림 타임리버스,세라마이드엔피,69,
A000000253623,센텔리안24 마데카 크림 타임리버스,레스베라트롤,70,
A000000253623,센텔리안24 마데카 크림 타임리버스,알지닌,71,
A000000253623,센텔리안24 마데카 크림 타임리버스,글라이코젠,72,
A000000253623,센텔리안24 마데카 크림 타임리버스,엑토인,73,
A000000253623,센텔리안24 마데카 크림 타임리버스,타우린,74,
A000000253623,센텔리안24 마데카 크림 타임리버스,하이드롤라이즈드엘라스틴,75,
A000000253623,센텔리안24 마데카 크림 타임리버스,레티놀,76,
A000000253623,센텔리안24 마데카 크림 타임리버스,말토덱스트린,77,
A000000253623,센텔리안24 마데카 크림 타임리버스,피토스핑고신,78,
A000000253623,센텔리안24 마데카 크림 타임리버스,수크로오스다이스테아레이트,79,
A000000253623,센텔리안24 마데카 크림 타임리버스,소듐디엔에이,80,
A000000253623,센텔리안24 마데카 크림 타임리버스,사이아노코발아민,81,
A000000253623,센텔리안24 마데카 크림 타임리버스,글라이신,82,
A000000253623,센텔리안24 마데카 크림 타임리버스,글루타믹애씨드,83,
A000000253623,센텔리안24 마데카 크림 타임리버스,해바라기씨왁스,84,
A000000253623,센텔리안24 마데카 크림 타임리버스,폴리글리세린-3,85,
A000000253623,센텔리안24 마데카 크림 타임리버스,토코페롤,86,
A000000253623,센텔리안24 마데카 크림 타임리버스,쓴쑥추출물,87,
A000000253623,센텔리안24 마데카 크림 타임리버스,바닐라열매추출물,88,
A000000253623,센텔리안24 마데카 크림 타임리버스,올리브오일,89,
A000000253623,센텔리안24 마데카 크림 타임리버스,오렌지오일,90,
A000000253623,센텔리안24 마데카 크림 타임리버스,필리핀오렌지껍질오일,91,
A000000253623,센텔리안24 마데카 크림 타임리버스,라벤더오일,92,
A000000253623,센텔리안24 마데카 크림 타임리버스,베르가모트오일,93,
A000000253623,센텔리안24 마데카 크림 타임리버스,로즈마리잎오일,94,
A000000253623,센텔리안24 마데카 크림 타임리버스,오렌지껍질오일,95,
A000000253623,센텔리안24 마데카 크림 타임리버스,리씨열매오일,96,
A000000253623,센텔리안24 마데카 크림 타임리버스,연필향나무목부오일,97,
A000000253623,센텔리안24 마데카 크림 타임리버스,왕귤껍질오일,98,
A000000253623,센텔리안24 마데카 크림 타임리버스,아틀라스시다나무껍질오일,99,
A000000253623,센텔리안24 마데카 크림 타임리버스,센티드제라늄꽃오일,100,
A000000253623,센텔리안24 마데카 크림 타임리버스,커먼자스민오일,101,
A000000253623,센텔리안24 마데카 크림 타임리버스,마텔오일,102,
A000000253623,센텔리안24 마데카 크림 타임리버스,장미꽃오일,103,
A000000253623,센텔리안24 마데카 크림 타임리버스,갈바눔수지오일,104,
A000000253623,센텔리안24 마데카 크림 타임리버스,발삼코파이바수지,105,
A000000253623,센텔리안24 마데카 크림 타임리버스,리모넨,106,
A000000253623,센텔리안24 마데카 크림 타임리버스,리날룰,107,
A000000253623,센텔리안24 마데카 크림 타임리버스,시트랄,108,
A000000227939,퍼셀 픽셀바이옴 히알 콜라겐 유산균 크림,정제수,1,
A000000227939,퍼셀 픽셀바이옴 히알 콜라겐 유산균 크림,비닐다이메티콘,2,
A000000227939,퍼셀 픽셀바이옴 히알 콜라겐 유산균 크림,글리세린,3,
A000000227939,퍼셀 픽셀바이옴 히알 콜라겐 유산균 크림,부틸렌글라이콜,4,
A000000227939,퍼셀 픽셀바이옴 히알 콜라겐 유산균 크림,비피다발효용해물,5,22500
A000000227939,퍼셀 픽셀바이옴 히알 콜라겐 유산균 크림,락토바실러스발효용해물,6,22500
A000000227939,퍼셀 픽셀바이옴 히알 콜라겐 유산균 크림,효모발효용해여과물,7,
A000000227939,퍼셀 픽셀바이옴 히알 콜라겐 유산균 크림,다이프로필렌글라이콜,8,
A000000227939,퍼셀 픽셀바이옴 히알 콜라겐 유산균 크림,나이아신아마이드,9,
A000000227939,퍼셀 픽셀바이옴 히알 콜라겐 유산균 크림,펜틸렌글라이콜,10,
A000000227939,퍼셀 픽셀바이옴 히알 콜라겐 유산균 크림,"1,2-헥산다이올",11,
A000000227939,퍼셀 픽셀바이옴 히알 콜라겐 유산균 크림,카프릴릴메티콘,12,
A000000227939,퍼셀 픽셀바이옴 히알 콜라겐 유산균 크림,에틸헥실팔미테이트,13,
A000000227939,퍼셀 픽셀바이옴 히알 콜라겐 유산균 크림,하이드롤라이즈드하이알루로닉애씨드,14,300
A000000227939,퍼셀 픽셀바이옴 히알 콜라겐 유산균 크림,효모발효여과물,15,
A000000227939,퍼셀 픽셀바이옴 히알 콜라겐 유산균 크림,하이드롤라이즈드콜라겐,16,100
A000000227939,퍼셀 픽셀바이옴 히알 콜라겐 유산균 크림,소듐하이알루로네이트,17,2
A000000227939,퍼셀 픽셀바이옴 히알 콜라겐 유산균 크림,자일리톨,18,
A000000227939,퍼셀 픽셀바이옴 히알 콜라겐 유산균 크림,흑효모발효물,19,
A000000227939,퍼셀 픽셀바이옴 히알 콜라겐 유산균 크림,하이드롤라이즈드글라이코사미노글리칸,20,
A000000227939,퍼셀 픽셀바이옴 히알 콜라겐 유산균 크림,클로렐라 불가리스추출물,21,
A000000227939,퍼셀 픽셀바이옴 히알 콜라겐 유산균 크림,에리스리톨,22,
A000000227939,퍼셀 픽셀바이옴 히알 콜라겐 유산균 크림,판테놀,23,
A000000227939,퍼셀 픽셀바이옴 히알 콜라겐 유산균 크림,알란토인,24,
A000000227939,퍼셀 픽셀바이옴 히알 콜라겐 유산균 크림,스쿠알란,25,
A000000227939,퍼셀 픽셀바이옴 히알 콜라겐 유산균 크림,암모늄아크릴로일다이메틸타우레이트/브이피코폴리머,26,
A000000227939,퍼셀 픽셀바이옴 히알 콜라겐 유산균 크림,트로메타민,27,
A000000227939,퍼셀 픽셀바이옴 히알 콜라겐 유산균 크림,아크릴레이트/C10-30알킬아크릴레이트크로스폴리머,28,
A000000227939,퍼셀 픽셀바이옴 히알 콜라겐 유산균 크림,솔비톨,29,
A000000227939,퍼셀 픽셀바이옴 히알 콜라겐 유산균 크림,카프릴릭/카프릭트라이글리세라이드,30,
A000000227939,퍼셀 픽셀바이옴 히알 콜라겐 유산균 크림,프로판다이올,31,
A000000227939,퍼셀 픽셀바이옴 히알 콜라겐 유산균 크림,에틸헥실글리세린,32,
A000000227939,퍼셀 픽셀바이옴 히알 콜라겐 유산균 크림,아데노신,33,
A000000227939,퍼셀 픽셀바이옴 히알 콜라겐 유산균 크림,하이드롤라이즈드엘라스틴,34,
A000000227939,퍼셀 픽셀바이옴 히알 콜라겐 유산균 크림,세라마이드엔피,35,
A000000227939,퍼셀 픽셀바이옴 히알 콜라겐 유산균 크림,베타-글루칸,36,
A000000227939,퍼셀 픽셀바이옴 히알 콜라겐 유산균 크림,하이드로제네이티드레시틴,37,
A000000227939,퍼셀 픽셀바이옴 히알 콜라겐 유산균 크림,소듐파이테이트,38,
A000000227939,퍼셀 픽셀바이옴 히알 콜라겐 유산균 크림,바이오사카라이드검-1,39,
A000000227939,퍼셀 픽셀바이옴 히알 콜라겐 유산균 크림,다발방패버섯추출물,40,
A000000227939,퍼셀 픽셀바이옴 히알 콜라겐 유산균 크림,셀룰로오스,41,
A000000227939,퍼셀 픽셀바이옴 히알 콜라겐 유산균 크림,폴리글루타믹애씨드,42,
A000000227939,퍼셀 픽셀바이옴 히알 콜라겐 유산균 크림,토코페롤,43,
A000000227939,퍼셀 픽셀바이옴 히알 콜라겐 유산균 크림,다이포타슘포스페이트,44,
A000000227939,퍼셀 픽셀바이옴 히알 콜라겐 유산균 크림,아세틸글루타민,45,
A000000227939,퍼셀 픽셀바이옴 히알 콜라겐 유산균 크림,4-터피네올,46,
A000000227939,퍼셀 픽셀바이옴 히알 콜라겐 유산균 크림,글루코오스,47,
A000000227939,퍼셀 픽셀바이옴 히알 콜라겐 유산균 크림,프룩토올리고사카라이드,48,
A000000227939,퍼셀 픽셀바이옴 히알 콜라겐 유산균 크림,프룩토오스,49,
A000000227939,퍼셀 픽셀바이옴 히알 콜라겐 유산균 크림,셀룰로오스검,50,
A000000227939,퍼셀 픽셀바이옴 히알 콜라겐 유산균 크림,카보머,51,
A000000161804,라로슈포제 똘러리앙 덤알레르고 플루이드,정제수,1,
A000000161804,라로슈포제 똘러리앙 덤알레르고 플루이드,글리세린,2,
A000000161804,라로슈포제 똘러리앙 덤알레르고 플루이드,부틸렌글라이콜,3,
A000000161804,라로슈포제 똘러리앙 덤알레르고 플루이드,프로판다이올,4,
A000000161804,라로슈포제 똘러리앙 덤알레르고 플루이드,시어버터,5,
A000000161804,라로슈포제 똘러리앙 덤알레르고 플루이드,펜틸렌글라이콜,6,
A000000161804,라로슈포제 똘러리앙 덤알레르고 플루이드,스쿠알란,7,
A000000161804,라로슈포제 똘러리앙 덤알레르고 플루이드,폴리솔베이트20,8,
A000000161804,라로슈포제 똘러리앙 덤알레르고 플루이드,옥수수전분,9,
A000000161804,라로슈포제 똘러리앙 덤알레르고 플루이드,단삼뿌리추출물,10,
A000000161804,라로슈포제 똘러리앙 덤알레르고 플루이드,글리세릴아크릴레이트/아크릴릭애씨드코폴리머,11,
A000000161804,라로슈포제 똘러리앙 덤알레르고 플루이드,스핑고모나스발효추출물,12,
A000000161804,라로슈포제 똘러리앙 덤알레르고 플루이드,암모늄폴리아크릴로일다이메틸타우레이트,13,
A000000161804,라로슈포제 똘러리앙 덤알레르고 플루이드,하이드록시아세토페논,14,
A000000161804,라로슈포제 똘러리앙 덤알레르고 플루이드,카프릴릴글라이콜,15,
A000000161804,라로슈포제 똘러리앙 덤알레르고 플루이드,시트릭애씨드,16,
A000000161804,라로슈포제 똘러리앙 덤알레르고 플루이드,트라이소듐에틸렌다이아민다이석시네이트,17,
A000000161804,라로슈포제 똘러리앙 덤알레르고 플루이드,아세틸다이펩타이드-1세틸에스터,18,
A000000164614,어바웃미 숲 진정 수분 크림,편백수,1,
A000000164614,어바웃미 숲 진정 수분 크림,글리세린,2,
A000000164614,어바웃미 숲 진정 수분 크림,부틸렌글라이콜,3,
A000000164614,어바웃미 숲 진정 수분 크림,비닐다이메티콘,4,
A000000164614,어바웃미 숲 진정 수분 크림,"1,2-헥산다이올",5,
A000000164614,어바웃미 숲 진정 수분 크림,카프릴릴메티콘,6,
A000000164614,어바웃미 숲 진정 수분 크림,나이아신아마이드,7,
A000000164614,어바웃미 숲 진정 수분 크림,펜틸렌글라이콜,8,
A000000164614,어바웃미 숲 진정 수분 크림,정제수,9,
A000000164614,어바웃미 숲 진정 수분 크림,클로렐라 불가리스추출물,10,
A000000164614,어바웃미 숲 진정 수분 크림,살비아오일,11,
A000000164614,어바웃미 숲 진정 수분 크림,인도멀구슬나무잎추출물,12,
A000000164614,어바웃미 숲 진정 수분 크림,불가리스쑥오일,13,
A000000164614,어바웃미 숲 진정 수분 크림,바질오일,14,
A000000164614,어바웃미 숲 진정 수분 크림,인도멀구슬나무꽃추출물,15,
A000000164614,어바웃미 숲 진정 수분 크림,소듐하이알루로네이트,16,
A000000164614,어바웃미 숲 진정 수분 크림,카카오씨추출물,17,
A000000164614,어바웃미 숲 진정 수분 크림,보리지추출물,18,
A000000164614,어바웃미 숲 진정 수분 크림,수레국화꽃추출물,19,
A000000164614,어바웃미 숲 진정 수분 크림,병풀잎추출물,20,
A000000164614,어바웃미 숲 진정 수분 크림,마트리카리아꽃/잎추출물,21,
A000000164614,어바웃미 숲 진정 수분 크림,히아신스전초추출물,22,
A000000164614,어바웃미 숲 진정 수분 크림,라벤더꽃수,23,
A000000164614,어바웃미 숲 진정 수분 크림,클레리추출물,24,
A000000164614,어바웃미 숲 진정 수분 크림,하이드롤라이즈드식물성단백질,25,
A000000164614,어바웃미 숲 진정 수분 크림,티트리잎추출물,26,
A000000164614,어바웃미 숲 진정 수분 크림,하이드로제네이티드폴리데센,27,
A000000164614,어바웃미 숲 진정 수분 크림,글루코오스,28,
A000000164614,어바웃미 숲 진정 수분 크림,암모늄아크릴로일다이메틸타우레이트/브이피코폴리머,29,
A000000164614,어바웃미 숲 진정 수분 크림,하이드록시아세토페논,30,
A000000164614,어바웃미 숲 진정 수분 크림,아크릴레이트/C10-30알킬아크릴레이트크로스폴리머,31,
A000000164614,어바웃미 숲 진정 수분 크림,프룩토올리고사카라이드,32,
A000000164614,어바웃미 숲 진정 수분 크림,프룩토오스,33,
A000000164614,어바웃미 숲 진정 수분 크림,다이메티콘올,34,
A000000164614,어바웃미 숲 진정 수분 크림,세테아릴올리베이트,35,
A000000164614,어바웃미 숲 진정 수분 크림,솔비탄올리베이트,36,
A000000164614,어바웃미 숲 진정 수분 크림,트로메타민,37,
A000000164614,어바웃미 숲 진정 수분 크림,하이드록시에틸아크릴레이트/소듐아크릴로일다이메틸타우레이트코폴리머,38,
A000000164614,어바웃미 숲 진정 수분 크림,다이포타슘글리시리제이트,39,
A000000164614,어바웃미 숲 진정 수분 크림,에틸헥실글리세린,40,
A000000164614,어바웃미 숲 진정 수분 크림,시트릭애씨드,41,
A000000164614,어바웃미 숲 진정 수분 크림,소듐파이테이트,42,
A000000164614,어바웃미 숲 진정 수분 크림,아데노신,43,
A000000164614,어바웃미 숲 진정 수분 크림,솔비탄아이소스테아레이트,44,
A000000164614,어바웃미 숲 진정 수분 크림,덱스트린,45,
A000000164614,어바웃미 숲 진정 수분 크림,하이드로클로릭애씨드,46,
A000000164614,어바웃미 숲 진정 수분 크림,알란토인,47,
A000000164614,어바웃미 숲 진정 수분 크림,말토덱스트린,48,
A000000164614,어바웃미 숲 진정 수분 크림,카보머,49,
A000000246776,라운드랩 자작나무 수분 크림,정제수,1,
A000000246776,라운드랩 자작나무 수분 크림,글리세린,2,
A000000246776,라운드랩 자작나무 수분 크림,아이소노닐아이소노나노에이트,3,
A000000246776,라운드랩 자작나무 수분 크림,아이소도데케인,4,
A000000246776,라운드랩 자작나무 수분 크림,"1,2-헥산다이올",5,
A000000246776,라운드랩 자작나무 수분 크림,펜틸렌글라이콜,6,
A000000246776,라운드랩 자작나무 수분 크림,폴리데센,7,
A000000246776,라운드랩 자작나무 수분 크림,자작나무수액,8,10000
A000000246776,라운드랩 자작나무 수분 크림,호호바에스터,9,
A000000246776,라운드랩 자작나무 수분 크림,판테놀,10,
A000000246776,라운드랩 자작나무 수분 크림,글리세릴글루코사이드,11,
A000000246776,라운드랩 자작나무 수분 크림,아라비아고무나무검,12,
A000000246776,라운드랩 자작나무 수분 크림,하이드롤라이즈드오크라추출물,13,
A000000246776,라운드랩 자작나무 수분 크림,소듐하이알루로네이트,14,
A000000246776,라운드랩 자작나무 수분 크림,하이알루로닉애씨드,15,
A000000246776,라운드랩 자작나무 수분 크림,화이트루핀씨추출물,16,
A000000246776,라운드랩 자작나무 수분 크림,드럼스틱씨추출물,17,
A000000246776,라운드랩 자작나무 수분 크림,인도멀구슬나무잎추출물,18,
A000000246776,라운드랩 자작나무 수분 크림,인도멀구슬나무꽃추출물,19,
A000000246776,라운드랩 자작나무 수분 크림,아이비고드열매추출물,20,
A000000246776,라운드랩 자작나무 수분 크림,알로에베라꽃추출물,21,
A000000246776,라운드랩 자작나무 수분 크림,가지열매추출물,22,
A000000246776,라운드랩 자작나무 수분 크림,홀리바질잎추출물,23,
A000000246776,라운드랩 자작나무 수분 크림,참산호말추출물,24,
A000000246776,라운드랩 자작나무 수분 크림,울금뿌리추출물,25,
A000000246776,라운드랩 자작나무 수분 크림,아스코빅애씨드,26,
A000000246776,라운드랩 자작나무 수분 크림,펜타에리스리틸테트라에틸헥사노에이트,27,
A000000246776,라운드랩 자작나무 수분 크림,암모늄아크릴로일다이메틸타우레이트/브이피코폴리머,28,
A000000246776,라운드랩 자작나무 수분 크림,폴리글리세릴-3메틸글루코오스다이스테아레이트,29,
A000000246776,라운드랩 자작나무 수분 크림,아크릴레이트/C10-30알킬아크릴레이트크로스폴리머,30,
A000000246776,라운드랩 자작나무 수분 크림,트로메타민,31,
A000000246776,라운드랩 자작나무 수분 크림,글리세릴아크릴레이트/아크릴릭애씨드코폴리머,32,
A000000246776,라운드랩 자작나무 수분 크림,에틸헥실글리세린,33,
A000000246776,라운드랩 자작나무 수분 크림,아가,34,
A000000246776,라운드랩 자작나무 수분 크림,다이포타슘글리시리제이트,35,
A000000246776,라운드랩 자작나무 수분 크림,글리세릴카프릴레이트,36,
A000000246776,라운드랩 자작나무 수분 크림,부틸렌글라이콜,37,
A000000246776,라운드랩 자작나무 수분 크림,다이소듐이디티에이,38,
A000000155291,웰라쥬 리얼 시카카밍 95 크림,정제수,1,
A000000155291,웰라쥬 리얼 시카카밍 95 크림,글리세린,2,
A000000155291,웰라쥬 리얼 시카카밍 95 크림,카프릴릭/카프릭트라이글리세라이드,3,
A000000155291,웰라쥬 리얼 시카카밍 95 크림,부틸렌글라이콜,4,
A000000155291,웰라쥬 리얼 시카카밍 95 크림,세테아릴알코올,5,
A000000155291,웰라쥬 리얼 시카카밍 95 크림,아이소트라이데실아이소노나노에이트,6,
A000000155291,웰라쥬 리얼 시카카밍 95 크림,다이카프릴릴에터,7,
A000000155291,웰라쥬 리얼 시카카밍 95 크림,"1,2-헥산다이올",8,
A000000155291,웰라쥬 리얼 시카카밍 95 크림,펜틸렌글라이콜,9,
A000000155291,웰라쥬 리얼 시카카밍 95 크림,클로렐라 불가리스추출물,10,
A000000155291,웰라쥬 리얼 시카카밍 95 크림,하이드롤라이즈드옥수수전분,11,
A000000155291,웰라쥬 리얼 시카카밍 95 크림,락토바실러스발효물,12,
A000000155291,웰라쥬 리얼 시카카밍 95 크림,소듐하이알루로네이트,13,
A000000155291,웰라쥬 리얼 시카카밍 95 크림,병풀잎추출물,14,0.35
A000000155291,웰라쥬 리얼 시카카밍 95 크림,다이글리세린,15,
A000000155291,웰라쥬 리얼 시카카밍 95 크림,폴리글리세릴-3메틸글루코오스다이스테아레이트,16,
A000000155291,웰라쥬 리얼 시카카밍 95 크림,비닐다이메티콘,17,
A000000155291,웰라쥬 리얼 시카카밍 95 크림,하이드록시에틸아크릴레이트/소듐아크릴로일다이메틸타우레이트코폴리머,18,
A000000155291,웰라쥬 리얼 시카카밍 95 크림,세테아릴올리베이트,19,
A000000155291,웰라쥬 리얼 시카카밍 95 크림,솔비탄올리베이트,20,
A000000155291,웰라쥬 리얼 시카카밍 95 크림,판테놀,21,
A000000155291,웰라쥬 리얼 시카카밍 95 크림,글루코오스,22,
A000000155291,웰라쥬 리얼 시카카밍 95 크림,다이아이소스테아릴말레이트,23,
A000000155291,웰라쥬 리얼 시카카밍 95 크림,프룩토올리고사카라이드,24,
A000000155291,웰라쥬 리얼 시카카밍 95 크림,프룩토오스,25,
A000000155291,웰라쥬 리얼 시카카밍 95 크림,소듐폴리아크릴로일다이메틸타우레이트,26,
A000000155291,웰라쥬 리얼 시카카밍 95 크림,팔미틱애씨드,27,
A000000155291,웰라쥬 리얼 시카카밍 95 크림,다이프로필렌글라이콜,28,
A000000155291,웰라쥬 리얼 시카카밍 95 크림,스테아릭애씨드,29,
A000000155291,웰라쥬 리얼 시카카밍 95 크림,하이드로제네이티드폴리데센,30,
A000000155291,웰라쥬 리얼 시카카밍 95 크림,에틸헥실글리세린,31,
A000000155291,웰라쥬 리얼 시카카밍 95 크림,카프릴릴글라이콜,32,
A000000155291,웰라쥬 리얼 시카카밍 95 크림,다이포타슘글리시리제이트,33,
A000000155291,웰라쥬 리얼 시카카밍 95 크림,아데노신,34,
A000000155291,웰라쥬 리얼 시카카밍 95 크림,솔비탄아이소스테아레이트,35,
A000000155291,웰라쥬 리얼 시카카밍 95 크림,폴리글리세릴-10라우레이트,36,
A000000155291,웰라쥬 리얼 시카카밍 95 크림,폴리글리세릴-5폴리리시놀리에이트,37,
A000000155291,웰라쥬 리얼 시카카밍 95 크림,트라이소듐에틸렌다이아민다이석시네이트,38,
A000000155291,웰라쥬 리얼 시카카밍 95 크림,트라이데세스-10,39,
A000000155291,웰라쥬 리얼 시카카밍 95 크림,하이드로제네이티드레시틴,40,
A000000155291,웰라쥬 리얼 시카카밍 95 크림,소듐스테아로일글루타메이트,41,
A000000155291,웰라쥬 리얼 시카카밍 95 크림,레시틴,42,
A000000155291,웰라쥬 리얼 시카카밍 95 크림,수크로오스,43,
A000000155291,웰라쥬 리얼 시카카밍 95 크림,마데카소사이드,44,9.1
A000000155291,웰라쥬 리얼 시카카밍 95 크림,토코페롤,45,
A000000155291,웰라쥬 리얼 시카카밍 95 크림,아시아티코사이드,46,0.95
A000000155291,웰라쥬 리얼 시카카밍 95 크림,마데카식애씨드,47,0.4
A000000155291,웰라쥬 리얼 시카카밍 95 크림,아시아틱애씨드,48,0.3
A000000155291,웰라쥬 리얼 시카카밍 95 크림,잔탄검,49,
A000000156230,에스네이처 아쿠아 스쿠알란 수분크림,정제수,1,
A000000156230,에스네이처 아쿠아 스쿠알란 수분크림,스쿠알란,2,150000
A000000156230,에스네이처 아쿠아 스쿠알란 수분크림,글리세린,3,
A000000156230,에스네이처 아쿠아 스쿠알란 수분크림,"1,2-헥산다이올",4,
A000000156230,에스네이처 아쿠아 스쿠알란 수분크림,베타인,5,
A000000156230,에스네이처 아쿠아 스쿠알란 수분크림,판테놀,6,
A000000156230,에스네이처 아쿠아 스쿠알란 수분크림,소듐하이알루로네이트,7,
A000000156230,에스네이처 아쿠아 스쿠알란 수분크림,하이드롤라이즈드콜라겐,8,
A000000156230,에스네이처 아쿠아 스쿠알란 수분크림,하이드록시프로필트라이모늄하이알루로네이트,9,
A000000156230,에스네이처 아쿠아 스쿠알란 수분크림,하이드롤라이즈드하이알루로닉애씨드,10,
A000000156230,에스네이처 아쿠아 스쿠알란 수분크림,소듐아세틸레이티드하이알루로네이트,11,
A000000156230,에스네이처 아쿠아 스쿠알란 수분크림,아세틸헥사펩타이드-8,12,
A000000156230,에스네이처 아쿠아 스쿠알란 수분크림,아데노신,13,
A000000156230,에스네이처 아쿠아 스쿠알란 수분크림,하이알루로닉애씨드,14,
A000000156230,에스네이처 아쿠아 스쿠알란 수분크림,하이드롤라이즈드소듐하이알루로네이트,15,
A000000156230,에스네이처 아쿠아 스쿠알란 수분크림,소듐하이알루로네이트크로스폴리머,16,
A000000156230,에스네이처 아쿠아 스쿠알란 수분크림,포타슘하이알루로네이트,17,
A000000156230,에스네이처 아쿠아 스쿠알란 수분크림,아크릴레이트/C10-30알킬아크릴레이트크로스폴리머,18,
A000000156230,에스네이처 아쿠아 스쿠알란 수분크림,알지닌,19,
A000000156230,에스네이처 아쿠아 스쿠알란 수분크림,알란토인,20,
A000000156230,에스네이처 아쿠아 스쿠알란 수분크림,자일리틸글루코사이드,21,
A000000156230,에스네이처 아쿠아 스쿠알란 수분크림,안하이드로자일리톨,22,
A000000156230,에스네이처 아쿠아 스쿠알란 수분크림,자일리톨,23,
A000000156230,에스네이처 아쿠아 스쿠알란 수분크림,글루코오스,24,
A000000156230,에스네이처 아쿠아 스쿠알란 수분크림,부틸렌글라이콜,25,
A000000156230,에스네이처 아쿠아 스쿠알란 수분크림,암모늄아크릴로일다이메틸타우레이트/브이피코폴리머,26,
A000000156230,에스네이처 아쿠아 스쿠알란 수분크림,카프릴릴글라이콜,27,
A000000211085,오드로이 모공수축크림 로프디 모공타이트닝,정제수,1,
A000000211085,오드로이 모공수축크림 로프디 모공타이트닝,부틸렌글라이콜,2,
A000000211085,오드로이 모공수축크림 로프디 모공타이트닝,글리세린,3,
A000000211085,오드로이 모공수축크림 로프디 모공타이트닝,"1,2-헥산다이올",4,
A000000211085,오드로이 모공수축크림 로프디 모공타이트닝,마카다미아씨오일,5,
A000000211085,오드로이 모공수축크림 로프디 모공타이트닝,하이드로제네이티드폴리(C6-14올레핀),6,
A000000211085,오드로이 모공수축크림 로프디 모공타이트닝,다이카프릴릴카보네이트,7,
A000000211085,오드로이 모공수축크림 로프디 모공타이트닝,알지닌,8,
A000000211085,오드로이 모공수축크림 로프디 모공타이트닝,아크릴레이트/C10-30알킬아크릴레이트크로스폴리머,9,
A000000211085,오드로이 모공수축크림 로프디 모공타이트닝,글리세릴카프릴레이트,10,
A000000211085,오드로이 모공수축크림 로프디 모공타이트닝,세테아릴올리베이트,11,
A000000211085,오드로이 모공수축크림 로프디 모공타이트닝,스쿠알란,12,
A000000211085,오드로이 모공수축크림 로프디 모공타이트닝,솔비탄올리베이트,13,
A000000211085,오드로이 모공수축크림 로프디 모공타이트닝,하이드록시에틸아크릴레이트/소듐아크릴로일다이메틸타우레이트코폴리머,14,
A000000211085,오드로이 모공수축크림 로프디 모공타이트닝,해바라기씨오일,15,
A000000211085,오드로이 모공수축크림 로프디 모공타이트닝,알란토인,16,
A000000211085,오드로이 모공수축크림 로프디 모공타이트닝,완두콩추출물,17,
A000000211085,오드로이 모공수축크림 로프디 모공타이트닝,약모밀추출물,18,
A000000211085,오드로이 모공수축크림 로프디 모공타이트닝,토코페롤,19,
A000000211085,오드로이 모공수축크림 로프디 모공타이트닝,향료,20,
A000000211085,오드로이 모공수축크림 로프디 모공타이트닝,에난티아 클로란타껍질추출물,21,
A000000211085,오드로이 모공수축크림 로프디 모공타이트닝,다이포타슘글리시리제이트,22,
A000000211085,오드로이 모공수축크림 로프디 모공타이트닝,아데노신,23,
A000000211085,오드로이 모공수축크림 로프디 모공타이트닝,소듐글루코네이트,24,
A000000211085,오드로이 모공수축크림 로프디 모공타이트닝,시트릭애씨드,25,
A000000211085,오드로이 모공수축크림 로프디 모공타이트닝,블랙체리열매추출물,26,52
A000000211085,오드로이 모공수축크림 로프디 모공타이트닝,펜틸렌글라이콜,27,
A000000211085,오드로이 모공수축크림 로프디 모공타이트닝,하이드롤라이즈드콜라겐,28,
A000000211085,오드로이 모공수축크림 로프디 모공타이트닝,올레아놀릭애씨드,29,
A000000253621,센텔리안24 마데카 크림 액티브 리뉴 PDRN,정제수,1,
A000000253621,센텔리안24 마데카 크림 액티브 리뉴 PDRN,글리세린,2,
A000000253621,센텔리안24 마데카 크림 액티브 리뉴 PDRN,다이프로필렌글라이콜,3,
A000000253621,센텔리안24 마데카 크림 액티브 리뉴 PDRN,카프릴릭/카프릭트라이글리세라이드,4,
A000000253621,센텔리안24 마데카 크림 액티브 리뉴 PDRN,하이드로제네이티드폴리(C6-14올레핀),5,
A000000253621,센텔리안24 마데카 크림 액티브 리뉴 PDRN,글리세릴스테아레이트,6,
A000000253621,센텔리안24 마데카 크림 액티브 리뉴 PDRN,펜타에리스리틸테트라에틸헥사노에이트,7,
A000000253621,센텔리안24 마데카 크림 액티브 리뉴 PDRN,나이아신아마이드,8,
A000000253621,센텔리안24 마데카 크림 액티브 리뉴 PDRN,메틸트라이메티콘,9,
A000000253621,센텔리안24 마데카 크림 액티브 리뉴 PDRN,비닐다이메티콘,10,
A000000253621,센텔리안24 마데카 크림 액티브 리뉴 PDRN,세테아릴알코올,11,
A000000253621,센텔리안24 마데카 크림 액티브 리뉴 PDRN,다마스크장미꽃수,12,
A000000253621,센텔리안24 마데카 크림 액티브 리뉴 PDRN,폴리글리세릴-10라우레이트,13,
A000000253621,센텔리안24 마데카 크림 액티브 리뉴 PDRN,소듐디엔에이,14,2000
A000000253621,센텔리안24 마데카 크림 액티브 리뉴 PDRN,마데카식애씨드,15,1600
A000000253621,센텔리안24 마데카 크림 액티브 리뉴 PDRN,아시아티코사이드,16,
A000000253621,센텔리안24 마데카 크림 액티브 리뉴 PDRN,아시아틱애씨드,17,
A000000253621,센텔리안24 마데카 크림 액티브 리뉴 PDRN,병풀추출물,18,
A000000253621,센텔리안24 마데카 크림 액티브 리뉴 PDRN,글루타티온,19,
A000000253621,센텔리안24 마데카 크림 액티브 리뉴 PDRN,카페인,20,
A000000253621,센텔리안24 마데카 크림 액티브 리뉴 PDRN,베타-시토스테롤,21,
A000000253621,센텔리안24 마데카 크림 액티브 리뉴 PDRN,피토스테롤,22,
A000000253621,센텔리안24 마데카 크림 액티브 리뉴 PDRN,다시마추출물,23,
A000000253621,센텔리안24 마데카 크림 액티브 리뉴 PDRN,알로에베라잎추출물,24,
A000000253621,센텔리안24 마데카 크림 액티브 리뉴 PDRN,참마뿌리추출물,25,
A000000253621,센텔리안24 마데카 크림 액티브 리뉴 PDRN,당느릅나무뿌리추출물,26,
A000000253621,센텔리안24 마데카 크림 액티브 리뉴 PDRN,제비꽃꽃추출물,27,
A000000253621,센텔리안24 마데카 크림 액티브 리뉴 PDRN,소듐하이알루로네이트,28,
A000000253621,센텔리안24 마데카 크림 액티브 리뉴 PDRN,다이메틸실란올하이알루로네이트,29,
A000000253621,센텔리안24 마데카 크림 액티브 리뉴 PDRN,하이드롤라이즈드하이알루로닉애씨드,30,
A000000253621,센텔리안24 마데카 크림 액티브 리뉴 PDRN,하이드롤라이즈드소듐하이알루로네이트,31,
A000000253621,센텔리안24 마데카 크림 액티브 리뉴 PDRN,하이알루로닉애씨드,32,
A000000253621,센텔리안24 마데카 크림 액티브 리뉴 PDRN,포타슘하이알루로네이트,33,
A000000253621,센텔리안24 마데카 크림 액티브 리뉴 PDRN,소듐하이알루로네이트크로스폴리머,34,
A000000253621,센텔리안24 마데카 크림 액티브 리뉴 PDRN,하이드록시프로필트라이모늄하이알루로네이트,35,
A000000253621,센텔리안24 마데카 크림 액티브 리뉴 PDRN,소듐하이알루로네이트다이메틸실란올,36,
A000000253621,센텔리안24 마데카 크림 액티브 리뉴 PDRN,소듐아세틸레이티드하이알루로네이트,37,
A000000253621,센텔리안24 마데카 크림 액티브 리뉴 PDRN,"1,2-헥산다이올",38,
A000000253621,센텔리안24 마데카 크림 액티브 리뉴 PDRN,판테놀,39,
A000000253621,센텔리안24 마데카 크림 액티브 리뉴 PDRN,C10-18트라이글리세라이즈,40,
A000000253621,센텔리안24 마데카 크림 액티브 리뉴 PDRN,소듐스테아로일글루타메이트,41,
A000000253621,센텔리안24 마데카 크림 액티브 리뉴 PDRN,소듐폴리아크릴로일다이메틸타우레이트,42,
A000000253621,센텔리안24 마데카 크림 액티브 리뉴 PDRN,부틸렌글라이콜,43,
A000000253621,센텔리안24 마데카 크림 액티브 리뉴 PDRN,호호바에스터,44,
A000000253621,센텔리안24 마데카 크림 액티브 리뉴 PDRN,혼합글리세릴스테아레이트,45,
A000000253621,센텔리안24 마데카 크림 액티브 리뉴 PDRN,하이드록시아세토페논,46,
A000000253621,센텔리안24 마데카 크림 액티브 리뉴 PDRN,하이드록시에틸아크릴레이트/소듐아크릴로일다이메틸타우레이트코폴리머,47,
A000000253621,센텔리안24 마데카 크림 액티브 리뉴 PDRN,세틸알코올,48,
A000000253621,센텔리안24 마데카 크림 액티브 리뉴 PDRN,스테아릴알코올,49,
A000000253621,센텔리안24 마데카 크림 액티브 리뉴 PDRN,베헤닐알코올,50,
A000000253621,센텔리안24 마데카 크림 액티브 리뉴 PDRN,해바라기씨왁스,51,
A000000253621,센텔리안24 마데카 크림 액티브 리뉴 PDRN,황련뿌리추출물,52,
A000000253621,센텔리안24 마데카 크림 액티브 리뉴 PDRN,에틸헥실글리세린,53,
A000000253621,센텔리안24 마데카 크림 액티브 리뉴 PDRN,라벤더오일,54,
A000000253621,센텔리안24 마데카 크림 액티브 리뉴 PDRN,베르가모트오일,55,
A000000253621,센텔리안24 마데카 크림 액티브 리뉴 PDRN,올리브오일,56,
A000000253621,센텔리안24 마데카 크림 액티브 리뉴 PDRN,오렌지껍질오일,57,
A000000253621,센텔리안24 마데카 크림 액티브 리뉴 PDRN,잔탄검,58,
A000000253621,센텔리안24 마데카 크림 액티브 리뉴 PDRN,로즈마리잎오일,59,
A000000253621,센텔리안24 마데카 크림 액티브 리뉴 PDRN,다이소듐이디티에이,60,
A000000253621,센텔리안24 마데카 크림 액티브 리뉴 PDRN,아데노신,61,
A000000253621,센텔리안24 마데카 크림 액티브 리뉴 PDRN,솔비탄아이소스테아레이트,62,
A000000253621,센텔리안24 마데카 크림 액티브 리뉴 PDRN,폴리글리세린-3,63,
A000000253621,센텔리안24 마데카 크림 액티브 리뉴 PDRN,캐모마일꽃오일,64,
A000000253621,센텔리안24 마데카 크림 액티브 리뉴 PDRN,사이아노코발아민,65,
A000000253621,센텔리안24 마데카 크림 액티브 리뉴 PDRN,아스코빅애씨드,66,
A000000253621,센텔리안24 마데카 크림 액티브 리뉴 PDRN,토코페롤,67,
A000000253621,센텔리안24 마데카 크림 액티브 리뉴 PDRN,세라마이드엔피,68,
A000000253621,센텔리안24 마데카 크림 액티브 리뉴 PDRN,글라이코프로테인,69,
A000000253621,센텔리안24 마데카 크림 액티브 리뉴 PDRN,피토스핑고신,70,
A000000253621,센텔리안24 마데카 크림 액티브 리뉴 PDRN,하이드로제네이티드레시틴,71,
A000000253621,센텔리안24 마데카 크림 액티브 리뉴 PDRN,콜라겐아미노산,72,
A000000253621,센텔리안24 마데카 크림 액티브 리뉴 PDRN,하이드롤라이즈드엘라스틴,73,
A000000253621,센텔리안24 마데카 크림 액티브 리뉴 PDRN,아스파틱애씨드,74,
A000000253621,센텔리안24 마데카 크림 액티브 리뉴 PDRN,글라이신,75,
A000000253621,센텔리안24 마데카 크림 액티브 리뉴 PDRN,글루타믹애씨드,76,
A000000253621,센텔리안24 마데카 크림 액티브 리뉴 PDRN,알지닌,77,
A000000253621,센텔리안24 마데카 크림 액티브 리뉴 PDRN,리모넨,78,
A000000253621,센텔리안24 마데카 크림 액티브 리뉴 PDRN,리날룰,79,
A000000200804,마몽드 플로라 글로우 로즈 스무딩 크림,정제수,1,
A000000200804,마몽드 플로라 글로우 로즈 스무딩 크림,프로판다이올,2,
A000000200804,마몽드 플로라 글로우 로즈 스무딩 크림,글리세린,3,
A000000200804,마몽드 플로라 글로우 로즈 스무딩 크림,해바라기씨오일,4,
A000000200804,마몽드 플로라 글로우 로즈 스무딩 크림,폴리글리세릴-3메틸글루코오스다이스테아레이트,5,
A000000200804,마몽드 플로라 글로우 로즈 스무딩 크림,카프릴릭/카프릭/미리스틱/스테아릭트라이글리세라이드,6,
A000000200804,마몽드 플로라 글로우 로즈 스무딩 크림,코코넛야자오일,7,
A000000200804,마몽드 플로라 글로우 로즈 스무딩 크림,메틸트라이메티콘,8,
A000000200804,마몽드 플로라 글로우 로즈 스무딩 크림,호호바씨오일,9,
A000000200804,마몽드 플로라 글로우 로즈 스무딩 크림,"1,2-헥산다이올",10,
A000000200804,마몽드 플로라 글로우 로즈 스무딩 크림,글리세릴스테아레이트,11,
A000000200804,마몽드 플로라 글로우 로즈 스무딩 크림,세테아릴알코올,12,
A000000200804,마몽드 플로라 글로우 로즈 스무딩 크림,코코-카프릴레이트/카프레이트,13,
A000000200804,마몽드 플로라 글로우 로즈 스무딩 크림,부틸렌글라이콜,14,
A000000200804,마몽드 플로라 글로우 로즈 스무딩 크림,하이드록시에틸아크릴레이트/소듐아크릴로일다이메틸타우레이트코폴리머,15,
A000000200804,마몽드 플로라 글로우 로즈 스무딩 크림,티타늄디옥사이드,16,
A000000200804,마몽드 플로라 글로우 로즈 스무딩 크림,아크릴레이트/C10-30알킬아크릴레이트크로스폴리머,17,
A000000200804,마몽드 플로라 글로우 로즈 스무딩 크림,포타슘세틸포스페이트,18,
A000000200804,마몽드 플로라 글로우 로즈 스무딩 크림,트로메타민,19,
A000000200804,마몽드 플로라 글로우 로즈 스무딩 크림,에틸헥실글리세린,20,
A000000200804,마몽드 플로라 글로우 로즈 스무딩 크림,글리세릴카프릴레이트,21,
A000000200804,마몽드 플로라 글로우 로즈 스무딩 크림,소듐메타포스페이트,22,
A000000200804,마몽드 플로라 글로우 로즈 스무딩 크림,다마스크장미꽃추출물,23,320
A000000200804,마몽드 플로라 글로우 로즈 스무딩 크림,솔비탄아이소스테아레이트,24,
A000000200804,마몽드 플로라 글로우 로즈 스무딩 크림,소듐하이알루로네이트,25,
A000000200804,마몽드 플로라 글로우 로즈 스무딩 크림,하이알루로닉애씨드,26,
A000000200804,마몽드 플로라 글로우 로즈 스무딩 크림,하이드롤라이즈드식물성단백질,27,100
A000000200804,마몽드 플로라 글로우 로즈 스무딩 크림,글루코노락톤,28,
A000000200804,마몽드 플로라 글로우 로즈 스무딩 크림,시트로넬올,29,
A000000200804,마몽드 플로라 글로우 로즈 스무딩 크림,프로필렌글라이콜,30,
A000000200804,마몽드 플로라 글로우 로즈 스무딩 크림,토코페롤,31,
A000000200804,마몽드 플로라 글로우 로즈 스무딩 크림,하이드롤라이즈드하이알루로닉애씨드,32,
A000000200804,마몽드 플로라 글로우 로즈 스무딩 크림,소듐하이알루로네이트크로스폴리머,33,
A000000200804,마몽드 플로라 글로우 로즈 스무딩 크림,소듐아세틸레이티드하이알루로네이트,34,
A000000211188,피지오겔 시카밸런스 포맨 카밍 크림,정제수,1,
A000000211188,피지오겔 시카밸런스 포맨 카밍 크림,호호바씨오일,2,
A000000211188,피지오겔 시카밸런스 포맨 카밍 크림,글리세린,3,
A000000211188,피지오겔 시카밸런스 포맨 카밍 크림,다이카프릴릴카보네이트,4,
A000000211188,피지오겔 시카밸런스 포맨 카밍 크림,세테아릴알코올,5,
A000000211188,피지오겔 시카밸런스 포맨 카밍 크림,나이아신아마이드,6,
A000000211188,피지오겔 시카밸런스 포맨 카밍 크림,프로판다이올,7,
A000000211188,피지오겔 시카밸런스 포맨 카밍 크림,"1,2-헥산다이올",8,
A000000211188,피지오겔 시카밸런스 포맨 카밍 크림,판테놀,9,
A000000211188,피지오겔 시카밸런스 포맨 카밍 크림,마데카소사이드,10,245
A000000211188,피지오겔 시카밸런스 포맨 카밍 크림,아시아티코사이드,11,4
A000000211188,피지오겔 시카밸런스 포맨 카밍 크림,마데카식애씨드,12,3.5
A000000211188,피지오겔 시카밸런스 포맨 카밍 크림,아시아틱애씨드,13,2.5
A000000211188,피지오겔 시카밸런스 포맨 카밍 크림,세린,14,
A000000211188,피지오겔 시카밸런스 포맨 카밍 크림,알지닌,15,
A000000211188,피지오겔 시카밸런스 포맨 카밍 크림,글리세릴스테아레이트,16,
A000000211188,피지오겔 시카밸런스 포맨 카밍 크림,세틸알코올,17,
A000000211188,피지오겔 시카밸런스 포맨 카밍 크림,폴리글리세릴-3메틸글루코오스다이스테아레이트,18,
A000000211188,피지오겔 시카밸런스 포맨 카밍 크림,수크로오스스테아레이트,19,
A000000211188,피지오겔 시카밸런스 포맨 카밍 크림,수크로오스트라이스테아레이트,20,
A000000211188,피지오겔 시카밸런스 포맨 카밍 크림,암모늄아크릴로일다이메틸타우레이트/브이피코폴리머,21,
A000000211188,피지오겔 시카밸런스 포맨 카밍 크림,세틸팔미테이트,22,
A000000211188,피지오겔 시카밸런스 포맨 카밍 크림,부틸렌글라이콜,23,
A000000211188,피지오겔 시카밸런스 포맨 카밍 크림,토코페롤,24,
A000000211188,피지오겔 시카밸런스 포맨 카밍 크림,솔비탄올리베이트,25,
A000000211188,피지오겔 시카밸런스 포맨 카밍 크림,솔비탄팔미테이트,26,
A000000211188,피지오겔 시카밸런스 포맨 카밍 크림,카보머,27,
A000000211188,피지오겔 시카밸런스 포맨 카밍 크림,트로메타민,28,
A000000211188,피지오겔 시카밸런스 포맨 카밍 크림,알란토인,29,
A000000211188,피지오겔 시카밸런스 포맨 카밍 크림,해바라기씨오일,30,
A000000211188,피지오겔 시카밸런스 포맨 카밍 크림,스쿠알란,31,
A000000211188,피지오겔 시카밸런스 포맨 카밍 크림,소듐하이알루로네이트,32,
A000000211188,피지오겔 시카밸런스 포맨 카밍 크림,알로에베라잎즙가루,33,
A000000211188,피지오겔 시카밸런스 포맨 카밍 크림,카프릴릭/카프릭트라이글리세라이드,34,
A000000211188,피지오겔 시카밸런스 포맨 카밍 크림,세라마이드엔피,35,
A000000211188,피지오겔 시카밸런스 포맨 카밍 크림,하이드로제네이티드레시틴,36,
A000000211188,피지오겔 시카밸런스 포맨 카밍 크림,시트릭애씨드,37,
A000000212690,브링그린 대나무 히알루 수분 부스팅 크림,정제수,1,
A000000212690,브링그린 대나무 히알루 수분 부스팅 크림,글리세린,2,
A000000212690,브링그린 대나무 히알루 수분 부스팅 크림,부틸렌글라이콜,3,
A000000212690,브링그린 대나무 히알루 수분 부스팅 크림,"1,2-헥산다이올",4,
A000000212690,브링그린 대나무 히알루 수분 부스팅 크림,베타인,5,
A000000212690,브링그린 대나무 히알루 수분 부스팅 크림,세틸에틸헥사노에이트,6,
A000000212690,브링그린 대나무 히알루 수분 부스팅 크림,프로판다이올,7,
A000000212690,브링그린 대나무 히알루 수분 부스팅 크림,하이드록시에틸아크릴레이트/소듐아크릴로일다이메틸타우레이트코폴리머,8,
A000000212690,브링그린 대나무 히알루 수분 부스팅 크림,세테아릴알코올,9,
A000000212690,브링그린 대나무 히알루 수분 부스팅 크림,왕대수액,10,
A000000212690,브링그린 대나무 히알루 수분 부스팅 크림,메틸트라이메티콘,11,
A000000212690,브링그린 대나무 히알루 수분 부스팅 크림,알란토인,12,
A000000212690,브링그린 대나무 히알루 수분 부스팅 크림,암모늄아크릴로일다이메틸타우레이트/브이피코폴리머,13,
A000000212690,브링그린 대나무 히알루 수분 부스팅 크림,에틸헥실글리세린,14,
A000000212690,브링그린 대나무 히알루 수분 부스팅 크림,솔비탄아이소스테아레이트,15,
A000000212690,브링그린 대나무 히알루 수분 부스팅 크림,글리세릴아크릴레이트/아크릴릭애씨드코폴리머,16,
A000000212690,브링그린 대나무 히알루 수분 부스팅 크림,피브이엠/엠에이코폴리머,17,
A000000212690,브링그린 대나무 히알루 수분 부스팅 크림,다이프로필렌글라이콜,18,
A000000212690,브링그린 대나무 히알루 수분 부스팅 크림,다이소듐이디티에이,19,
A000000212690,브링그린 대나무 히알루 수분 부스팅 크림,소듐하이알루로네이트,20,
A000000212690,브링그린 대나무 히알루 수분 부스팅 크림,엑토인,21,
A000000212690,브링그린 대나무 히알루 수분 부스팅 크림,하이알루로닉애씨드,22,
A000000212690,브링그린 대나무 히알루 수분 부스팅 크림,하이드롤라이즈드하이알루로닉애씨드,23,
A000000212690,브링그린 대나무 히알루 수분 부스팅 크림,스쿠알란,24,
A000000212690,브링그린 대나무 히알루 수분 부스팅 크림,글리세릴글루코사이드,25,
A000000212690,브링그린 대나무 히알루 수분 부스팅 크림,폴리글리세릴-10라우레이트,26,
A000000212690,브링그린 대나무 히알루 수분 부스팅 크림,포스파티딜콜린,27,
A000000212690,브링그린 대나무 히알루 수분 부스팅 크림,왕대추출물,28,
A000000212690,브링그린 대나무 히알루 수분 부스팅 크림,세라마이드엔피,29,
A000000212690,브링그린 대나무 히알루 수분 부스팅 크림,레스베라트롤,30,
A000000212690,브링그린 대나무 히알루 수분 부스팅 크림,소듐아세틸레이티드하이알루로네이트,31,
A000000212690,브링그린 대나무 히알루 수분 부스팅 크림,베타-시토스테롤,32,
A000000192520,로벡틴 아쿠아 히알루로닉 수딩 크림,정제수,1,
A000000192520,로벡틴 아쿠아 히알루로닉 수딩 크림,글리세린,2,
A000000192520,로벡틴 아쿠아 히알루로닉 수딩 크림,하이드로제네이티드폴리소부텐,3,
A000000192520,로벡틴 아쿠아 히알루로닉 수딩 크림,카프릴릭/카프릭트라이글리세라이드,4,
A000000192520,로벡틴 아쿠아 히알루로닉 수딩 크림,헥실렌글라이콜,5,
A000000192520,로벡틴 아쿠아 히알루로닉 수딩 크림,나이아신아마이드,6,
A000000192520,로벡틴 아쿠아 히알루로닉 수딩 크림,펜틸렌글라이콜,7,
A000000192520,로벡틴 아쿠아 히알루로닉 수딩 크림,소듐폴리아크릴로일다이메틸타우레이트,8,
A000000192520,로벡틴 아쿠아 히알루로닉 수딩 크림,세라마이드엔피,9,
A000000192520,로벡틴 아쿠아 히알루로닉 수딩 크림,소듐하이알루로네이트,10,
A000000192520,로벡틴 아쿠아 히알루로닉 수딩 크림,헤마토코쿠스플루비알리스추출물,11,
A000000192520,로벡틴 아쿠아 히알루로닉 수딩 크림,알로에베라잎즙가루,12,
A000000192520,로벡틴 아쿠아 히알루로닉 수딩 크림,토코페롤,13,
A000000192520,로벡틴 아쿠아 히알루로닉 수딩 크림,알란토인,14,
A000000192520,로벡틴 아쿠아 히알루로닉 수딩 크림,구아바잎추출물,15,
A000000192520,로벡틴 아쿠아 히알루로닉 수딩 크림,후박추출물,16,
A000000192520,로벡틴 아쿠아 히알루로닉 수딩 크림,하이드록시에틸셀룰로오스,17,
A000000192520,로벡틴 아쿠아 히알루로닉 수딩 크림,하이드로제네이티드폴리데센,18,
A000000192520,로벡틴 아쿠아 히알루로닉 수딩 크림,해바라기씨오일,19,
A000000192520,로벡틴 아쿠아 히알루로닉 수딩 크림,올리브오일,20,
A000000192520,로벡틴 아쿠아 히알루로닉 수딩 크림,아보카도오일,21,
A000000192520,로벡틴 아쿠아 히알루로닉 수딩 크림,스위트아몬드오일,22,
A000000192520,로벡틴 아쿠아 히알루로닉 수딩 크림,피마자씨오일,23,
A000000192520,로벡틴 아쿠아 히알루로닉 수딩 크림,세타아릴올리베이트,24,
A000000192520,로벡틴 아쿠아 히알루로닉 수딩 크림,에틸헥실글리세린,25,
A000000192520,로벡틴 아쿠아 히알루로닉 수딩 크림,솔비탄올리베이트,26,
A000000192520,로벡틴 아쿠아 히알루로닉 수딩 크림,운데실레닉글리세라이드,27,
A000000192520,로벡틴 아쿠아 히알루로닉 수딩 크림,트라이데세스-10,28,
A000000192520,로벡틴 아쿠아 히알루로닉 수딩 크림,프로판다이올,29,
A000000192520,로벡틴 아쿠아 히알루로닉 수딩 크림,글리세릴카프릴레이트,30,
A000000192520,로벡틴 아쿠아 히알루로닉 수딩 크림,시트릭애씨드,31,
A000000246591,더마젼시 제로카 81 크림,찔레꽃꽃수,1,
A000000246591,더마젼시 제로카 81 크림,글리세린,2,
A000000246591,더마젼시 제로카 81 크림,"1,2-헥산다이올",3,
A000000246591,더마젼시 제로카 81 크림,부틸렌글라이콜,4,
A000000246591,더마젼시 제로카 81 크림,나이아신아마이드,5,
A000000246591,더마젼시 제로카 81 크림,하이드로제네이티드폴리데센,6,
A000000246591,더마젼시 제로카 81 크림,다이카프릴릴에터,7,
A000000246591,더마젼시 제로카 81 크림,비닐다이메티콘,8,
A000000246591,더마젼시 제로카 81 크림,정제수,9,
A000000246591,더마젼시 제로카 81 크림,하이드록시에틸아크릴레이트/소듐아크릴로일다이메틸타우레이트코폴리머,10,
A000000246591,더마젼시 제로카 81 크림,카프릴릴메티콘,11,
A000000246591,더마젼시 제로카 81 크림,세테아릴올리베이트,12,
A000000246591,더마젼시 제로카 81 크림,잔탄검,13,
A000000246591,더마젼시 제로카 81 크림,솔비탄올리베이트,14,
A000000246591,더마젼시 제로카 81 크림,아크릴레이트/C10-30알킬아크릴레이트크로스폴리머,15,
A000000246591,더마젼시 제로카 81 크림,알지닌,16,
A000000246591,더마젼시 제로카 81 크림,아데노신,17,
A000000246591,더마젼시 제로카 81 크림,솔비탄아이소스테아레이트,18,
A000000246591,더마젼시 제로카 81 크림,폴리솔베이트60,19,
A000000246591,더마젼시 제로카 81 크림,글리세릴아크릴레이트/아크릴릭애씨드코폴리머,20,
A000000246591,더마젼시 제로카 81 크림,다이소듐이디티에이,21,
A000000246591,더마젼시 제로카 81 크림,판테놀,22,
A000000246591,더마젼시 제로카 81 크림,아세틸글루코사민,23,
A000000246591,더마젼시 제로카 81 크림,다이프로필렌글라이콜,24,
A000000246591,더마젼시 제로카 81 크림,토코페롤,25,
A000000246591,더마젼시 제로카 81 크림,천궁추출물,26,
A000000246591,더마젼시 제로카 81 크림,황금추출물,27,
A000000246591,더마젼시 제로카 81 크림,하이드로제네이티드레시틴,28,
A000000246591,더마젼시 제로카 81 크림,소듐하이알루로네이트,29,
A000000246591,더마젼시 제로카 81 크림,베타-글루칸,30,
A000000246591,더마젼시 제로카 81 크림,마데카소사이드,31,
A000000246591,더마젼시 제로카 81 크림,흰서양송로추출물,32,
A000000246591,더마젼시 제로카 81 크림,아시아티코사이드,33,
A000000246591,더마젼시 제로카 81 크림,에틸헥실글리세린,34,
A000000246591,더마젼시 제로카 81 크림,하이드록시프로필트라이모늄하이알루로네이트,35,
A000000246591,더마젼시 제로카 81 크림,마데카식애씨드,36,
A000000246591,더마젼시 제로카 81 크림,아시아틱애씨드,37,
A000000246591,더마젼시 제로카 81 크림,병풀추출물,38,
A000000246591,더마젼시 제로카 81 크림,소듐아세틸레이티드하이알루로네이트,39,
A000000246591,더마젼시 제로카 81 크림,하이드롤라이즈드하이알루로닉애씨드,40,
A000000246591,더마젼시 제로카 81 크림,하이알루로닉애씨드,41,
A000000246591,더마젼시 제로카 81 크림,소듐하이알루로네이트크로스폴리머,42,
A000000246591,더마젼시 제로카 81 크림,하이드롤라이즈드소듐하이알루로네이트,43,
A000000246591,더마젼시 제로카 81 크림,포타슘하이알루로네이트,44,
A000000246591,더마젼시 제로카 81 크림,에스에이치-올리고펩타이드-1,45,
A000000246591,더마젼시 제로카 81 크림,에스에이치-올리고펩타이드-2,46,
A000000246591,더마젼시 제로카 81 크림,에스에이치-폴리펩타이드-1,47,
A000000246591,더마젼시 제로카 81 크림,에스에이치-폴리펩타이드-11,48,
A000000246591,더마젼시 제로카 81 크림,에스에이치-폴리펩타이드-16,49,
A000000246591,더마젼시 제로카 81 크림,에스에이치-폴리펩타이드-22,50,
A000000246591,더마젼시 제로카 81 크림,에스에이치-폴리펩타이드-3,51,
A000000246591,더마젼시 제로카 81 크림,에스에이치-폴리펩타이드-62,52,
A000000246591,더마젼시 제로카 81 크림,에스에이치-폴리펩타이드-9,53,
A000000255625,코스알엑스 더 블루 펩타이드 바쿠치올 플럼프 바운스 크림,정제수,1,
A000000255625,코스알엑스 더 블루 펩타이드 바쿠치올 플럼프 바운스 크림,부틸렌글라이콜,2,
A000000255625,코스알엑스 더 블루 펩타이드 바쿠치올 플럼프 바운스 크림,글리세린,3,
A000000255625,코스알엑스 더 블루 펩타이드 바쿠치올 플럼프 바운스 크림,메틸트라이메티콘,4,
A000000255625,코스알엑스 더 블루 펩타이드 바쿠치올 플럼프 바운스 크림,나이아신아마이드,5,
A000000255625,코스알엑스 더 블루 펩타이드 바쿠치올 플럼프 바운스 크림,"1,2-헥산다이올",6,
A000000255625,코스알엑스 더 블루 펩타이드 바쿠치올 플럼프 바운스 크림,세테아릴알코올,7,
A000000255625,코스알엑스 더 블루 펩타이드 바쿠치올 플럼프 바운스 크림,스쿠알란,8,
A000000255625,코스알엑스 더 블루 펩타이드 바쿠치올 플럼프 바운스 크림,다이메티콘,9,
A000000255625,코스알엑스 더 블루 펩타이드 바쿠치올 플럼프 바운스 크림,카프릴릴메티콘,10,
A000000255625,코스알엑스 더 블루 펩타이드 바쿠치올 플럼프 바운스 크림,카퍼트라이펩타이드-1,11,5000
A000000255625,코스알엑스 더 블루 펩타이드 바쿠치올 플럼프 바운스 크림,카프릴릭/카프릭트라이글리세라이드,12,
A000000255625,코스알엑스 더 블루 펩타이드 바쿠치올 플럼프 바운스 크림,암모늄아크릴로일다이메틸타우레이트/브이피코폴리머,13,
A000000255625,코스알엑스 더 블루 펩타이드 바쿠치올 플럼프 바운스 크림,암모늄아크릴로일다이메틸타우레이트/베헤네스-25메타크라일레이트크로스폴리머,14,
A000000255625,코스알엑스 더 블루 펩타이드 바쿠치올 플럼프 바운스 크림,폴리아크릴레이트크로스폴리머-6,15,
A000000255625,코스알엑스 더 블루 펩타이드 바쿠치올 플럼프 바운스 크림,글리세릴스테아레이트,16,
A000000255625,코스알엑스 더 블루 펩타이드 바쿠치올 플럼프 바운스 크림,C30-45알킬세테아릴다이메티콘크로스폴리머,17,
A000000255625,코스알엑스 더 블루 펩타이드 바쿠치올 플럼프 바운스 크림,세테아릴글루코사이드,18,
A000000255625,코스알엑스 더 블루 펩타이드 바쿠치올 플럼프 바운스 크림,하이드로제네이티드레시틴,19,
A000000255625,코스알엑스 더 블루 펩타이드 바쿠치올 플럼프 바운스 크림,글리세릴카프릴레이트,20,
A000000255625,코스알엑스 더 블루 펩타이드 바쿠치올 플럼프 바운스 크림,에틸헥실글리세린,21,
A000000255625,코스알엑스 더 블루 펩타이드 바쿠치올 플럼프 바운스 크림,스테아릭애씨드,22,
A000000255625,코스알엑스 더 블루 펩타이드 바쿠치올 플럼프 바운스 크림,폴리글리세릴-3메틸글루코오스다이스테아레이트,23,
A000000255625,코스알엑스 더 블루 펩타이드 바쿠치올 플럼프 바운스 크림,팔미틱애씨드,24,
A000000255625,코스알엑스 더 블루 펩타이드 바쿠치올 플럼프 바운스 크림,소듐글루코네이트,25,
A000000255625,코스알엑스 더 블루 펩타이드 바쿠치올 플럼프 바운스 크림,바쿠치올,26,500
A000000255625,코스알엑스 더 블루 펩타이드 바쿠치올 플럼프 바운스 크림,아데노신,27,
A000000255625,코스알엑스 더 블루 펩타이드 바쿠치올 플럼프 바운스 크림,미리스틱애씨드,28,
A000000255625,코스알엑스 더 블루 펩타이드 바쿠치올 플럼프 바운스 크림,라우릭애씨드,29,
A000000255625,코스알엑스 더 블루 펩타이드 바쿠치올 플럼프 바운스 크림,카프릴릴글라이콜,30,
A000000255625,코스알엑스 더 블루 펩타이드 바쿠치올 플럼프 바운스 크림,토코페롤,31,
A000000255625,코스알엑스 더 블루 펩타이드 바쿠치올 플럼프 바운스 크림,다이펩타이드다이아미노부티로일벤질아마이드다이아세테이트,32,0.5
A000000255625,코스알엑스 더 블루 펩타이드 바쿠치올 플럼프 바운스 크림,아세틸헥사펩타이드-1,33,0.1
A000000255625,코스알엑스 더 블루 펩타이드 바쿠치올 플럼프 바운스 크림,아세틸헵타펩타이드-4,34,0.0457
A000000255625,코스알엑스 더 블루 펩타이드 바쿠치올 플럼프 바운스 크림,판테놀,35,
A000000255625,코스알엑스 더 블루 펩타이드 바쿠치올 플럼프 바운스 크림,베타인,36,
A000000255625,코스알엑스 더 블루 펩타이드 바쿠치올 플럼프 바운스 크림,이노시톨,37,
A000000255625,코스알엑스 더 블루 펩타이드 바쿠치올 플럼프 바운스 크림,아세틸헥사펩타이드-8,38,0.004
A000000255625,코스알엑스 더 블루 펩타이드 바쿠치올 플럼프 바운스 크림,소듐하이드록사이드,39,
A000000255625,코스알엑스 더 블루 펩타이드 바쿠치올 플럼프 바운스 크림,프로판다이올,40,
A000000255625,코스알엑스 더 블루 펩타이드 바쿠치올 플럼프 바운스 크림,합성왁스,41,
A000000255625,코스알엑스 더 블루 펩타이드 바쿠치올 플럼프 바운스 크림,소듐하이알루로네이트,42,
A000000255625,코스알엑스 더 블루 펩타이드 바쿠치올 플럼프 바운스 크림,아세틸옥타펩타이드-3,43,0.0003
A000000255625,코스알엑스 더 블루 펩타이드 바쿠치올 플럼프 바운스 크림,폴리글리세릴-10스테아레이트,44,
A000000255625,코스알엑스 더 블루 펩타이드 바쿠치올 플럼프 바운스 크림,하이드롤라이즈드하이알루로닉애씨드,45,
A000000255625,코스알엑스 더 블루 펩타이드 바쿠치올 플럼프 바운스 크림,베타-글루칸,46,
A000000255625,코스알엑스 더 블루 펩타이드 바쿠치올 플럼프 바운스 크림,소듐하이알루로네이트크로스폴리머,47,
A000000255625,코스알엑스 더 블루 펩타이드 바쿠치올 플럼프 바운스 크림,세라마이드엔피,48,
A000000255625,코스알엑스 더 블루 펩타이드 바쿠치올 플럼프 바운스 크림,하이알루로닉애씨드,49,
A000000255625,코스알엑스 더 블루 펩타이드 바쿠치올 플럼프 바운스 크림,콜레스테롤,50,
A000000255625,코스알엑스 더 블루 펩타이드 바쿠치올 플럼프 바운스 크림,하이드롤라이즈드콜라겐,51,
A000000255625,코스알엑스 더 블루 펩타이드 바쿠치올 플럼프 바운스 크림,소듐아세틸레이티드하이알루로네이트,52,
A000000172040,메이크프렘 인테카 수딩크림,정제수,1,
A000000172040,메이크프렘 인테카 수딩크림,프로판다이올,2,
A000000172040,메이크프렘 인테카 수딩크림,글리세린,3,
A000000172040,메이크프렘 인테카 수딩크림,글리세릴글루코사이드,4,
A000000172040,메이크프렘 인테카 수딩크림,"1,2-헥산다이올",5,
A000000172040,메이크프렘 인테카 수딩크림,카프릴릭/카프릭트라이글리세라이드,6,
A000000172040,메이크프렘 인테카 수딩크림,하이드로제네이티드폴리데센,7,
A000000172040,메이크프렘 인테카 수딩크림,나이아신아마이드,8,
A000000172040,메이크프렘 인테카 수딩크림,부틸렌글라이콜,9,
A000000172040,메이크프렘 인테카 수딩크림,솔비톨,10,
A000000172040,메이크프렘 인테카 수딩크림,세테아릴올리베이트,11,
A000000172040,메이크프렘 인테카 수딩크림,비닐다이메티콘,12,
A000000172040,메이크프렘 인테카 수딩크림,솔비탄올리베이트,13,
A000000172040,메이크프렘 인테카 수딩크림,카보머,14,
A000000172040,메이크프렘 인테카 수딩크림,칸디다 봄비콜라/글루코오스/메틸레이프씨데이트발효물,15,
A000000172040,메이크프렘 인테카 수딩크림,해바라기씨오일,16,
A000000172040,메이크프렘 인테카 수딩크림,아시아티코사이드,17,
A000000172040,메이크프렘 인테카 수딩크림,아시아틱애씨드,18,
A000000172040,메이크프렘 인테카 수딩크림,마데카식애씨드,19,
A000000172040,메이크프렘 인테카 수딩크림,하이알루로닉애씨드,20,
A000000172040,메이크프렘 인테카 수딩크림,하이드롤라이즈드하이알루로닉애씨드,21,
A000000172040,메이크프렘 인테카 수딩크림,소듐하이알루로네이트,22,
A000000172040,메이크프렘 인테카 수딩크림,다이프로필렌글라이콜,23,
A000000172040,메이크프렘 인테카 수딩크림,글리세릴스테아레이트에스이,24,
A000000172040,메이크프렘 인테카 수딩크림,하이드로제네이티드레시틴,25,
A000000172040,메이크프렘 인테카 수딩크림,트로메타민,26,
A000000172040,메이크프렘 인테카 수딩크림,에틸헥실글리세린,27,
A000000172040,메이크프렘 인테카 수딩크림,아데노신,28,
A000000172040,메이크프렘 인테카 수딩크림,다이소듐이디티에이,29,
A000000172040,메이크프렘 인테카 수딩크림,에톡시다이글라이콜,30,10000
A000000183713,토리든 밸런스풀 시카 진정 크림,정제수,1,
A000000183713,토리든 밸런스풀 시카 진정 크림,부틸렌글라이콜,2,
A000000183713,토리든 밸런스풀 시카 진정 크림,글리세린,3,
A000000183713,토리든 밸런스풀 시카 진정 크림,헵틸운데실레네이트,4,
A000000183713,토리든 밸런스풀 시카 진정 크림,"1,2-헥산다이올",5,
A000000183713,토리든 밸런스풀 시카 진정 크림,판테놀,6,2000
A000000183713,토리든 밸런스풀 시카 진정 크림,병풀추출물,7,
A000000183713,토리든 밸런스풀 시카 진정 크림,마데카식애씨드,8,
A000000183713,토리든 밸런스풀 시카 진정 크림,아시아티코사이드,9,
A000000183713,토리든 밸런스풀 시카 진정 크림,아시아틱애씨드,10,
A000000183713,토리든 밸런스풀 시카 진정 크림,마데카소사이드,11,
A000000183713,토리든 밸런스풀 시카 진정 크림,알란토인,12,
A000000183713,토리든 밸런스풀 시카 진정 크림,하이드롤라이즈드하이알루로닉애씨드,13,
A000000183713,토리든 밸런스풀 시카 진정 크림,쓴풀추출물,14,
A000000183713,토리든 밸런스풀 시카 진정 크림,푸른연꽃추출물,15,
A000000183713,토리든 밸런스풀 시카 진정 크림,락토바실러스발효물,16,
A000000183713,토리든 밸런스풀 시카 진정 크림,접시꽃추출물,17,
A000000183713,토리든 밸런스풀 시카 진정 크림,잇꽃꽃추출물,18,
A000000183713,토리든 밸런스풀 시카 진정 크림,베타인,19,
A000000183713,토리든 밸런스풀 시카 진정 크림,카프릴릭/카프릭트라이글리세라이드,20,
A000000183713,토리든 밸런스풀 시카 진정 크림,세테아릴알코올,21,
A000000183713,토리든 밸런스풀 시카 진정 크림,프로판다이올,22,
A000000183713,토리든 밸런스풀 시카 진정 크림,C14-22알코올,23,
A000000183713,토리든 밸런스풀 시카 진정 크림,다이펩타이드-2,24,
A000000183713,토리든 밸런스풀 시카 진정 크림,아크릴레이트/C10-30알킬아크릴레이트크로스폴리머,25,
A000000183713,토리든 밸런스풀 시카 진정 크림,하이드록시에틸아크릴레이트/소듐아크릴로일다이메틸타우레이트코폴리머,26,
A000000183713,토리든 밸런스풀 시카 진정 크림,소듐폴리아크릴레이트,27,
A000000183713,토리든 밸런스풀 시카 진정 크림,글리세릴아크릴레이트/아크릴릭애씨드코폴리머,28,
A000000183713,토리든 밸런스풀 시카 진정 크림,피브이엠/엠에이코폴리머,29,
A000000183713,토리든 밸런스풀 시카 진정 크림,솔비탄아이소스테아레이트,30,
A000000183713,토리든 밸런스풀 시카 진정 크림,폴리글리세릴-3폴리리시놀리에이트,31,
A000000183713,토리든 밸런스풀 시카 진정 크림,아이소펜틸다이올,32,
A000000183713,토리든 밸런스풀 시카 진정 크림,카프릴로일살리실릭애씨드,33,
A000000183713,토리든 밸런스풀 시카 진정 크림,C12-20알킬글루코사이드,34,
A000000183713,토리든 밸런스풀 시카 진정 크림,폴리글리세릴-4올리에이트,35,
A000000183713,토리든 밸런스풀 시카 진정 크림,소듐스테아로일글루타메이트,36,
A000000183713,토리든 밸런스풀 시카 진정 크림,소듐서팩틴,37,
A000000183713,토리든 밸런스풀 시카 진정 크림,카프로익애씨드,38,
A000000183713,토리든 밸런스풀 시카 진정 크림,잔탄검,39,
A000000183713,토리든 밸런스풀 시카 진정 크림,트로메타민,40,
A000000183713,토리든 밸런스풀 시카 진정 크림,소듐아세테이트,41,
A000000183713,토리든 밸런스풀 시카 진정 크림,다이소듐이디티에이,42,
A000000183713,토리든 밸런스풀 시카 진정 크림,에틸헥실글리세린,43,
A000000183713,토리든 밸런스풀 시카 진정 크림,치자추출물,44,
A000000210600,넘버즈인 5번 글루타치온씨 흔적 토닝 레이저 크림,정제수,1,
A000000210600,넘버즈인 5번 글루타치온씨 흔적 토닝 레이저 크림,다이프로필렌글라이콜,2,
A000000210600,넘버즈인 5번 글루타치온씨 흔적 토닝 레이저 크림,글리세린,3,
A000000210600,넘버즈인 5번 글루타치온씨 흔적 토닝 레이저 크림,나이아신아마이드,4,
A000000210600,넘버즈인 5번 글루타치온씨 흔적 토닝 레이저 크림,옥틸도데칸올,5,
A000000210600,넘버즈인 5번 글루타치온씨 흔적 토닝 레이저 크림,해바라기씨오일,6,
A000000210600,넘버즈인 5번 글루타치온씨 흔적 토닝 레이저 크림,부틸렌글라이콜,7,
A000000210600,넘버즈인 5번 글루타치온씨 흔적 토닝 레이저 크림,트레할로오스,8,
A000000210600,넘버즈인 5번 글루타치온씨 흔적 토닝 레이저 크림,펜틸렌글라이콜,9,
A000000210600,넘버즈인 5번 글루타치온씨 흔적 토닝 레이저 크림,"1,2-헥산다이올",10,
A000000210600,넘버즈인 5번 글루타치온씨 흔적 토닝 레이저 크림,비파나무잎추출물,11,
A000000210600,넘버즈인 5번 글루타치온씨 흔적 토닝 레이저 크림,황련뿌리추출물,12,
A000000210600,넘버즈인 5번 글루타치온씨 흔적 토닝 레이저 크림,스피어민트추출물,13,
A000000210600,넘버즈인 5번 글루타치온씨 흔적 토닝 레이저 크림,소듐하이알루로네이트,14,
A000000210600,넘버즈인 5번 글루타치온씨 흔적 토닝 레이저 크림,카카오추출물,15,
A000000210600,넘버즈인 5번 글루타치온씨 흔적 토닝 레이저 크림,병풀잎추출물,16,
A000000210600,넘버즈인 5번 글루타치온씨 흔적 토닝 레이저 크림,아르간커넬오일,17,
A000000210600,넘버즈인 5번 글루타치온씨 흔적 토닝 레이저 크림,참깨오일,18,
A000000210600,넘버즈인 5번 글루타치온씨 흔적 토닝 레이저 크림,키토산,19,
A000000210600,넘버즈인 5번 글루타치온씨 흔적 토닝 레이저 크림,사발팜열매추출물,20,
A000000210600,넘버즈인 5번 글루타치온씨 흔적 토닝 레이저 크림,카프릴릴메티콘,21,
A000000210600,넘버즈인 5번 글루타치온씨 흔적 토닝 레이저 크림,판테놀,22,
A000000210600,넘버즈인 5번 글루타치온씨 흔적 토닝 레이저 크림,폴리메틸실세스퀴옥세인,23,
A000000210600,넘버즈인 5번 글루타치온씨 흔적 토닝 레이저 크림,프로판다이올,24,
A000000210600,넘버즈인 5번 글루타치온씨 흔적 토닝 레이저 크림,하이드록시에틸아크릴레이트/소듐아크릴로일다이메틸타우레이트코폴리머,25,
A000000210600,넘버즈인 5번 글루타치온씨 흔적 토닝 레이저 크림,세테아릴올리베이트,26,
A000000210600,넘버즈인 5번 글루타치온씨 흔적 토닝 레이저 크림,폴리글리세릴-10베헤네이트/에이코사디오에이트,27,
A000000210600,넘버즈인 5번 글루타치온씨 흔적 토닝 레이저 크림,암모늄아크릴로일다이메틸타우레이트/브이피코폴리머,28,
A000000210600,넘버즈인 5번 글루타치온씨 흔적 토닝 레이저 크림,솔비탄올리베이트,29,
A000000210600,넘버즈인 5번 글루타치온씨 흔적 토닝 레이저 크림,아크릴레이트/C10-30알킬아크릴레이트크로스폴리머,30,
A000000210600,넘버즈인 5번 글루타치온씨 흔적 토닝 레이저 크림,트로메타민,31,
A000000210600,넘버즈인 5번 글루타치온씨 흔적 토닝 레이저 크림,에틸헥실글리세린,32,
A000000210600,넘버즈인 5번 글루타치온씨 흔적 토닝 레이저 크림,솔비탄아이소스테아레이트,33,
A000000210600,넘버즈인 5번 글루타치온씨 흔적 토닝 레이저 크림,아데노신,34,
A000000210600,넘버즈인 5번 글루타치온씨 흔적 토닝 레이저 크림,팔미틱애씨드,35,
A000000210600,넘버즈인 5번 글루타치온씨 흔적 토닝 레이저 크림,하이드로제네이티드레시틴,36,
A000000210600,넘버즈인 5번 글루타치온씨 흔적 토닝 레이저 크림,글루타티온,37,
A000000210600,넘버즈인 5번 글루타치온씨 흔적 토닝 레이저 크림,포스파티딜콜린,38,
A000000210600,넘버즈인 5번 글루타치온씨 흔적 토닝 레이저 크림,폴리글리세릴-10라우레이트,39,
A000000210600,넘버즈인 5번 글루타치온씨 흔적 토닝 레이저 크림,다이라우릴티오다이프로피오네이트,40,
A000000210600,넘버즈인 5번 글루타치온씨 흔적 토닝 레이저 크림,펜타에리스리틸테트라-다이-t-부틸하이드록시하이드로신나메이트,41,
A000000210600,넘버즈인 5번 글루타치온씨 흔적 토닝 레이저 크림,소듐파이테이트,42,
A000000210600,넘버즈인 5번 글루타치온씨 흔적 토닝 레이저 크림,알란토인,43,
A000000210600,넘버즈인 5번 글루타치온씨 흔적 토닝 레이저 크림,마데카소사이드,44,
A000000210600,넘버즈인 5번 글루타치온씨 흔적 토닝 레이저 크림,레시틴,45,
A000000210600,넘버즈인 5번 글루타치온씨 흔적 토닝 레이저 크림,셀룰로오스,46,
A000000210600,넘버즈인 5번 글루타치온씨 흔적 토닝 레이저 크림,소듐포스페이트,47,
A000000210600,넘버즈인 5번 글루타치온씨 흔적 토닝 레이저 크림,폴리글루타믹애씨드,48,
A000000210600,넘버즈인 5번 글루타치온씨 흔적 토닝 레이저 크림,덱스트린,49,
A000000210600,넘버즈인 5번 글루타치온씨 흔적 토닝 레이저 크림,아시아티코사이드,50,
A000000210600,넘버즈인 5번 글루타치온씨 흔적 토닝 레이저 크림,시스테인,51,
A000000210600,넘버즈인 5번 글루타치온씨 흔적 토닝 레이저 크림,토코페롤,52,
A000000210600,넘버즈인 5번 글루타치온씨 흔적 토닝 레이저 크림,3-O-에틸아스코빅애씨드,53,
A000000210600,넘버즈인 5번 글루타치온씨 흔적 토닝 레이저 크림,알부틴,54,
A000000210600,넘버즈인 5번 글루타치온씨 흔적 토닝 레이저 크림,비사보롤,55,
A000000210600,넘버즈인 5번 글루타치온씨 흔적 토닝 레이저 크림,에스에이치-올리고펩타이드-1,56,
A000000210600,넘버즈인 5번 글루타치온씨 흔적 토닝 레이저 크림,에스에이치-올리고펩타이드-2,57,
A000000210600,넘버즈인 5번 글루타치온씨 흔적 토닝 레이저 크림,에스에이치-폴리펩타이드-1,58,
A000000210600,넘버즈인 5번 글루타치온씨 흔적 토닝 레이저 크림,에스에이치-폴리펩타이드-10,59,
A000000210600,넘버즈인 5번 글루타치온씨 흔적 토닝 레이저 크림,에스에이치-폴리펩타이드-11,60,
A000000210600,넘버즈인 5번 글루타치온씨 흔적 토닝 레이저 크림,에스에이치-폴리펩타이드-3,61,
A000000210600,넘버즈인 5번 글루타치온씨 흔적 토닝 레이저 크림,에스에이치-폴리펩타이드-59,62,
A000000210600,넘버즈인 5번 글루타치온씨 흔적 토닝 레이저 크림,에스에이치-폴리펩타이드-9,63,
A000000210600,넘버즈인 5번 글루타치온씨 흔적 토닝 레이저 크림,콜레스테롤,64,
A000000210600,넘버즈인 5번 글루타치온씨 흔적 토닝 레이저 크림,아스코빅애씨드,65,
A000000210600,넘버즈인 5번 글루타치온씨 흔적 토닝 레이저 크림,베타-시토스테롤,66,
A000000210600,넘버즈인 5번 글루타치온씨 흔적 토닝 레이저 크림,아스코빌글루코사이드,67,
A000000210600,넘버즈인 5번 글루타치온씨 흔적 토닝 레이저 크림,세라마이드엔피,68,
A000000210600,넘버즈인 5번 글루타치온씨 흔적 토닝 레이저 크림,잔탄검,69,
A000000210600,넘버즈인 5번 글루타치온씨 흔적 토닝 레이저 크림,C12-16알코올,70,
A000000163687,비플레인 시카테롤 크림,정제수,1,
A000000163687,비플레인 시카테롤 크림,프로판다이올,2,
A000000163687,비플레인 시카테롤 크림,글리세린,3,
A000000163687,비플레인 시카테롤 크림,부틸렌글라이콜,4,
A000000163687,비플레인 시카테롤 크림,병풀추출물,5,35000
A000000163687,비플레인 시카테롤 크림,펜타에리스리틸테트라아이소스테아레이트,6,
A000000163687,비플레인 시카테롤 크림,나이아신아마이드,7,
A000000163687,비플레인 시카테롤 크림,코코-카프릴레이트/카프레이트,8,
A000000163687,비플레인 시카테롤 크림,"1,2-헥산다이올",9,
A000000163687,비플레인 시카테롤 크림,아이소노닐아이소노나노에이트,10,
A000000163687,비플레인 시카테롤 크림,암모늄아크릴로일다이메틸타우레이트/브이피코폴리머,11,
A000000163687,비플레인 시카테롤 크림,세테아릴올리베이트,12,
A000000163687,비플레인 시카테롤 크림,솔비탄올리베이트,13,
A000000163687,비플레인 시카테롤 크림,카보머,14,
A000000163687,비플레인 시카테롤 크림,트로메타민,15,
A000000163687,비플레인 시카테롤 크림,판테놀,16,
A000000163687,비플레인 시카테롤 크림,에틸헥실글리세린,17,
A000000163687,비플레인 시카테롤 크림,다이카프릴릴카보네이트,18,
A000000163687,비플레인 시카테롤 크림,알란토인,19,
A000000163687,비플레인 시카테롤 크림,글리세릴아크릴레이트/아크릴릭애씨드코폴리머,20,
A000000163687,비플레인 시카테롤 크림,아데노신,21,
A000000163687,비플레인 시카테롤 크림,베타-시토스테롤,22,
A000000163687,비플레인 시카테롤 크림,글루코오스,23,
A000000163687,비플레인 시카테롤 크림,하이드로제네이티드레시틴,24,
A000000163687,비플레인 시카테롤 크림,펜틸렌글라이콜,25,
A000000163687,비플레인 시카테롤 크림,마데카소사이드,26,
A000000163687,비플레인 시카테롤 크림,백미꽃추출물,27,
A000000163687,비플레인 시카테롤 크림,소듐하이알루로네이트,28,
A000000163687,비플레인 시카테롤 크림,마데카식애씨드,29,
A000000163687,비플레인 시카테롤 크림,아시아티코사이드,30,
A000000163687,비플레인 시카테롤 크림,아시아틱애씨드,31,
A000000248363,지피덤 셀트리온EGF 스킨베리어 인텐시브 크림,정제수,1,
A000000248363,지피덤 셀트리온EGF 스킨베리어 인텐시브 크림,글리세린,2,
A000000248363,지피덤 셀트리온EGF 스킨베리어 인텐시브 크림,망고씨버터,3,
A000000248363,지피덤 셀트리온EGF 스킨베리어 인텐시브 크림,세테아릴알코올,4,
A000000248363,지피덤 셀트리온EGF 스킨베리어 인텐시브 크림,세틸알코올,5,
A000000248363,지피덤 셀트리온EGF 스킨베리어 인텐시브 크림,하이드로제네이티드폴리데센,6,
A000000248363,지피덤 셀트리온EGF 스킨베리어 인텐시브 크림,다이카프릴릴카보네이트,7,
A000000248363,지피덤 셀트리온EGF 스킨베리어 인텐시브 크림,카카오씨버터,8,
A000000248363,지피덤 셀트리온EGF 스킨베리어 인텐시브 크림,폴리글리세릴-3메틸글루코오스다이스테아레이트,9,
A000000248363,지피덤 셀트리온EGF 스킨베리어 인텐시브 크림,나이아신아마이드,10,
A000000248363,지피덤 셀트리온EGF 스킨베리어 인텐시브 크림,세틸에틸헥사노에이트,11,
A000000248363,지피덤 셀트리온EGF 스킨베리어 인텐시브 크림,부틸렌글라이콜,12,
A000000248363,지피덤 셀트리온EGF 스킨베리어 인텐시브 크림,글리세릴스테아레이트,13,
A000000248363,지피덤 셀트리온EGF 스킨베리어 인텐시브 크림,프로판다이올,14,
A000000248363,지피덤 셀트리온EGF 스킨베리어 인텐시브 크림,C12-16알코올,15,
A000000248363,지피덤 셀트리온EGF 스킨베리어 인텐시브 크림,"1,2-헥산다이올",16,
A000000248363,지피덤 셀트리온EGF 스킨베리어 인텐시브 크림,판테놀,17,
A000000248363,지피덤 셀트리온EGF 스킨베리어 인텐시브 크림,라피노오스,18,
A000000248363,지피덤 셀트리온EGF 스킨베리어 인텐시브 크림,팔미틱애씨드,19,
A000000248363,지피덤 셀트리온EGF 스킨베리어 인텐시브 크림,하이드로제네이티드레시틴,20,
A000000248363,지피덤 셀트리온EGF 스킨베리어 인텐시브 크림,암모늄아크릴로일다이메틸타우레이트/브이피코폴리머,21,
A000000248363,지피덤 셀트리온EGF 스킨베리어 인텐시브 크림,글리세릴카프릴레이트,22,
A000000248363,지피덤 셀트리온EGF 스킨베리어 인텐시브 크림,토코페롤,23,
A000000248363,지피덤 셀트리온EGF 스킨베리어 인텐시브 크림,해바라기씨오일,24,
A000000248363,지피덤 셀트리온EGF 스킨베리어 인텐시브 크림,카프릴릭/카프릭트라이글리세라이드,25,
A000000248363,지피덤 셀트리온EGF 스킨베리어 인텐시브 크림,잔탄검,26,
A000000248363,지피덤 셀트리온EGF 스킨베리어 인텐시브 크림,아데노신,27,
A000000248363,지피덤 셀트리온EGF 스킨베리어 인텐시브 크림,캐모마일꽃오일,28,
A000000248363,지피덤 셀트리온EGF 스킨베리어 인텐시브 크림,다이소듐이디티에이,29,
A000000248363,지피덤 셀트리온EGF 스킨베리어 인텐시브 크림,폴리쿼터늄-51,30,
A000000248363,지피덤 셀트리온EGF 스킨베리어 인텐시브 크림,세라마이드엔피,31,
A000000248363,지피덤 셀트리온EGF 스킨베리어 인텐시브 크림,측백나무추출물,32,
A000000248363,지피덤 셀트리온EGF 스킨베리어 인텐시브 크림,옥틸도데칸올,33,
A000000248363,지피덤 셀트리온EGF 스킨베리어 인텐시브 크림,비터오렌지꽃추출물,34,
A000000248363,지피덤 셀트리온EGF 스킨베리어 인텐시브 크림,글리세릴아크릴레이트/아크릴릭애씨드코폴리머,35,
A000000248363,지피덤 셀트리온EGF 스킨베리어 인텐시브 크림,유채스테롤,36,
A000000248363,지피덤 셀트리온EGF 스킨베리어 인텐시브 크림,소듐피씨에이,37,
A000000248363,지피덤 셀트리온EGF 스킨베리어 인텐시브 크림,스테아릭애씨드,38,
A000000248363,지피덤 셀트리온EGF 스킨베리어 인텐시브 크림,올리브오일,39,
A000000248363,지피덤 셀트리온EGF 스킨베리어 인텐시브 크림,벤토나이트,40,
A000000248363,지피덤 셀트리온EGF 스킨베리어 인텐시브 크림,양까막까치밥나무씨오일,41,
A000000248363,지피덤 셀트리온EGF 스킨베리어 인텐시브 크림,사이클로헥실글리세린,42,
A000000248363,지피덤 셀트리온EGF 스킨베리어 인텐시브 크림,리날릴아세테이트,43,
A000000248363,지피덤 셀트리온EGF 스킨베리어 인텐시브 크림,해바라기씨오일불검화물,44,
A000000248363,지피덤 셀트리온EGF 스킨베리어 인텐시브 크림,다이프로필렌글라이콜,45,
A000000248363,지피덤 셀트리온EGF 스킨베리어 인텐시브 크림,올리브오일데실에스터,46,
A000000248363,지피덤 셀트리온EGF 스킨베리어 인텐시브 크림,하이드록시아세토페논,47,
A000000248363,지피덤 셀트리온EGF 스킨베리어 인텐시브 크림,피토스핑고신,48,
A000000248363,지피덤 셀트리온EGF 스킨베리어 인텐시브 크림,시트릭애씨드,49,
A000000248363,지피덤 셀트리온EGF 스킨베리어 인텐시브 크림,다이올레오일피지-트라이모늄클로라이드,50,
A000000248363,지피덤 셀트리온EGF 스킨베리어 인텐시브 크림,풍선덩굴꽃/잎/덩굴추출물,51,
A000000248363,지피덤 셀트리온EGF 스킨베리어 인텐시브 크림,에스에이치-올리고펩타이드-1,52,1
A000000248363,지피덤 셀트리온EGF 스킨베리어 인텐시브 크림,폴리락틱애씨드,53,
A000000248363,지피덤 셀트리온EGF 스킨베리어 인텐시브 크림,폴리글리세릴-10다이아이소스테아레이트,54,
A000000248363,지피덤 셀트리온EGF 스킨베리어 인텐시브 크림,스쿠알란,55,
A000000248363,지피덤 셀트리온EGF 스킨베리어 인텐시브 크림,세라마이드엔에스,56,
A000000248363,지피덤 셀트리온EGF 스킨베리어 인텐시브 크림,콜레스테롤,57,
A000000248363,지피덤 셀트리온EGF 스킨베리어 인텐시브 크림,클로렐라 불가리스추출물,58,
A000000248363,지피덤 셀트리온EGF 스킨베리어 인텐시브 크림,세라마이드에이에스,59,
A000000248363,지피덤 셀트리온EGF 스킨베리어 인텐시브 크림,세라마이드에이피,60,
A000000248363,지피덤 셀트리온EGF 스킨베리어 인텐시브 크림,소듐디엔에이,61,
A000000248363,지피덤 셀트리온EGF 스킨베리어 인텐시브 크림,로즈마리잎추출물,62,
A000000248363,지피덤 셀트리온EGF 스킨베리어 인텐시브 크림,메나다이온,63,
A000000248363,지피덤 셀트리온EGF 스킨베리어 인텐시브 크림,씨솔트,64,
A000000248363,지피덤 셀트리온EGF 스킨베리어 인텐시브 크림,세라마이드이오피,65,
A000000257828,아비브 히알루로닉 붐 크림 워터,정제수,1,
A000000257828,아비브 히알루로닉 붐 크림 워터,글리세린,2,
A000000257828,아비브 히알루로닉 붐 크림 워터,메틸프로판다이올,3,
A000000257828,아비브 히알루로닉 붐 크림 워터,부틸렌글라이콜,4,
A000000257828,아비브 히알루로닉 붐 크림 워터,"1,2-헥산다이올",5,
A000000257828,아비브 히알루로닉 붐 크림 워터,펜틸렌글라이콜,6,
A000000257828,아비브 히알루로닉 붐 크림 워터,다이글리세린,7,
A000000257828,아비브 히알루로닉 붐 크림 워터,글리세릴글루코사이드,8,
A000000257828,아비브 히알루로닉 붐 크림 워터,트레할로오스,9,
A000000257828,아비브 히알루로닉 붐 크림 워터,에틸헥실아이소노나노에이트,10,
A000000257828,아비브 히알루로닉 붐 크림 워터,카보머,11,
A000000257828,아비브 히알루로닉 붐 크림 워터,알지닌,12,
A000000257828,아비브 히알루로닉 붐 크림 워터,옥수수전분,13,
A000000257828,아비브 히알루로닉 붐 크림 워터,암모늄아크릴로일다이메틸타우레이트/브이피코폴리머,14,
A000000257828,아비브 히알루로닉 붐 크림 워터,소듐하이알루로네이트,15,1145
A000000257828,아비브 히알루로닉 붐 크림 워터,하이드록시에틸아크릴레이트/소듐아크릴로일다이메틸타우레이트코폴리머,16,
A000000257828,아비브 히알루로닉 붐 크림 워터,세라마이드엔피,17,
A000000257828,아비브 히알루로닉 붐 크림 워터,에리스리톨,18,
A000000257828,아비브 히알루로닉 붐 크림 워터,스테아릭애씨드,19,
A000000257828,아비브 히알루로닉 붐 크림 워터,에틸헥실글리세린,20,
A000000257828,아비브 히알루로닉 붐 크림 워터,잔탄검,21,
A000000257828,아비브 히알루로닉 붐 크림 워터,셀룰로오스,22,
A000000257828,아비브 히알루로닉 붐 크림 워터,하이드로제네이티드레시틴,23,
A000000257828,아비브 히알루로닉 붐 크림 워터,글루코오스,24,
A000000257828,아비브 히알루로닉 붐 크림 워터,소듐파이테이트,25,
A000000257828,아비브 히알루로닉 붐 크림 워터,피브이엠/엠에이코폴리머,26,
A000000257828,아비브 히알루로닉 붐 크림 워터,알란토인,27,
A000000257828,아비브 히알루로닉 붐 크림 워터,덱스트린,28,
A000000257828,아비브 히알루로닉 붐 크림 워터,하이알루로닉애씨드/폴리아이소프로필아크릴아마이드코폴리머,29,20
A000000257828,아비브 히알루로닉 붐 크림 워터,치자추출물,30,
A000000257828,아비브 히알루로닉 붐 크림 워터,아세틸글루코사민,31,
A000000257828,아비브 히알루로닉 붐 크림 워터,엑토인,32,
A000000257828,아비브 히알루로닉 붐 크림 워터,판테놀,33,
A000000257828,아비브 히알루로닉 붐 크림 워터,자일로글루칸,34,
A000000257828,아비브 히알루로닉 붐 크림 워터,토코페롤,35,
A000000257828,아비브 히알루로닉 붐 크림 워터,수용성콜라겐,36,
A000000173180,비욘드 엔젤아쿠아 보습장벽크림,정제수,1,
A000000173180,비욘드 엔젤아쿠아 보습장벽크림,글리세린,2,
A000000173180,비욘드 엔젤아쿠아 보습장벽크림,부틸렌글라이콜,3,
A000000173180,비욘드 엔젤아쿠아 보습장벽크림,카프릴릭/카프릭트라이글리세라이드,4,
A000000173180,비욘드 엔젤아쿠아 보습장벽크림,하이드로제네이티드폴리데센,5,
A000000173180,비욘드 엔젤아쿠아 보습장벽크림,판테놀,6,
A000000173180,비욘드 엔젤아쿠아 보습장벽크림,펜타에리스리틸테트라에틸헥사노에이트,7,
A000000173180,비욘드 엔젤아쿠아 보습장벽크림,글리세릴스테아레이트,8,
A000000173180,비욘드 엔젤아쿠아 보습장벽크림,"1,2-헥산다이올",9,
A000000173180,비욘드 엔젤아쿠아 보습장벽크림,다이카프릴릴에터,10,
A000000173180,비욘드 엔젤아쿠아 보습장벽크림,세테아릴알코올,11,
A000000173180,비욘드 엔젤아쿠아 보습장벽크림,시어버터,12,
A000000173180,비욘드 엔젤아쿠아 보습장벽크림,나이아신아마이드,13,
A000000173180,비욘드 엔젤아쿠아 보습장벽크림,올리브오일,14,
A000000173180,비욘드 엔젤아쿠아 보습장벽크림,알란토인,15,
A000000173180,비욘드 엔젤아쿠아 보습장벽크림,트레할로오스,16,
A000000173180,비욘드 엔젤아쿠아 보습장벽크림,병풀추출물,17,
A000000173180,비욘드 엔젤아쿠아 보습장벽크림,녹차추출물,18,
A000000173180,비욘드 엔젤아쿠아 보습장벽크림,호장근뿌리추출물,19,
A000000173180,비욘드 엔젤아쿠아 보습장벽크림,황금추출물,20,
A000000173180,비욘드 엔젤아쿠아 보습장벽크림,개똥쑥추출물,21,
A000000173180,비욘드 엔젤아쿠아 보습장벽크림,님잎추출물,22,
A000000173180,비욘드 엔젤아쿠아 보습장벽크림,전호추출물,23,
A000000173180,비욘드 엔젤아쿠아 보습장벽크림,스페인감초뿌리추출물,24,
A000000173180,비욘드 엔젤아쿠아 보습장벽크림,마데카소사이드,25,
A000000173180,비욘드 엔젤아쿠아 보습장벽크림,포도덩굴수액,26,
A000000173180,비욘드 엔젤아쿠아 보습장벽크림,토코페롤,27,
A000000173180,비욘드 엔젤아쿠아 보습장벽크림,마트리카리아꽃추출물,28,
A000000173180,비욘드 엔젤아쿠아 보습장벽크림,로즈마리잎추출물,29,
A000000173180,비욘드 엔젤아쿠아 보습장벽크림,가시대나무수액,30,
A000000173180,비욘드 엔젤아쿠아 보습장벽크림,자작나무수액,31,
A000000173180,비욘드 엔젤아쿠아 보습장벽크림,하늘타리뿌리추출물,32,
A000000173180,비욘드 엔젤아쿠아 보습장벽크림,하이드롤라이즈드소듐하이알루로네이트,33,
A000000173180,비욘드 엔젤아쿠아 보습장벽크림,하이드롤라이즈드하이알루로닉애씨드,34,
A000000173180,비욘드 엔젤아쿠아 보습장벽크림,하이드록시프로필트라이모늄하이알루로네이트,35,
A000000173180,비욘드 엔젤아쿠아 보습장벽크림,소듐하이알루로네이트크로스폴리머,36,
A000000173180,비욘드 엔젤아쿠아 보습장벽크림,소듐하이알루로네이트,37,
A000000173180,비욘드 엔젤아쿠아 보습장벽크림,수용성프로테오글리칸,38,
A000000173180,비욘드 엔젤아쿠아 보습장벽크림,세테아릴올리베이트,39,
A000000173180,비욘드 엔젤아쿠아 보습장벽크림,다이메티콘,40,
A000000173180,비욘드 엔젤아쿠아 보습장벽크림,솔비탄올리베이트,41,
A000000173180,비욘드 엔젤아쿠아 보습장벽크림,암모늄아크릴로일다이메틸타우레이트/브이피코폴리머,42,
A000000173180,비욘드 엔젤아쿠아 보습장벽크림,스테아릭애씨드,43,
A000000173180,비욘드 엔젤아쿠아 보습장벽크림,아크릴레이트/C10-30알킬아크릴레이트크로스폴리머,44,
A000000173180,비욘드 엔젤아쿠아 보습장벽크림,세틸알코올,45,
A000000173180,비욘드 엔젤아쿠아 보습장벽크림,트로메타민,46,
A000000173180,비욘드 엔젤아쿠아 보습장벽크림,수크로오스스테아레이트,47,
A000000173180,비욘드 엔젤아쿠아 보습장벽크림,수크로오스트라이스테아레이트,48,
A000000173180,비욘드 엔젤아쿠아 보습장벽크림,트라이소듐이디티에이,49,
A000000173180,비욘드 엔젤아쿠아 보습장벽크림,폴리쿼터늄-51,50,
A000000173180,비욘드 엔젤아쿠아 보습장벽크림,펜틸렌글라이콜,51,
A000000173180,비욘드 엔젤아쿠아 보습장벽크림,에틸헥실글리세린,52,
A000000250106,이지듀 EGFx 다운타임 오인트 겔,정제수,1,
A000000250106,이지듀 EGFx 다운타임 오인트 겔,글리세린,2,
A000000250106,이지듀 EGFx 다운타임 오인트 겔,다이프로필렌글라이콜,3,
A000000250106,이지듀 EGFx 다운타임 오인트 겔,비닐다이메티콘,4,
A000000250106,이지듀 EGFx 다운타임 오인트 겔,다이카프릴릴에터,5,
A000000250106,이지듀 EGFx 다운타임 오인트 겔,다이메티콘,6,
A000000250106,이지듀 EGFx 다운타임 오인트 겔,세틸알코올,7,
A000000250106,이지듀 EGFx 다운타임 오인트 겔,나이아신아마이드,8,
A000000250106,이지듀 EGFx 다운타임 오인트 겔,스트렙토코쿠스테르모필루스발효추출여과물,9,
A000000250106,이지듀 EGFx 다운타임 오인트 겔,메틸프로판다이올,10,
A000000250106,이지듀 EGFx 다운타임 오인트 겔,백미꽃추출물,11,
A000000250106,이지듀 EGFx 다운타임 오인트 겔,접시꽃추출물,12,
A000000250106,이지듀 EGFx 다운타임 오인트 겔,하이드롤라이즈드콜라겐,13,
A000000250106,이지듀 EGFx 다운타임 오인트 겔,하이드롤라이즈드하이알루로닉애씨드,14,
A000000250106,이지듀 EGFx 다운타임 오인트 겔,판테놀,15,
A000000250106,이지듀 EGFx 다운타임 오인트 겔,펜틸렌글라이콜,16,
A000000250106,이지듀 EGFx 다운타임 오인트 겔,암모늄아크릴로일다이메틸타우레이트/브이피코폴리머,17,
A000000250106,이지듀 EGFx 다운타임 오인트 겔,글리세릴스테아레이트,18,
A000000250106,이지듀 EGFx 다운타임 오인트 겔,피이지-100스테아레이트,19,
A000000250106,이지듀 EGFx 다운타임 오인트 겔,다이메티콘올,20,
A000000250106,이지듀 EGFx 다운타임 오인트 겔,다이펜타에리스리틸헥사하이드록시스테아레이트/헥사스테아레이트/헥사로지네이트,21,
A000000250106,이지듀 EGFx 다운타임 오인트 겔,실리카,22,
A000000250106,이지듀 EGFx 다운타임 오인트 겔,카프릴릭/카프릭트라이글리세라이드,23,
A000000250106,이지듀 EGFx 다운타임 오인트 겔,세테아릴올리베이트,24,
A000000250106,이지듀 EGFx 다운타임 오인트 겔,하이드록시아세토페논,25,
A000000250106,이지듀 EGFx 다운타임 오인트 겔,팔미틱애씨드,26,
A000000250106,이지듀 EGFx 다운타임 오인트 겔,스테아릭애씨드,27,
A000000250106,이지듀 EGFx 다운타임 오인트 겔,솔비탄올리베이트,28,
A000000250106,이지듀 EGFx 다운타임 오인트 겔,"1,2-헥산다이올",29,
A000000250106,이지듀 EGFx 다운타임 오인트 겔,C12-20알킬글루코사이드,30,
A000000250106,이지듀 EGFx 다운타임 오인트 겔,하이드로제네이티드레시틴,31,
A000000250106,이지듀 EGFx 다운타임 오인트 겔,에틸헥실글리세린,32,
A000000250106,이지듀 EGFx 다운타임 오인트 겔,아데노신,33,
A000000250106,이지듀 EGFx 다운타임 오인트 겔,시트릭애씨드,34,
A000000250106,이지듀 EGFx 다운타임 오인트 겔,부틸렌글라이콜,35,
A000000250106,이지듀 EGFx 다운타임 오인트 겔,소듐스테아로일글루타메이트,36,
A000000250106,이지듀 EGFx 다운타임 오인트 겔,소듐아스코빌포스페이트,37,
A000000250106,이지듀 EGFx 다운타임 오인트 겔,토코페롤,38,
A000000250106,이지듀 EGFx 다운타임 오인트 겔,에스에이치-올리고펩타이드-1,39,10
A000000250106,이지듀 EGFx 다운타임 오인트 겔,니코틴아마이드아데닌다이뉴클레오타이드,40,
A000000250106,이지듀 EGFx 다운타임 오인트 겔,소듐클로라이드,41,
A000000250106,이지듀 EGFx 다운타임 오인트 겔,소듐락테이트,42,
A000000250106,이지듀 EGFx 다운타임 오인트 겔,하이드롤라이즈드엘라스틴,43,
A000000250106,이지듀 EGFx 다운타임 오인트 겔,프로판다이올,44,
A000000250106,이지듀 EGFx 다운타임 오인트 겔,포타슘클로라이드,45,
A000000250106,이지듀 EGFx 다운타임 오인트 겔,칼슘클로라이드,46,
A000000250106,이지듀 EGFx 다운타임 오인트 겔,마그네슘클로라이드,47,
A000000250106,이지듀 EGFx 다운타임 오인트 겔,폴리글리세릴-10올리에이트,48,
A000000250106,이지듀 EGFx 다운타임 오인트 겔,라우로일라이신,49,
A000000250106,이지듀 EGFx 다운타임 오인트 겔,세라마이드엔피,50,
A000000250106,이지듀 EGFx 다운타임 오인트 겔,니코틴아마이드모노뉴클레오타이드,51,
A000000250106,이지듀 EGFx 다운타임 오인트 겔,콜레스테롤,52,
A000000250106,이지듀 EGFx 다운타임 오인트 겔,아데노신트라이포스페이트,53,
A000000250106,이지듀 EGFx 다운타임 오인트 겔,메틸글루카민,54,
A000000250106,이지듀 EGFx 다운타임 오인트 겔,에탄올,55,
A000000250106,이지듀 EGFx 다운타임 오인트 겔,C14-22알코올,56,
A000000250106,이지듀 EGFx 다운타임 오인트 겔,잔탄검,57,
A000000250106,이지듀 EGFx 다운타임 오인트 겔,다이소듐이디티에이,58,
A000000206212,메디큐브 제로 모공 원데이 크림,정제수,1,
A000000206212,메디큐브 제로 모공 원데이 크림,판테놀,2,
A000000206212,메디큐브 제로 모공 원데이 크림,부틸렌글라이콜,3,
A000000206212,메디큐브 제로 모공 원데이 크림,프로판다이올,4,
A000000206212,메디큐브 제로 모공 원데이 크림,세틸에틸헥사노에이트,5,
A000000206212,메디큐브 제로 모공 원데이 크림,옥틸도데칸올,6,
A000000206212,메디큐브 제로 모공 원데이 크림,나이아신아마이드,7,
A000000206212,메디큐브 제로 모공 원데이 크림,아이소헥사데칸,8,
A000000206212,메디큐브 제로 모공 원데이 크림,아이소도데케인,9,
A000000206212,메디큐브 제로 모공 원데이 크림,글리세릴스테아레이트,10,
A000000206212,메디큐브 제로 모공 원데이 크림,폴리글리세릴-3다이스테아레이트,11,
A000000206212,메디큐브 제로 모공 원데이 크림,"1,2-헥산다이올",12,
A000000206212,메디큐브 제로 모공 원데이 크림,하이드로제네이티드폴리(C6-14올레핀),13,
A000000206212,메디큐브 제로 모공 원데이 크림,다이메티콘,14,
A000000206212,메디큐브 제로 모공 원데이 크림,사이클로펜타실록세인,15,
A000000206212,메디큐브 제로 모공 원데이 크림,세테아릴올리베이트,16,
A000000206212,메디큐브 제로 모공 원데이 크림,솔비탄올리베이트,17,
A000000206212,메디큐브 제로 모공 원데이 크림,스테아릴알코올,18,
A000000206212,메디큐브 제로 모공 원데이 크림,다이메틸설폰,19,
A000000206212,메디큐브 제로 모공 원데이 크림,세틸알코올,20,
A000000206212,메디큐브 제로 모공 원데이 크림,폴리아크릴레이트-13,21,
A000000206212,메디큐브 제로 모공 원데이 크림,소듐폴리아크릴로일다이메틸타우레이트,22,
A000000206212,메디큐브 제로 모공 원데이 크림,소듐스테아로일글루타메이트,23,
A000000206212,메디큐브 제로 모공 원데이 크림,하이드로제네이티드폴리아이소부텐,24,
A000000206212,메디큐브 제로 모공 원데이 크림,글리세릴스테아레이트시트레이트,25,
A000000206212,메디큐브 제로 모공 원데이 크림,살리실릭애씨드,26,
A000000206212,메디큐브 제로 모공 원데이 크림,에틸헥실글리세린,27,
A000000206212,메디큐브 제로 모공 원데이 크림,알란토인,28,
A000000206212,메디큐브 제로 모공 원데이 크림,폴리글리세릴-10라우레이트,29,
A000000206212,메디큐브 제로 모공 원데이 크림,에틸헥실팔미테이트,30,
A000000206212,메디큐브 제로 모공 원데이 크림,아데노신,31,
A000000206212,메디큐브 제로 모공 원데이 크림,덱스트린,32,
A000000206212,메디큐브 제로 모공 원데이 크림,솔비탄아이소스테아레이트,33,
A000000206212,메디큐브 제로 모공 원데이 크림,트로메타민,34,
A000000206212,메디큐브 제로 모공 원데이 크림,베타-글루칸,35,
A000000206212,메디큐브 제로 모공 원데이 크림,소듐하이알루로네이트,36,
A000000206212,메디큐브 제로 모공 원데이 크림,글리세린,37,
A000000206212,메디큐브 제로 모공 원데이 크림,소듐시트레이트,38,
A000000206212,메디큐브 제로 모공 원데이 크림,치자추출물,39,
A000000206212,메디큐브 제로 모공 원데이 크림,미리스틸알코올,40,
A000000206212,메디큐브 제로 모공 원데이 크림,트라이소듐포스페이트,41,
A000000206212,메디큐브 제로 모공 원데이 크림,하이알루로닉애씨드,42,
A000000206212,메디큐브 제로 모공 원데이 크림,풀루란,43,
A000000206212,메디큐브 제로 모공 원데이 크림,라우릴알코올,44,
A000000206212,메디큐브 제로 모공 원데이 크림,포도추출물,45,
A000000206212,메디큐브 제로 모공 원데이 크림,당느릅나무뿌리추출물,46,
A000000206212,메디큐브 제로 모공 원데이 크림,칡뿌리추출물,47,
A000000206212,메디큐브 제로 모공 원데이 크림,대왕송잎추출물,48,
A000000206212,메디큐브 제로 모공 원데이 크림,달맞이꽃추출물,49,
A000000206212,메디큐브 제로 모공 원데이 크림,감추출물,50,
A000000206212,메디큐브 제로 모공 원데이 크림,밤껍질추출물,51,
A000000206212,메디큐브 제로 모공 원데이 크림,녹차추출물,52,
A000000206212,메디큐브 제로 모공 원데이 크림,소듐하이알루로네이트크로스폴리머,53,
A000000206212,메디큐브 제로 모공 원데이 크림,하이드롤라이즈드소듐하이알루로네이트,54,
A000000206212,메디큐브 제로 모공 원데이 크림,하이드롤라이즈드하이알루로닉애씨드,55,
A000000206212,메디큐브 제로 모공 원데이 크림,팔미토일트라이펩타이드-5,56,
A000000206212,메디큐브 제로 모공 원데이 크림,소듐아세틸레이티드하이알루로네이트,57,
A000000206212,메디큐브 제로 모공 원데이 크림,하이드록시프로필트라이모늄하이알루로네이트,58,
A000000206212,메디큐브 제로 모공 원데이 크림,하이드록시신나믹애씨드,59,
A000000206212,메디큐브 제로 모공 원데이 크림,루틴,60,
A000000206212,메디큐브 제로 모공 원데이 크림,향료,61,
A000000236996,샤이샤이샤이 리포좀 리페어 밀키 크림,정제수,1,
A000000236996,샤이샤이샤이 리포좀 리페어 밀키 크림,사이클로펜타실록세인,2,
A000000236996,샤이샤이샤이 리포좀 리페어 밀키 크림,프로필렌글라이콜다이카프릴레이트/다이카프레이트,3,
A000000236996,샤이샤이샤이 리포좀 리페어 밀키 크림,카프릴릭/카프릭트라이글리세라이드,4,
A000000236996,샤이샤이샤이 리포좀 리페어 밀키 크림,우레아,5,
A000000236996,샤이샤이샤이 리포좀 리페어 밀키 크림,다이-C12-13알킬말레이트,6,
A000000236996,샤이샤이샤이 리포좀 리페어 밀키 크림,다이아이소스테아릴말레이트,7,
A000000236996,샤이샤이샤이 리포좀 리페어 밀키 크림,글리세린,8,
A000000236996,샤이샤이샤이 리포좀 리페어 밀키 크림,다이프로필렌글라이콜,9,
A000000236996,샤이샤이샤이 리포좀 리페어 밀키 크림,부틸렌글라이콜,10,
A000000236996,샤이샤이샤이 리포좀 리페어 밀키 크림,다이메티콘,11,
A000000236996,샤이샤이샤이 리포좀 리페어 밀키 크림,폴리글리세릴-6폴리리시놀리에이트,12,
A000000236996,샤이샤이샤이 리포좀 리페어 밀키 크림,피이지-10다이메티콘,13,
A000000236996,샤이샤이샤이 리포좀 리페어 밀키 크림,사이클로헥사실록세인,14,
A000000236996,샤이샤이샤이 리포좀 리페어 밀키 크림,아데노신,15,
A000000236996,샤이샤이샤이 리포좀 리페어 밀키 크림,아세틸헥사펩타이드-8,16,
A000000236996,샤이샤이샤이 리포좀 리페어 밀키 크림,카퍼트라이펩타이드-1,17,
A000000236996,샤이샤이샤이 리포좀 리페어 밀키 크림,세라마이드엔피,18,
A000000236996,샤이샤이샤이 리포좀 리페어 밀키 크림,판테놀,19,
A000000236996,샤이샤이샤이 리포좀 리페어 밀키 크림,포도세포추출물,20,
A000000236996,샤이샤이샤이 리포좀 리페어 밀키 크림,트루로즈오브예리코추출물,21,
A000000236996,샤이샤이샤이 리포좀 리페어 밀키 크림,페룰릭애씨드,22,
A000000236996,샤이샤이샤이 리포좀 리페어 밀키 크림,녹두씨추출물,23,
A000000236996,샤이샤이샤이 리포좀 리페어 밀키 크림,베타-글루칸,24,
A000000236996,샤이샤이샤이 리포좀 리페어 밀키 크림,토코페롤,25,
A000000236996,샤이샤이샤이 리포좀 리페어 밀키 크림,글리세릴글루코사이드,26,
A000000236996,샤이샤이샤이 리포좀 리페어 밀키 크림,글루코오스,27,
A000000236996,샤이샤이샤이 리포좀 리페어 밀키 크림,에틸헥실글리세린,28,
A000000236996,샤이샤이샤이 리포좀 리페어 밀키 크림,소리쟁이뿌리추출물,29,
A000000236996,샤이샤이샤이 리포좀 리페어 밀키 크림,시어버터,30,
A000000236996,샤이샤이샤이 리포좀 리페어 밀키 크림,자작나무껍질추출물,31,
A000000236996,샤이샤이샤이 리포좀 리페어 밀키 크림,자몽추출물,32,
A000000236996,샤이샤이샤이 리포좀 리페어 밀키 크림,소듐클로라이드,33,
A000000236996,샤이샤이샤이 리포좀 리페어 밀키 크림,트라이-C14-15알킬시트레이트,34,
A000000236996,샤이샤이샤이 리포좀 리페어 밀키 크림,프로필렌카보네이트,35,
A000000236996,샤이샤이샤이 리포좀 리페어 밀키 크림,하이드로제네이티드레시틴,36,
A000000236996,샤이샤이샤이 리포좀 리페어 밀키 크림,레시틴,37,
A000000236996,샤이샤이샤이 리포좀 리페어 밀키 크림,다이소듐이디티에이,38,
A000000236996,샤이샤이샤이 리포좀 리페어 밀키 크림,"1,2-헥산다이올",39,
A000000236996,샤이샤이샤이 리포좀 리페어 밀키 크림,카프릴하이드록사믹애씨드,40,
A000000236996,샤이샤이샤이 리포좀 리페어 밀키 크림,다이스테아다이모늄헥토라이트,41,
A000000236996,샤이샤이샤이 리포좀 리페어 밀키 크림,향료,42,
A000000236996,샤이샤이샤이 리포좀 리페어 밀키 크림,벤질벤조에이트,43,
A000000236996,샤이샤이샤이 리포좀 리페어 밀키 크림,헥실신남알,44,
A000000236996,샤이샤이샤이 리포좀 리페어 밀키 크림,부틸페닐메틸프로피오날,45,
A000000236996,샤이샤이샤이 리포좀 리페어 밀키 크림,리날룰,46,
A000000217355,스킨앤랩 베리어덤 인텐시브 크림,정제수,1,
A000000217355,스킨앤랩 베리어덤 인텐시브 크림,글리세린,2,
A000000217355,스킨앤랩 베리어덤 인텐시브 크림,부틸렌글라이콜,3,
A000000217355,스킨앤랩 베리어덤 인텐시브 크림,세틸에틸헥사노에이트,4,
A000000217355,스킨앤랩 베리어덤 인텐시브 크림,사이클로펜타실록세인,5,
A000000217355,스킨앤랩 베리어덤 인텐시브 크림,하이드로제네이티드폴리(C6-14올레핀),6,
A000000217355,스킨앤랩 베리어덤 인텐시브 크림,펜타에리스리틸테트라에틸헥사노에이트,7,
A000000217355,스킨앤랩 베리어덤 인텐시브 크림,다이메티콘,8,
A000000217355,스킨앤랩 베리어덤 인텐시브 크림,스쿠알란,9,
A000000217355,스킨앤랩 베리어덤 인텐시브 크림,"1,2-헥산다이올",10,
A000000217355,스킨앤랩 베리어덤 인텐시브 크림,폴리글리세릴-3메틸글루코오스다이스테아레이트,11,
A000000217355,스킨앤랩 베리어덤 인텐시브 크림,펜틸렌글라이콜,12,
A000000217355,스킨앤랩 베리어덤 인텐시브 크림,하이드로제네이티드식물성오일,13,
A000000217355,스킨앤랩 베리어덤 인텐시브 크림,카나우바왁스,14,
A000000217355,스킨앤랩 베리어덤 인텐시브 크림,하이드로제네이티드올리브오일라우릴에스터,15,
A000000217355,스킨앤랩 베리어덤 인텐시브 크림,라벤더오일,16,
A000000217355,스킨앤랩 베리어덤 인텐시브 크림,로즈마리잎오일,17,
A000000217355,스킨앤랩 베리어덤 인텐시브 크림,소듐하이알루로네이트,18,
A000000217355,스킨앤랩 베리어덤 인텐시브 크림,글리세릴스테아레이트,19,
A000000217355,스킨앤랩 베리어덤 인텐시브 크림,덱스판테놀,20,
A000000217355,스킨앤랩 베리어덤 인텐시브 크림,폴리메틸실세스퀴옥세인,21,
A000000217355,스킨앤랩 베리어덤 인텐시브 크림,하이드록시에틸아크릴레이트/소듐아크릴로일다이메틸타우레이트코폴리머,22,
A000000217355,스킨앤랩 베리어덤 인텐시브 크림,만니톨,23,
A000000217355,스킨앤랩 베리어덤 인텐시브 크림,글리세릴아라키도네이트,24,
A000000217355,스킨앤랩 베리어덤 인텐시브 크림,글리세릴리놀리에이트,25,
A000000217355,스킨앤랩 베리어덤 인텐시브 크림,글리세릴리놀리네이트,26,
A000000217355,스킨앤랩 베리어덤 인텐시브 크림,아라키딜글루코사이드,27,
A000000217355,스킨앤랩 베리어덤 인텐시브 크림,세테아릴글루코사이드,28,
A000000217355,스킨앤랩 베리어덤 인텐시브 크림,에틸헥실글리세린,29,
A000000217355,스킨앤랩 베리어덤 인텐시브 크림,다이포타슘글리시리제이트,30,
A000000217355,스킨앤랩 베리어덤 인텐시브 크림,세린,31,
A000000217355,스킨앤랩 베리어덤 인텐시브 크림,글라이신,32,
A000000217355,스킨앤랩 베리어덤 인텐시브 크림,레시틴,33,
A000000217355,스킨앤랩 베리어덤 인텐시브 크림,소듐파이테이트,34,
A000000217355,스킨앤랩 베리어덤 인텐시브 크림,알지닌,35,
A000000217355,스킨앤랩 베리어덤 인텐시브 크림,히스티딘,36,
A000000217355,스킨앤랩 베리어덤 인텐시브 크림,하이드로제네이티드레시틴,37,
A000000217355,스킨앤랩 베리어덤 인텐시브 크림,카프릴릴글라이콜,38,
A000000217355,스킨앤랩 베리어덤 인텐시브 크림,글루코오스,39,
A000000217355,스킨앤랩 베리어덤 인텐시브 크림,베타-글루칸,40,
A000000217355,스킨앤랩 베리어덤 인텐시브 크림,카프릴릭/카프릭트라이글리세라이드,41,
A000000217355,스킨앤랩 베리어덤 인텐시브 크림,소듐폴리아크릴레이트,42,
A000000217355,스킨앤랩 베리어덤 인텐시브 크림,아이소트라이데실아이소노나노에이트,43,
A000000217355,스킨앤랩 베리어덤 인텐시브 크림,세라마이드엔피,44,
A000000217355,스킨앤랩 베리어덤 인텐시브 크림,다이프로필렌글라이콜,45,
A000000217355,스킨앤랩 베리어덤 인텐시브 크림,토코페롤,46,
A000000217355,스킨앤랩 베리어덤 인텐시브 크림,트라이데세스-6,47,
A000000217355,스킨앤랩 베리어덤 인텐시브 크림,카프릴릴/카프릴글루코사이드,48,
A000000217355,스킨앤랩 베리어덤 인텐시브 크림,스테아릴알코올,49,
A000000217355,스킨앤랩 베리어덤 인텐시브 크림,아라키딜알코올,50,
A000000217355,스킨앤랩 베리어덤 인텐시브 크림,세틸알코올,51,
A000000217355,스킨앤랩 베리어덤 인텐시브 크림,세테아릴알코올,52,
A000000217355,스킨앤랩 베리어덤 인텐시브 크림,베헤닐알코올,53,
A000000217355,스킨앤랩 베리어덤 인텐시브 크림,잔탄검,54,
A000000217355,스킨앤랩 베리어덤 인텐시브 크림,미리스틸알코올,55,
A000000217355,스킨앤랩 베리어덤 인텐시브 크림,라우릴알코올,56,
A000000163496,라운드랩 포 맨 자작나무 수분 크림,정제수,1,
A000000163496,라운드랩 포 맨 자작나무 수분 크림,부틸렌글라이콜,2,
A000000163496,라운드랩 포 맨 자작나무 수분 크림,다이프로필렌글라이콜,3,
A000000163496,라운드랩 포 맨 자작나무 수분 크림,글리세린,4,
A000000163496,라운드랩 포 맨 자작나무 수분 크림,페닐트라이메티콘,5,
A000000163496,라운드랩 포 맨 자작나무 수분 크림,"1,2-헥산다이올",6,
A000000163496,라운드랩 포 맨 자작나무 수분 크림,자작나무수액,7,11964
A000000163496,라운드랩 포 맨 자작나무 수분 크림,다이카프릴릴카보네이트,8,
A000000163496,라운드랩 포 맨 자작나무 수분 크림,폴리글리세릴-3메틸글루코오스다이스테아레이트,9,
A000000163496,라운드랩 포 맨 자작나무 수분 크림,글리세릴글루코사이드,10,
A000000163496,라운드랩 포 맨 자작나무 수분 크림,다이포타슘글리시리제이트,11,
A000000163496,라운드랩 포 맨 자작나무 수분 크림,알란토인,12,
A000000163496,라운드랩 포 맨 자작나무 수분 크림,쇠비름추출물,13,
A000000163496,라운드랩 포 맨 자작나무 수분 크림,소듐하이알루로네이트,14,
A000000163496,라운드랩 포 맨 자작나무 수분 크림,하이알루로닉애씨드,15,
A000000163496,라운드랩 포 맨 자작나무 수분 크림,아스코빅애씨드,16,
A000000163496,라운드랩 포 맨 자작나무 수분 크림,포도추출물,17,
A000000163496,라운드랩 포 맨 자작나무 수분 크림,감나무잎추출물,18,
A000000163496,라운드랩 포 맨 자작나무 수분 크림,호장근뿌리추출물,19,
A000000163496,라운드랩 포 맨 자작나무 수분 크림,잇꽃꽃추출물,20,
A000000163496,라운드랩 포 맨 자작나무 수분 크림,커피콩추출물,21,
A000000163496,라운드랩 포 맨 자작나무 수분 크림,녹차추출물,22,
A000000163496,라운드랩 포 맨 자작나무 수분 크림,초피나무열매추출물,23,
A000000163496,라운드랩 포 맨 자작나무 수분 크림,밤껍질추출물,24,
A000000163496,라운드랩 포 맨 자작나무 수분 크림,베타인,25,
A000000163496,라운드랩 포 맨 자작나무 수분 크림,토코페롤,26,
A000000163496,라운드랩 포 맨 자작나무 수분 크림,카프릴릴메티콘,27,
A000000163496,라운드랩 포 맨 자작나무 수분 크림,에틸헥실글리세린,28,
A000000163496,라운드랩 포 맨 자작나무 수분 크림,암모늄아크릴로일다이메틸타우레이트/브이피코폴리머,29,
A000000163496,라운드랩 포 맨 자작나무 수분 크림,하이드록시에틸아크릴레이트/소듐아크릴로일다이메틸타우레이트코폴리머,30,
A000000163496,라운드랩 포 맨 자작나무 수분 크림,하이드로제네이티드레시틴,31,
A000000163496,라운드랩 포 맨 자작나무 수분 크림,C30-45알킬세테아릴다이메티콘크로스폴리머,32,
A000000163496,라운드랩 포 맨 자작나무 수분 크림,소듐폴리아크릴레이트,33,
A000000163496,라운드랩 포 맨 자작나무 수분 크림,폴리쿼터늄-51,34,
A000000163496,라운드랩 포 맨 자작나무 수분 크림,솔비탄아이소스테아레이트,35,
A000000163496,라운드랩 포 맨 자작나무 수분 크림,덱스트린,36,
A000000163496,라운드랩 포 맨 자작나무 수분 크림,글리세릴카프릴레이트,37,
A000000163496,라운드랩 포 맨 자작나무 수분 크림,치자추출물,38,
A000000163496,라운드랩 포 맨 자작나무 수분 크림,C12-16알코올,39,
A000000163496,라운드랩 포 맨 자작나무 수분 크림,팔미틱애씨드,40,
A000000163496,라운드랩 포 맨 자작나무 수분 크림,다이소듐이디티에이,41,
A000000149717,바이오더마 세비엄 센서티브,정제수,1,
A000000149717,바이오더마 세비엄 센서티브,글리세린,2,
A000000149717,바이오더마 세비엄 센서티브,메틸메타크릴레이트크로스폴리머,3,
A000000149717,바이오더마 세비엄 센서티브,다이프로필렌글라이콜,4,
A000000149717,바이오더마 세비엄 센서티브,징크글루코네이트,5,
A000000149717,바이오더마 세비엄 센서티브,코코-카프릴레이트/카프레이트,6,
A000000149717,바이오더마 세비엄 센서티브,비닐다이메티콘/메티콘실세스퀴옥세인크로스폴리머,7,
A000000149717,바이오더마 세비엄 센서티브,카프릴릭/카프릭트라이글리세라이드,8,
A000000149717,바이오더마 세비엄 센서티브,아라키딜알코올,9,
A000000149717,바이오더마 세비엄 센서티브,베헤닐알코올,10,
A000000149717,바이오더마 세비엄 센서티브,폴리아크릴레이트크로스폴리머-6,11,
A000000149717,바이오더마 세비엄 센서티브,소듐폴리아크릴레이트,12,
A000000149717,바이오더마 세비엄 센서티브,글리시레티닉애씨드,13,
A000000149717,바이오더마 세비엄 센서티브,프로필렌글라이콜,14,
A000000149717,바이오더마 세비엄 센서티브,아라키딜글루코사이드,15,
A000000149717,바이오더마 세비엄 센서티브,바쿠치올,16,
A000000149717,바이오더마 세비엄 센서티브,라미나리아 오크롤레우카추출물,17,
A000000149717,바이오더마 세비엄 센서티브,만니톨,18,
A000000149717,바이오더마 세비엄 센서티브,자일리톨,19,
A000000149717,바이오더마 세비엄 센서티브,소듐메타바이설파이트,20,
A000000149717,바이오더마 세비엄 센서티브,람노오스,21,
A000000149717,바이오더마 세비엄 센서티브,은행나무잎추출물,22,
A000000149717,바이오더마 세비엄 센서티브,토코페롤,23,
A000000149717,바이오더마 세비엄 센서티브,프룩토올리고사카라이드,24,
A000000149717,바이오더마 세비엄 센서티브,향료,25,
A000000241952,세타필 시카 세라 장벽 크림,정제수,1,
A000000241952,세타필 시카 세라 장벽 크림,카프릴릭/카프릭트라이글리세라이드,2,
A000000241952,세타필 시카 세라 장벽 크림,글리세린,3,
A000000241952,세타필 시카 세라 장벽 크림,프로판다이올,4,
A000000241952,세타필 시카 세라 장벽 크림,해바라기씨오일,5,
A000000241952,세타필 시카 세라 장벽 크림,펜틸렌글라이콜,6,
A000000241952,세타필 시카 세라 장벽 크림,다이메티콘,7,
A000000241952,세타필 시카 세라 장벽 크림,시어버터,8,
A000000241952,세타필 시카 세라 장벽 크림,세테아릴알코올,9,
A000000241952,세타필 시카 세라 장벽 크림,베헤닐알코올,10,
A000000241952,세타필 시카 세라 장벽 크림,글리세릴스테아레이트,11,
A000000241952,세타필 시카 세라 장벽 크림,토코페릴아세테이트,12,
A000000241952,세타필 시카 세라 장벽 크림,세틸알코올,13,
A000000241952,세타필 시카 세라 장벽 크림,나이아신아마이드,14,
A000000241952,세타필 시카 세라 장벽 크림,글리세릴스테아레이트시트레이트,15,
A000000241952,세타필 시카 세라 장벽 크림,다이소듐에틸렌다이코카마이드피이지-15다이설페이트,16,
A000000241952,세타필 시카 세라 장벽 크림,카프릴릴글라이콜,17,
A000000241952,세타필 시카 세라 장벽 크림,카페인,18,
A000000241952,세타필 시카 세라 장벽 크림,세테아레스-20,19,
A000000241952,세타필 시카 세라 장벽 크림,판테놀,20,
A000000241952,세타필 시카 세라 장벽 크림,알란토인,21,
A000000241952,세타필 시카 세라 장벽 크림,병풀잎추출물,22,2000
A000000241952,세타필 시카 세라 장벽 크림,아크릴레이트/C10-30알킬아크릴레이트크로스폴리머,23,
A000000241952,세타필 시카 세라 장벽 크림,다이소듐이디티에이,24,
A000000241952,세타필 시카 세라 장벽 크림,잔탄검,25,
A000000241952,세타필 시카 세라 장벽 크림,세라마이드엔피,26,
A000000241952,세타필 시카 세라 장벽 크림,소듐하이알루로네이트,27,
A000000241952,세타필 시카 세라 장벽 크림,소듐하이드록사이드,28,
A000000241952,세타필 시카 세라 장벽 크림,판토락톤,29,
A000000241952,세타필 시카 세라 장벽 크림,시트릭애씨드,30,
A000000255828,센텔리안24 마데카 수분크림 하이드라 카밍,병풀잎수,1,
A000000255828,센텔리안24 마데카 수분크림 하이드라 카밍,다이프로필렌글라이콜,2,
A000000255828,센텔리안24 마데카 수분크림 하이드라 카밍,글리세린,3,
A000000255828,센텔리안24 마데카 수분크림 하이드라 카밍,정제수,4,
A000000255828,센텔리안24 마데카 수분크림 하이드라 카밍,카프릴릭/카프릭트라이글리세라이드,5,
A000000255828,센텔리안24 마데카 수분크림 하이드라 카밍,나이아신아마이드,6,
A000000255828,센텔리안24 마데카 수분크림 하이드라 카밍,"1,2-헥산다이올",7,
A000000255828,센텔리안24 마데카 수분크림 하이드라 카밍,세틸에틸헥사노에이트,8,
A000000255828,센텔리안24 마데카 수분크림 하이드라 카밍,에리스리톨,9,
A000000255828,센텔리안24 마데카 수분크림 하이드라 카밍,판테놀,10,
A000000255828,센텔리안24 마데카 수분크림 하이드라 카밍,자일리톨,11,
A000000255828,센텔리안24 마데카 수분크림 하이드라 카밍,글리세릴스테아레이트에스이,12,
A000000255828,센텔리안24 마데카 수분크림 하이드라 카밍,비닐다이메티콘,13,
A000000255828,센텔리안24 마데카 수분크림 하이드라 카밍,폴리글리세릴-3메틸글루코오스다이스테아레이트,14,
A000000255828,센텔리안24 마데카 수분크림 하이드라 카밍,하이드록시아세토페논,15,
A000000255828,센텔리안24 마데카 수분크림 하이드라 카밍,소듐폴리아크릴로일다이메틸타우레이트,16,
A000000255828,센텔리안24 마데카 수분크림 하이드라 카밍,폴리글리세릴-10라우레이트,17,
A000000255828,센텔리안24 마데카 수분크림 하이드라 카밍,카보머,18,
A000000255828,센텔리안24 마데카 수분크림 하이드라 카밍,알지닌,19,
A000000255828,센텔리안24 마데카 수분크림 하이드라 카밍,트레할로오스,20,
A000000255828,센텔리안24 마데카 수분크림 하이드라 카밍,옥수수전분,21,
A000000255828,센텔리안24 마데카 수분크림 하이드라 카밍,실리카,22,
A000000255828,센텔리안24 마데카 수분크림 하이드라 카밍,부틸렌글라이콜,23,
A000000255828,센텔리안24 마데카 수분크림 하이드라 카밍,다이페닐실록시페닐트라이메티콘,24,
A000000255828,센텔리안24 마데카 수분크림 하이드라 카밍,시어버터,25,
A000000255828,센텔리안24 마데카 수분크림 하이드라 카밍,락토바실러스/병풀추출발효여과물,26,
A000000255828,센텔리안24 마데카 수분크림 하이드라 카밍,스테아릭애씨드,27,
A000000255828,센텔리안24 마데카 수분크림 하이드라 카밍,자일리틸글루코사이드,28,
A000000255828,센텔리안24 마데카 수분크림 하이드라 카밍,아시아티코사이드,29,
A000000255828,센텔리안24 마데카 수분크림 하이드라 카밍,마데카식애씨드,30,400
A000000255828,센텔리안24 마데카 수분크림 하이드라 카밍,아데노신,31,
A000000255828,센텔리안24 마데카 수분크림 하이드라 카밍,카프릴릴글라이콜,32,
A000000255828,센텔리안24 마데카 수분크림 하이드라 카밍,안하이드로자일리톨,33,
A000000255828,센텔리안24 마데카 수분크림 하이드라 카밍,베헤닐알코올,34,
A000000255828,센텔리안24 마데카 수분크림 하이드라 카밍,다이메티콘/페닐비닐다이메티콘크로스폴리머,35,
A000000255828,센텔리안24 마데카 수분크림 하이드라 카밍,소듐하이알루로네이트,36,
A000000255828,센텔리안24 마데카 수분크림 하이드라 카밍,아시아틱애씨드,37,
A000000255828,센텔리안24 마데카 수분크림 하이드라 카밍,다이소듐이디티에이,38,
A000000255828,센텔리안24 마데카 수분크림 하이드라 카밍,하이드로제네이티드레시틴,39,
A000000255828,센텔리안24 마데카 수분크림 하이드라 카밍,글리세릴아크릴레이트/아크릴릭애씨드코폴리머,40,
A000000255828,센텔리안24 마데카 수분크림 하이드라 카밍,카페인,41,
A000000255828,센텔리안24 마데카 수분크림 하이드라 카밍,엑토인,42,
A000000255828,센텔리안24 마데카 수분크림 하이드라 카밍,프로판다이올,43,
A000000255828,센텔리안24 마데카 수분크림 하이드라 카밍,아라키딜알코올,44,
A000000255828,센텔리안24 마데카 수분크림 하이드라 카밍,스테아릴알코올,45,
A000000255828,센텔리안24 마데카 수분크림 하이드라 카밍,녹차추출물,46,
A000000255828,센텔리안24 마데카 수분크림 하이드라 카밍,세테아릴알코올,47,
A000000255828,센텔리안24 마데카 수분크림 하이드라 카밍,펜틸렌글라이콜,48,
A000000255828,센텔리안24 마데카 수분크림 하이드라 카밍,레몬머틀잎추출물,49,
A000000255828,센텔리안24 마데카 수분크림 하이드라 카밍,병풀꽃추출물,50,
A000000255828,센텔리안24 마데카 수분크림 하이드라 카밍,병풀캘러스배양액,51,
A000000255828,센텔리안24 마데카 수분크림 하이드라 카밍,에틸헥산다이올,52,
A000000255828,센텔리안24 마데카 수분크림 하이드라 카밍,두충나무껍질추출물,53,
A000000255828,센텔리안24 마데카 수분크림 하이드라 카밍,당호박추출물,54,
A000000255828,센텔리안24 마데카 수분크림 하이드라 카밍,타임추출물,55,
A000000255828,센텔리안24 마데카 수분크림 하이드라 카밍,짚신나물추출물,56,
A000000255828,센텔리안24 마데카 수분크림 하이드라 카밍,수용성콜라겐,57,
A000000255828,센텔리안24 마데카 수분크림 하이드라 카밍,에틸헥실글리세린,58,
A000000255828,센텔리안24 마데카 수분크림 하이드라 카밍,세라마이드엔피,59,
A000000255828,센텔리안24 마데카 수분크림 하이드라 카밍,하이알루로닉애씨드/폴리아이소프로필아크릴아마이드코폴리머,60,
A000000255828,센텔리안24 마데카 수분크림 하이드라 카밍,아세틸헥사펩타이드-8,61,
A000000255828,센텔리안24 마데카 수분크림 하이드라 카밍,에톡시다이글라이콜,62,
A000000255828,센텔리안24 마데카 수분크림 하이드라 카밍,병풀잎추출물,63,
A000000255828,센텔리안24 마데카 수분크림 하이드라 카밍,병풀추출물,64,
A000000255828,센텔리안24 마데카 수분크림 하이드라 카밍,병풀뿌리추출물,65,
A000000255828,센텔리안24 마데카 수분크림 하이드라 카밍,하이드롤라이즈드하이알루로닉애씨드,66,
A000000255828,센텔리안24 마데카 수분크림 하이드라 카밍,하이드롤라이즈드소듐하이알루로네이트,67,
A000000255828,센텔리안24 마데카 수분크림 하이드라 카밍,다이메틸실란올하이알루로네이트,68,
A000000255828,센텔리안24 마데카 수분크림 하이드라 카밍,하이알루로닉애씨드,69,
A000000255828,센텔리안24 마데카 수분크림 하이드라 카밍,피토스핑고신,70,
A000000255828,센텔리안24 마데카 수분크림 하이드라 카밍,콜레스테롤,71,
A000000255828,센텔리안24 마데카 수분크림 하이드라 카밍,포타슘하이알루로네이트,72,
A000000255828,센텔리안24 마데카 수분크림 하이드라 카밍,하이드록시프로필트라이모늄하이알루로네이트,73,
A000000255828,센텔리안24 마데카 수분크림 하이드라 카밍,소듐하이알루로네이트크로스폴리머,74,
A000000255828,센텔리안24 마데카 수분크림 하이드라 카밍,세라마이드엔지,75,
A000000255828,센텔리안24 마데카 수분크림 하이드라 카밍,세라마이드엔에스,76,
A000000255828,센텔리안24 마데카 수분크림 하이드라 카밍,세라마이드에이에스,77,
A000000255828,센텔리안24 마데카 수분크림 하이드라 카밍,세라마이드에이피,78,
A000000255828,센텔리안24 마데카 수분크림 하이드라 카밍,소듐하이알루로네이트다이메틸실란올,79,
A000000255828,센텔리안24 마데카 수분크림 하이드라 카밍,소듐아세틸레이티드하이알루로네이트,80,
A000000255828,센텔리안24 마데카 수분크림 하이드라 카밍,하이드롤라이즈드병풀단백질,81,
A000000255828,센텔리안24 마데카 수분크림 하이드라 카밍,세라마이드이오피,82,
A000000255828,센텔리안24 마데카 수분크림 하이드라 카밍,레몬껍질오일,83,
A000000255828,센텔리안24 마데카 수분크림 하이드라 카밍,로즈마리잎오일,84,
A000000255828,센텔리안24 마데카 수분크림 하이드라 카밍,분비나무오일,85,
A000000255828,센텔리안24 마데카 수분크림 하이드라 카밍,페퍼민트오일,86,
A000000255828,센텔리안24 마데카 수분크림 하이드라 카밍,카멜그라스오일,87,
A000000255828,센텔리안24 마데카 수분크림 하이드라 카밍,시트랄,88,
A000000255828,센텔리안24 마데카 수분크림 하이드라 카밍,리모넨,89,
A000000203831,스킨푸드 블루 캐모마일 히알루로닉 수분크림,정제수,1,
A000000203831,스킨푸드 블루 캐모마일 히알루로닉 수분크림,글리세린,2,
A000000203831,스킨푸드 블루 캐모마일 히알루로닉 수분크림,프로판다이올,3,
A000000203831,스킨푸드 블루 캐모마일 히알루로닉 수분크림,아이소노닐아이소노나노에이트,4,
A000000203831,스킨푸드 블루 캐모마일 히알루로닉 수분크림,나이아신아마이드,5,
A000000203831,스킨푸드 블루 캐모마일 히알루로닉 수분크림,아이소헥사데칸,6,
A000000203831,스킨푸드 블루 캐모마일 히알루로닉 수분크림,캐모마일꽃수,7,10780
A000000203831,스킨푸드 블루 캐모마일 히알루로닉 수분크림,"1,2-헥산다이올",8,
A000000203831,스킨푸드 블루 캐모마일 히알루로닉 수분크림,호호바에스터,9,
A000000203831,스킨푸드 블루 캐모마일 히알루로닉 수분크림,세테아릴올리베이트,10,
A000000203831,스킨푸드 블루 캐모마일 히알루로닉 수분크림,판테놀,11,
A000000203831,스킨푸드 블루 캐모마일 히알루로닉 수분크림,하이드로제네이티드폴리(C6-14올레핀),12,
A000000203831,스킨푸드 블루 캐모마일 히알루로닉 수분크림,베타인,13,
A000000203831,스킨푸드 블루 캐모마일 히알루로닉 수분크림,솔비탄올리베이트,14,
A000000203831,스킨푸드 블루 캐모마일 히알루로닉 수분크림,암모늄아크릴로일다이메틸타우레이트/브이피코폴리머,15,
A000000203831,스킨푸드 블루 캐모마일 히알루로닉 수분크림,소듐폴리아크릴레이트,16,
A000000203831,스킨푸드 블루 캐모마일 히알루로닉 수분크림,아크릴레이트/C10-30알킬아크릴레이트크로스폴리머,17,
A000000203831,스킨푸드 블루 캐모마일 히알루로닉 수분크림,트로메타민,18,
A000000203831,스킨푸드 블루 캐모마일 히알루로닉 수분크림,에틸헥실글리세린,19,
A000000203831,스킨푸드 블루 캐모마일 히알루로닉 수분크림,C18-21알케인,20,
A000000203831,스킨푸드 블루 캐모마일 히알루로닉 수분크림,알란토인,21,
A000000203831,스킨푸드 블루 캐모마일 히알루로닉 수분크림,글리세릴아크릴레이트/아크릴릭애씨드코폴리머,22,
A000000203831,스킨푸드 블루 캐모마일 히알루로닉 수분크림,아데노신,23,
A000000203831,스킨푸드 블루 캐모마일 히알루로닉 수분크림,폴리글리세릴-10올리에이트,24,
A000000203831,스킨푸드 블루 캐모마일 히알루로닉 수분크림,다이소듐이디티에이,25,
A000000203831,스킨푸드 블루 캐모마일 히알루로닉 수분크림,소듐하이알루로네이트,26,105
A000000203831,스킨푸드 블루 캐모마일 히알루로닉 수분크림,토코페롤,27,
A000000203831,스킨푸드 블루 캐모마일 히알루로닉 수분크림,하이알루로닉애씨드,28,2
A000000203831,스킨푸드 블루 캐모마일 히알루로닉 수분크림,소듐하이알루로네이트크로스폴리머,29,1
A000000203831,스킨푸드 블루 캐모마일 히알루로닉 수분크림,소듐구아이아줄렌설포네이트,30,
A000000203831,스킨푸드 블루 캐모마일 히알루로닉 수분크림,하이드롤라이즈드소듐하이알루로네이트,31,1
A000000203831,스킨푸드 블루 캐모마일 히알루로닉 수분크림,하이드롤라이즈드하이알루로닉애씨드,32,1
A000000203831,스킨푸드 블루 캐모마일 히알루로닉 수분크림,소듐아세틸레이티드하이알루로네이트,33,0.1
A000000203831,스킨푸드 블루 캐모마일 히알루로닉 수분크림,하이드록시프로필트라이모늄하이알루로네이트,34,0.1
A000000238408,믹순 히알레배 포어 블러링 크림,정제수,1,
A000000238408,믹순 히알레배 포어 블러링 크림,부틸렌글라이콜,2,
A000000238408,믹순 히알레배 포어 블러링 크림,글리세린,3,
A000000238408,믹순 히알레배 포어 블러링 크림,하이드로제네이티드폴리데센,4,
A000000238408,믹순 히알레배 포어 블러링 크림,"1,2-헥산다이올",5,
A000000238408,믹순 히알레배 포어 블러링 크림,나이아신아마이드,6,
A000000238408,믹순 히알레배 포어 블러링 크림,스쿠알란,7,
A000000238408,믹순 히알레배 포어 블러링 크림,세테아릴올리베이트,8,
A000000238408,믹순 히알레배 포어 블러링 크림,솔비탄올리베이트,9,
A000000238408,믹순 히알레배 포어 블러링 크림,카프릴릭/카프릭트라이글리세라이드,10,
A000000238408,믹순 히알레배 포어 블러링 크림,프로판다이올,11,
A000000238408,믹순 히알레배 포어 블러링 크림,알지닌,12,
A000000238408,믹순 히알레배 포어 블러링 크림,아크릴레이트/C10-30알킬아크릴레이트크로스폴리머,13,
A000000238408,믹순 히알레배 포어 블러링 크림,암모늄아크릴로일다이메틸타우레이트/브이피코폴리머,14,
A000000238408,믹순 히알레배 포어 블러링 크림,트레할로오스,15,
A000000238408,믹순 히알레배 포어 블러링 크림,폴리글루타믹애씨드,16,
A000000238408,믹순 히알레배 포어 블러링 크림,에틸헥실글리세린,17,
A000000238408,믹순 히알레배 포어 블러링 크림,알란토인,18,
A000000238408,믹순 히알레배 포어 블러링 크림,토코페롤,19,
A000000238408,믹순 히알레배 포어 블러링 크림,아데노신,20,
A000000238408,믹순 히알레배 포어 블러링 크림,다이포타슘글리시리제이트,21,
A000000238408,믹순 히알레배 포어 블러링 크림,소듐파이테이트,22,
A000000238408,믹순 히알레배 포어 블러링 크림,덱스트린,23,
A000000238408,믹순 히알레배 포어 블러링 크림,마트리카리아꽃추출물,24,
A000000238408,믹순 히알레배 포어 블러링 크림,치자추출물,25,
A000000238408,믹순 히알레배 포어 블러링 크림,병풀캘러스세포외소포,26,
A000000238408,믹순 히알레배 포어 블러링 크림,로즈힙열매추출물,27,
A000000238408,믹순 히알레배 포어 블러링 크림,마조람잎추출물,28,
A000000238408,믹순 히알레배 포어 블러링 크림,타임잎추출물,29,
A000000238408,믹순 히알레배 포어 블러링 크림,페퍼민트잎추출물,30,
A000000238408,믹순 히알레배 포어 블러링 크림,소듐하이알루로네이트,31,1
A000000238408,믹순 히알레배 포어 블러링 크림,메틸프로판다이올,32,
A000000238408,믹순 히알레배 포어 블러링 크림,폴리글리세릴-4카프레이트,33,
A000000238408,믹순 히알레배 포어 블러링 크림,글라이신,34,
A000000238408,믹순 히알레배 포어 블러링 크림,글루코노락톤,35,
A000000238408,믹순 히알레배 포어 블러링 크림,카프릴로일살리실릭애씨드,36,
A000000238408,믹순 히알레배 포어 블러링 크림,트로메타민,37,
A000000238408,믹순 히알레배 포어 블러링 크림,글루타믹애씨드,38,
A000000238408,믹순 히알레배 포어 블러링 크림,벤질글라이콜,39,
A000000238408,믹순 히알레배 포어 블러링 크림,세틸에틸헥사노에이트,40,
A000000238408,믹순 히알레배 포어 블러링 크림,소듐하이알루로네이트크로스폴리머,41,0.001
A000000206312,피캄 센텔라 트러블 스팟,정제수,1,
A000000206312,피캄 센텔라 트러블 스팟,부틸렌글라이콜,2,
A000000206312,피캄 센텔라 트러블 스팟,판테놀,3,
A000000206312,피캄 센텔라 트러블 스팟,글리세린,4,
A000000206312,피캄 센텔라 트러블 스팟,나이아신아마이드,5,
A000000206312,피캄 센텔라 트러블 스팟,"1,2-헥산다이올",6,
A000000206312,피캄 센텔라 트러블 스팟,마데카식애씨드,7,2970
A000000206312,피캄 센텔라 트러블 스팟,아시아티코사이드,8,4510
A000000206312,피캄 센텔라 트러블 스팟,아시아틱애씨드,9,3520
A000000206312,피캄 센텔라 트러블 스팟,병풀추출물,10,601
A000000206312,피캄 센텔라 트러블 스팟,다이포타슘글리시리제이트,11,
A000000206312,피캄 센텔라 트러블 스팟,카프릴로일살리실릭애씨드,12,
A000000206312,피캄 센텔라 트러블 스팟,마그네슘알루미늄실리케이트,13,
A000000206312,피캄 센텔라 트러블 스팟,셀룰로오스검,14,
A000000206312,피캄 센텔라 트러블 스팟,아데노신,15,
A000000206312,피캄 센텔라 트러블 스팟,파파야열매추출물,16,
A000000206312,피캄 센텔라 트러블 스팟,양파추출물,17,
A000000206312,피캄 센텔라 트러블 스팟,티트리추출물,18,
A000000206312,피캄 센텔라 트러블 스팟,락토바실러스/히비스커스꽃발효여과물,19,
A000000206312,피캄 센텔라 트러블 스팟,달맞이꽃꽃추출물,20,
A000000206312,피캄 센텔라 트러블 스팟,당느릅나무뿌리추출물,21,
A000000206312,피캄 센텔라 트러블 스팟,대왕소나무잎추출물,22,
A000000206312,피캄 센텔라 트러블 스팟,칡뿌리추출물,23,
A000000206312,피캄 센텔라 트러블 스팟,글라이코리피드,24,
A000000206312,피캄 센텔라 트러블 스팟,글루코노락톤,25,
A000000206312,피캄 센텔라 트러블 스팟,락틱애씨드,26,
A000000206312,피캄 센텔라 트러블 스팟,살리실릭애씨드,27,
A000000206312,피캄 센텔라 트러블 스팟,솔비탄올리에이트,28,
A000000206312,피캄 센텔라 트러블 스팟,카프릴릴/카프릴글루코사이드,29,
A000000206312,피캄 센텔라 트러블 스팟,알란토인,30,
A000000206312,피캄 센텔라 트러블 스팟,글리세릴아크릴레이트/아크릴릭애씨드코폴리머,31,
A000000206312,피캄 센텔라 트러블 스팟,암모늄아크릴로일다이메틸타우레이트/브이피코폴리머,32,
A000000206312,피캄 센텔라 트러블 스팟,소듐아크릴레이트/소듐아크릴로일다이메틸타우레이트코폴리머,33,
A000000206312,피캄 센텔라 트러블 스팟,폴리아이소부텐,34,
A000000206312,피캄 센텔라 트러블 스팟,다이소듐이디티에이,35,
A000000206312,피캄 센텔라 트러블 스팟,시트릭애씨드,36,
A000000206312,피캄 센텔라 트러블 스팟,프로판다이올,37,
A000000206312,피캄 센텔라 트러블 스팟,카프릴릴글라이콜,38,
A000000206312,피캄 센텔라 트러블 스팟,펜틸렌글라이콜,39,
A000000206312,피캄 센텔라 트러블 스팟,하이드록시아세토페논,40,
A000000206312,피캄 센텔라 트러블 스팟,실리카,41,
A000000206312,피캄 센텔라 트러블 스팟,트로메타민,42,
A000000209906,제로이드 더마뉴얼 리페어 크림,정제수,1,
A000000209906,제로이드 더마뉴얼 리페어 크림,사이클로펜타실록세인,2,
A000000209906,제로이드 더마뉴얼 리페어 크림,글리세린,3,
A000000209906,제로이드 더마뉴얼 리페어 크림,프로판다이올,4,
A000000209906,제로이드 더마뉴얼 리페어 크림,C30-45알킬세테아릴다이메티콘크로스폴리머,5,
A000000209906,제로이드 더마뉴얼 리페어 크림,판테놀,6,
A000000209906,제로이드 더마뉴얼 리페어 크림,카프릴릴메티콘,7,
A000000209906,제로이드 더마뉴얼 리페어 크림,카프릴릭/카프릭트라이글리세라이드,8,
A000000209906,제로이드 더마뉴얼 리페어 크림,미리스토일/팔미토일옥소스테아라마이드/아라카마이드엠이에이,9,
A000000209906,제로이드 더마뉴얼 리페어 크림,나이아신아마이드,10,
A000000209906,제로이드 더마뉴얼 리페어 크림,암모늄아크릴로일다이메틸타우레이트/브이피코폴리머,11,
A000000209906,제로이드 더마뉴얼 리페어 크림,"1,2-헥산다이올",12,
A000000209906,제로이드 더마뉴얼 리페어 크림,폴리글리세릴-4카프레이트,13,
A000000209906,제로이드 더마뉴얼 리페어 크림,솔비탄스테아레이트,14,
A000000209906,제로이드 더마뉴얼 리페어 크림,세테아릴알코올,15,
A000000209906,제로이드 더마뉴얼 리페어 크림,글리세릴스테아레이트,16,
A000000209906,제로이드 더마뉴얼 리페어 크림,카프릴릴글라이콜,17,
A000000209906,제로이드 더마뉴얼 리페어 크림,피토스테롤,18,
A000000209906,제로이드 더마뉴얼 리페어 크림,마데카소사이드,19,
A000000209906,제로이드 더마뉴얼 리페어 크림,스테아릭애씨드,20,
A000000209906,제로이드 더마뉴얼 리페어 크림,소듐하이알루로네이트,21,
A000000209906,제로이드 더마뉴얼 리페어 크림,코코글리세라이즈,22,
A000000209906,제로이드 더마뉴얼 리페어 크림,잔탄검,23,
A000000209906,제로이드 더마뉴얼 리페어 크림,메틸카프로오일타이로지네이트,24,
A000000149138,이즈앤트리 히아루론산 아쿠아 젤 크림,정제수,1,
A000000149138,이즈앤트리 히아루론산 아쿠아 젤 크림,메틸프로판다이올,2,
A000000149138,이즈앤트리 히아루론산 아쿠아 젤 크림,코코-카프릴레이트/카프레이트,3,
A000000149138,이즈앤트리 히아루론산 아쿠아 젤 크림,"1,2-헥산다이올",4,
A000000149138,이즈앤트리 히아루론산 아쿠아 젤 크림,글리세린,5,
A000000149138,이즈앤트리 히아루론산 아쿠아 젤 크림,바이오사카라이드검-1,6,
A000000149138,이즈앤트리 히아루론산 아쿠아 젤 크림,베타인,7,
A000000149138,이즈앤트리 히아루론산 아쿠아 젤 크림,암모늄아크릴로일다이메틸타우레이트/브이피코폴리머,8,
A000000149138,이즈앤트리 히아루론산 아쿠아 젤 크림,트레할로오스,9,
A000000149138,이즈앤트리 히아루론산 아쿠아 젤 크림,소듐하이알루로네이트,10,
A000000149138,이즈앤트리 히아루론산 아쿠아 젤 크림,하이드롤라이즈드하이알루로닉애씨드,11,
A000000149138,이즈앤트리 히아루론산 아쿠아 젤 크림,병풀추출물,12,
A000000149138,이즈앤트리 히아루론산 아쿠아 젤 크림,호장근뿌리추출물,13,
A000000149138,이즈앤트리 히아루론산 아쿠아 젤 크림,황금추출물,14,
A000000149138,이즈앤트리 히아루론산 아쿠아 젤 크림,녹차추출물,15,
A000000149138,이즈앤트리 히아루론산 아쿠아 젤 크림,쇠비름추출물,16,
A000000149138,이즈앤트리 히아루론산 아쿠아 젤 크림,스페인감초뿌리추출물,17,
A000000149138,이즈앤트리 히아루론산 아쿠아 젤 크림,약모밀추출물,18,
A000000149138,이즈앤트리 히아루론산 아쿠아 젤 크림,로즈마리잎추출물,19,
A000000149138,이즈앤트리 히아루론산 아쿠아 젤 크림,마트리카리아꽃추출물,20,
A000000149138,이즈앤트리 히아루론산 아쿠아 젤 크림,소듐하이알루로네이트크로스폴리머,21,
A000000149138,이즈앤트리 히아루론산 아쿠아 젤 크림,소듐피씨에이,22,
A000000149138,이즈앤트리 히아루론산 아쿠아 젤 크림,식물성스쿠알란,23,
A000000149138,이즈앤트리 히아루론산 아쿠아 젤 크림,아이소스테아릴알코올,24,
A000000149138,이즈앤트리 히아루론산 아쿠아 젤 크림,부틸렌글라이콜코코에이트,25,
A000000149138,이즈앤트리 히아루론산 아쿠아 젤 크림,세테아릴올리베이트,26,
A000000149138,이즈앤트리 히아루론산 아쿠아 젤 크림,솔비탄올리베이트,27,
A000000149138,이즈앤트리 히아루론산 아쿠아 젤 크림,하이알루로닉애씨드,28,
A000000149138,이즈앤트리 히아루론산 아쿠아 젤 크림,하이드롤라이즈드호호바에스터,29,
A000000149138,이즈앤트리 히아루론산 아쿠아 젤 크림,하이드로제네이티드올리브오일불검화물,30,
A000000149138,이즈앤트리 히아루론산 아쿠아 젤 크림,부틸렌글라이콜,31,
A000000149138,이즈앤트리 히아루론산 아쿠아 젤 크림,하이드롤라이즈드소듐하이알루로네이트,32,
A000000149138,이즈앤트리 히아루론산 아쿠아 젤 크림,알란토인,33,
A000000149138,이즈앤트리 히아루론산 아쿠아 젤 크림,잔탄검,34,
A000000149138,이즈앤트리 히아루론산 아쿠아 젤 크림,에틸셀룰로오스,35,
A000000149138,이즈앤트리 히아루론산 아쿠아 젤 크림,프로판다이올,36,
A000000149138,이즈앤트리 히아루론산 아쿠아 젤 크림,페닐트라이메티콘,37,
A000000149138,이즈앤트리 히아루론산 아쿠아 젤 크림,펜틸렌글라이콜,38,
A000000149138,이즈앤트리 히아루론산 아쿠아 젤 크림,에틸헥실글리세린,39,
A000000246323,프리메이 진정한 수분 크림,정제수,1,
A000000246323,프리메이 진정한 수분 크림,다이프로필렌글라이콜,2,
A000000246323,프리메이 진정한 수분 크림,글리세린,3,
A000000246323,프리메이 진정한 수분 크림,카프릴릭/카프릭트라이글리세라이드,4,
A000000246323,프리메이 진정한 수분 크림,메틸트라이메티콘,5,
A000000246323,프리메이 진정한 수분 크림,세틸에틸헥사노에이트,6,
A000000246323,프리메이 진정한 수분 크림,폴리글리세릴-3메틸글루코오스다이스테아레이트,7,
A000000246323,프리메이 진정한 수분 크림,메도우폼씨오일,8,
A000000246323,프리메이 진정한 수분 크림,밤부사 불가리스추출물,9,
A000000246323,프리메이 진정한 수분 크림,베타인,10,
A000000246323,프리메이 진정한 수분 크림,하이드로제네이티드폴리아이소부텐,11,
A000000246323,프리메이 진정한 수분 크림,세테아릴알코올,12,
A000000246323,프리메이 진정한 수분 크림,폴리글리세릴-3스테아레이트,13,
A000000246323,프리메이 진정한 수분 크림,글리세릴스테아레이트,14,
A000000246323,프리메이 진정한 수분 크림,"1,2-헥산다이올",15,
A000000246323,프리메이 진정한 수분 크림,트레할로오스,16,
A000000246323,프리메이 진정한 수분 크림,판테놀,17,
A000000246323,프리메이 진정한 수분 크림,알지닌,18,
A000000246323,프리메이 진정한 수분 크림,카보머,19,
A000000246323,프리메이 진정한 수분 크림,카프릴릴글라이콜,20,
A000000246323,프리메이 진정한 수분 크림,하이드록시아세토페논,21,
A000000246323,프리메이 진정한 수분 크림,하이드로제네이티드식물성글리세라이즈,22,
A000000246323,프리메이 진정한 수분 크림,폴리글리세릴-10라우레이트,23,
A000000246323,프리메이 진정한 수분 크림,아미노부티릭애씨드,24,
A000000246323,프리메이 진정한 수분 크림,폴리글리세릴-4라우레이트,25,
A000000246323,프리메이 진정한 수분 크림,소듐스테아로일락틸레이트,26,
A000000246323,프리메이 진정한 수분 크림,에틸헥실글리세린,27,
A000000246323,프리메이 진정한 수분 크림,부틸렌글라이콜,28,
A000000246323,프리메이 진정한 수분 크림,약모밀추출물,29,
A000000246323,프리메이 진정한 수분 크림,판토락톤,30,
A000000246323,프리메이 진정한 수분 크림,아데노신,31,
A000000246323,프리메이 진정한 수분 크림,서양배추출물,32,
A000000246323,프리메이 진정한 수분 크림,트라이소듐에틸렌다이아민다이석시네이트,33,
A000000246323,프리메이 진정한 수분 크림,다마스크장미꽃수,34,
A000000246323,프리메이 진정한 수분 크림,글리세릴글루코사이드,35,
A000000246323,프리메이 진정한 수분 크림,살비아오일,36,
A000000246323,프리메이 진정한 수분 크림,오리스뿌리추출물,37,
A000000246323,프리메이 진정한 수분 크림,멜론추출물,38,
A000000246323,프리메이 진정한 수분 크림,서양송악잎/줄기추출물,39,
A000000246323,프리메이 진정한 수분 크림,흰목이버섯폴리사카라이드,40,
A000000246323,프리메이 진정한 수분 크림,향부자추출물,41,
A000000246323,프리메이 진정한 수분 크림,판토테닉애씨드,42,
A000000246323,프리메이 진정한 수분 크림,서양민들레뿌리줄기/뿌리추출물,43,
A000000246323,프리메이 진정한 수분 크림,소엽잎추출물,44,
A000000246323,프리메이 진정한 수분 크림,소듐하이알루로네이트,45,
A000000246323,프리메이 진정한 수분 크림,마그네슘피씨에이,46,
A000000246323,프리메이 진정한 수분 크림,소듐피씨에이,47,
A000000246323,프리메이 진정한 수분 크림,칼슘피씨에이,48,
A000000149064,휘게 릴리프 캐모마일 크림,마트리카리아꽃추출물,1,
A000000149064,휘게 릴리프 캐모마일 크림,글리세린,2,
A000000149064,휘게 릴리프 캐모마일 크림,프로판다이올,3,
A000000149064,휘게 릴리프 캐모마일 크림,피씨에이다이메티콘,4,
A000000149064,휘게 릴리프 캐모마일 크림,부틸렌글라이콜,5,
A000000149064,휘게 릴리프 캐모마일 크림,폴리글리세린-3,6,
A000000149064,휘게 릴리프 캐모마일 크림,"1,2-헥산다이올",7,
A000000149064,휘게 릴리프 캐모마일 크림,스쿠알란,8,
A000000149064,휘게 릴리프 캐모마일 크림,소듐구아이아줄렌설포네이트,9,
A000000149064,휘게 릴리프 캐모마일 크림,소듐하이알루로네이트,10,
A000000149064,휘게 릴리프 캐모마일 크림,하이드롤라이즈드하이알루로닉애씨드,11,
A000000149064,휘게 릴리프 캐모마일 크림,병풀추출물,12,
A000000149064,휘게 릴리프 캐모마일 크림,마데카소사이드,13,
A000000149064,휘게 릴리프 캐모마일 크림,마데카식애씨드,14,
A000000149064,휘게 릴리프 캐모마일 크림,아시아티코사이드,15,
A000000149064,휘게 릴리프 캐모마일 크림,아시아틱애씨드,16,
A000000149064,휘게 릴리프 캐모마일 크림,쇠비름추출물,17,
A000000149064,휘게 릴리프 캐모마일 크림,다이포타슘글리시리제이트,18,
A000000149064,휘게 릴리프 캐모마일 크림,베타인,19,
A000000149064,휘게 릴리프 캐모마일 크림,글리세릴글루코사이드,20,
A000000149064,휘게 릴리프 캐모마일 크림,다이카프릴릴카보네이트,21,
A000000149064,휘게 릴리프 캐모마일 크림,올리브오일,22,
A000000149064,휘게 릴리프 캐모마일 크림,글루코오스,23,
A000000149064,휘게 릴리프 캐모마일 크림,정제수,24,
A000000149064,휘게 릴리프 캐모마일 크림,황련뿌리추출물,25,
A000000149064,휘게 릴리프 캐모마일 크림,암모늄아크릴로일다이메틸타우레이트/브이피코폴리머,26,
A000000149064,휘게 릴리프 캐모마일 크림,하이드록시에틸우레아,27,
A000000149064,휘게 릴리프 캐모마일 크림,암모늄아크릴로일다이메틸타우레이트/베헤네스-25메타크라일레이트크로스폴리머,28,
A000000149064,휘게 릴리프 캐모마일 크림,트라이에틸헥사노인,29,
A000000149064,휘게 릴리프 캐모마일 크림,에틸헥실글리세린,30,
A000000149064,휘게 릴리프 캐모마일 크림,소듐파이테이트,31,
A000000149064,휘게 릴리프 캐모마일 크림,토코페롤,32,
A000000149064,휘게 릴리프 캐모마일 크림,카프릴릴글라이콜,33,
A000000232731,리브엠 워터핏 8중 수분착붙 크림,빙하수,1,599000
A000000232731,리브엠 워터핏 8중 수분착붙 크림,글리세린,2,
A000000232731,리브엠 워터핏 8중 수분착붙 크림,카프릴릭/카프릭트라이글리세라이드,3,
A000000232731,리브엠 워터핏 8중 수분착붙 크림,부틸렌글라이콜,4,
A000000232731,리브엠 워터핏 8중 수분착붙 크림,세틸에틸헥사노에이트,5,
A000000232731,리브엠 워터핏 8중 수분착붙 크림,정제수,6,
A000000232731,리브엠 워터핏 8중 수분착붙 크림,"1,2-헥산다이올",7,
A000000232731,리브엠 워터핏 8중 수분착붙 크림,시어버터,8,
A000000232731,리브엠 워터핏 8중 수분착붙 크림,프로판다이올,9,
A000000232731,리브엠 워터핏 8중 수분착붙 크림,세테아릴올리베이트,10,
A000000232731,리브엠 워터핏 8중 수분착붙 크림,세테아릴알코올,11,
A000000232731,리브엠 워터핏 8중 수분착붙 크림,하이드로제네이티드폴리데센,12,
A000000232731,리브엠 워터핏 8중 수분착붙 크림,합성비즈왁스,13,
A000000232731,리브엠 워터핏 8중 수분착붙 크림,솔비탄올리베이트,14,
A000000232731,리브엠 워터핏 8중 수분착붙 크림,아크릴레이트/C10-30알킬아크릴레이트크로스폴리머,15,
A000000232731,리브엠 워터핏 8중 수분착붙 크림,트로메타민,16,
A000000232731,리브엠 워터핏 8중 수분착붙 크림,비닐다이메티콘,17,
A000000232731,리브엠 워터핏 8중 수분착붙 크림,판테놀,18,
A000000232731,리브엠 워터핏 8중 수분착붙 크림,에틸헥실글리세린,19,
A000000232731,리브엠 워터핏 8중 수분착붙 크림,사카라이드아이소머레이트,20,
A000000232731,리브엠 워터핏 8중 수분착붙 크림,하이드롤라이즈드치자추출물,21,
A000000232731,리브엠 워터핏 8중 수분착붙 크림,하이드롤라이즈드맥아추출물,22,
A000000232731,리브엠 워터핏 8중 수분착붙 크림,아데노신,23,
A000000232731,리브엠 워터핏 8중 수분착붙 크림,하이드롤라이즈드삼색제비꽃추출물,24,
A000000232731,리브엠 워터핏 8중 수분착붙 크림,소듐하이알루로네이트,25,
A000000232731,리브엠 워터핏 8중 수분착붙 크림,하이알루로닉애씨드,26,
A000000232731,리브엠 워터핏 8중 수분착붙 크림,하이드롤라이즈드하이알루로닉애씨드,27,
A000000232731,리브엠 워터핏 8중 수분착붙 크림,다이소듐이디티에이,28,
A000000232731,리브엠 워터핏 8중 수분착붙 크림,알란토인,29,
A000000232731,리브엠 워터핏 8중 수분착붙 크림,스쿠알란,30,
A000000232731,리브엠 워터핏 8중 수분착붙 크림,세라마이드엔피,31,
A000000232731,리브엠 워터핏 8중 수분착붙 크림,시트릭애씨드,32,
A000000232731,리브엠 워터핏 8중 수분착붙 크림,소듐시트레이트,33,
A000000232731,리브엠 워터핏 8중 수분착붙 크림,하이드로제네이티드레시틴,34,
A000000232731,리브엠 워터핏 8중 수분착붙 크림,로즈마리잎추출물,35,
A000000232731,리브엠 워터핏 8중 수분착붙 크림,하이드록시프로필트라이모늄하이알루로네이트,36,
A000000232731,리브엠 워터핏 8중 수분착붙 크림,하이드롤라이즈드소듐하이알루로네이트,37,
A000000232731,리브엠 워터핏 8중 수분착붙 크림,포타슘하이알루로네이트,38,
A000000232731,리브엠 워터핏 8중 수분착붙 크림,소듐하이알루로네이트크로스폴리머,39,
A000000232731,리브엠 워터핏 8중 수분착붙 크림,펜틸렌글라이콜,40,
A000000232731,리브엠 워터핏 8중 수분착붙 크림,소듐아세틸레이티드하이알루로네이트,41,
A000000150817,아크네스 스팟 클리어 크림 패치,정제수,1,
A000000150817,아크네스 스팟 클리어 크림 패치,하이드록시프로필스타치,2,
A000000150817,아크네스 스팟 클리어 크림 패치,설퍼콜로이드,3,
A000000150817,아크네스 스팟 클리어 크림 패치,부틸렌글라이콜,4,
A000000150817,아크네스 스팟 클리어 크림 패치,변성알코올,5,
A000000150817,아크네스 스팟 클리어 크림 패치,소듐카복시메틸스타치,6,
A000000150817,아크네스 스팟 클리어 크림 패치,칼라민,7,
A000000150817,아크네스 스팟 클리어 크림 패치,"1,2-헥산다이올",8,
A000000150817,아크네스 스팟 클리어 크림 패치,아라비아고무나무검,9,
A000000150817,아크네스 스팟 클리어 크림 패치,메틸프로판다이올,10,
A000000150817,아크네스 스팟 클리어 크림 패치,시트릭애씨드,11,
A000000150817,아크네스 스팟 클리어 크림 패치,에틸헥실글리세린,12,
A000000150817,아크네스 스팟 클리어 크림 패치,잔탄검,13,
A000000150817,아크네스 스팟 클리어 크림 패치,쇠비름추출물,14,
A000000150817,아크네스 스팟 클리어 크림 패치,레시틴,15,
A000000150817,아크네스 스팟 클리어 크림 패치,글리세린,16,
A000000150817,아크네스 스팟 클리어 크림 패치,판테놀,17,
A000000150817,아크네스 스팟 클리어 크림 패치,스쿠알란,18,
A000000150817,아크네스 스팟 클리어 크림 패치,퀸즈랜드넛오일,19,
A000000150817,아크네스 스팟 클리어 크림 패치,티트리잎추출물,20,
A000000150817,아크네스 스팟 클리어 크림 패치,펜틸렌글라이콜,21,
A000000150817,아크네스 스팟 클리어 크림 패치,알루미늄수크로오스옥타설페이트,22,
A000000150817,아크네스 스팟 클리어 크림 패치,유채스테롤,23,
A000000150817,아크네스 스팟 클리어 크림 패치,콜레스테롤,24,
A000000150817,아크네스 스팟 클리어 크림 패치,폴리글리세릴-10올리에이트,25,
A000000150817,아크네스 스팟 클리어 크림 패치,피토스테릴/베헤닐/옥틸도데실라우로일글루타메이트,26,
A000000150817,아크네스 스팟 클리어 크림 패치,소듐서팩틴,27,
A000000150817,아크네스 스팟 클리어 크림 패치,병풀추출물,28,
A000000150817,아크네스 스팟 클리어 크림 패치,셀룰로오스,29,
A000000150817,아크네스 스팟 클리어 크림 패치,약모밀추출물,30,
A000000150817,아크네스 스팟 클리어 크림 패치,프로판다이올,31,
A000000150817,아크네스 스팟 클리어 크림 패치,소듐하이알루로네이트크로스폴리머,32,
A000000150817,아크네스 스팟 클리어 크림 패치,하이드로제네이티드레시틴,33,
A000000150817,아크네스 스팟 클리어 크림 패치,하이드롤라이즈드글라이코사미노글리칸,34,
A000000150817,아크네스 스팟 클리어 크림 패치,소듐하이알루로네이트,35,
A000000150817,아크네스 스팟 클리어 크림 패치,소듐하이드록사이드,36,
A000000150817,아크네스 스팟 클리어 크림 패치,토코페롤,37,
A000000150817,아크네스 스팟 클리어 크림 패치,벤질글라이콜,38,
A000000150817,아크네스 스팟 클리어 크림 패치,하이드롤라이즈드하이알루로닉애씨드,39,
A000000150817,아크네스 스팟 클리어 크림 패치,다이소듐이디티에이,40,
A000000150817,아크네스 스팟 클리어 크림 패치,징크옥사이드,41,
A000000150817,아크네스 스팟 클리어 크림 패치,하이알루로닉애씨드,42,
A000000150817,아크네스 스팟 클리어 크림 패치,라즈베리케톤,43,
A000000254760,에스트라 아토베리어365 크림,정제수,1,
A000000254760,에스트라 아토베리어365 크림,부틸렌글라이콜,2,
A000000254760,에스트라 아토베리어365 크림,글리세린,3,
A000000254760,에스트라 아토베리어365 크림,부틸렌글라이콜다이카프릴레이트/다이카프레이트,4,
A000000254760,에스트라 아토베리어365 크림,세틸에틸헥사노에이트,5,
A000000254760,에스트라 아토베리어365 크림,스쿠알란,6,
A000000254760,에스트라 아토베리어365 크림,펜타에리스리틸테트라아이소스테아레이트,7,
A000000254760,에스트라 아토베리어365 크림,다이카프릴릴카보네이트,8,
A000000254760,에스트라 아토베리어365 크림,베헤닐알코올,9,
A000000254760,에스트라 아토베리어365 크림,다이메티콘,10,
A000000254760,에스트라 아토베리어365 크림,하이드록시프로필비스팔미타마이드엠이에이,11,
A000000254760,에스트라 아토베리어365 크림,스테아릭애씨드,12,
A000000254760,에스트라 아토베리어365 크림,베타인,13,
A000000254760,에스트라 아토베리어365 크림,만니톨,14,
A000000254760,에스트라 아토베리어365 크림,C14-22알코올,15,
A000000254760,에스트라 아토베리어365 크림,팔미틱애씨드,16,
A000000254760,에스트라 아토베리어365 크림,하이드록시프로필비스라우라마이드엠이에이,17,
A000000254760,에스트라 아토베리어365 크림,아라키딜알코올,18,
A000000254760,에스트라 아토베리어365 크림,콜레스테롤,19,
A000000254760,에스트라 아토베리어365 크림,폴리아크릴레이트-13,20,
A000000254760,에스트라 아토베리어365 크림,C12-20알킬글루코사이드,21,
A000000254760,에스트라 아토베리어365 크림,알란토인,22,
A000000254760,에스트라 아토베리어365 크림,아라키딜글루코사이드,23,
A000000254760,에스트라 아토베리어365 크림,나이아신아마이드,24,
A000000254760,에스트라 아토베리어365 크림,세라마이드엔피,25,
A000000254760,에스트라 아토베리어365 크림,글리세릴카프릴레이트,26,
A000000254760,에스트라 아토베리어365 크림,에틸헥실글리세린,27,
A000000254760,에스트라 아토베리어365 크림,하이드로제네이티드폴리아이소부텐,28,
A000000254760,에스트라 아토베리어365 크림,카보머,29,
A000000254760,에스트라 아토베리어365 크림,트로메타민,30,
A000000254760,에스트라 아토베리어365 크림,다이메티콘올,31,
A000000254760,에스트라 아토베리어365 크림,폴리글리세릴-10라우레이트,32,
A000000254760,에스트라 아토베리어365 크림,하이드로제네이티드레시틴,33,
A000000254760,에스트라 아토베리어365 크림,에틸헥실팔미테이트,34,
A000000254760,에스트라 아토베리어365 크림,아크릴레이트/암모늄메타크릴레이트코폴리머,35,
A000000254760,에스트라 아토베리어365 크림,솔비탄아이소스테아레이트,36,
A000000254760,에스트라 아토베리어365 크림,실리카,37,
A000000254760,에스트라 아토베리어365 크림,피토스핑고신,38,
A000000254760,에스트라 아토베리어365 크림,스핑고리피드,39,
A000000254760,에스트라 아토베리어365 크림,아라키딕애씨드,40,
A000000254760,에스트라 아토베리어365 크림,토코페롤,41,
A000000254760,에스트라 아토베리어365 크림,올레익애씨드,42,
A000000235267,키엘 울트라 훼이셜 오일-프리 젤 크림,정제수,1,
A000000235267,키엘 울트라 훼이셜 오일-프리 젤 크림,글리세린,2,
A000000235267,키엘 울트라 훼이셜 오일-프리 젤 크림,프로판다이올,3,
A000000235267,키엘 울트라 훼이셜 오일-프리 젤 크림,다이메티콘,4,
A000000235267,키엘 울트라 훼이셜 오일-프리 젤 크림,아이소노닐아이소노나노에이트,5,
A000000235267,키엘 울트라 훼이셜 오일-프리 젤 크림,하이드록시에틸피페라진에탄설포닉애씨드,6,
A000000235267,키엘 울트라 훼이셜 오일-프리 젤 크림,페녹시에탄올,7,
A000000235267,키엘 울트라 훼이셜 오일-프리 젤 크림,카보머,8,
A000000235267,키엘 울트라 훼이셜 오일-프리 젤 크림,부틸렌글라이콜,9,
A000000235267,키엘 울트라 훼이셜 오일-프리 젤 크림,클로페네신,10,
A000000235267,키엘 울트라 훼이셜 오일-프리 젤 크림,카프릴릴글라이콜,11,
A000000235267,키엘 울트라 훼이셜 오일-프리 젤 크림,다이메티콘올,12,
A000000235267,키엘 울트라 훼이셜 오일-프리 젤 크림,소듐하이드록사이드,13,
A000000235267,키엘 울트라 훼이셜 오일-프리 젤 크림,잔탄검,14,
A000000235267,키엘 울트라 훼이셜 오일-프리 젤 크림,펜틸렌글라이콜,15,
A000000235267,키엘 울트라 훼이셜 오일-프리 젤 크림,테트라소듐이디티에이,16,
A000000235267,키엘 울트라 훼이셜 오일-프리 젤 크림,토코페릴아세테이트,17,
A000000235267,키엘 울트라 훼이셜 오일-프리 젤 크림,멘톡시프로판다이올,18,
A000000235267,키엘 울트라 훼이셜 오일-프리 젤 크림,슈도알테로모나스발효추출물,19,
A000000235267,키엘 울트라 훼이셜 오일-프리 젤 크림,바이오사카라이드검-1,20,
A000000235267,키엘 울트라 훼이셜 오일-프리 젤 크림,사코신,21,
A000000235267,키엘 울트라 훼이셜 오일-프리 젤 크림,살리실릭애씨드,22,
A000000189587,헤라 하이드로 리플렉팅 마이크로 크림,정제수,1,
A000000189587,헤라 하이드로 리플렉팅 마이크로 크림,프로판다이올,2,
A000000189587,헤라 하이드로 리플렉팅 마이크로 크림,글리세린,3,
A000000189587,헤라 하이드로 리플렉팅 마이크로 크림,메도우폼씨오일,4,
A000000189587,헤라 하이드로 리플렉팅 마이크로 크림,"1,2-헥산다이올",5,
A000000189587,헤라 하이드로 리플렉팅 마이크로 크림,베타인,6,
A000000189587,헤라 하이드로 리플렉팅 마이크로 크림,베헤닐알코올,7,
A000000189587,헤라 하이드로 리플렉팅 마이크로 크림,카보머,8,
A000000189587,헤라 하이드로 리플렉팅 마이크로 크림,트로메타민,9,
A000000189587,헤라 하이드로 리플렉팅 마이크로 크림,호호바에스터,10,
A000000189587,헤라 하이드로 리플렉팅 마이크로 크림,아라키딜알코올,11,
A000000189587,헤라 하이드로 리플렉팅 마이크로 크림,에틸헥실글리세린,12,
A000000189587,헤라 하이드로 리플렉팅 마이크로 크림,글리세릴카프릴레이트,13,
A000000189587,헤라 하이드로 리플렉팅 마이크로 크림,덱스트린,14,
A000000189587,헤라 하이드로 리플렉팅 마이크로 크림,다이소듐이디티에이,15,
A000000189587,헤라 하이드로 리플렉팅 마이크로 크림,향료,16,
A000000189587,헤라 하이드로 리플렉팅 마이크로 크림,아데노신,17,
A000000189587,헤라 하이드로 리플렉팅 마이크로 크림,아라키딜글루코사이드,18,
A000000189587,헤라 하이드로 리플렉팅 마이크로 크림,부틸렌글라이콜,19,
A000000189587,헤라 하이드로 리플렉팅 마이크로 크림,토코페롤,20,
A000000189587,헤라 하이드로 리플렉팅 마이크로 크림,마데카소사이드,21,
A000000189587,헤라 하이드로 리플렉팅 마이크로 크림,나이아신아마이드,22,
A000000189587,헤라 하이드로 리플렉팅 마이크로 크림,피토스테롤,23,
A000000189587,헤라 하이드로 리플렉팅 마이크로 크림,말라카이트추출물,24,
A000000189587,헤라 하이드로 리플렉팅 마이크로 크림,아크릴레이트/스테아릴메타크릴레이트코폴리머,25,
A000000189587,헤라 하이드로 리플렉팅 마이크로 크림,흰목이버섯포자낭과추출물,26,
A000000189587,헤라 하이드로 리플렉팅 마이크로 크림,하이알루로닉애씨드,27,
A000000189587,헤라 하이드로 리플렉팅 마이크로 크림,락토바실러스발효용해물,28,
A000000189587,헤라 하이드로 리플렉팅 마이크로 크림,병풀꽃/잎/줄기추출물,29,
A000000189587,헤라 하이드로 리플렉팅 마이크로 크림,잔탄검,30,
A000000189587,헤라 하이드로 리플렉팅 마이크로 크림,아스코빌테트라이소팔미테이트,31,
A000000189587,헤라 하이드로 리플렉팅 마이크로 크림,라이신,32,
A000000189587,헤라 하이드로 리플렉팅 마이크로 크림,알지닌,33,
A000000189587,헤라 하이드로 리플렉팅 마이크로 크림,히스티딘,34,
A000000189587,헤라 하이드로 리플렉팅 마이크로 크림,세라마이드엔피,35,
A000000189587,헤라 하이드로 리플렉팅 마이크로 크림,모란추출물,36,
A000000189587,헤라 하이드로 리플렉팅 마이크로 크림,글루코오스,37,
A000000189587,헤라 하이드로 리플렉팅 마이크로 크림,자일로오스,38,
A000000189587,헤라 하이드로 리플렉팅 마이크로 크림,복사나무잎추출물,39,
A000000189587,헤라 하이드로 리플렉팅 마이크로 크림,만노오스,40,
A000000189587,헤라 하이드로 리플렉팅 마이크로 크림,소듐클로라이드,41,
A000000189587,헤라 하이드로 리플렉팅 마이크로 크림,레시틴,42,
A000000189587,헤라 하이드로 리플렉팅 마이크로 크림,소듐포스페이트,43,
A000000189587,헤라 하이드로 리플렉팅 마이크로 크림,카퍼트라이펩타이드-1,44,
A000000189587,헤라 하이드로 리플렉팅 마이크로 크림,푸코오스,45,
A000000189587,헤라 하이드로 리플렉팅 마이크로 크림,포타슘클로라이드,46,
A000000189587,헤라 하이드로 리플렉팅 마이크로 크림,포타슘포스페이트,47,
A000000189587,헤라 하이드로 리플렉팅 마이크로 크림,마그네슘클로라이드,48,
A000000189587,헤라 하이드로 리플렉팅 마이크로 크림,하이드롤라이즈드기장,49,
A000000189587,헤라 하이드로 리플렉팅 마이크로 크림,칼슘클로라이드,50,
A000000250781,더마픽스 리얼콜라겐 텐션업 앰플크림,하이드롤라이즈드콜라겐,1,537000
A000000250781,더마픽스 리얼콜라겐 텐션업 앰플크림,글리세린,2,
A000000250781,더마픽스 리얼콜라겐 텐션업 앰플크림,부틸렌글라이콜,3,
A000000250781,더마픽스 리얼콜라겐 텐션업 앰플크림,글리세레스-26,4,
A000000250781,더마픽스 리얼콜라겐 텐션업 앰플크림,"1,2-헥산다이올",5,
A000000250781,더마픽스 리얼콜라겐 텐션업 앰플크림,베타-글루칸,6,
A000000250781,더마픽스 리얼콜라겐 텐션업 앰플크림,소이아미노아미드,7,
A000000250781,더마픽스 리얼콜라겐 텐션업 앰플크림,사과씨오일,8,
A000000250781,더마픽스 리얼콜라겐 텐션업 앰플크림,카카오추출물,9,
A000000250781,더마픽스 리얼콜라겐 텐션업 앰플크림,암모늄아크릴로일다이메틸타우레이트/브이피코폴리머,10,
A000000250781,더마픽스 리얼콜라겐 텐션업 앰플크림,판테놀,11,
A000000250781,더마픽스 리얼콜라겐 텐션업 앰플크림,소듐하이알루로네이트,12,
A000000250781,더마픽스 리얼콜라겐 텐션업 앰플크림,하이드롤라이즈드엘라스틴,13,
A000000250781,더마픽스 리얼콜라겐 텐션업 앰플크림,팔미틱애씨드,14,
A000000250781,더마픽스 리얼콜라겐 텐션업 앰플크림,아크릴레이트/C10-30알킬아크릴레이트크로스폴리머,15,
A000000250781,더마픽스 리얼콜라겐 텐션업 앰플크림,에틸헥실글리세린,16,
A000000250781,더마픽스 리얼콜라겐 텐션업 앰플크림,아데노신,17,
A000000250781,더마픽스 리얼콜라겐 텐션업 앰플크림,정제수,18,
A000000250781,더마픽스 리얼콜라겐 텐션업 앰플크림,덱스트린,19,
A000000250781,더마픽스 리얼콜라겐 텐션업 앰플크림,시트릭애씨드,20,
A000000250781,더마픽스 리얼콜라겐 텐션업 앰플크림,솔비탄라우레이트,21,
A000000250781,더마픽스 리얼콜라겐 텐션업 앰플크림,하이드록시에틸셀룰로오스,22,
A000000250781,더마픽스 리얼콜라겐 텐션업 앰플크림,글라이신,23,
A000000250781,더마픽스 리얼콜라겐 텐션업 앰플크림,아세틸다이펩타이드-1세틸에스터,24,
A000000250781,더마픽스 리얼콜라겐 텐션업 앰플크림,세린,25,
A000000250781,더마픽스 리얼콜라겐 텐션업 앰플크림,글루타믹애씨드,26,
A000000250781,더마픽스 리얼콜라겐 텐션업 앰플크림,아스파틱애씨드,27,
A000000250781,더마픽스 리얼콜라겐 텐션업 앰플크림,류신,28,
A000000250781,더마픽스 리얼콜라겐 텐션업 앰플크림,알라닌,29,
A000000250781,더마픽스 리얼콜라겐 텐션업 앰플크림,라이신,30,
A000000250781,더마픽스 리얼콜라겐 텐션업 앰플크림,프롤린,31,
A000000250781,더마픽스 리얼콜라겐 텐션업 앰플크림,발린,32,
A000000250781,더마픽스 리얼콜라겐 텐션업 앰플크림,아이소류신,33,
A000000250781,더마픽스 리얼콜라겐 텐션업 앰플크림,트레오닌,34,
A000000250781,더마픽스 리얼콜라겐 텐션업 앰플크림,페닐알라닌,35,
A000000250781,더마픽스 리얼콜라겐 텐션업 앰플크림,히스티딘,36,
A000000250781,더마픽스 리얼콜라겐 텐션업 앰플크림,시스테인,37,
A000000250781,더마픽스 리얼콜라겐 텐션업 앰플크림,메티오닌,38,
A000000250781,더마픽스 리얼콜라겐 텐션업 앰플크림,C12-16알코올,39,
A000000250781,더마픽스 리얼콜라겐 텐션업 앰플크림,잔탄검,40,
A000000250781,더마픽스 리얼콜라겐 텐션업 앰플크림,다이소듐이디티에이,41,
A000000250781,더마픽스 리얼콜라겐 텐션업 앰플크림,페녹시에탄올,42,
A000000250781,더마픽스 리얼콜라겐 텐션업 앰플크림,향료,43,
A000000250781,더마픽스 리얼콜라겐 텐션업 앰플크림,리모넨,44,
A000000250781,더마픽스 리얼콜라겐 텐션업 앰플크림,시트로넬올,45,
A000000250781,더마픽스 리얼콜라겐 텐션업 앰플크림,알파-아이소메틸아이오논,46,
A000000250781,더마픽스 리얼콜라겐 텐션업 앰플크림,벤질벤조에이트,47,
A000000246877,닥터자르트 세라마이딘 울트라 모이스처라이징 크림,정제수,1,
A000000246877,닥터자르트 세라마이딘 울트라 모이스처라이징 크림,프로판다이올,2,
A000000246877,닥터자르트 세라마이딘 울트라 모이스처라이징 크림,글리세린,3,
A000000246877,닥터자르트 세라마이딘 울트라 모이스처라이징 크림,카프릴릭/카프릭트라이글리세라이드,4,
A000000246877,닥터자르트 세라마이딘 울트라 모이스처라이징 크림,다이카프릴릴에터,5,
A000000246877,닥터자르트 세라마이딘 울트라 모이스처라이징 크림,메틸트라이메티콘,6,
A000000246877,닥터자르트 세라마이딘 울트라 모이스처라이징 크림,비닐다이메티콘,7,
A000000246877,닥터자르트 세라마이딘 울트라 모이스처라이징 크림,세테아릴알코올,8,
A000000246877,닥터자르트 세라마이딘 울트라 모이스처라이징 크림,폴리글리세린-3,9,
A000000246877,닥터자르트 세라마이딘 울트라 모이스처라이징 크림,세테아릴올리베이트,10,
A000000246877,닥터자르트 세라마이딘 울트라 모이스처라이징 크림,세라마이드엔피,11,
A000000246877,닥터자르트 세라마이딘 울트라 모이스처라이징 크림,베헤닐알코올,12,
A000000246877,닥터자르트 세라마이딘 울트라 모이스처라이징 크림,판테놀,13,
A000000246877,닥터자르트 세라마이딘 울트라 모이스처라이징 크림,폴리글리세릴-10스테아레이트,14,
A000000246877,닥터자르트 세라마이딘 울트라 모이스처라이징 크림,다이펜타에리스리틸헥사하이드록시스테아레이트/헥사스테아레이트/헥사로지네이트,15,
A000000246877,닥터자르트 세라마이딘 울트라 모이스처라이징 크림,"1,2-헥산다이올",16,
A000000246877,닥터자르트 세라마이딘 울트라 모이스처라이징 크림,베르가모트오일,17,
A000000246877,닥터자르트 세라마이딘 울트라 모이스처라이징 크림,로즈힙열매추출물,18,
A000000246877,닥터자르트 세라마이딘 울트라 모이스처라이징 크림,카카오씨추출물,19,
A000000246877,닥터자르트 세라마이딘 울트라 모이스처라이징 크림,소듐하이알루로네이트,20,
A000000246877,닥터자르트 세라마이딘 울트라 모이스처라이징 크림,알란토인,21,
A000000246877,닥터자르트 세라마이딘 울트라 모이스처라이징 크림,토코페롤,22,
A000000246877,닥터자르트 세라마이딘 울트라 모이스처라이징 크림,아스코빌팔미테이트,23,
A000000246877,닥터자르트 세라마이딘 울트라 모이스처라이징 크림,에틸헥실글리세린,24,
A000000246877,닥터자르트 세라마이딘 울트라 모이스처라이징 크림,부틸렌글라이콜,25,
A000000246877,닥터자르트 세라마이딘 울트라 모이스처라이징 크림,사이아노코발아민,26,
A000000246877,닥터자르트 세라마이딘 울트라 모이스처라이징 크림,엑토인,27,
A000000246877,닥터자르트 세라마이딘 울트라 모이스처라이징 크림,아데노신,28,
A000000246877,닥터자르트 세라마이딘 울트라 모이스처라이징 크림,세라마이드에이피,29,
A000000246877,닥터자르트 세라마이딘 울트라 모이스처라이징 크림,세라마이드에이에스,30,
A000000246877,닥터자르트 세라마이딘 울트라 모이스처라이징 크림,세라마이드엔에스,31,
A000000246877,닥터자르트 세라마이딘 울트라 모이스처라이징 크림,세라마이드엔지,32,
A000000246877,닥터자르트 세라마이딘 울트라 모이스처라이징 크림,세라마이드이오에스,33,
A000000246877,닥터자르트 세라마이딘 울트라 모이스처라이징 크림,세라마이드이오피,34,
A000000246877,닥터자르트 세라마이딘 울트라 모이스처라이징 크림,글리세릴카프릴레이트,35,
A000000246877,닥터자르트 세라마이딘 울트라 모이스처라이징 크림,세테아릴글루코사이드,36,
A000000246877,닥터자르트 세라마이딘 울트라 모이스처라이징 크림,콜레스테롤,37,
A000000246877,닥터자르트 세라마이딘 울트라 모이스처라이징 크림,글라이코스핑고리피드,38,
A000000246877,닥터자르트 세라마이딘 울트라 모이스처라이징 크림,글라이코리피드,39,
A000000246877,닥터자르트 세라마이딘 울트라 모이스처라이징 크림,카프로오일스핑고신,40,
A000000246877,닥터자르트 세라마이딘 울트라 모이스처라이징 크림,카프로오일피토스핑고신,41,
A000000246877,닥터자르트 세라마이딘 울트라 모이스처라이징 크림,글리세릴올리에이트,42,
A000000246877,닥터자르트 세라마이딘 울트라 모이스처라이징 크림,덱스트린,43,
A000000246877,닥터자르트 세라마이딘 울트라 모이스처라이징 크림,솔비탄올리베이트,44,
A000000246877,닥터자르트 세라마이딘 울트라 모이스처라이징 크림,글리세릴스테아레이트,45,
A000000246877,닥터자르트 세라마이딘 울트라 모이스처라이징 크림,세테아레스-25,46,
A000000246877,닥터자르트 세라마이딘 울트라 모이스처라이징 크림,세틸알코올,47,
A000000246877,닥터자르트 세라마이딘 울트라 모이스처라이징 크림,하이드로제네이티드레시틴,48,
A000000246877,닥터자르트 세라마이딘 울트라 모이스처라이징 크림,스테아릭애씨드,49,
A000000246877,닥터자르트 세라마이딘 울트라 모이스처라이징 크림,팔미틱애씨드,50,
A000000246877,닥터자르트 세라마이딘 울트라 모이스처라이징 크림,글리세릴스테아레이트에스이,51,
A000000246877,닥터자르트 세라마이딘 울트라 모이스처라이징 크림,베헤닉애씨드,52,
A000000246877,닥터자르트 세라마이딘 울트라 모이스처라이징 크림,레시틴,53,
A000000246877,닥터자르트 세라마이딘 울트라 모이스처라이징 크림,시트릭애씨드,54,
A000000246877,닥터자르트 세라마이딘 울트라 모이스처라이징 크림,소듐폴리아크릴레이트,55,
A000000246877,닥터자르트 세라마이딘 울트라 모이스처라이징 크림,암모늄아크릴로일다이메틸타우레이트/브이피코폴리머,56,
A000000246877,닥터자르트 세라마이딘 울트라 모이스처라이징 크림,다이프로필렌글라이콜,57,
A000000246877,닥터자르트 세라마이딘 울트라 모이스처라이징 크림,잔탄검,58,
A000000246877,닥터자르트 세라마이딘 울트라 모이스처라이징 크림,센티드제라늄꽃오일,59,
A000000246877,닥터자르트 세라마이딘 울트라 모이스처라이징 크림,살비아오일,60,
A000000246877,닥터자르트 세라마이딘 울트라 모이스처라이징 크림,광곽향오일,61,
A000000246877,닥터자르트 세라마이딘 울트라 모이스처라이징 크림,페녹시에탄올,62,
A000000246877,닥터자르트 세라마이딘 울트라 모이스처라이징 크림,황색4호,63,11000
A000000208491,이지듀 EGF 글루타치온 기미잡티 크림,정제수,1,
A000000208491,이지듀 EGF 글루타치온 기미잡티 크림,글리세린,2,
A000000208491,이지듀 EGF 글루타치온 기미잡티 크림,나이아신아마이드,3,
A000000208491,이지듀 EGF 글루타치온 기미잡티 크림,다이프로필렌글라이콜,4,
A000000208491,이지듀 EGF 글루타치온 기미잡티 크림,비닐다이메티콘,5,
A000000208491,이지듀 EGF 글루타치온 기미잡티 크림,카프릴릭/카프릭트라이글리세라이드,6,
A000000208491,이지듀 EGF 글루타치온 기미잡티 크림,코코넛야자오일,7,
A000000208491,이지듀 EGF 글루타치온 기미잡티 크림,메도우폼씨오일,8,
A000000208491,이지듀 EGF 글루타치온 기미잡티 크림,펜타에리스리틸테트라에틸헥사노에이트,9,
A000000208491,이지듀 EGF 글루타치온 기미잡티 크림,메틸프로판다이올,10,
A000000208491,이지듀 EGF 글루타치온 기미잡티 크림,폴리글리세릴-3다이스테아레이트,11,
A000000208491,이지듀 EGF 글루타치온 기미잡티 크림,해바라기씨오일,12,
A000000208491,이지듀 EGF 글루타치온 기미잡티 크림,"1,2-헥산다이올",13,
A000000208491,이지듀 EGF 글루타치온 기미잡티 크림,마조람잎오일,14,
A000000208491,이지듀 EGF 글루타치온 기미잡티 크림,베르가모트오일,15,
A000000208491,이지듀 EGF 글루타치온 기미잡티 크림,효모발효추출물,16,
A000000208491,이지듀 EGF 글루타치온 기미잡티 크림,칸디다 봄비콜라/글루코오스/메틸레이프씨데이트발효물,17,
A000000208491,이지듀 EGF 글루타치온 기미잡티 크림,편백잎추출물,18,
A000000208491,이지듀 EGF 글루타치온 기미잡티 크림,오레가노잎추출물,19,
A000000208491,이지듀 EGF 글루타치온 기미잡티 크림,흰버드나무껍질추출물,20,
A000000208491,이지듀 EGF 글루타치온 기미잡티 크림,캐모마일꽃오일,21,
A000000208491,이지듀 EGF 글루타치온 기미잡티 크림,육계나무껍질추출물,22,
A000000208491,이지듀 EGF 글루타치온 기미잡티 크림,하이드롤라이즈드하이알루로닉애씨드,23,
A000000208491,이지듀 EGF 글루타치온 기미잡티 크림,락토바실러스/콩발효추출물,24,
A000000208491,이지듀 EGF 글루타치온 기미잡티 크림,쇠비름추출물,25,
A000000208491,이지듀 EGF 글루타치온 기미잡티 크림,황금추출물,26,
A000000208491,이지듀 EGF 글루타치온 기미잡티 크림,멕시칸주니퍼오일,27,
A000000208491,이지듀 EGF 글루타치온 기미잡티 크림,하이드롤라이즈드콜라겐,28,
A000000208491,이지듀 EGF 글루타치온 기미잡티 크림,왕귤껍질오일,29,
A000000208491,이지듀 EGF 글루타치온 기미잡티 크림,펜틸렌글라이콜,30,
A000000208491,이지듀 EGF 글루타치온 기미잡티 크림,피토스테릴/이소스테아릴/세틸/스테아릴/베헤닐다이머디리놀리에이트,31,
A000000208491,이지듀 EGF 글루타치온 기미잡티 크림,부틸렌글라이콜,32,
A000000208491,이지듀 EGF 글루타치온 기미잡티 크림,폴리메틸실세스퀴옥세인,33,
A000000208491,이지듀 EGF 글루타치온 기미잡티 크림,다이메티콘올,34,
A000000208491,이지듀 EGF 글루타치온 기미잡티 크림,암모늄아크릴로일다이메틸타우레이트/브이피코폴리머,35,
A000000208491,이지듀 EGF 글루타치온 기미잡티 크림,아크릴레이트/C10-30알킬아크릴레이트크로스폴리머,36,
A000000208491,이지듀 EGF 글루타치온 기미잡티 크림,소듐스테아로일글루타메이트,37,
A000000208491,이지듀 EGF 글루타치온 기미잡티 크림,하이드록시아세토페논,38,
A000000208491,이지듀 EGF 글루타치온 기미잡티 크림,트로메타민,39,
A000000208491,이지듀 EGF 글루타치온 기미잡티 크림,하이드록시에틸아크릴레이트/소듐아크릴로일다이메틸타우레이트코폴리머,40,
A000000208491,이지듀 EGF 글루타치온 기미잡티 크림,폴리글리세릴-2스테아레이트,41,
A000000208491,이지듀 EGF 글루타치온 기미잡티 크림,글리세릴스테아레이트,42,
A000000208491,이지듀 EGF 글루타치온 기미잡티 크림,판테놀,43,
A000000208491,이지듀 EGF 글루타치온 기미잡티 크림,글리세릴스테아레이트시트레이트,44,
A000000208491,이지듀 EGF 글루타치온 기미잡티 크림,아데노신,45,
A000000208491,이지듀 EGF 글루타치온 기미잡티 크림,하이드로제네이티드레시틴,46,
A000000208491,이지듀 EGF 글루타치온 기미잡티 크림,소듐파이테이트,47,
A000000208491,이지듀 EGF 글루타치온 기미잡티 크림,솔비탄아이소스테아레이트,48,
A000000208491,이지듀 EGF 글루타치온 기미잡티 크림,세라마이드엔피,49,
A000000208491,이지듀 EGF 글루타치온 기미잡티 크림,베타-글루칸,50,
A000000208491,이지듀 EGF 글루타치온 기미잡티 크림,하이드롤라이즈드엘라스틴,51,
A000000208491,이지듀 EGF 글루타치온 기미잡티 크림,소듐아스코빌포스페이트,52,
A000000208491,이지듀 EGF 글루타치온 기미잡티 크림,에스에이치-올리고펩타이드-1,53,
A000000208491,이지듀 EGF 글루타치온 기미잡티 크림,팔미토일에스에이치-트라이펩타이드-3아마이드,54,
A000000208491,이지듀 EGF 글루타치온 기미잡티 크림,카프릴릴글라이콜,55,
A000000208491,이지듀 EGF 글루타치온 기미잡티 크림,니코티노일다이펩타이드-23,56,
A000000208491,이지듀 EGF 글루타치온 기미잡티 크림,트라넥사믹애씨드,57,
A000000208491,이지듀 EGF 글루타치온 기미잡티 크림,글루타티온,58,
A000000208491,이지듀 EGF 글루타치온 기미잡티 크림,비사보롤,59,
A000000208491,이지듀 EGF 글루타치온 기미잡티 크림,헤스페리딘메틸칼콘,60,
A000000208491,이지듀 EGF 글루타치온 기미잡티 크림,시트릭애씨드,61,
A000000208491,이지듀 EGF 글루타치온 기미잡티 크림,다이펩타이드-2,62,
A000000208491,이지듀 EGF 글루타치온 기미잡티 크림,팔미토일테트라펩타이드-7,63,
A000000208491,이지듀 EGF 글루타치온 기미잡티 크림,소듐시트레이트,64,
A000000208491,이지듀 EGF 글루타치온 기미잡티 크림,스테아레스-20,65,
A000000208491,이지듀 EGF 글루타치온 기미잡티 크림,세테아릴알코올,66,
A000000208491,이지듀 EGF 글루타치온 기미잡티 크림,스테아릴알코올,67,
A000000208491,이지듀 EGF 글루타치온 기미잡티 크림,잔탄검,68,
A000000208491,이지듀 EGF 글루타치온 기미잡티 크림,에탄올,69,
A000000208491,이지듀 EGF 글루타치온 기미잡티 크림,다이소듐이디티에이,70,
A000000208491,이지듀 EGF 글루타치온 기미잡티 크림,클로헥시딘다이글루코네이트,71,
A000000208491,이지듀 EGF 글루타치온 기미잡티 크림,포타슘솔베이트,72,
A000000208491,이지듀 EGF 글루타치온 기미잡티 크림,리모넨,73,
A000000208491,이지듀 EGF 글루타치온 기미잡티 크림,리날룰,74,
A000000200725,아벤느 시칼파트 플러스 SOS 리페어 크림,온천수,1,
A000000200725,아벤느 시칼파트 플러스 SOS 리페어 크림,카프릴릭/카프릭트라이글리세라이드,2,
A000000200725,아벤느 시칼파트 플러스 SOS 리페어 크림,미네랄오일,3,
A000000200725,아벤느 시칼파트 플러스 SOS 리페어 크림,글리세린,4,
A000000200725,아벤느 시칼파트 플러스 SOS 리페어 크림,하이드로제네이티드식물성오일,5,
A000000200725,아벤느 시칼파트 플러스 SOS 리페어 크림,징크옥사이드,6,
A000000200725,아벤느 시칼파트 플러스 SOS 리페어 크림,프로필렌글라이콜,7,
A000000200725,아벤느 시칼파트 플러스 SOS 리페어 크림,폴리글리세릴-2세스퀴이소스테아레이트,8,
A000000200725,아벤느 시칼파트 플러스 SOS 리페어 크림,피이지-22/도데실글라이콜코폴리머,9,
A000000200725,아벤느 시칼파트 플러스 SOS 리페어 크림,아쿠아필루스 돌로미아이발효여과물,10,
A000000200725,아벤느 시칼파트 플러스 SOS 리페어 크림,마그네슘스테아레이트,11,
A000000200725,아벤느 시칼파트 플러스 SOS 리페어 크림,비즈왁스,12,
A000000200725,아벤느 시칼파트 플러스 SOS 리페어 크림,마이크로크리스탈린왁스,13,
A000000200725,아벤느 시칼파트 플러스 SOS 리페어 크림,알루미늄스테아레이트,14,
A000000200725,아벤느 시칼파트 플러스 SOS 리페어 크림,카퍼설페이트,15,
A000000200725,아벤느 시칼파트 플러스 SOS 리페어 크림,마그네슘설페이트,16,
A000000200725,아벤느 시칼파트 플러스 SOS 리페어 크림,징크설페이트,17,
A000000200725,아벤느 시칼파트 플러스 SOS 리페어 크림,알지닌,18,
A000000200725,아벤느 시칼파트 플러스 SOS 리페어 크림,트로메타민,19,
A000000257713,달바 비타 캡슐 크림 나이아신아마이드 5퍼센트,비타민나무수,1,308886
A000000257713,달바 비타 캡슐 크림 나이아신아마이드 5퍼센트,정제수,2,
A000000257713,달바 비타 캡슐 크림 나이아신아마이드 5퍼센트,글리세린,3,
A000000257713,달바 비타 캡슐 크림 나이아신아마이드 5퍼센트,부틸렌글라이콜,4,
A000000257713,달바 비타 캡슐 크림 나이아신아마이드 5퍼센트,메틸하이드로제네이티드로지네이트,5,
A000000257713,달바 비타 캡슐 크림 나이아신아마이드 5퍼센트,나이아신아마이드,6,50000
A000000257713,달바 비타 캡슐 크림 나이아신아마이드 5퍼센트,다이프로필렌글라이콜,7,
A000000257713,달바 비타 캡슐 크림 나이아신아마이드 5퍼센트,메틸프로판다이올,8,
A000000257713,달바 비타 캡슐 크림 나이아신아마이드 5퍼센트,"1,2-헥산다이올",9,
A000000257713,달바 비타 캡슐 크림 나이아신아마이드 5퍼센트,페닐프로필디메틸실록시실리케이트,10,
A000000257713,달바 비타 캡슐 크림 나이아신아마이드 5퍼센트,카프릴릭/카프릭트라이글리세라이드,11,
A000000257713,달바 비타 캡슐 크림 나이아신아마이드 5퍼센트,세테아릴올리베이트,12,
A000000257713,달바 비타 캡슐 크림 나이아신아마이드 5퍼센트,글리세릴스테아레이트,13,
A000000257713,달바 비타 캡슐 크림 나이아신아마이드 5퍼센트,아이소노닐아이소노나노에이트,14,
A000000257713,달바 비타 캡슐 크림 나이아신아마이드 5퍼센트,프로판다이올,15,
A000000257713,달바 비타 캡슐 크림 나이아신아마이드 5퍼센트,솔비탄올리베이트,16,
A000000257713,달바 비타 캡슐 크림 나이아신아마이드 5퍼센트,다이펩타이드-15,17,
A000000257713,달바 비타 캡슐 크림 나이아신아마이드 5퍼센트,하이드로제네이티드레시틴,18,
A000000257713,달바 비타 캡슐 크림 나이아신아마이드 5퍼센트,세테아릴알코올,19,
A000000257713,달바 비타 캡슐 크림 나이아신아마이드 5퍼센트,비닐다이메티콘,20,
A000000257713,달바 비타 캡슐 크림 나이아신아마이드 5퍼센트,폴리아크릴레이트-13,21,
A000000257713,달바 비타 캡슐 크림 나이아신아마이드 5퍼센트,합성비즈왁스,22,
A000000257713,달바 비타 캡슐 크림 나이아신아마이드 5퍼센트,소듐폴리아크릴레이트,23,
A000000257713,달바 비타 캡슐 크림 나이아신아마이드 5퍼센트,흰서양송로추출물,24,
A000000257713,달바 비타 캡슐 크림 나이아신아마이드 5퍼센트,하이드로제네이티드폴리아이소부텐,25,
A000000257713,달바 비타 캡슐 크림 나이아신아마이드 5퍼센트,캐스터오일/아이피디아이코폴리머,26,
A000000257713,달바 비타 캡슐 크림 나이아신아마이드 5퍼센트,당근추출물,27,
A000000257713,달바 비타 캡슐 크림 나이아신아마이드 5퍼센트,카놀라오일,28,
A000000257713,달바 비타 캡슐 크림 나이아신아마이드 5퍼센트,에틸헥실글리세린,29,
A000000257713,달바 비타 캡슐 크림 나이아신아마이드 5퍼센트,잔탄검,30,
A000000257713,달바 비타 캡슐 크림 나이아신아마이드 5퍼센트,아데노신,31,
A000000257713,달바 비타 캡슐 크림 나이아신아마이드 5퍼센트,폴리글리세릴-10라우레이트,32,
A000000257713,달바 비타 캡슐 크림 나이아신아마이드 5퍼센트,에틸헥실팔미테이트,33,
A000000257713,달바 비타 캡슐 크림 나이아신아마이드 5퍼센트,다이소듐이디티에이,34,
A000000257713,달바 비타 캡슐 크림 나이아신아마이드 5퍼센트,레시틴,35,
A000000257713,달바 비타 캡슐 크림 나이아신아마이드 5퍼센트,솔비탄아이소스테아레이트,36,
A000000257713,달바 비타 캡슐 크림 나이아신아마이드 5퍼센트,하이알루로닉애씨드,37,
A000000257713,달바 비타 캡슐 크림 나이아신아마이드 5퍼센트,하이드롤라이즈드하이알루로닉애씨드,38,
A000000257713,달바 비타 캡슐 크림 나이아신아마이드 5퍼센트,소듐하이알루로네이트,39,
A000000257713,달바 비타 캡슐 크림 나이아신아마이드 5퍼센트,다이포타슘글리시리제이트,40,
A000000257713,달바 비타 캡슐 크림 나이아신아마이드 5퍼센트,당근씨오일,41,
A000000257713,달바 비타 캡슐 크림 나이아신아마이드 5퍼센트,판테놀,42,75
A000000257713,달바 비타 캡슐 크림 나이아신아마이드 5퍼센트,알지닌,43,
A000000257713,달바 비타 캡슐 크림 나이아신아마이드 5퍼센트,카보머,44,
A000000257713,달바 비타 캡슐 크림 나이아신아마이드 5퍼센트,병풀추출물,45,
A000000257713,달바 비타 캡슐 크림 나이아신아마이드 5퍼센트,해바라기꽃추출물,46,
A000000257713,달바 비타 캡슐 크림 나이아신아마이드 5퍼센트,연꽃꽃추출물,47,
A000000257713,달바 비타 캡슐 크림 나이아신아마이드 5퍼센트,해바라기씨오일,48,
A000000257713,달바 비타 캡슐 크림 나이아신아마이드 5퍼센트,아모다이메티콘,49,
A000000257713,달바 비타 캡슐 크림 나이아신아마이드 5퍼센트,베타-카로틴,50,
A000000257713,달바 비타 캡슐 크림 나이아신아마이드 5퍼센트,토코페릴아세테이트,51,15
A000000257713,달바 비타 캡슐 크림 나이아신아마이드 5퍼센트,아스코빅애씨드,52,10
A000000257713,달바 비타 캡슐 크림 나이아신아마이드 5퍼센트,글루타티온,53,
A000000257713,달바 비타 캡슐 크림 나이아신아마이드 5퍼센트,콜레스테롤,54,
A000000257713,달바 비타 캡슐 크림 나이아신아마이드 5퍼센트,버지니아풍년화추출물,55,
A000000257713,달바 비타 캡슐 크림 나이아신아마이드 5퍼센트,세라마이드엔피,56,
A000000257713,달바 비타 캡슐 크림 나이아신아마이드 5퍼센트,약모밀추출물,57,
A000000257713,달바 비타 캡슐 크림 나이아신아마이드 5퍼센트,멕시칸치아씨추출물,58,
A000000257713,달바 비타 캡슐 크림 나이아신아마이드 5퍼센트,티트리잎추출물,59,
A000000257713,달바 비타 캡슐 크림 나이아신아마이드 5퍼센트,토코페롤,60,0.503
A000000257713,달바 비타 캡슐 크림 나이아신아마이드 5퍼센트,동백나무씨오일,61,
A000000257713,달바 비타 캡슐 크림 나이아신아마이드 5퍼센트,돌콩오일,62,
A000000257713,달바 비타 캡슐 크림 나이아신아마이드 5퍼센트,비타민나무열매오일,63,0.5
A000000257713,달바 비타 캡슐 크림 나이아신아마이드 5퍼센트,퀸즈랜드넛오일,64,
A000000257713,달바 비타 캡슐 크림 나이아신아마이드 5퍼센트,달맞이꽃오일,65,
A000000257713,달바 비타 캡슐 크림 나이아신아마이드 5퍼센트,올리브오일,66,
A000000257713,달바 비타 캡슐 크림 나이아신아마이드 5퍼센트,아보카도오일,67,
A000000257713,달바 비타 캡슐 크림 나이아신아마이드 5퍼센트,마시멜로뿌리추출물,68,
A000000257713,달바 비타 캡슐 크림 나이아신아마이드 5퍼센트,캐모마일꽃추출물,69,
A000000257713,달바 비타 캡슐 크림 나이아신아마이드 5퍼센트,아티초크잎추출물,70,
A000000257713,달바 비타 캡슐 크림 나이아신아마이드 5퍼센트,유칼립투스잎추출물,71,
A000000257713,달바 비타 캡슐 크림 나이아신아마이드 5퍼센트,히비스커스꽃추출물,72,
A000000257713,달바 비타 캡슐 크림 나이아신아마이드 5퍼센트,서양고추나물추출물,73,
A000000257713,달바 비타 캡슐 크림 나이아신아마이드 5퍼센트,라벤더꽃추출물,74,
A000000257713,달바 비타 캡슐 크림 나이아신아마이드 5퍼센트,레몬밤잎추출물,75,
A000000257713,달바 비타 캡슐 크림 나이아신아마이드 5퍼센트,오레가노잎추출물,76,
A000000257713,달바 비타 캡슐 크림 나이아신아마이드 5퍼센트,센티드제라늄추출물,77,
A000000257713,달바 비타 캡슐 크림 나이아신아마이드 5퍼센트,살비아잎추출물,78,
A000000257713,달바 비타 캡슐 크림 나이아신아마이드 5퍼센트,보검선인장줄기추출물,79,
A000000257713,달바 비타 캡슐 크림 나이아신아마이드 5퍼센트,트루로즈오브예리코추출물,80,
A000000257713,달바 비타 캡슐 크림 나이아신아마이드 5퍼센트,칸디다 봄비콜라/글루코오스/메틸레이프씨데이트발효물,81,
A000000257713,달바 비타 캡슐 크림 나이아신아마이드 5퍼센트,폴리글리세릴-10다이아이소스테아레이트,82,
A000000257713,달바 비타 캡슐 크림 나이아신아마이드 5퍼센트,메나다이온,83,5e-05
A000000257713,달바 비타 캡슐 크림 나이아신아마이드 5퍼센트,향료,84,
A000000257713,달바 비타 캡슐 크림 나이아신아마이드 5퍼센트,리모넨,85,
A000000257713,달바 비타 캡슐 크림 나이아신아마이드 5퍼센트,리날룰,86,
A000000257713,달바 비타 캡슐 크림 나이아신아마이드 5퍼센트,헥실신남알,87,
A000000257713,달바 비타 캡슐 크림 나이아신아마이드 5퍼센트,시트랄,88,
A000000257713,달바 비타 캡슐 크림 나이아신아마이드 5퍼센트,시트로넬올,89,
A000000173140,달바 세럼 올인원 멀티밤,해바라기씨오일,1,
A000000173140,달바 세럼 올인원 멀티밤,합성왁스,2,
A000000173140,달바 세럼 올인원 멀티밤,시어버터,3,
A000000173140,달바 세럼 올인원 멀티밤,옥틸도데칸올,4,
A000000173140,달바 세럼 올인원 멀티밤,폴리에틸렌,5,
A000000173140,달바 세럼 올인원 멀티밤,폴리글리세릴-2아이소스테아레이트/다이머다이리놀리에이트코폴리머,6,
A000000173140,달바 세럼 올인원 멀티밤,카프릴릭/카프릭트라이글리세라이드,7,
A000000173140,달바 세럼 올인원 멀티밤,토코페릴아세테이트,8,
A000000173140,달바 세럼 올인원 멀티밤,퀸즈랜드넛오일,9,
A000000173140,달바 세럼 올인원 멀티밤,호호바씨오일,10,
A000000173140,달바 세럼 올인원 멀티밤,스위트아몬드오일,11,
A000000173140,달바 세럼 올인원 멀티밤,모나스커스추출물,12,
A000000173140,달바 세럼 올인원 멀티밤,당근추출물,13,
A000000173140,달바 세럼 올인원 멀티밤,들깨잎추출물,14,
A000000173140,달바 세럼 올인원 멀티밤,병풀추출물,15,
A000000173140,달바 세럼 올인원 멀티밤,보리지추출물,16,
A000000173140,달바 세럼 올인원 멀티밤,사탕무뿌리추출물,17,
A000000173140,달바 세럼 올인원 멀티밤,참당귀추출물,18,
A000000173140,달바 세럼 올인원 멀티밤,캐모마일꽃추출물,19,
A000000173140,달바 세럼 올인원 멀티밤,포트마리골드꽃추출물,20,
A000000173140,달바 세럼 올인원 멀티밤,풍선덩굴꽃/잎/덩굴추출물,21,
A000000173140,달바 세럼 올인원 멀티밤,흰서양송로추출물,22,
A000000173140,달바 세럼 올인원 멀티밤,연꽃꽃추출물,23,
A000000173140,달바 세럼 올인원 멀티밤,장미추출물,24,
A000000173140,달바 세럼 올인원 멀티밤,커먼자스민추출물,25,
A000000173140,달바 세럼 올인원 멀티밤,지모뿌리추출물,26,
A000000173140,달바 세럼 올인원 멀티밤,나팔수선화추출물,27,
A000000173140,달바 세럼 올인원 멀티밤,마돈나백합비늘줄기추출물,28,
A000000173140,달바 세럼 올인원 멀티밤,블루플래그아이리스추출물,29,
A000000173140,달바 세럼 올인원 멀티밤,프리지어추출물,30,
A000000173140,달바 세럼 올인원 멀티밤,콜라겐추출물,31,
A000000173140,달바 세럼 올인원 멀티밤,동백나무씨오일,32,
A000000173140,달바 세럼 올인원 멀티밤,올리브오일,33,
A000000173140,달바 세럼 올인원 멀티밤,녹차씨오일,34,
A000000173140,달바 세럼 올인원 멀티밤,아르간커넬오일,35,
A000000173140,달바 세럼 올인원 멀티밤,비타민나무열매오일,36,
A000000173140,달바 세럼 올인원 멀티밤,에키움 플란타기네움씨오일,37,
A000000173140,달바 세럼 올인원 멀티밤,돌콩오일,38,
A000000173140,달바 세럼 올인원 멀티밤,아보카도오일,39,
A000000173140,달바 세럼 올인원 멀티밤,달맞이꽃오일,40,
A000000173140,달바 세럼 올인원 멀티밤,마카다미아씨오일,41,
A000000173140,달바 세럼 올인원 멀티밤,마이크로크리스탈린왁스,42,
A000000173140,달바 세럼 올인원 멀티밤,알파-비사보롤,43,
A000000173140,달바 세럼 올인원 멀티밤,솔비탄세스퀴올리에이트,44,
A000000173140,달바 세럼 올인원 멀티밤,토코페롤,45,
A000000173140,달바 세럼 올인원 멀티밤,정제수,46,
A000000173140,달바 세럼 올인원 멀티밤,해바라기씨오일불검화물,47,
A000000173140,달바 세럼 올인원 멀티밤,세라마이드엔피,48,
A000000173140,달바 세럼 올인원 멀티밤,하이드롤라이즈드하이알루로닉애씨드,49,
A000000173140,달바 세럼 올인원 멀티밤,하이드로제네이티드폴리아이소부텐,50,
A000000173140,달바 세럼 올인원 멀티밤,부틸렌글라이콜,51,
A000000173140,달바 세럼 올인원 멀티밤,글루타티온,52,
A000000173140,달바 세럼 올인원 멀티밤,아스코빅애씨드,53,
A000000173140,달바 세럼 올인원 멀티밤,"1,2-헥산다이올",54,
A000000173140,달바 세럼 올인원 멀티밤,글루코오스,55,
A000000173140,달바 세럼 올인원 멀티밤,만노오스,56,
A000000173140,달바 세럼 올인원 멀티밤,향료,57,
A000000173140,달바 세럼 올인원 멀티밤,데하이드로아세틱애씨드,58,
A000000173140,달바 세럼 올인원 멀티밤,시트랄,59,
A000000173140,달바 세럼 올인원 멀티밤,리날룰,60,
A000000173140,달바 세럼 올인원 멀티밤,시트로넬올,61,
A000000173140,달바 세럼 올인원 멀티밤,헥실신남알,62,
A000000173140,달바 세럼 올인원 멀티밤,리모넨,63,
A000000211478,아비브 부활초 크림 뉴트리션,정제수,1,
A000000211478,아비브 부활초 크림 뉴트리션,부틸렌글라이콜,2,
A000000211478,아비브 부활초 크림 뉴트리션,글리세린,3,
A000000211478,아비브 부활초 크림 뉴트리션,카프릴릭/카프릭트라이글리세라이드,4,
A000000211478,아비브 부활초 크림 뉴트리션,다이아이소스테아릴말레이트,5,
A000000211478,아비브 부활초 크림 뉴트리션,코코넛야자오일,6,
A000000211478,아비브 부활초 크림 뉴트리션,시어버터,7,
A000000211478,아비브 부활초 크림 뉴트리션,세테아릴알코올,8,
A000000211478,아비브 부활초 크림 뉴트리션,다이글리세린,9,
A000000211478,아비브 부활초 크림 뉴트리션,펜틸렌글라이콜,10,
A000000211478,아비브 부활초 크림 뉴트리션,"1,2-헥산다이올",11,
A000000211478,아비브 부활초 크림 뉴트리션,비스-다이글리세릴폴리아실아디페이트-2,12,
A000000211478,아비브 부활초 크림 뉴트리션,카프릴릭/카프릭/미리스틱/스테아릭트라이글리세라이드,13,
A000000211478,아비브 부활초 크림 뉴트리션,아이소트라이데실아이소노나노에이트,14,
A000000211478,아비브 부활초 크림 뉴트리션,아라키딜알코올,15,
A000000211478,아비브 부활초 크림 뉴트리션,판테놀,16,
A000000211478,아비브 부활초 크림 뉴트리션,합성비즈왁스,17,
A000000211478,아비브 부활초 크림 뉴트리션,비닐다이메티콘,18,
A000000211478,아비브 부활초 크림 뉴트리션,트루로즈오브예리코추출물,19,1240
A000000211478,아비브 부활초 크림 뉴트리션,호호바에스터,20,
A000000211478,아비브 부활초 크림 뉴트리션,베헤닐알코올,21,
A000000211478,아비브 부활초 크림 뉴트리션,글리세릴스테아레이트,22,
A000000211478,아비브 부활초 크림 뉴트리션,아라키딜글루코사이드,23,
A000000211478,아비브 부활초 크림 뉴트리션,하이드록시에틸아크릴레이트/소듐아크릴로일다이메틸타우레이트코폴리머,24,
A000000211478,아비브 부활초 크림 뉴트리션,C12-16알코올,25,
A000000211478,아비브 부활초 크림 뉴트리션,아크릴레이트/C10-30알킬아크릴레이트크로스폴리머,26,
A000000211478,아비브 부활초 크림 뉴트리션,팔미틱애씨드,27,
A000000211478,아비브 부활초 크림 뉴트리션,트로메타민,28,
A000000211478,아비브 부활초 크림 뉴트리션,카나우바왁스,29,
A000000211478,아비브 부활초 크림 뉴트리션,하이드로제네이티드레시틴,30,
A000000211478,아비브 부활초 크림 뉴트리션,락토바실러스발효물,31,
A000000211478,아비브 부활초 크림 뉴트리션,다이포타슘글리시리제이트,32,
A000000211478,아비브 부활초 크림 뉴트리션,잔탄검,33,
A000000211478,아비브 부활초 크림 뉴트리션,에틸헥실글리세린,34,
A000000211478,아비브 부활초 크림 뉴트리션,아데노신,35,
A000000211478,아비브 부활초 크림 뉴트리션,트라이소듐에틸렌다이아민다이석시네이트,36,
A000000211478,아비브 부활초 크림 뉴트리션,토코페롤,37,
A000000211478,아비브 부활초 크림 뉴트리션,차가버섯추출물,38,
A000000211478,아비브 부활초 크림 뉴트리션,메틸프로판다이올,39,
A000000211478,아비브 부활초 크림 뉴트리션,블루아가베잎추출물,40,
A000000229621,제나벨 PDRN 인리치드 리커버리 밤,정제수,1,
A000000229621,제나벨 PDRN 인리치드 리커버리 밤,다이프로필렌글라이콜,2,
A000000229621,제나벨 PDRN 인리치드 리커버리 밤,글리세린,3,
A000000229621,제나벨 PDRN 인리치드 리커버리 밤,네오펜틸글라이콜다이에틸헥사노에이트,4,
A000000229621,제나벨 PDRN 인리치드 리커버리 밤,카프릴릭/카프릭트라이글리세라이드,5,
A000000229621,제나벨 PDRN 인리치드 리커버리 밤,세테아릴알코올,6,
A000000229621,제나벨 PDRN 인리치드 리커버리 밤,세틸에틸헥사노에이트,7,
A000000229621,제나벨 PDRN 인리치드 리커버리 밤,나이아신아마이드,8,
A000000229621,제나벨 PDRN 인리치드 리커버리 밤,하이드로제네이티드폴리데센,9,
A000000229621,제나벨 PDRN 인리치드 리커버리 밤,"1,2-헥산다이올",10,
A000000229621,제나벨 PDRN 인리치드 리커버리 밤,부틸렌글라이콜,11,
A000000229621,제나벨 PDRN 인리치드 리커버리 밤,글리세릴스테아레이트,12,
A000000229621,제나벨 PDRN 인리치드 리커버리 밤,판테놀,13,
A000000229621,제나벨 PDRN 인리치드 리커버리 밤,다이메티콘,14,
A000000229621,제나벨 PDRN 인리치드 리커버리 밤,C12-16알코올,15,
A000000229621,제나벨 PDRN 인리치드 리커버리 밤,마이크로크리스탈린셀룰로오스,16,
A000000229621,제나벨 PDRN 인리치드 리커버리 밤,소듐디엔에이,17,5000
A000000229621,제나벨 PDRN 인리치드 리커버리 밤,스위트아몬드오일,18,
A000000229621,제나벨 PDRN 인리치드 리커버리 밤,아이소노닐아이소노나노에이트,19,
A000000229621,제나벨 PDRN 인리치드 리커버리 밤,하이드록시에틸아크릴레이트/소듐아크릴로일다이메틸타우레이트코폴리머,20,
A000000229621,제나벨 PDRN 인리치드 리커버리 밤,세테아릴올리베이트,21,
A000000229621,제나벨 PDRN 인리치드 리커버리 밤,피이지-100스테아레이트,22,
A000000229621,제나벨 PDRN 인리치드 리커버리 밤,하이드로제네이티드레시틴,23,
A000000229621,제나벨 PDRN 인리치드 리커버리 밤,글라이코실트레할로오스,24,
A000000229621,제나벨 PDRN 인리치드 리커버리 밤,세테아릴글루코사이드,25,
A000000229621,제나벨 PDRN 인리치드 리커버리 밤,팔미틱애씨드,26,
A000000229621,제나벨 PDRN 인리치드 리커버리 밤,솔비탄올리베이트,27,
A000000229621,제나벨 PDRN 인리치드 리커버리 밤,셀룰로오스검,28,
A000000229621,제나벨 PDRN 인리치드 리커버리 밤,글라이콜스테아레이트에스이,29,
A000000229621,제나벨 PDRN 인리치드 리커버리 밤,하이드로제네이티드스타치하이드롤리세이트,30,
A000000229621,제나벨 PDRN 인리치드 리커버리 밤,스테아릭애씨드,31,
A000000229621,제나벨 PDRN 인리치드 리커버리 밤,시어버터,32,
A000000229621,제나벨 PDRN 인리치드 리커버리 밤,스쿠알란,33,
A000000229621,제나벨 PDRN 인리치드 리커버리 밤,에틸헥실글리세린,34,
A000000229621,제나벨 PDRN 인리치드 리커버리 밤,프로판다이올,35,
A000000229621,제나벨 PDRN 인리치드 리커버리 밤,아데노신,36,
A000000229621,제나벨 PDRN 인리치드 리커버리 밤,수크로오스스테아레이트,37,
A000000229621,제나벨 PDRN 인리치드 리커버리 밤,소듐스테아로일글루타메이트,38,
A000000229621,제나벨 PDRN 인리치드 리커버리 밤,하이드롤라이즈드옥수수전분,39,
A000000229621,제나벨 PDRN 인리치드 리커버리 밤,다이소듐이디티에이,40,
A000000229621,제나벨 PDRN 인리치드 리커버리 밤,솔비탄아이소스테아레이트,41,
A000000229621,제나벨 PDRN 인리치드 리커버리 밤,폴리솔베이트60,42,
A000000229621,제나벨 PDRN 인리치드 리커버리 밤,수크로오스,43,
A000000229621,제나벨 PDRN 인리치드 리커버리 밤,소듐하이알루로네이트,44,
A000000229621,제나벨 PDRN 인리치드 리커버리 밤,바이오사카라이드검-1,45,
A000000229621,제나벨 PDRN 인리치드 리커버리 밤,펜틸렌글라이콜,46,
A000000229621,제나벨 PDRN 인리치드 리커버리 밤,하이알루로닉애씨드,47,
A000000229621,제나벨 PDRN 인리치드 리커버리 밤,하이드로제네이티드포스파티딜콜린,48,
A000000229621,제나벨 PDRN 인리치드 리커버리 밤,하이드롤라이즈드소듐디엔에이,49,10
A000000229621,제나벨 PDRN 인리치드 리커버리 밤,베타-글루칸,50,
A000000229621,제나벨 PDRN 인리치드 리커버리 밤,병풀추출물,51,
A000000229621,제나벨 PDRN 인리치드 리커버리 밤,트라이펩타이드-1,52,
A000000229621,제나벨 PDRN 인리치드 리커버리 밤,아시아티코사이드,53,
A000000229621,제나벨 PDRN 인리치드 리커버리 밤,마데카식애씨드,54,
A000000229621,제나벨 PDRN 인리치드 리커버리 밤,마데카소사이드,55,
A000000229621,제나벨 PDRN 인리치드 리커버리 밤,아시아틱애씨드,56,
A000000229621,제나벨 PDRN 인리치드 리커버리 밤,아세틸헥사펩타이드-8,57,
A000000214302,코이 플로우 셀코드 크라이오 크림,정제수,1,
A000000214302,코이 플로우 셀코드 크라이오 크림,부틸렌글라이콜,2,
A000000214302,코이 플로우 셀코드 크라이오 크림,글리세린,3,
A000000214302,코이 플로우 셀코드 크라이오 크림,다이카프릴릴카보네이트,4,
A000000214302,코이 플로우 셀코드 크라이오 크림,베타인,5,
A000000214302,코이 플로우 셀코드 크라이오 크림,"1,2-헥산다이올",6,
A000000214302,코이 플로우 셀코드 크라이오 크림,나이아신아마이드,7,
A000000214302,코이 플로우 셀코드 크라이오 크림,하이드로제네이티드폴리데센,8,
A000000214302,코이 플로우 셀코드 크라이오 크림,비닐다이메티콘,9,
A000000214302,코이 플로우 셀코드 크라이오 크림,카프릴릴메티콘,10,
A000000214302,코이 플로우 셀코드 크라이오 크림,폴리메틸실세스퀴옥세인,11,
A000000214302,코이 플로우 셀코드 크라이오 크림,황련뿌리추출물,12,
A000000214302,코이 플로우 셀코드 크라이오 크림,유자추출물,13,
A000000214302,코이 플로우 셀코드 크라이오 크림,히비스커스꽃추출물,14,
A000000214302,코이 플로우 셀코드 크라이오 크림,하이드로제네이티드레시틴,15,
A000000214302,코이 플로우 셀코드 크라이오 크림,소듐하이알루로네이트,16,
A000000214302,코이 플로우 셀코드 크라이오 크림,판테놀,17,
A000000214302,코이 플로우 셀코드 크라이오 크림,아크릴레이트/C10-30알킬아크릴레이트크로스폴리머,18,
A000000214302,코이 플로우 셀코드 크라이오 크림,하이드록시에틸아크릴레이트/소듐아크릴로일다이메틸타우레이트코폴리머,19,
A000000214302,코이 플로우 셀코드 크라이오 크림,트로메타민,20,
A000000214302,코이 플로우 셀코드 크라이오 크림,다이메티콘올,21,
A000000214302,코이 플로우 셀코드 크라이오 크림,세테아릴올리베이트,22,
A000000214302,코이 플로우 셀코드 크라이오 크림,솔비탄올리베이트,23,
A000000214302,코이 플로우 셀코드 크라이오 크림,글리세릴아크릴레이트/아크릴릭애씨드코폴리머,24,
A000000214302,코이 플로우 셀코드 크라이오 크림,글리세릴글루코사이드,25,
A000000214302,코이 플로우 셀코드 크라이오 크림,아데노신,26,
A000000214302,코이 플로우 셀코드 크라이오 크림,솔비탄아이소스테아레이트,27,
A000000214302,코이 플로우 셀코드 크라이오 크림,잔탄검,28,
A000000214302,코이 플로우 셀코드 크라이오 크림,다이소듐이디티에이,29,
A000000214302,코이 플로우 셀코드 크라이오 크림,옥타데케인,30,
A000000214302,코이 플로우 셀코드 크라이오 크림,락틱애씨드/글라이콜릭애씨드코폴리머,31,
A000000214302,코이 플로우 셀코드 크라이오 크림,다이프로필렌글라이콜,32,
A000000214302,코이 플로우 셀코드 크라이오 크림,카프릴릭/카프릭트라이글리세라이드,33,
A000000214302,코이 플로우 셀코드 크라이오 크림,폴리글리세릴-10다이아이소스테아레이트,34,
A000000214302,코이 플로우 셀코드 크라이오 크림,글루코오스,35,
A000000214302,코이 플로우 셀코드 크라이오 크림,메나다이온,36,
A000000214302,코이 플로우 셀코드 크라이오 크림,사이아노코발아민,37,
A000000214302,코이 플로우 셀코드 크라이오 크림,다이메틸실란올하이알루로네이트,38,
A000000214302,코이 플로우 셀코드 크라이오 크림,하이드롤라이즈드소듐하이알루로네이트,39,
A000000214302,코이 플로우 셀코드 크라이오 크림,하이드롤라이즈드하이알루로닉애씨드,40,
A000000214302,코이 플로우 셀코드 크라이오 크림,록샘파이어캘러스배양여과물,41,
A000000214302,코이 플로우 셀코드 크라이오 크림,포타슘하이알루로네이트,42,
A000000214302,코이 플로우 셀코드 크라이오 크림,하이알루로닉애씨드,43,
A000000214302,코이 플로우 셀코드 크라이오 크림,소듐하이알루로네이트크로스폴리머,44,
A000000214302,코이 플로우 셀코드 크라이오 크림,하이드록시프로필트라이모늄하이알루로네이트,45,
A000000214302,코이 플로우 셀코드 크라이오 크림,소듐하이알루로네이트다이메틸실란올,46,
A000000214302,코이 플로우 셀코드 크라이오 크림,소듐아세틸레이티드하이알루로네이트,47,
A000000214302,코이 플로우 셀코드 크라이오 크림,산소,48,
A000000214302,코이 플로우 셀코드 크라이오 크림,향료,49,
A000000214302,코이 플로우 셀코드 크라이오 크림,에틸헥실글리세린,50,
A000000214302,코이 플로우 셀코드 크라이오 크림,카프릴릴글라이콜,51,
A000000214302,코이 플로우 셀코드 크라이오 크림,쿠마린,52,
A000000214302,코이 플로우 셀코드 크라이오 크림,유제놀,53,
A000000214302,코이 플로우 셀코드 크라이오 크림,리모넨,54,
A000000214302,코이 플로우 셀코드 크라이오 크림,리날룰,55,
A000000258055,LBB 퓨어 래디언스 크림,정제수,1,
A000000258055,LBB 퓨어 래디언스 크림,글리세린,2,
A000000258055,LBB 퓨어 래디언스 크림,프로판다이올,3,
A000000258055,LBB 퓨어 래디언스 크림,나이아신아마이드,4,
A000000258055,LBB 퓨어 래디언스 크림,카프릴릭/카프릭트라이글리세라이드,5,
A000000258055,LBB 퓨어 래디언스 크림,세틸에틸헥사노에이트,6,
A000000258055,LBB 퓨어 래디언스 크림,"1,2-헥산다이올",7,
A000000258055,LBB 퓨어 래디언스 크림,글리세릴스테아레이트,8,
A000000258055,LBB 퓨어 래디언스 크림,판테놀,9,
A000000258055,LBB 퓨어 래디언스 크림,페닐트라이메티콘,10,
A000000258055,LBB 퓨어 래디언스 크림,C14-22알코올,11,
A000000258055,LBB 퓨어 래디언스 크림,알지닌,12,
A000000258055,LBB 퓨어 래디언스 크림,아크릴레이트/C10-30알킬아크릴레이트크로스폴리머,13,
A000000258055,LBB 퓨어 래디언스 크림,아이소노닐아이소노나노에이트,14,
A000000258055,LBB 퓨어 래디언스 크림,하이드록시아세토페논,15,
A000000258055,LBB 퓨어 래디언스 크림,폴리글리세릴-10라우레이트,16,
A000000258055,LBB 퓨어 래디언스 크림,마데카소사이드,17,
A000000258055,LBB 퓨어 래디언스 크림,베르가모트오일,18,
A000000258055,LBB 퓨어 래디언스 크림,에틸헥실글리세린,19,
A000000258055,LBB 퓨어 래디언스 크림,C12-20알킬글루코사이드,20,
A000000258055,LBB 퓨어 래디언스 크림,부틸렌글라이콜,21,
A000000258055,LBB 퓨어 래디언스 크림,변성알코올,22,
A000000258055,LBB 퓨어 래디언스 크림,아데노신,23,
A000000258055,LBB 퓨어 래디언스 크림,캐스터오일/아이피디아이코폴리머,24,
A000000258055,LBB 퓨어 래디언스 크림,하이드로제네이티드레시틴,25,
A000000258055,LBB 퓨어 래디언스 크림,맥아추출물,26,
A000000258055,LBB 퓨어 래디언스 크림,병풀추출물,27,
A000000258055,LBB 퓨어 래디언스 크림,무화과추출물,28,
A000000258055,LBB 퓨어 래디언스 크림,황벽나무껍질추출물,29,
A000000258055,LBB 퓨어 래디언스 크림,세라마이드엔피,30,
A000000258055,LBB 퓨어 래디언스 크림,카보머,31,
A000000258055,LBB 퓨어 래디언스 크림,아모다이메티콘,32,
A000000258055,LBB 퓨어 래디언스 크림,락토바실러스/소이밀크발효여과물,33,
A000000258055,LBB 퓨어 래디언스 크림,락토바실러스/호밀가루발효물,34,
A000000258055,LBB 퓨어 래디언스 크림,바실러스/소이빈발효추출물,35,
A000000258055,LBB 퓨어 래디언스 크림,토코페롤,36,
A000000258055,LBB 퓨어 래디언스 크림,해마토코쿠스 플루비알리스오일,37,
A000000258055,LBB 퓨어 래디언스 크림,아스코빅애씨드,38,
A000000258055,LBB 퓨어 래디언스 크림,리놀레익애씨드,39,
A000000258055,LBB 퓨어 래디언스 크림,폴리글리세릴-10다이아이소스테아레이트,40,
A000000258055,LBB 퓨어 래디언스 크림,마그네슘클로라이드,41,
A000000258055,LBB 퓨어 래디언스 크림,아스타잔틴,42,
A000000258055,LBB 퓨어 래디언스 크림,올레익애씨드,43,
A000000258055,LBB 퓨어 래디언스 크림,글루타티온,44,
A000000258055,LBB 퓨어 래디언스 크림,메나다이온,45,
A000000258055,LBB 퓨어 래디언스 크림,팔미틱애씨드,46,
A000000258055,LBB 퓨어 래디언스 크림,스테아릭애씨드,47,
A000000258055,LBB 퓨어 래디언스 크림,판토테닉애씨드,48,
A000000258055,LBB 퓨어 래디언스 크림,폴릭애씨드,49,
A000000258055,LBB 퓨어 래디언스 크림,피리독신,50,
A000000258055,LBB 퓨어 래디언스 크림,티아민에이치씨엘,51,
A000000258055,LBB 퓨어 래디언스 크림,리놀레닉애씨드,52,
A000000258055,LBB 퓨어 래디언스 크림,리보플라빈,53,
A000000258055,LBB 퓨어 래디언스 크림,사이아노코발아민,54,
A000000258055,LBB 퓨어 래디언스 크림,리모넨,55,
A000000258055,LBB 퓨어 래디언스 크림,리날룰,56,
A000000189056,에스트라 리제덤365 밀도탄력 캡슐크림,정제수,1,
A000000189056,에스트라 리제덤365 밀도탄력 캡슐크림,락토바실러스발효용해물,2,
A000000189056,에스트라 리제덤365 밀도탄력 캡슐크림,부틸렌글라이콜,3,
A000000189056,에스트라 리제덤365 밀도탄력 캡슐크림,글리세린,4,
A000000189056,에스트라 리제덤365 밀도탄력 캡슐크림,다이메티콘,5,
A000000189056,에스트라 리제덤365 밀도탄력 캡슐크림,프로판다이올,6,
A000000189056,에스트라 리제덤365 밀도탄력 캡슐크림,세틸에틸헥사노에이트,7,
A000000189056,에스트라 리제덤365 밀도탄력 캡슐크림,나이아신아마이드,8,
A000000189056,에스트라 리제덤365 밀도탄력 캡슐크림,하이드로제네이티드폴리(C6-14올레핀),9,
A000000189056,에스트라 리제덤365 밀도탄력 캡슐크림,다이카프릴릴카보네이트,10,
A000000189056,에스트라 리제덤365 밀도탄력 캡슐크림,비스-하이드록시에톡시프로필다이메티콘,11,
A000000189056,에스트라 리제덤365 밀도탄력 캡슐크림,"1,2-헥산다이올",12,
A000000189056,에스트라 리제덤365 밀도탄력 캡슐크림,C14-22알코올,13,
A000000189056,에스트라 리제덤365 밀도탄력 캡슐크림,암모늄아크릴로일다이메틸타우레이트/브이피코폴리머,14,
A000000189056,에스트라 리제덤365 밀도탄력 캡슐크림,세테아릴올리베이트,15,
A000000189056,에스트라 리제덤365 밀도탄력 캡슐크림,스테아릭애씨드,16,
A000000189056,에스트라 리제덤365 밀도탄력 캡슐크림,아라키딜알코올,17,
A000000189056,에스트라 리제덤365 밀도탄력 캡슐크림,글리세릴스테아레이트,18,
A000000189056,에스트라 리제덤365 밀도탄력 캡슐크림,세테아릴알코올,19,
A000000189056,에스트라 리제덤365 밀도탄력 캡슐크림,솔비탄올리베이트,20,
A000000189056,에스트라 리제덤365 밀도탄력 캡슐크림,폴리아크릴레이트-13,21,
A000000189056,에스트라 리제덤365 밀도탄력 캡슐크림,하이드록시프로필비스팔미타마이드엠이에이,22,
A000000189056,에스트라 리제덤365 밀도탄력 캡슐크림,베헤닐알코올,23,
A000000189056,에스트라 리제덤365 밀도탄력 캡슐크림,만니톨,24,
A000000189056,에스트라 리제덤365 밀도탄력 캡슐크림,팔미틱애씨드,25,
A000000189056,에스트라 리제덤365 밀도탄력 캡슐크림,C12-20알킬글루코사이드,26,
A000000189056,에스트라 리제덤365 밀도탄력 캡슐크림,아라키딜글루코사이드,27,
A000000189056,에스트라 리제덤365 밀도탄력 캡슐크림,소듐스테아로일글루타메이트,28,
A000000189056,에스트라 리제덤365 밀도탄력 캡슐크림,하이드로제네이티드폴리아이소부텐,29,
A000000189056,에스트라 리제덤365 밀도탄력 캡슐크림,글리세릴카프릴레이트,30,
A000000189056,에스트라 리제덤365 밀도탄력 캡슐크림,에틸헥실글리세린,31,
A000000189056,에스트라 리제덤365 밀도탄력 캡슐크림,다이소듐이디티에이,32,
A000000189056,에스트라 리제덤365 밀도탄력 캡슐크림,아데노신,33,
A000000189056,에스트라 리제덤365 밀도탄력 캡슐크림,아크릴레이트/암모늄메타크릴레이트코폴리머,34,
A000000189056,에스트라 리제덤365 밀도탄력 캡슐크림,폴리글리세릴-10라우레이트,35,
A000000189056,에스트라 리제덤365 밀도탄력 캡슐크림,에틸헥실팔미테이트,36,
A000000189056,에스트라 리제덤365 밀도탄력 캡슐크림,카보머,37,
A000000189056,에스트라 리제덤365 밀도탄력 캡슐크림,솔비탄아이소스테아레이트,38,
A000000189056,에스트라 리제덤365 밀도탄력 캡슐크림,덱스트린,39,
A000000189056,에스트라 리제덤365 밀도탄력 캡슐크림,카카오추출물,40,
A000000189056,에스트라 리제덤365 밀도탄력 캡슐크림,티몰트라이메톡시신나메이트,41,
A000000189056,에스트라 리제덤365 밀도탄력 캡슐크림,콜레스테롤,42,
A000000189056,에스트라 리제덤365 밀도탄력 캡슐크림,실리카,43,
A000000189056,에스트라 리제덤365 밀도탄력 캡슐크림,올레아놀릭애씨드,44,
A000000189056,에스트라 리제덤365 밀도탄력 캡슐크림,3-O-에틸아스코빅애씨드,45,
A000000189056,에스트라 리제덤365 밀도탄력 캡슐크림,토코페롤,46,
A000000189056,에스트라 리제덤365 밀도탄력 캡슐크림,하이드롤라이즈드익스텐신,47,
A000000189056,에스트라 리제덤365 밀도탄력 캡슐크림,호호바씨오일,48,
A000000189056,에스트라 리제덤365 밀도탄력 캡슐크림,하이드로제네이티드레시틴,49,
A000000199257,로우퀘스트 베리어 리커버리 크림,정제수,1,
A000000199257,로우퀘스트 베리어 리커버리 크림,글리세린,2,
A000000199257,로우퀘스트 베리어 리커버리 크림,판테놀,3,
A000000199257,로우퀘스트 베리어 리커버리 크림,스쿠알란,4,
A000000199257,로우퀘스트 베리어 리커버리 크림,"1,2-헥산다이올",5,
A000000199257,로우퀘스트 베리어 리커버리 크림,세테아릴올리베이트,6,
A000000199257,로우퀘스트 베리어 리커버리 크림,메도우폼씨오일,7,
A000000199257,로우퀘스트 베리어 리커버리 크림,마카다미아씨오일,8,
A000000199257,로우퀘스트 베리어 리커버리 크림,부틸렌글라이콜,9,
A000000199257,로우퀘스트 베리어 리커버리 크림,솔비탄올리베이트,10,
A000000199257,로우퀘스트 베리어 리커버리 크림,하이드로제네이티드폴리데센,11,
A000000199257,로우퀘스트 베리어 리커버리 크림,시어버터,12,
A000000199257,로우퀘스트 베리어 리커버리 크림,세테아릴알코올,13,
A000000199257,로우퀘스트 베리어 리커버리 크림,합성비즈왁스,14,
A000000199257,로우퀘스트 베리어 리커버리 크림,프로판다이올,15,
A000000199257,로우퀘스트 베리어 리커버리 크림,카프릴릭/카프릭트라이글리세라이드,16,
A000000199257,로우퀘스트 베리어 리커버리 크림,폴리글리세릴-2스테아레이트,17,
A000000199257,로우퀘스트 베리어 리커버리 크림,폴리글리세릴-3메틸글루코오스다이스테아레이트,18,
A000000199257,로우퀘스트 베리어 리커버리 크림,비닐다이메티콘,19,
A000000199257,로우퀘스트 베리어 리커버리 크림,글리세릴스테아레이트,20,
A000000199257,로우퀘스트 베리어 리커버리 크림,하이드롤라이즈드호호바에스터,21,
A000000199257,로우퀘스트 베리어 리커버리 크림,글리세레스-26,22,
A000000199257,로우퀘스트 베리어 리커버리 크림,스테아릴알코올,23,
A000000199257,로우퀘스트 베리어 리커버리 크림,폴리글리세릴-3다이스테아레이트,24,
A000000199257,로우퀘스트 베리어 리커버리 크림,세라마이드엔피,25,
A000000199257,로우퀘스트 베리어 리커버리 크림,카보머,26,
A000000199257,로우퀘스트 베리어 리커버리 크림,호호바씨오일,27,
A000000199257,로우퀘스트 베리어 리커버리 크림,소듐폴리아크릴로일다이메틸타우레이트,28,
A000000199257,로우퀘스트 베리어 리커버리 크림,하이드로제네이티드레시틴,29,
A000000199257,로우퀘스트 베리어 리커버리 크림,트로메타민,30,
A000000199257,로우퀘스트 베리어 리커버리 크림,토코페롤,31,
A000000199257,로우퀘스트 베리어 리커버리 크림,글리세릴스테아레이트시트레이트,32,
A000000199257,로우퀘스트 베리어 리커버리 크림,쑥잎추출물,33,
A000000199257,로우퀘스트 베리어 리커버리 크림,해바라기씨오일,34,
A000000199257,로우퀘스트 베리어 리커버리 크림,베타-시토스테롤,35,
A000000199257,로우퀘스트 베리어 리커버리 크림,다이포타슘글리시리제이트,36,
A000000199257,로우퀘스트 베리어 리커버리 크림,에틸헥실글리세린,37,
A000000199257,로우퀘스트 베리어 리커버리 크림,폴리글리세릴-10스테아레이트,38,
A000000199257,로우퀘스트 베리어 리커버리 크림,다이소듐이디티에이,39,
A000000199257,로우퀘스트 베리어 리커버리 크림,베타-글루칸,40,
A000000199257,로우퀘스트 베리어 리커버리 크림,다이포타슘포스페이트,41,
A000000199257,로우퀘스트 베리어 리커버리 크림,아세틸글루타민,42,
A000000199257,로우퀘스트 베리어 리커버리 크림,하이알루로닉애씨드,43,
A000000199257,로우퀘스트 베리어 리커버리 크림,하이드롤라이즈드하이알루로닉애씨드,44,
A000000199257,로우퀘스트 베리어 리커버리 크림,소듐하이알루로네이트,45,
A000000199257,로우퀘스트 베리어 리커버리 크림,트라이데세스-10,46,
A000000199257,로우퀘스트 베리어 리커버리 크림,바나나추출물,47,
A000000199257,로우퀘스트 베리어 리커버리 크림,서양송악잎/줄기추출물,48,
A000000199257,로우퀘스트 베리어 리커버리 크림,카카오추출물,49,
A000000199257,로우퀘스트 베리어 리커버리 크림,암모늄폴리아크릴로일다이메틸타우레이트,50,
A000000199257,로우퀘스트 베리어 리커버리 크림,코코넛야자오일,51,
A000000199257,로우퀘스트 베리어 리커버리 크림,비치스트로베리추출물,52,
A000000199257,로우퀘스트 베리어 리커버리 크림,치자꽃추출물,53,
A000000199257,로우퀘스트 베리어 리커버리 크림,발삼아미리스껍질오일,54,
A000000199257,로우퀘스트 베리어 리커버리 크림,목서꽃추출물,55,
A000000199257,로우퀘스트 베리어 리커버리 크림,자주천인국추출물,56,
A000000199257,로우퀘스트 베리어 리커버리 크림,셀룰로오스검,57,
A000000224880,브이앤에이뷰티 안티옥시던트 시너지 크림,정제수,1,
A000000224880,브이앤에이뷰티 안티옥시던트 시너지 크림,글리세린,2,
A000000224880,브이앤에이뷰티 안티옥시던트 시너지 크림,나이아신아마이드,3,
A000000224880,브이앤에이뷰티 안티옥시던트 시너지 크림,프로판다이올,4,
A000000224880,브이앤에이뷰티 안티옥시던트 시너지 크림,다이카프릴릴에터,5,
A000000224880,브이앤에이뷰티 안티옥시던트 시너지 크림,부틸렌글라이콜,6,
A000000224880,브이앤에이뷰티 안티옥시던트 시너지 크림,메틸트라이메티콘,7,
A000000224880,브이앤에이뷰티 안티옥시던트 시너지 크림,"1,2-헥산다이올",8,
A000000224880,브이앤에이뷰티 안티옥시던트 시너지 크림,하이드로제네이티드폴리데센,9,
A000000224880,브이앤에이뷰티 안티옥시던트 시너지 크림,에틸헥실스테아레이트,10,
A000000224880,브이앤에이뷰티 안티옥시던트 시너지 크림,하이드록시에틸아크릴레이트/소듐아크릴로일다이메틸타우레이트코폴리머,11,
A000000224880,브이앤에이뷰티 안티옥시던트 시너지 크림,피토스테릴/이소스테아릴/세틸/스테아릴/베헤닐다이머디리놀리에이트,12,
A000000224880,브이앤에이뷰티 안티옥시던트 시너지 크림,아크릴레이트/C10-30알킬아크릴레이트크로스폴리머,13,
A000000224880,브이앤에이뷰티 안티옥시던트 시너지 크림,트로메타민,14,
A000000224880,브이앤에이뷰티 안티옥시던트 시너지 크림,스쿠알란,15,
A000000224880,브이앤에이뷰티 안티옥시던트 시너지 크림,판테놀,16,
A000000224880,브이앤에이뷰티 안티옥시던트 시너지 크림,토코페롤,17,
A000000224880,브이앤에이뷰티 안티옥시던트 시너지 크림,마트리카리아추출물,18,
A000000224880,브이앤에이뷰티 안티옥시던트 시너지 크림,오레가노추출물,19,
A000000224880,브이앤에이뷰티 안티옥시던트 시너지 크림,살비아추출물,20,
A000000224880,브이앤에이뷰티 안티옥시던트 시너지 크림,비피다발효용해물,21,
A000000224880,브이앤에이뷰티 안티옥시던트 시너지 크림,에틸헥실글리세린,22,
A000000224880,브이앤에이뷰티 안티옥시던트 시너지 크림,펜틸렌글라이콜,23,
A000000224880,브이앤에이뷰티 안티옥시던트 시너지 크림,C18-36애씨드트라이글리세라이드,24,
A000000224880,브이앤에이뷰티 안티옥시던트 시너지 크림,솔비탄아이소스테아레이트,25,
A000000224880,브이앤에이뷰티 안티옥시던트 시너지 크림,아데노신,26,
A000000224880,브이앤에이뷰티 안티옥시던트 시너지 크림,폴리솔베이트60,27,
A000000224880,브이앤에이뷰티 안티옥시던트 시너지 크림,센티드제라늄꽃오일,28,
A000000224880,브이앤에이뷰티 안티옥시던트 시너지 크림,호호바에스터,29,
A000000224880,브이앤에이뷰티 안티옥시던트 시너지 크림,베르가모트오일,30,
A000000224880,브이앤에이뷰티 안티옥시던트 시너지 크림,아세틸글루코사민,31,
A000000224880,브이앤에이뷰티 안티옥시던트 시너지 크림,3-O-에틸아스코빅애씨드,32,
A000000224880,브이앤에이뷰티 안티옥시던트 시너지 크림,다이소듐이디티에이,33,
A000000224880,브이앤에이뷰티 안티옥시던트 시너지 크림,에탄올,34,
A000000224880,브이앤에이뷰티 안티옥시던트 시너지 크림,글리세릴아크릴레이트/아크릴릭애씨드코폴리머,35,
A000000224880,브이앤에이뷰티 안티옥시던트 시너지 크림,C12-18애씨드트라이글리세라이드,36,
A000000224880,브이앤에이뷰티 안티옥시던트 시너지 크림,스쿠알렌,37,
A000000224880,브이앤에이뷰티 안티옥시던트 시너지 크림,페룰릭애씨드,38,
A000000224880,브이앤에이뷰티 안티옥시던트 시너지 크림,엑토인,39,
A000000224880,브이앤에이뷰티 안티옥시던트 시너지 크림,트리스(테트라메틸하이드록시피페리딘올)시트레이트,40,
A000000224880,브이앤에이뷰티 안티옥시던트 시너지 크림,맥아추출물,41,
A000000224880,브이앤에이뷰티 안티옥시던트 시너지 크림,소듐하이알루로네이트,42,
A000000224880,브이앤에이뷰티 안티옥시던트 시너지 크림,오렌지껍질오일,43,
A000000224880,브이앤에이뷰티 안티옥시던트 시너지 크림,베타-글루칸,44,
A000000224880,브이앤에이뷰티 안티옥시던트 시너지 크림,세라마이드엔피,45,
A000000224880,브이앤에이뷰티 안티옥시던트 시너지 크림,"2,3-부탄다이올",46,
A000000224880,브이앤에이뷰티 안티옥시던트 시너지 크림,유칼립투스잎오일,47,
A000000224880,브이앤에이뷰티 안티옥시던트 시너지 크림,프렌치로즈꽃추출물,48,
A000000224880,브이앤에이뷰티 안티옥시던트 시너지 크림,베타인,49,
A000000224880,브이앤에이뷰티 안티옥시던트 시너지 크림,피토스테릴마카다미에이트,50,
A000000224880,브이앤에이뷰티 안티옥시던트 시너지 크림,말토덱스트린,51,
A000000224880,브이앤에이뷰티 안티옥시던트 시너지 크림,하이드로제네이티드레시틴,52,
A000000224880,브이앤에이뷰티 안티옥시던트 시너지 크림,카카두플럼추출물,53,
A000000224880,브이앤에이뷰티 안티옥시던트 시너지 크림,글루타티온,54,
A000000224880,브이앤에이뷰티 안티옥시던트 시너지 크림,피토스테롤,55,
A000000224880,브이앤에이뷰티 안티옥시던트 시너지 크림,글리세릴스테아레이트,56,
A000000224880,브이앤에이뷰티 안티옥시던트 시너지 크림,소듐벤조에이트,57,
A000000224880,브이앤에이뷰티 안티옥시던트 시너지 크림,포타슘솔베이트,58,
A000000224880,브이앤에이뷰티 안티옥시던트 시너지 크림,락틱애씨드,59,
A000000224880,브이앤에이뷰티 안티옥시던트 시너지 크림,치자추출물,60,
A000000224880,브이앤에이뷰티 안티옥시던트 시너지 크림,마데카소사이드,61,
A000000224880,브이앤에이뷰티 안티옥시던트 시너지 크림,세라마이드엔에스,62,
A000000224880,브이앤에이뷰티 안티옥시던트 시너지 크림,세라마이드에이에스,63,
A000000224880,브이앤에이뷰티 안티옥시던트 시너지 크림,세라마이드에이피,64,
A000000224880,브이앤에이뷰티 안티옥시던트 시너지 크림,콜레스테롤,65,
A000000224880,브이앤에이뷰티 안티옥시던트 시너지 크림,알란토인,66,
A000000224880,브이앤에이뷰티 안티옥시던트 시너지 크림,푸마릭애씨드,67,
A000000224880,브이앤에이뷰티 안티옥시던트 시너지 크림,카르노신,68,
A000000224880,브이앤에이뷰티 안티옥시던트 시너지 크림,다이펩타이드-4,69,
A000000224880,브이앤에이뷰티 안티옥시던트 시너지 크림,노나펩타이드-1,70,
A000000224880,브이앤에이뷰티 안티옥시던트 시너지 크림,세라마이드이오피,71,
A000000224880,브이앤에이뷰티 안티옥시던트 시너지 크림,제라니올,72,
A000000224880,브이앤에이뷰티 안티옥시던트 시너지 크림,리날룰,73,
A000000224880,브이앤에이뷰티 안티옥시던트 시너지 크림,시트로넬올,74,
A000000224880,브이앤에이뷰티 안티옥시던트 시너지 크림,리모넨,75,
A000000010471,라로슈포제 에빠끌라 MAT 세보 컨트롤링 모이스춰라이저,정제수,1,
A000000010471,라로슈포제 에빠끌라 MAT 세보 컨트롤링 모이스춰라이저,글리세린,2,
A000000010471,라로슈포제 에빠끌라 MAT 세보 컨트롤링 모이스춰라이저,다이메티콘,3,
A000000010471,라로슈포제 에빠끌라 MAT 세보 컨트롤링 모이스춰라이저,아이소세틸스테아레이트,4,
A000000010471,라로슈포제 에빠끌라 MAT 세보 컨트롤링 모이스춰라이저,변성알코올,5,
A000000010471,라로슈포제 에빠끌라 MAT 세보 컨트롤링 모이스춰라이저,실리카,6,
A000000010471,라로슈포제 에빠끌라 MAT 세보 컨트롤링 모이스춰라이저,다이메티콘/비닐다이메티콘크로스폴리머,7,
A000000010471,라로슈포제 에빠끌라 MAT 세보 컨트롤링 모이스춰라이저,아크릴아마이드/소듐아크릴로일다이메틸타우레이트코폴리머,8,
A000000010471,라로슈포제 에빠끌라 MAT 세보 컨트롤링 모이스춰라이저,메틸메타크릴레이트크로스폴리머,9,
A000000010471,라로슈포제 에빠끌라 MAT 세보 컨트롤링 모이스춰라이저,부틸렌글라이콜,10,
A000000010471,라로슈포제 에빠끌라 MAT 세보 컨트롤링 모이스춰라이저,피이지-100스테아레이트,11,
A000000010471,라로슈포제 에빠끌라 MAT 세보 컨트롤링 모이스춰라이저,코카마이드엠이에이,12,
A000000010471,라로슈포제 에빠끌라 MAT 세보 컨트롤링 모이스춰라이저,사코신,13,
A000000010471,라로슈포제 에빠끌라 MAT 세보 컨트롤링 모이스춰라이저,글리세릴스테아레이트,14,
A000000010471,라로슈포제 에빠끌라 MAT 세보 컨트롤링 모이스춰라이저,트라이에탄올아민,15,
A000000010471,라로슈포제 에빠끌라 MAT 세보 컨트롤링 모이스춰라이저,아이소헥사데칸,16,
A000000010471,라로슈포제 에빠끌라 MAT 세보 컨트롤링 모이스춰라이저,펄라이트,17,
A000000010471,라로슈포제 에빠끌라 MAT 세보 컨트롤링 모이스춰라이저,카프릴로일살리실릭애씨드,18,
A000000010471,라로슈포제 에빠끌라 MAT 세보 컨트롤링 모이스춰라이저,테트라소듐이디티에이,19,
A000000010471,라로슈포제 에빠끌라 MAT 세보 컨트롤링 모이스춰라이저,펜틸렌글라이콜,20,
A000000010471,라로슈포제 에빠끌라 MAT 세보 컨트롤링 모이스춰라이저,폴리솔베이트80,21,
A000000010471,라로슈포제 에빠끌라 MAT 세보 컨트롤링 모이스춰라이저,아크릴레이트/C10-30알킬아크릴레이트크로스폴리머,22,
A000000010471,라로슈포제 에빠끌라 MAT 세보 컨트롤링 모이스춰라이저,살리실릭애씨드,23,
A000000010471,라로슈포제 에빠끌라 MAT 세보 컨트롤링 모이스춰라이저,향료,24,
A000000244994,제로이드 인텐시브 크림,정제수,1,
A000000244994,제로이드 인텐시브 크림,프로판다이올,2,
A000000244994,제로이드 인텐시브 크림,카프릴릭/카프릭트라이글리세라이드,3,
A000000244994,제로이드 인텐시브 크림,글리세린,4,
A000000244994,제로이드 인텐시브 크림,식물성스쿠알란,5,
A000000244994,제로이드 인텐시브 크림,세테아릴알코올,6,
A000000244994,제로이드 인텐시브 크림,폴리글리세릴-10다이스테아레이트,7,
A000000244994,제로이드 인텐시브 크림,글리세릴스테아레이트,8,
A000000244994,제로이드 인텐시브 크림,스테아릭애씨드,9,
A000000244994,제로이드 인텐시브 크림,다이메티콘,10,
A000000244994,제로이드 인텐시브 크림,"1,2-헥산다이올",11,
A000000244994,제로이드 인텐시브 크림,미리스토일/팔미토일옥소스테아라마이드/아라카마이드엠이에이,12,
A000000244994,제로이드 인텐시브 크림,피토스테롤,13,
A000000244994,제로이드 인텐시브 크림,토코페릴아세테이트,14,
A000000244994,제로이드 인텐시브 크림,카놀라오일,15,
A000000244994,제로이드 인텐시브 크림,올리브오일,16,
A000000244994,제로이드 인텐시브 크림,세틸팔미테이트,17,
A000000244994,제로이드 인텐시브 크림,솔비탄팔미테이트,18,
A000000244994,제로이드 인텐시브 크림,솔비탄올리베이트,19,
A000000244994,제로이드 인텐시브 크림,비사보롤,20,
A000000244994,제로이드 인텐시브 크림,메틸카프로오일타이로지네이트,21,
A000000244994,제로이드 인텐시브 크림,잔탄검,22,
A000000244994,제로이드 인텐시브 크림,소듐하이알루로네이트,23,
A000000244994,제로이드 인텐시브 크림,카보머,24,
A000000244994,제로이드 인텐시브 크림,알지닌,25,
A000000244994,제로이드 인텐시브 크림,카프릴릴글라이콜,26,
A000000150145,더랩바이블랑두 저분자 히알루론산 카밍 크림,정제수,1,
A000000150145,더랩바이블랑두 저분자 히알루론산 카밍 크림,부틸렌글라이콜,2,
A000000150145,더랩바이블랑두 저분자 히알루론산 카밍 크림,카프릴릭/카프릭트라이글리세라이드,3,
A000000150145,더랩바이블랑두 저분자 히알루론산 카밍 크림,글리세린,4,
A000000150145,더랩바이블랑두 저분자 히알루론산 카밍 크림,세테아릴알코올,5,
A000000150145,더랩바이블랑두 저분자 히알루론산 카밍 크림,세테아릴올리베이트,6,
A000000150145,더랩바이블랑두 저분자 히알루론산 카밍 크림,메도우폼씨오일,7,
A000000150145,더랩바이블랑두 저분자 히알루론산 카밍 크림,망고씨버터,8,
A000000150145,더랩바이블랑두 저분자 히알루론산 카밍 크림,솔비탄올리베이트,9,
A000000150145,더랩바이블랑두 저분자 히알루론산 카밍 크림,백미꽃추출물,10,
A000000150145,더랩바이블랑두 저분자 히알루론산 카밍 크림,소듐하이알루로네이트,11,3010
A000000150145,더랩바이블랑두 저분자 히알루론산 카밍 크림,동백나무잎추출물,12,
A000000150145,더랩바이블랑두 저분자 히알루론산 카밍 크림,베타-글루칸,13,
A000000150145,더랩바이블랑두 저분자 히알루론산 카밍 크림,호호바씨오일,14,
A000000150145,더랩바이블랑두 저분자 히알루론산 카밍 크림,베타인,15,
A000000150145,더랩바이블랑두 저분자 히알루론산 카밍 크림,하이드롤라이즈드하이알루로닉애씨드,16,5
A000000150145,더랩바이블랑두 저분자 히알루론산 카밍 크림,소듐아세틸레이티드하이알루로네이트,17,0.5
A000000150145,더랩바이블랑두 저분자 히알루론산 카밍 크림,아이소도데케인,18,
A000000150145,더랩바이블랑두 저분자 히알루론산 카밍 크림,소듐폴리아크릴로일다이메틸타우레이트,19,
A000000150145,더랩바이블랑두 저분자 히알루론산 카밍 크림,잔탄검,20,
A000000150145,더랩바이블랑두 저분자 히알루론산 카밍 크림,트라이데세스-10,21,
A000000150145,더랩바이블랑두 저분자 히알루론산 카밍 크림,칸데릴라왁스,22,
A000000150145,더랩바이블랑두 저분자 히알루론산 카밍 크림,보스웰리아수지추출물,23,
A000000150145,더랩바이블랑두 저분자 히알루론산 카밍 크림,"1,2-헥산다이올",24,
A000000150145,더랩바이블랑두 저분자 히알루론산 카밍 크림,하이드로제네이티드폴리데센,25,
A000000150145,더랩바이블랑두 저분자 히알루론산 카밍 크림,다이메티콘/비닐다이메티콘크로스폴리머,26,
A000000150145,더랩바이블랑두 저분자 히알루론산 카밍 크림,다이소듐이디티에이,27,
A000000150145,더랩바이블랑두 저분자 히알루론산 카밍 크림,에틸헥실글리세린,28,
A000000150145,더랩바이블랑두 저분자 히알루론산 카밍 크림,다이메티콘,29,
A000000224243,풀리 그린 토마토 크림,토마토수,1,644300.0000000001
A000000224243,풀리 그린 토마토 크림,글리세린,2,
A000000224243,풀리 그린 토마토 크림,다이카프릴릴카보네이트,3,
A000000224243,풀리 그린 토마토 크림,베타인,4,
A000000224243,풀리 그린 토마토 크림,하이드로제네이티드폴리데센,5,
A000000224243,풀리 그린 토마토 크림,정제수,6,
A000000224243,풀리 그린 토마토 크림,부틸렌글라이콜,7,
A000000224243,풀리 그린 토마토 크림,나이아신아마이드,8,
A000000224243,풀리 그린 토마토 크림,"1,2-헥산다이올",9,
A000000224243,풀리 그린 토마토 크림,비닐다이메티콘,10,
A000000224243,풀리 그린 토마토 크림,판테놀,11,
A000000224243,풀리 그린 토마토 크림,폴리메틸실세스퀴옥세인,12,
A000000224243,풀리 그린 토마토 크림,카프릴릴메티콘,13,
A000000224243,풀리 그린 토마토 크림,토마토즙,14,6800.000000000001
A000000224243,풀리 그린 토마토 크림,하이드록시에틸아크릴레이트/소듐아크릴로일다이메틸타우레이트코폴리머,15,
A000000224243,풀리 그린 토마토 크림,아크릴레이트/C10-30알킬아크릴레이트크로스폴리머,16,
A000000224243,풀리 그린 토마토 크림,트로메타민,17,
A000000224243,풀리 그린 토마토 크림,하이드록시아세토페논,18,
A000000224243,풀리 그린 토마토 크림,다이메티콘올,19,
A000000224243,풀리 그린 토마토 크림,세테아릴올리베이트,20,
A000000224243,풀리 그린 토마토 크림,에틸헥실글리세린,21,
A000000224243,풀리 그린 토마토 크림,글리세릴아크릴레이트/아크릴릭애씨드코폴리머,22,
A000000224243,풀리 그린 토마토 크림,황련뿌리추출물,23,
A000000224243,풀리 그린 토마토 크림,솔비탄올리베이트,24,
A000000224243,풀리 그린 토마토 크림,아데노신,25,
A000000224243,풀리 그린 토마토 크림,솔비탄아이소스테아레이트,26,
A000000224243,풀리 그린 토마토 크림,잔탄검,27,
A000000224243,풀리 그린 토마토 크림,다이소듐이디티에이,28,
A000000224243,풀리 그린 토마토 크림,하이드로제네이티드레시틴,29,
A000000224243,풀리 그린 토마토 크림,토코페롤,30,
A000000224243,풀리 그린 토마토 크림,무화과추출물,31,
A000000224243,풀리 그린 토마토 크림,병풀추출물,32,
A000000224243,풀리 그린 토마토 크림,포도추출물,33,
A000000224243,풀리 그린 토마토 크림,당느릅나무뿌리추출물,34,
A000000224243,풀리 그린 토마토 크림,달맞이꽃꽃추출물,35,
A000000224243,풀리 그린 토마토 크림,감나무잎추출물,36,
A000000224243,풀리 그린 토마토 크림,대왕소나무잎추출물,37,
A000000224243,풀리 그린 토마토 크림,칡뿌리추출물,38,
A000000224243,풀리 그린 토마토 크림,말토덱스트린,39,
A000000224243,풀리 그린 토마토 크림,커피콩추출물,40,
A000000224243,풀리 그린 토마토 크림,호장근뿌리추출물,41,
A000000224243,풀리 그린 토마토 크림,잇꽃꽃추출물,42,
A000000224243,풀리 그린 토마토 크림,밤껍질추출물,43,
A000000224243,풀리 그린 토마토 크림,녹차추출물,44,
A000000224243,풀리 그린 토마토 크림,초피나무열매추출물,45,
A000000224243,풀리 그린 토마토 크림,세라마이드엔피,46,
A000000224243,풀리 그린 토마토 크림,하이드롤라이즈드치자추출물,47,
A000000251445,도미나스 크림 Rx,정제수,1,
A000000251445,도미나스 크림 Rx,다이프로필렌글라이콜,2,
A000000251445,도미나스 크림 Rx,나이아신아마이드,3,
A000000251445,도미나스 크림 Rx,하이드로제네이티드폴리아이소부텐,4,
A000000251445,도미나스 크림 Rx,헥실데실에틸헥사노에이트,5,
A000000251445,도미나스 크림 Rx,판테놀,6,
A000000251445,도미나스 크림 Rx,프로판다이올,7,
A000000251445,도미나스 크림 Rx,트라넥사믹애씨드,8,
A000000251445,도미나스 크림 Rx,글리세린,9,
A000000251445,도미나스 크림 Rx,트라이에틸헥사노인,10,
A000000251445,도미나스 크림 Rx,"1,2-헥산다이올",11,
A000000251445,도미나스 크림 Rx,세테아릴알코올,12,
A000000251445,도미나스 크림 Rx,C14-22알코올,13,
A000000251445,도미나스 크림 Rx,글리세릴스테아레이트,14,
A000000251445,도미나스 크림 Rx,펜타에리스리틸테트라에틸헥사노에이트,15,
A000000251445,도미나스 크림 Rx,만델릭애씨드,16,
A000000251445,도미나스 크림 Rx,글루타믹애씨드,17,
A000000251445,도미나스 크림 Rx,유비퀴논,18,
A000000251445,도미나스 크림 Rx,하이드록시데실유비퀴논,19,
A000000251445,도미나스 크림 Rx,바쿠치올,20,
A000000251445,도미나스 크림 Rx,비사보롤,21,
A000000251445,도미나스 크림 Rx,크리신,22,
A000000251445,도미나스 크림 Rx,에피갈로카테킨갈레이트,23,
A000000251445,도미나스 크림 Rx,헥실레조시놀,24,
A000000251445,도미나스 크림 Rx,하이드록시에틸우레아,25,
A000000251445,도미나스 크림 Rx,폴리다틴,26,
A000000251445,도미나스 크림 Rx,다이메티콘,27,
A000000251445,도미나스 크림 Rx,아스코빌글루코사이드,28,
A000000251445,도미나스 크림 Rx,세테아릴올리베이트,29,
A000000251445,도미나스 크림 Rx,피이지-100스테아레이트,30,
A000000251445,도미나스 크림 Rx,세린,31,
A000000251445,도미나스 크림 Rx,솔비탄올리베이트,32,
A000000251445,도미나스 크림 Rx,C12-20알킬글루코사이드,33,
A000000251445,도미나스 크림 Rx,실리카,34,
A000000251445,도미나스 크림 Rx,암모늄아크릴로일다이메틸타우레이트/브이피코폴리머,35,
A000000251445,도미나스 크림 Rx,아라키딜알코올,36,
A000000251445,도미나스 크림 Rx,베헤닐알코올,37,
A000000251445,도미나스 크림 Rx,포타슘하이드록사이드,38,
A000000251445,도미나스 크림 Rx,알란토인,39,
A000000251445,도미나스 크림 Rx,폴리메틸실세스퀴옥세인,40,
A000000251445,도미나스 크림 Rx,소듐파이루베이트,41,
A000000251445,도미나스 크림 Rx,트레할로오스,42,
A000000251445,도미나스 크림 Rx,아라키딜글루코사이드,43,
A000000251445,도미나스 크림 Rx,다이메티콘올,44,
A000000251445,도미나스 크림 Rx,카보머,45,
A000000251445,도미나스 크림 Rx,알지닌,46,
A000000251445,도미나스 크림 Rx,소듐메타바이설파이트,47,
A000000251445,도미나스 크림 Rx,잔탄검,48,
A000000251445,도미나스 크림 Rx,아데노신,49,
A000000251445,도미나스 크림 Rx,토코페롤,50,
A000000251445,도미나스 크림 Rx,카프릴릭/카프릭트라이글리세라이드,51,
A000000251445,도미나스 크림 Rx,트라이소듐이디티에이,52,
A000000251445,도미나스 크림 Rx,부틸렌글라이콜,53,
A000000251445,도미나스 크림 Rx,돌콩오일,54,
A000000251445,도미나스 크림 Rx,티타늄디옥사이드,55,
A000000251445,도미나스 크림 Rx,마이카,56,
A000000251445,도미나스 크림 Rx,하이드로제네이티드레시틴,57,
A000000251445,도미나스 크림 Rx,적색산화철,58,
A000000251445,도미나스 크림 Rx,폴리글리세릴-10올리에이트,59,
A000000251445,도미나스 크림 Rx,시스테인에이치씨엘,60,
A000000251445,도미나스 크림 Rx,베타-글루칸,61,
A000000251445,도미나스 크림 Rx,만니톨,62,
A000000251445,도미나스 크림 Rx,수크로오스,63,
A000000251445,도미나스 크림 Rx,왜당귀뿌리추출물,64,
A000000251445,도미나스 크림 Rx,삽주뿌리줄기추출물,65,
A000000251445,도미나스 크림 Rx,스페인감초뿌리추출물,66,
A000000251445,도미나스 크림 Rx,작약뿌리추출물,67,
A000000251445,도미나스 크림 Rx,모란뿌리추출물,68,
A000000251445,도미나스 크림 Rx,피씨에이,69,
A000000251445,도미나스 크림 Rx,질경이추출물,70,
A000000251445,도미나스 크림 Rx,복숭아씨추출물,71,
A000000251445,도미나스 크림 Rx,황금추출물,72,
A000000251445,도미나스 크림 Rx,시트룰린,73,
A000000251445,도미나스 크림 Rx,글라이코젠,74,
A000000251445,도미나스 크림 Rx,히스티딘에이치씨엘,75,
A000000251445,도미나스 크림 Rx,알라닌,76,
A000000251445,도미나스 크림 Rx,트레오닌,77,
A000000251445,도미나스 크림 Rx,라이신에이치씨엘,78,
A000000251445,도미나스 크림 Rx,향료,79,
A000000251445,도미나스 크림 Rx,벤질벤조에이트,80,
A000000251445,도미나스 크림 Rx,리날룰,81,
A000000251445,도미나스 크림 Rx,하이드록시시트로넬알,82,
A000000251445,도미나스 크림 Rx,리모넨,83,
A000000251445,도미나스 크림 Rx,헥실신남알,84,
A000000251445,도미나스 크림 Rx,시트로넬올,85,
A000000117624,엠브리올리스 레 크렘 콘센트레,정제수,1,
A000000117624,엠브리올리스 레 크렘 콘센트레,미네랄오일,2,
A000000117624,엠브리올리스 레 크렘 콘센트레,스테아릭애씨드,3,
A000000117624,엠브리올리스 레 크렘 콘센트레,팔미틱애씨드,4,
A000000117624,엠브리올리스 레 크렘 콘센트레,글리세릴스테아레이트에스이,5,
A000000117624,엠브리올리스 레 크렘 콘센트레,트라이에탄올아민,6,
A000000117624,엠브리올리스 레 크렘 콘센트레,비즈왁스,7,
A000000117624,엠브리올리스 레 크렘 콘센트레,세틸팔미테이트,8,
A000000117624,엠브리올리스 레 크렘 콘센트레,시어버터,9,
A000000117624,엠브리올리스 레 크렘 콘센트레,"1,2-헥산다이올",10,
A000000117624,엠브리올리스 레 크렘 콘센트레,카프릴릴글라이콜,11,
A000000117624,엠브리올리스 레 크렘 콘센트레,스테아레스-10,12,
A000000117624,엠브리올리스 레 크렘 콘센트레,폴리아크릴아마이드,13,
A000000117624,엠브리올리스 레 크렘 콘센트레,C13-14아이소알케인,14,
A000000117624,엠브리올리스 레 크렘 콘센트레,향료,15,
A000000117624,엠브리올리스 레 크렘 콘센트레,라우레스-7,16,
A000000117624,엠브리올리스 레 크렘 콘센트레,프로필렌글라이콜,17,
A000000117624,엠브리올리스 레 크렘 콘센트레,트로폴론,18,
A000000117624,엠브리올리스 레 크렘 콘센트레,하이드롤라이즈드콩단백질,19,
A000000117624,엠브리올리스 레 크렘 콘센트레,알로에베라잎추출물,20,
A000000216580,셀퓨전씨 포스트 알파 시카 카밍 다운 크림,정제수,1,
A000000216580,셀퓨전씨 포스트 알파 시카 카밍 다운 크림,글리세린,2,
A000000216580,셀퓨전씨 포스트 알파 시카 카밍 다운 크림,메틸프로판다이올,3,
A000000216580,셀퓨전씨 포스트 알파 시카 카밍 다운 크림,메틸트라이메티콘,4,
A000000216580,셀퓨전씨 포스트 알파 시카 카밍 다운 크림,"1,2-헥산다이올",5,
A000000216580,셀퓨전씨 포스트 알파 시카 카밍 다운 크림,아이소데실네오펜타노에이트,6,
A000000216580,셀퓨전씨 포스트 알파 시카 카밍 다운 크림,하이드로제네이티드폴리아이소부텐,7,
A000000216580,셀퓨전씨 포스트 알파 시카 카밍 다운 크림,암모늄아크릴로일다이메틸타우레이트/브이피코폴리머,8,
A000000216580,셀퓨전씨 포스트 알파 시카 카밍 다운 크림,트레할로오스,9,
A000000216580,셀퓨전씨 포스트 알파 시카 카밍 다운 크림,인도멀구슬나무꽃추출물,10,
A000000216580,셀퓨전씨 포스트 알파 시카 카밍 다운 크림,인도멀구슬나무잎추출물,11,
A000000216580,셀퓨전씨 포스트 알파 시카 카밍 다운 크림,홀리바질잎추출물,12,
A000000216580,셀퓨전씨 포스트 알파 시카 카밍 다운 크림,울금뿌리추출물,13,
A000000216580,셀퓨전씨 포스트 알파 시카 카밍 다운 크림,아이비고드열매추출물,14,
A000000216580,셀퓨전씨 포스트 알파 시카 카밍 다운 크림,카카오씨추출물,15,
A000000216580,셀퓨전씨 포스트 알파 시카 카밍 다운 크림,참산호말추출물,16,
A000000216580,셀퓨전씨 포스트 알파 시카 카밍 다운 크림,가지열매추출물,17,
A000000216580,셀퓨전씨 포스트 알파 시카 카밍 다운 크림,알로에베라꽃추출물,18,
A000000216580,셀퓨전씨 포스트 알파 시카 카밍 다운 크림,병풀추출물,19,
A000000216580,셀퓨전씨 포스트 알파 시카 카밍 다운 크림,병풀꽃/잎/줄기추출물,20,
A000000216580,셀퓨전씨 포스트 알파 시카 카밍 다운 크림,병풀뿌리추출물,21,
A000000216580,셀퓨전씨 포스트 알파 시카 카밍 다운 크림,병풀잎추출물,22,
A000000216580,셀퓨전씨 포스트 알파 시카 카밍 다운 크림,다발방패버섯추출물,23,
A000000216580,셀퓨전씨 포스트 알파 시카 카밍 다운 크림,마트리카리아추출물,24,
A000000216580,셀퓨전씨 포스트 알파 시카 카밍 다운 크림,피버퓨추출물,25,
A000000216580,셀퓨전씨 포스트 알파 시카 카밍 다운 크림,프랑스해안송껍질추출물,26,
A000000216580,셀퓨전씨 포스트 알파 시카 카밍 다운 크림,호호바씨오일,27,
A000000216580,셀퓨전씨 포스트 알파 시카 카밍 다운 크림,소듐하이알루로네이트,28,
A000000216580,셀퓨전씨 포스트 알파 시카 카밍 다운 크림,하이드로제네이티드레시틴,29,
A000000216580,셀퓨전씨 포스트 알파 시카 카밍 다운 크림,티타늄디옥사이드,30,
A000000216580,셀퓨전씨 포스트 알파 시카 카밍 다운 크림,세테아릴올리베이트,31,
A000000216580,셀퓨전씨 포스트 알파 시카 카밍 다운 크림,다이메티콘올,32,
A000000216580,셀퓨전씨 포스트 알파 시카 카밍 다운 크림,솔비탄올리베이트,33,
A000000216580,셀퓨전씨 포스트 알파 시카 카밍 다운 크림,폴리글리세릴-10라우레이트,34,
A000000216580,셀퓨전씨 포스트 알파 시카 카밍 다운 크림,아라키딜알코올,35,
A000000216580,셀퓨전씨 포스트 알파 시카 카밍 다운 크림,하이드록시아세토페논,36,
A000000216580,셀퓨전씨 포스트 알파 시카 카밍 다운 크림,베헤닐알코올,37,
A000000216580,셀퓨전씨 포스트 알파 시카 카밍 다운 크림,알란토인,38,
A000000216580,셀퓨전씨 포스트 알파 시카 카밍 다운 크림,에틸헥실글리세린,39,
A000000216580,셀퓨전씨 포스트 알파 시카 카밍 다운 크림,폴리글리세릴-2카프레이트,40,
A000000216580,셀퓨전씨 포스트 알파 시카 카밍 다운 크림,부틸렌글라이콜,41,
A000000216580,셀퓨전씨 포스트 알파 시카 카밍 다운 크림,아라키딜글루코사이드,42,
A000000216580,셀퓨전씨 포스트 알파 시카 카밍 다운 크림,수크로오스스테아레이트,43,
A000000216580,셀퓨전씨 포스트 알파 시카 카밍 다운 크림,다이소듐이디티에이,44,
A000000216580,셀퓨전씨 포스트 알파 시카 카밍 다운 크림,스테아릭애씨드,45,
A000000216580,셀퓨전씨 포스트 알파 시카 카밍 다운 크림,알루미나,46,
A000000216580,셀퓨전씨 포스트 알파 시카 카밍 다운 크림,덱스트린,47,
A000000216580,셀퓨전씨 포스트 알파 시카 카밍 다운 크림,글리세릴카프릴레이트,48,
A000000216580,셀퓨전씨 포스트 알파 시카 카밍 다운 크림,메틸다이아이소프로필프로피온아마이드,49,
A000000216580,셀퓨전씨 포스트 알파 시카 카밍 다운 크림,알루미늄수크로오스옥타설페이트,50,
A000000216580,셀퓨전씨 포스트 알파 시카 카밍 다운 크림,효모발효여과물,51,
A000000216580,셀퓨전씨 포스트 알파 시카 카밍 다운 크림,스쿠알란,52,
A000000216580,셀퓨전씨 포스트 알파 시카 카밍 다운 크림,효모발효물,53,
A000000216580,셀퓨전씨 포스트 알파 시카 카밍 다운 크림,말토덱스트린,54,
A000000216580,셀퓨전씨 포스트 알파 시카 카밍 다운 크림,사카라이드하이드롤리세이트,55,
A000000216580,셀퓨전씨 포스트 알파 시카 카밍 다운 크림,세라마이드엔피,56,
A000000216580,셀퓨전씨 포스트 알파 시카 카밍 다운 크림,아시아티코사이드,57,
A000000216580,셀퓨전씨 포스트 알파 시카 카밍 다운 크림,마데카소사이드,58,
A000000216580,셀퓨전씨 포스트 알파 시카 카밍 다운 크림,콜레스테롤,59,
A000000216580,셀퓨전씨 포스트 알파 시카 카밍 다운 크림,콜레스테릴마카다미에이트,60,
A000000216580,셀퓨전씨 포스트 알파 시카 카밍 다운 크림,팔미틱애씨드,61,
A000000216580,셀퓨전씨 포스트 알파 시카 카밍 다운 크림,사카라이드아이소머레이트,62,
A000000216580,셀퓨전씨 포스트 알파 시카 카밍 다운 크림,하이드롤라이즈드루핀단백질,63,
A000000216580,셀퓨전씨 포스트 알파 시카 카밍 다운 크림,구아이아줄렌,64,
A000000216580,셀퓨전씨 포스트 알파 시카 카밍 다운 크림,글라이신,65,
A000000216580,셀퓨전씨 포스트 알파 시카 카밍 다운 크림,글루타믹애씨드,66,
A000000216580,셀퓨전씨 포스트 알파 시카 카밍 다운 크림,마데카식애씨드,67,
A000000216580,셀퓨전씨 포스트 알파 시카 카밍 다운 크림,아시아틱애씨드,68,
A000000216580,셀퓨전씨 포스트 알파 시카 카밍 다운 크림,알지닌,69,
A000000216580,셀퓨전씨 포스트 알파 시카 카밍 다운 크림,향료,70,
A000000244812,디마프 크림스컴트루 스쿠알란 베리어 리페어 크림,브로콜리수,1,
A000000244812,디마프 크림스컴트루 스쿠알란 베리어 리페어 크림,스쿠알란,2,
A000000244812,디마프 크림스컴트루 스쿠알란 베리어 리페어 크림,부틸렌글라이콜,3,
A000000244812,디마프 크림스컴트루 스쿠알란 베리어 리페어 크림,글리세린,4,
A000000244812,디마프 크림스컴트루 스쿠알란 베리어 리페어 크림,글리세레스-26,5,
A000000244812,디마프 크림스컴트루 스쿠알란 베리어 리페어 크림,"1,2-헥산다이올",6,
A000000244812,디마프 크림스컴트루 스쿠알란 베리어 리페어 크림,정제수,7,
A000000244812,디마프 크림스컴트루 스쿠알란 베리어 리페어 크림,프로판다이올,8,
A000000244812,디마프 크림스컴트루 스쿠알란 베리어 리페어 크림,폴리글리세릴-10올리에이트,9,
A000000244812,디마프 크림스컴트루 스쿠알란 베리어 리페어 크림,솔비톨,10,
A000000244812,디마프 크림스컴트루 스쿠알란 베리어 리페어 크림,소듐폴리아크릴로일다이메틸타우레이트,11,
A000000244812,디마프 크림스컴트루 스쿠알란 베리어 리페어 크림,베타인,12,
A000000244812,디마프 크림스컴트루 스쿠알란 베리어 리페어 크림,덱스판테놀,13,
A000000244812,디마프 크림스컴트루 스쿠알란 베리어 리페어 크림,하이드로제네이티드레시틴,14,
A000000244812,디마프 크림스컴트루 스쿠알란 베리어 리페어 크림,하이드로제네이티드폴리데센,15,
A000000244812,디마프 크림스컴트루 스쿠알란 베리어 리페어 크림,카보머,16,
A000000244812,디마프 크림스컴트루 스쿠알란 베리어 리페어 크림,트로메타민,17,
A000000244812,디마프 크림스컴트루 스쿠알란 베리어 리페어 크림,카프릴릴글라이콜,18,
A000000244812,디마프 크림스컴트루 스쿠알란 베리어 리페어 크림,글리세레스-25피씨에이아이소스테아레이트,19,
A000000244812,디마프 크림스컴트루 스쿠알란 베리어 리페어 크림,세라마이드엔피,20,
A000000244812,디마프 크림스컴트루 스쿠알란 베리어 리페어 크림,마데카소사이드,21,
A000000244812,디마프 크림스컴트루 스쿠알란 베리어 리페어 크림,알란토인,22,
A000000244812,디마프 크림스컴트루 스쿠알란 베리어 리페어 크림,트레할로오스,23,
A000000244812,디마프 크림스컴트루 스쿠알란 베리어 리페어 크림,에틸헥실글리세린,24,
A000000244812,디마프 크림스컴트루 스쿠알란 베리어 리페어 크림,트라이데세스-10,25,
A000000244812,디마프 크림스컴트루 스쿠알란 베리어 리페어 크림,다이소듐이디티에이,26,
A000000244812,디마프 크림스컴트루 스쿠알란 베리어 리페어 크림,글리세릴글루코사이드,27,
A000000244812,디마프 크림스컴트루 스쿠알란 베리어 리페어 크림,서양배추출물,28,
A000000244812,디마프 크림스컴트루 스쿠알란 베리어 리페어 크림,다마스크장미꽃수,29,
A000000244812,디마프 크림스컴트루 스쿠알란 베리어 리페어 크림,오리스뿌리추출물,30,
A000000244812,디마프 크림스컴트루 스쿠알란 베리어 리페어 크림,멜론추출물,31,
A000000244812,디마프 크림스컴트루 스쿠알란 베리어 리페어 크림,트루로즈오브예리코추출물,32,
A000000244812,디마프 크림스컴트루 스쿠알란 베리어 리페어 크림,서양송악잎/줄기추출물,33,
A000000244812,디마프 크림스컴트루 스쿠알란 베리어 리페어 크림,카프릴릭/카프릭트라이글리세라이드,34,
A000000244812,디마프 크림스컴트루 스쿠알란 베리어 리페어 크림,포스포리피드,35,
A000000244812,디마프 크림스컴트루 스쿠알란 베리어 리페어 크림,다이에톡시에틸석시네이트,36,
A000000244812,디마프 크림스컴트루 스쿠알란 베리어 리페어 크림,베타-글루칸,37,
A000000161805,라로슈포제 똘러리앙 덤알레르고 크림,정제수,1,
A000000161805,라로슈포제 똘러리앙 덤알레르고 크림,아이소세틸스테아레이트,2,
A000000161805,라로슈포제 똘러리앙 덤알레르고 크림,스쿠알란,3,
A000000161805,라로슈포제 똘러리앙 덤알레르고 크림,시어버터,4,
A000000161805,라로슈포제 똘러리앙 덤알레르고 크림,다이메티콘,5,
A000000161805,라로슈포제 똘러리앙 덤알레르고 크림,글리세린,6,
A000000161805,라로슈포제 똘러리앙 덤알레르고 크림,옥수수전분,7,
A000000161805,라로슈포제 똘러리앙 덤알레르고 크림,펜틸렌글라이콜,8,
A000000161805,라로슈포제 똘러리앙 덤알레르고 크림,부틸렌글라이콜,9,
A000000161805,라로슈포제 똘러리앙 덤알레르고 크림,글리세릴스테아레이트,10,
A000000161805,라로슈포제 똘러리앙 덤알레르고 크림,피이지-100스테아레이트,11,
A000000161805,라로슈포제 똘러리앙 덤알레르고 크림,세틸알코올,12,
A000000161805,라로슈포제 똘러리앙 덤알레르고 크림,단삼뿌리추출물,13,
A000000161805,라로슈포제 똘러리앙 덤알레르고 크림,다이메티콘올,14,
A000000161805,라로슈포제 똘러리앙 덤알레르고 크림,소듐하이드록사이드,15,
A000000161805,라로슈포제 똘러리앙 덤알레르고 크림,스핑고모나스발효추출물,16,
A000000161805,라로슈포제 똘러리앙 덤알레르고 크림,카프릴릴글라이콜,17,
A000000161805,라로슈포제 똘러리앙 덤알레르고 크림,시트릭애씨드,18,
A000000161805,라로슈포제 똘러리앙 덤알레르고 크림,아세틸다이펩타이드-1세틸에스터,19,
A000000161805,라로슈포제 똘러리앙 덤알레르고 크림,아크릴레이트/C10-30알킬아크릴레이트크로스폴리머,20,
A000000215507,이지듀 멜라 글루타치온 크림,정제수,1,
A000000215507,이지듀 멜라 글루타치온 크림,글리세린,2,
A000000215507,이지듀 멜라 글루타치온 크림,나이아신아마이드,3,
A000000215507,이지듀 멜라 글루타치온 크림,다이프로필렌글라이콜,4,
A000000215507,이지듀 멜라 글루타치온 크림,비닐다이메티콘,5,
A000000215507,이지듀 멜라 글루타치온 크림,카프릴릭/카프릭트라이글리세라이드,6,
A000000215507,이지듀 멜라 글루타치온 크림,코코넛야자오일,7,
A000000215507,이지듀 멜라 글루타치온 크림,메도우폼씨오일,8,
A000000215507,이지듀 멜라 글루타치온 크림,펜타에리스리틸테트라에틸헥사노에이트,9,
A000000215507,이지듀 멜라 글루타치온 크림,메틸프로판다이올,10,
A000000215507,이지듀 멜라 글루타치온 크림,폴리글리세릴-3다이스테아레이트,11,
A000000215507,이지듀 멜라 글루타치온 크림,해바라기씨오일,12,
A000000215507,이지듀 멜라 글루타치온 크림,"1,2-헥산다이올",13,
A000000215507,이지듀 멜라 글루타치온 크림,마조람잎오일,14,
A000000215507,이지듀 멜라 글루타치온 크림,베르가모트오일,15,
A000000215507,이지듀 멜라 글루타치온 크림,효모발효추출물,16,
A000000215507,이지듀 멜라 글루타치온 크림,칸디다 봄비콜라/글루코오스/메틸레이프씨데이트발효물,17,
A000000215507,이지듀 멜라 글루타치온 크림,편백잎추출물,18,
A000000215507,이지듀 멜라 글루타치온 크림,오레가노잎추출물,19,
A000000215507,이지듀 멜라 글루타치온 크림,흰버드나무껍질추출물,20,
A000000215507,이지듀 멜라 글루타치온 크림,캐모마일꽃오일,21,
A000000215507,이지듀 멜라 글루타치온 크림,육계나무껍질추출물,22,
A000000215507,이지듀 멜라 글루타치온 크림,하이드롤라이즈드하이알루로닉애씨드,23,
A000000215507,이지듀 멜라 글루타치온 크림,락토바실러스/콩발효추출물,24,
A000000215507,이지듀 멜라 글루타치온 크림,쇠비름추출물,25,
A000000215507,이지듀 멜라 글루타치온 크림,황금추출물,26,
A000000215507,이지듀 멜라 글루타치온 크림,멕시칸주니퍼오일,27,
A000000215507,이지듀 멜라 글루타치온 크림,하이드롤라이즈드콜라겐,28,
A000000215507,이지듀 멜라 글루타치온 크림,왕귤껍질오일,29,
A000000215507,이지듀 멜라 글루타치온 크림,펜틸렌글라이콜,30,
A000000215507,이지듀 멜라 글루타치온 크림,피토스테릴/이소스테아릴/세틸/스테아릴/베헤닐다이머디리놀리에이트,31,
A000000215507,이지듀 멜라 글루타치온 크림,부틸렌글라이콜,32,
A000000215507,이지듀 멜라 글루타치온 크림,폴리메틸실세스퀴옥세인,33,
A000000215507,이지듀 멜라 글루타치온 크림,다이메티콘올,34,
A000000215507,이지듀 멜라 글루타치온 크림,암모늄아크릴로일다이메틸타우레이트/브이피코폴리머,35,
A000000215507,이지듀 멜라 글루타치온 크림,아크릴레이트/C10-30알킬아크릴레이트크로스폴리머,36,
A000000215507,이지듀 멜라 글루타치온 크림,소듐스테아로일글루타메이트,37,
A000000215507,이지듀 멜라 글루타치온 크림,하이드록시아세토페논,38,
A000000215507,이지듀 멜라 글루타치온 크림,트로메타민,39,
A000000215507,이지듀 멜라 글루타치온 크림,하이드록시에틸아크릴레이트/소듐아크릴로일다이메틸타우레이트코폴리머,40,
A000000215507,이지듀 멜라 글루타치온 크림,폴리글리세릴-2스테아레이트,41,
A000000215507,이지듀 멜라 글루타치온 크림,글리세릴스테아레이트,42,
A000000215507,이지듀 멜라 글루타치온 크림,판테놀,43,
A000000215507,이지듀 멜라 글루타치온 크림,글리세릴스테아레이트시트레이트,44,
A000000215507,이지듀 멜라 글루타치온 크림,아데노신,45,
A000000215507,이지듀 멜라 글루타치온 크림,하이드로제네이티드레시틴,46,
A000000215507,이지듀 멜라 글루타치온 크림,소듐파이테이트,47,
A000000215507,이지듀 멜라 글루타치온 크림,솔비탄아이소스테아레이트,48,
A000000215507,이지듀 멜라 글루타치온 크림,세라마이드엔피,49,
A000000215507,이지듀 멜라 글루타치온 크림,베타-글루칸,50,
A000000215507,이지듀 멜라 글루타치온 크림,하이드롤라이즈드엘라스틴,51,
A000000215507,이지듀 멜라 글루타치온 크림,소듐아스코빌포스페이트,52,
A000000215507,이지듀 멜라 글루타치온 크림,에스에이치-올리고펩타이드-1,53,
A000000215507,이지듀 멜라 글루타치온 크림,팔미토일에스에이치-트라이펩타이드-3아마이드,54,
A000000215507,이지듀 멜라 글루타치온 크림,카프릴릴글라이콜,55,
A000000215507,이지듀 멜라 글루타치온 크림,니코티노일다이펩타이드-23,56,
A000000215507,이지듀 멜라 글루타치온 크림,트라넥사믹애씨드,57,
A000000215507,이지듀 멜라 글루타치온 크림,글루타티온,58,0.01
A000000215507,이지듀 멜라 글루타치온 크림,비사보롤,59,
A000000215507,이지듀 멜라 글루타치온 크림,헤스페리딘메틸칼콘,60,
A000000215507,이지듀 멜라 글루타치온 크림,시트릭애씨드,61,
A000000215507,이지듀 멜라 글루타치온 크림,다이펩타이드-2,62,
A000000215507,이지듀 멜라 글루타치온 크림,팔미토일테트라펩타이드-7,63,
A000000215507,이지듀 멜라 글루타치온 크림,소듐시트레이트,64,
A000000215507,이지듀 멜라 글루타치온 크림,스테아레스-20,65,
A000000215507,이지듀 멜라 글루타치온 크림,세테아릴알코올,66,
A000000215507,이지듀 멜라 글루타치온 크림,스테아릴알코올,67,
A000000215507,이지듀 멜라 글루타치온 크림,잔탄검,68,
A000000215507,이지듀 멜라 글루타치온 크림,에탄올,69,
A000000215507,이지듀 멜라 글루타치온 크림,다이소듐이디티에이,70,
A000000215507,이지듀 멜라 글루타치온 크림,클로헥시딘다이글루코네이트,71,
A000000215507,이지듀 멜라 글루타치온 크림,포타슘솔베이트,72,
A000000215507,이지듀 멜라 글루타치온 크림,리모넨,73,
A000000215507,이지듀 멜라 글루타치온 크림,리날룰,74,
A000000229093,퍼셀 픽셀바이옴 히알 콜라겐 유산균 크림,정제수,1,
A000000229093,퍼셀 픽셀바이옴 히알 콜라겐 유산균 크림,비닐다이메티콘,2,
A000000229093,퍼셀 픽셀바이옴 히알 콜라겐 유산균 크림,글리세린,3,
A000000229093,퍼셀 픽셀바이옴 히알 콜라겐 유산균 크림,부틸렌글라이콜,4,
A000000229093,퍼셀 픽셀바이옴 히알 콜라겐 유산균 크림,비피다발효용해물,5,22500
A000000229093,퍼셀 픽셀바이옴 히알 콜라겐 유산균 크림,락토바실러스발효용해물,6,22500
A000000229093,퍼셀 픽셀바이옴 히알 콜라겐 유산균 크림,효모발효용해여과물,7,
A000000229093,퍼셀 픽셀바이옴 히알 콜라겐 유산균 크림,다이프로필렌글라이콜,8,
A000000229093,퍼셀 픽셀바이옴 히알 콜라겐 유산균 크림,나이아신아마이드,9,
A000000229093,퍼셀 픽셀바이옴 히알 콜라겐 유산균 크림,펜틸렌글라이콜,10,
A000000229093,퍼셀 픽셀바이옴 히알 콜라겐 유산균 크림,"1,2-헥산다이올",11,
A000000229093,퍼셀 픽셀바이옴 히알 콜라겐 유산균 크림,카프릴릴메티콘,12,
A000000229093,퍼셀 픽셀바이옴 히알 콜라겐 유산균 크림,에틸헥실팔미테이트,13,
A000000229093,퍼셀 픽셀바이옴 히알 콜라겐 유산균 크림,하이드롤라이즈드하이알루로닉애씨드,14,300
A000000229093,퍼셀 픽셀바이옴 히알 콜라겐 유산균 크림,효모발효여과물,15,
A000000229093,퍼셀 픽셀바이옴 히알 콜라겐 유산균 크림,하이드롤라이즈드콜라겐,16,100
A000000229093,퍼셀 픽셀바이옴 히알 콜라겐 유산균 크림,소듐하이알루로네이트,17,2
A000000229093,퍼셀 픽셀바이옴 히알 콜라겐 유산균 크림,자일리톨,18,
A000000229093,퍼셀 픽셀바이옴 히알 콜라겐 유산균 크림,흑효모발효물,19,
A000000229093,퍼셀 픽셀바이옴 히알 콜라겐 유산균 크림,하이드롤라이즈드글라이코사미노글리칸,20,
A000000229093,퍼셀 픽셀바이옴 히알 콜라겐 유산균 크림,클로렐라 불가리스추출물,21,
A000000229093,퍼셀 픽셀바이옴 히알 콜라겐 유산균 크림,에리스리톨,22,
A000000229093,퍼셀 픽셀바이옴 히알 콜라겐 유산균 크림,판테놀,23,
A000000229093,퍼셀 픽셀바이옴 히알 콜라겐 유산균 크림,알란토인,24,
A000000229093,퍼셀 픽셀바이옴 히알 콜라겐 유산균 크림,스쿠알란,25,
A000000229093,퍼셀 픽셀바이옴 히알 콜라겐 유산균 크림,암모늄아크릴로일다이메틸타우레이트/브이피코폴리머,26,
A000000229093,퍼셀 픽셀바이옴 히알 콜라겐 유산균 크림,트로메타민,27,
A000000229093,퍼셀 픽셀바이옴 히알 콜라겐 유산균 크림,아크릴레이트/C10-30알킬아크릴레이트크로스폴리머,28,
A000000229093,퍼셀 픽셀바이옴 히알 콜라겐 유산균 크림,솔비톨,29,
A000000229093,퍼셀 픽셀바이옴 히알 콜라겐 유산균 크림,카프릴릭/카프릭트라이글리세라이드,30,
A000000229093,퍼셀 픽셀바이옴 히알 콜라겐 유산균 크림,프로판다이올,31,
A000000229093,퍼셀 픽셀바이옴 히알 콜라겐 유산균 크림,에틸헥실글리세린,32,
A000000229093,퍼셀 픽셀바이옴 히알 콜라겐 유산균 크림,아데노신,33,
A000000229093,퍼셀 픽셀바이옴 히알 콜라겐 유산균 크림,하이드롤라이즈드엘라스틴,34,
A000000229093,퍼셀 픽셀바이옴 히알 콜라겐 유산균 크림,세라마이드엔피,35,
A000000229093,퍼셀 픽셀바이옴 히알 콜라겐 유산균 크림,베타-글루칸,36,
A000000229093,퍼셀 픽셀바이옴 히알 콜라겐 유산균 크림,하이드로제네이티드레시틴,37,
A000000229093,퍼셀 픽셀바이옴 히알 콜라겐 유산균 크림,소듐파이테이트,38,
A000000229093,퍼셀 픽셀바이옴 히알 콜라겐 유산균 크림,바이오사카라이드검-1,39,
A000000229093,퍼셀 픽셀바이옴 히알 콜라겐 유산균 크림,다발방패버섯추출물,40,
A000000229093,퍼셀 픽셀바이옴 히알 콜라겐 유산균 크림,셀룰로오스,41,
A000000229093,퍼셀 픽셀바이옴 히알 콜라겐 유산균 크림,폴리글루타믹애씨드,42,
A000000229093,퍼셀 픽셀바이옴 히알 콜라겐 유산균 크림,토코페롤,43,
A000000229093,퍼셀 픽셀바이옴 히알 콜라겐 유산균 크림,다이포타슘포스페이트,44,
A000000229093,퍼셀 픽셀바이옴 히알 콜라겐 유산균 크림,아세틸글루타민,45,
A000000229093,퍼셀 픽셀바이옴 히알 콜라겐 유산균 크림,4-터피네올,46,
A000000229093,퍼셀 픽셀바이옴 히알 콜라겐 유산균 크림,글루코오스,47,
A000000229093,퍼셀 픽셀바이옴 히알 콜라겐 유산균 크림,프룩토올리고사카라이드,48,
A000000229093,퍼셀 픽셀바이옴 히알 콜라겐 유산균 크림,프룩토오스,49,
A000000229093,퍼셀 픽셀바이옴 히알 콜라겐 유산균 크림,셀룰로오스검,50,
A000000229093,퍼셀 픽셀바이옴 히알 콜라겐 유산균 크림,카보머,51,
A000000189000,라운드랩 약콩 판테놀 크림,정제수,1,
A000000189000,라운드랩 약콩 판테놀 크림,글리세린,2,
A000000189000,라운드랩 약콩 판테놀 크림,메틸프로판다이올,3,
A000000189000,라운드랩 약콩 판테놀 크림,스쿠알란,4,
A000000189000,라운드랩 약콩 판테놀 크림,베타인,5,
A000000189000,라운드랩 약콩 판테놀 크림,세테아릴알코올,6,
A000000189000,라운드랩 약콩 판테놀 크림,비닐다이메티콘,7,
A000000189000,라운드랩 약콩 판테놀 크림,세틸에틸헥사노에이트,8,
A000000189000,라운드랩 약콩 판테놀 크림,프로필헵틸카프릴레이트,9,
A000000189000,라운드랩 약콩 판테놀 크림,검정콩추출물,10,10000
A000000189000,라운드랩 약콩 판테놀 크림,퀸즈랜드넛오일,11,
A000000189000,라운드랩 약콩 판테놀 크림,판테놀,12,2550
A000000189000,라운드랩 약콩 판테놀 크림,콜레스테롤,13,
A000000189000,라운드랩 약콩 판테놀 크림,세라마이드엔피,14,
A000000189000,라운드랩 약콩 판테놀 크림,글라이코스핑고리피드,15,
A000000189000,라운드랩 약콩 판테놀 크림,세라마이드에이피,16,
A000000189000,라운드랩 약콩 판테놀 크림,스테아릭애씨드,17,
A000000189000,라운드랩 약콩 판테놀 크림,테트라아세틸피토스핑고신,18,
A000000189000,라운드랩 약콩 판테놀 크림,하이드로제네이티드레시틴,19,
A000000189000,라운드랩 약콩 판테놀 크림,다이프로필렌글라이콜,20,
A000000189000,라운드랩 약콩 판테놀 크림,폴리글리세릴-2스테아레이트,21,
A000000189000,라운드랩 약콩 판테놀 크림,글리세릴스테아레이트,22,
A000000189000,라운드랩 약콩 판테놀 크림,하이드록시에틸아크릴레이트/소듐아크릴로일다이메틸타우레이트코폴리머,23,
A000000189000,라운드랩 약콩 판테놀 크림,스테아릴알코올,24,
A000000189000,라운드랩 약콩 판테놀 크림,글리세릴스테아레이트에스이,25,
A000000189000,라운드랩 약콩 판테놀 크림,아크릴레이트/C10-30알킬아크릴레이트크로스폴리머,26,
A000000189000,라운드랩 약콩 판테놀 크림,베헤닐알코올,27,
A000000189000,라운드랩 약콩 판테놀 크림,트로메타민,28,
A000000189000,라운드랩 약콩 판테놀 크림,세테아릴올리베이트,29,
A000000189000,라운드랩 약콩 판테놀 크림,솔비탄올리베이트,30,
A000000189000,라운드랩 약콩 판테놀 크림,잔탄검,31,
A000000189000,라운드랩 약콩 판테놀 크림,아데노신,32,
A000000189000,라운드랩 약콩 판테놀 크림,다이소듐이디티에이,33,
A000000189000,라운드랩 약콩 판테놀 크림,시트릭애씨드,34,
A000000189000,라운드랩 약콩 판테놀 크림,솔비탄아이소스테아레이트,35,
A000000189000,라운드랩 약콩 판테놀 크림,카프릴릭/카프릭트라이글리세라이드,36,
A000000189000,라운드랩 약콩 판테놀 크림,"1,2-헥산다이올",37,
A000000189000,라운드랩 약콩 판테놀 크림,하이드록시아세토페논,38,
A000000189000,라운드랩 약콩 판테놀 크림,에틸헥실글리세린,39,
A000000221649,테라로직 레티날 주름탄력 크림,정제수,1,
A000000221649,테라로직 레티날 주름탄력 크림,글리세린,2,
A000000221649,테라로직 레티날 주름탄력 크림,프로판다이올,3,
A000000221649,테라로직 레티날 주름탄력 크림,부틸렌글라이콜,4,
A000000221649,테라로직 레티날 주름탄력 크림,나이아신아마이드,5,
A000000221649,테라로직 레티날 주름탄력 크림,페닐트라이메티콘,6,
A000000221649,테라로직 레티날 주름탄력 크림,암모늄아크릴로일다이메틸타우레이트/브이피코폴리머,7,
A000000221649,테라로직 레티날 주름탄력 크림,"1,2-헥산다이올",8,
A000000221649,테라로직 레티날 주름탄력 크림,다이프로필렌글라이콜,9,
A000000221649,테라로직 레티날 주름탄력 크림,덱스판테놀,10,
A000000221649,테라로직 레티날 주름탄력 크림,녹차추출물,11,
A000000221649,테라로직 레티날 주름탄력 크림,초피나무열매추출물,12,
A000000221649,테라로직 레티날 주름탄력 크림,커피콩추출물,13,
A000000221649,테라로직 레티날 주름탄력 크림,스테비아잎/줄기추출물,14,
A000000221649,테라로직 레티날 주름탄력 크림,폴리글리세릴-10라우레이트,15,
A000000221649,테라로직 레티날 주름탄력 크림,폴리글리세릴-10미리스테이트,16,
A000000221649,테라로직 레티날 주름탄력 크림,밤껍질추출물,17,
A000000221649,테라로직 레티날 주름탄력 크림,잇꽃꽃추출물,18,
A000000221649,테라로직 레티날 주름탄력 크림,레틴알,19,3000
A000000221649,테라로직 레티날 주름탄력 크림,하이드롤라이즈드콜라겐,20,
A000000221649,테라로직 레티날 주름탄력 크림,포도추출물,21,
A000000221649,테라로직 레티날 주름탄력 크림,알란토인,22,
A000000221649,테라로직 레티날 주름탄력 크림,하이드록시에틸아크릴레이트/소듐아크릴로일다이메틸타우레이트코폴리머,23,
A000000221649,테라로직 레티날 주름탄력 크림,감나무잎추출물,24,
A000000221649,테라로직 레티날 주름탄력 크림,호장근뿌리추출물,25,
A000000221649,테라로직 레티날 주름탄력 크림,팔미토일펜타펩타이드-4,26,
A000000221649,테라로직 레티날 주름탄력 크림,아데노신,27,
A000000221649,테라로직 레티날 주름탄력 크림,솔비탄아이소스테아레이트,28,
A000000221649,테라로직 레티날 주름탄력 크림,팔미토일트라이펩타이드-1,29,
A000000221649,테라로직 레티날 주름탄력 크림,트라이펩타이드-1,30,
A000000221649,테라로직 레티날 주름탄력 크림,헥사펩타이드-9,31,
A000000221649,테라로직 레티날 주름탄력 크림,아세틸헥사펩타이드-8,32,
A000000221649,테라로직 레티날 주름탄력 크림,카퍼트라이펩타이드-1,33,
A000000221649,테라로직 레티날 주름탄력 크림,다이소듐이디티에이,34,
A000000221649,테라로직 레티날 주름탄력 크림,글리세릴카프릴레이트,35,
A000000221649,테라로직 레티날 주름탄력 크림,에틸헥실글리세린,36,
A000000145285,닥터디퍼런트 비타리프트-A 크림,정제수,1,
A000000145285,닥터디퍼런트 비타리프트-A 크림,세틸에틸헥사노에이트,2,
A000000145285,닥터디퍼런트 비타리프트-A 크림,글리세린,3,
A000000145285,닥터디퍼런트 비타리프트-A 크림,스쿠알란,4,
A000000145285,닥터디퍼런트 비타리프트-A 크림,잇꽃씨오일,5,
A000000145285,닥터디퍼런트 비타리프트-A 크림,시어버터,6,
A000000145285,닥터디퍼런트 비타리프트-A 크림,유채스테롤,7,
A000000145285,닥터디퍼런트 비타리프트-A 크림,콜레스테롤,8,
A000000145285,닥터디퍼런트 비타리프트-A 크림,피토스테릴/베헤닐/옥틸도데실라우로일글루타메이트,9,
A000000145285,닥터디퍼런트 비타리프트-A 크림,"1,2-헥산다이올",10,
A000000145285,닥터디퍼런트 비타리프트-A 크림,폴리글리세릴-10올리에이트,11,
A000000145285,닥터디퍼런트 비타리프트-A 크림,소듐하이알루로네이트,12,
A000000145285,닥터디퍼런트 비타리프트-A 크림,하이드로제네이티드레시틴,13,
A000000145285,닥터디퍼런트 비타리프트-A 크림,폴리글루타믹애씨드,14,
A000000145285,닥터디퍼런트 비타리프트-A 크림,세라마이드엔피,15,
A000000145285,닥터디퍼런트 비타리프트-A 크림,스테아릭애씨드,16,
A000000145285,닥터디퍼런트 비타리프트-A 크림,레틴알,17,500
A000000145285,닥터디퍼런트 비타리프트-A 크림,올레익애씨드,18,
A000000145285,닥터디퍼런트 비타리프트-A 크림,토코페롤,19,
A000000145285,닥터디퍼런트 비타리프트-A 크림,아데노신,20,
A000000145285,닥터디퍼런트 비타리프트-A 크림,다이소듐이디티에이,21,
A000000235560,유리아쥬 시카 데일리 리페어 콘센트레 탄력 크림,정제수,1,
A000000235560,유리아쥬 시카 데일리 리페어 콘센트레 탄력 크림,온천수,2,
A000000235560,유리아쥬 시카 데일리 리페어 콘센트레 탄력 크림,스쿠알란,3,
A000000235560,유리아쥬 시카 데일리 리페어 콘센트레 탄력 크림,다이카프릴릴에터,4,
A000000235560,유리아쥬 시카 데일리 리페어 콘센트레 탄력 크림,카프릴릭/카프릭트라이글리세라이드,5,
A000000235560,유리아쥬 시카 데일리 리페어 콘센트레 탄력 크림,시어버터,6,
A000000235560,유리아쥬 시카 데일리 리페어 콘센트레 탄력 크림,폴리글리세릴-3메틸글루코오스다이스테아레이트,7,
A000000235560,유리아쥬 시카 데일리 리페어 콘센트레 탄력 크림,글리세린,8,
A000000235560,유리아쥬 시카 데일리 리페어 콘센트레 탄력 크림,글리세릴스테아레이트,9,
A000000235560,유리아쥬 시카 데일리 리페어 콘센트레 탄력 크림,"1,2-헥산다이올",10,
A000000235560,유리아쥬 시카 데일리 리페어 콘센트레 탄력 크림,펜타에리스리틸다이스테아레이트,11,
A000000235560,유리아쥬 시카 데일리 리페어 콘센트레 탄력 크림,글리세릴베헤네이트,12,
A000000235560,유리아쥬 시카 데일리 리페어 콘센트레 탄력 크림,하이드록시아세토페논,13,
A000000235560,유리아쥬 시카 데일리 리페어 콘센트레 탄력 크림,이눌린,14,
A000000235560,유리아쥬 시카 데일리 리페어 콘센트레 탄력 크림,포타슘세틸포스페이트,15,
A000000235560,유리아쥬 시카 데일리 리페어 콘센트레 탄력 크림,판테놀,16,
A000000235560,유리아쥬 시카 데일리 리페어 콘센트레 탄력 크림,소듐폴리아크릴레이트,17,
A000000235560,유리아쥬 시카 데일리 리페어 콘센트레 탄력 크림,아크릴레이트/C10-30알킬아크릴레이트크로스폴리머,18,
A000000235560,유리아쥬 시카 데일리 리페어 콘센트레 탄력 크림,토코페릴아세테이트,19,
A000000235560,유리아쥬 시카 데일리 리페어 콘센트레 탄력 크림,잔탄검,20,
A000000235560,유리아쥬 시카 데일리 리페어 콘센트레 탄력 크림,사플라워오일/팜오일아미노프로판다이올에스터,21,
A000000235560,유리아쥬 시카 데일리 리페어 콘센트레 탄력 크림,소듐하이알루로네이트,22,
A000000235560,유리아쥬 시카 데일리 리페어 콘센트레 탄력 크림,소듐하이드록사이드,23,
A000000235560,유리아쥬 시카 데일리 리페어 콘센트레 탄력 크림,병풀잎추출물,24,
A000000235560,유리아쥬 시카 데일리 리페어 콘센트레 탄력 크림,시트릭애씨드,25,
A000000235560,유리아쥬 시카 데일리 리페어 콘센트레 탄력 크림,토코페롤,26,100000
A000000002848,바이오더마 세비엄 포어 리파이너,정제수,1,
A000000002848,바이오더마 세비엄 포어 리파이너,메틸메타크릴레이트크로스폴리머,2,
A000000002848,바이오더마 세비엄 포어 리파이너,다이프로필렌글라이콜,3,
A000000002848,바이오더마 세비엄 포어 리파이너,사이클로펜타실록세인,4,
A000000002848,바이오더마 세비엄 포어 리파이너,사이클로헥사실록세인,5,
A000000002848,바이오더마 세비엄 포어 리파이너,다이메티콘,6,
A000000002848,바이오더마 세비엄 포어 리파이너,글리세린,7,
A000000002848,바이오더마 세비엄 포어 리파이너,부틸렌글라이콜,8,
A000000002848,바이오더마 세비엄 포어 리파이너,말굽잔나비버섯추출물,9,
A000000002848,바이오더마 세비엄 포어 리파이너,소듐폴리아크릴레이트,10,
A000000002848,바이오더마 세비엄 포어 리파이너,미네랄오일,11,
A000000002848,바이오더마 세비엄 포어 리파이너,실리카,12,
A000000002848,바이오더마 세비엄 포어 리파이너,펜틸렌글라이콜,13,
A000000002848,바이오더마 세비엄 포어 리파이너,트라이데세스-6,14,
A000000002848,바이오더마 세비엄 포어 리파이너,C30-45알킬세테아릴다이메티콘크로스폴리머,15,
A000000002848,바이오더마 세비엄 포어 리파이너,"1,2-헥산다이올",16,
A000000002848,바이오더마 세비엄 포어 리파이너,카프릴릴글라이콜,17,
A000000002848,바이오더마 세비엄 포어 리파이너,라우릴피이지/피피지-18/18메티콘,18,
A000000002848,바이오더마 세비엄 포어 리파이너,살리실릭애씨드,19,
A000000002848,바이오더마 세비엄 포어 리파이너,다이소듐이디티에이,20,
A000000002848,바이오더마 세비엄 포어 리파이너,자일리톨,21,
A000000002848,바이오더마 세비엄 포어 리파이너,프로필렌글라이콜,22,
A000000002848,바이오더마 세비엄 포어 리파이너,소듐하이드록사이드,23,
A000000002848,바이오더마 세비엄 포어 리파이너,피이지/피피지-18/18다이메티콘,24,
A000000002848,바이오더마 세비엄 포어 리파이너,프룩토올리고사카라이드,25,
A000000002848,바이오더마 세비엄 포어 리파이너,만니톨,26,
A000000002848,바이오더마 세비엄 포어 리파이너,카프릴릭/카프릭트라이글리세라이드,27,
A000000002848,바이오더마 세비엄 포어 리파이너,은행나무잎추출물,28,
A000000002848,바이오더마 세비엄 포어 리파이너,도데실갈레이트,29,
A000000002848,바이오더마 세비엄 포어 리파이너,람노오스,30,
A000000002848,바이오더마 세비엄 포어 리파이너,라미나리아 오크롤레우카추출물,31,
A000000002848,바이오더마 세비엄 포어 리파이너,시트릭애씨드,32,
A000000002848,바이오더마 세비엄 포어 리파이너,향료,33,
A000000254006,쥬베룩 PDLLA 프로텍팅 크림,정제수,1,
A000000254006,쥬베룩 PDLLA 프로텍팅 크림,글리세린,2,
A000000254006,쥬베룩 PDLLA 프로텍팅 크림,프로판다이올,3,
A000000254006,쥬베룩 PDLLA 프로텍팅 크림,판테놀,4,
A000000254006,쥬베룩 PDLLA 프로텍팅 크림,펜틸렌글라이콜,5,
A000000254006,쥬베룩 PDLLA 프로텍팅 크림,카프릴릭/카프릭트라이글리세라이드,6,
A000000254006,쥬베룩 PDLLA 프로텍팅 크림,나이아신아마이드,7,
A000000254006,쥬베룩 PDLLA 프로텍팅 크림,"1,2-헥산다이올",8,
A000000254006,쥬베룩 PDLLA 프로텍팅 크림,세테아릴알코올,9,
A000000254006,쥬베룩 PDLLA 프로텍팅 크림,트라이메틸펜타페닐트라이실록세인,10,
A000000254006,쥬베룩 PDLLA 프로텍팅 크림,세테아릴올리베이트,11,
A000000254006,쥬베룩 PDLLA 프로텍팅 크림,하이드롤라이즈드콜라겐,12,0.001
A000000254006,쥬베룩 PDLLA 프로텍팅 크림,하이드롤라이즈드하이알루로닉애씨드,13,
A000000254006,쥬베룩 PDLLA 프로텍팅 크림,해마토코쿠스 플루비알리스오일,14,
A000000254006,쥬베룩 PDLLA 프로텍팅 크림,칸디다 봄비콜라/글루코오스/메틸레이프씨데이트발효물,15,
A000000254006,쥬베룩 PDLLA 프로텍팅 크림,살구씨오일,16,
A000000254006,쥬베룩 PDLLA 프로텍팅 크림,아텔로콜라겐,17,1e-05
A000000254006,쥬베룩 PDLLA 프로텍팅 크림,다이메티콘,18,
A000000254006,쥬베룩 PDLLA 프로텍팅 크림,솔비탄올리베이트,19,
A000000254006,쥬베룩 PDLLA 프로텍팅 크림,글리세릴스테아레이트,20,
A000000254006,쥬베룩 PDLLA 프로텍팅 크림,트로메타민,21,
A000000254006,쥬베룩 PDLLA 프로텍팅 크림,팔미틱애씨드,22,
A000000254006,쥬베룩 PDLLA 프로텍팅 크림,스테아릭애씨드,23,
A000000254006,쥬베룩 PDLLA 프로텍팅 크림,에틸헥실글리세린,24,
A000000254006,쥬베룩 PDLLA 프로텍팅 크림,아데노신,25,
A000000254006,쥬베룩 PDLLA 프로텍팅 크림,폴리락틱애씨드,26,10
A000000254006,쥬베룩 PDLLA 프로텍팅 크림,토코페롤,27,
A000000254006,쥬베룩 PDLLA 프로텍팅 크림,암모늄아크릴로일다이메틸타우레이트/브이피코폴리머,28,
A000000254006,쥬베룩 PDLLA 프로텍팅 크림,에피갈로카테킨갈레이트,29,
A000000254006,쥬베룩 PDLLA 프로텍팅 크림,레스베라트롤,30,
A000000254006,쥬베룩 PDLLA 프로텍팅 크림,부틸렌글라이콜,31,
A000000254006,쥬베룩 PDLLA 프로텍팅 크림,아스타잔틴,32,
A000000254006,쥬베룩 PDLLA 프로텍팅 크림,쿼세틴,33,
A000000254006,쥬베룩 PDLLA 프로텍팅 크림,아세틸헥사펩타이드-8,34,
A000000254006,쥬베룩 PDLLA 프로텍팅 크림,아스코빅애씨드폴리펩타이드,35,
A000000254006,쥬베룩 PDLLA 프로텍팅 크림,아세틸옥타펩타이드-3,36,
A000000254006,쥬베룩 PDLLA 프로텍팅 크림,아세틸테트라펩타이드-2,37,
A000000254006,쥬베룩 PDLLA 프로텍팅 크림,아세틸테트라펩타이드-3,38,
A000000254006,쥬베룩 PDLLA 프로텍팅 크림,아세틸테트라펩타이드-5,39,
A000000254006,쥬베룩 PDLLA 프로텍팅 크림,아세틸테트라펩타이드-9,40,
A000000254006,쥬베룩 PDLLA 프로텍팅 크림,카르노신,41,
A000000254006,쥬베룩 PDLLA 프로텍팅 크림,카퍼트라이펩타이드-1,42,
A000000254006,쥬베룩 PDLLA 프로텍팅 크림,노나펩타이드-1,43,
A000000254006,쥬베룩 PDLLA 프로텍팅 크림,팔미토일펜타펩타이드-4,44,
A000000254006,쥬베룩 PDLLA 프로텍팅 크림,팔미토일트라이펩타이드-1,45,
A000000254006,쥬베룩 PDLLA 프로텍팅 크림,팔미토일트라이펩타이드-5,46,
A000000254006,쥬베룩 PDLLA 프로텍팅 크림,카보머,47,
A000000254006,쥬베룩 PDLLA 프로텍팅 크림,잔탄검,48,
A000000257834,퍼셀 80억/mL 글루타치온 TXA 캡슐 크림,정제수,1,
A000000257834,퍼셀 80억/mL 글루타치온 TXA 캡슐 크림,프로판다이올,2,
A000000257834,퍼셀 80억/mL 글루타치온 TXA 캡슐 크림,트라넥사믹애씨드,3,50000
A000000257834,퍼셀 80억/mL 글루타치온 TXA 캡슐 크림,나이아신아마이드,4,
A000000257834,퍼셀 80억/mL 글루타치온 TXA 캡슐 크림,글리세린,5,
A000000257834,퍼셀 80억/mL 글루타치온 TXA 캡슐 크림,카프릴릭/카프릭트라이글리세라이드,6,
A000000257834,퍼셀 80억/mL 글루타치온 TXA 캡슐 크림,페닐트라이메티콘,7,
A000000257834,퍼셀 80억/mL 글루타치온 TXA 캡슐 크림,퀸즈랜드넛오일,8,
A000000257834,퍼셀 80억/mL 글루타치온 TXA 캡슐 크림,하이드로제네이티드폴리(C6-14올레핀),9,
A000000257834,퍼셀 80억/mL 글루타치온 TXA 캡슐 크림,다이카프릴릴에터,10,
A000000257834,퍼셀 80억/mL 글루타치온 TXA 캡슐 크림,비닐다이메티콘,11,
A000000257834,퍼셀 80억/mL 글루타치온 TXA 캡슐 크림,세테아릴알코올,12,
A000000257834,퍼셀 80억/mL 글루타치온 TXA 캡슐 크림,"1,2-헥산다이올",13,
A000000257834,퍼셀 80억/mL 글루타치온 TXA 캡슐 크림,하이드로제네이티드폴리데센,14,
A000000257834,퍼셀 80억/mL 글루타치온 TXA 캡슐 크림,글루타티온,15,5000
A000000257834,퍼셀 80억/mL 글루타치온 TXA 캡슐 크림,아이소노닐아이소노나노에이트,16,
A000000257834,퍼셀 80억/mL 글루타치온 TXA 캡슐 크림,세테아릴올리베이트,17,
A000000257834,퍼셀 80억/mL 글루타치온 TXA 캡슐 크림,글리세릴스테아레이트에스이,18,
A000000257834,퍼셀 80억/mL 글루타치온 TXA 캡슐 크림,하이드록시에틸아크릴레이트/소듐아크릴로일다이메틸타우레이트코폴리머,19,
A000000257834,퍼셀 80억/mL 글루타치온 TXA 캡슐 크림,솔비탄올리베이트,20,
A000000257834,퍼셀 80억/mL 글루타치온 TXA 캡슐 크림,다이프로필렌글라이콜,21,
A000000257834,퍼셀 80억/mL 글루타치온 TXA 캡슐 크림,베헤닐알코올,22,
A000000257834,퍼셀 80억/mL 글루타치온 TXA 캡슐 크림,다이메티콘올,23,
A000000257834,퍼셀 80억/mL 글루타치온 TXA 캡슐 크림,세테아릴글루코사이드,24,
A000000257834,퍼셀 80억/mL 글루타치온 TXA 캡슐 크림,하이드로제네이티드레시틴,25,
A000000257834,퍼셀 80억/mL 글루타치온 TXA 캡슐 크림,하이드록시아세토페논,26,
A000000257834,퍼셀 80억/mL 글루타치온 TXA 캡슐 크림,에틸헥실글리세린,27,
A000000257834,퍼셀 80억/mL 글루타치온 TXA 캡슐 크림,황련뿌리추출물,28,
A000000257834,퍼셀 80억/mL 글루타치온 TXA 캡슐 크림,토코페롤,29,
A000000257834,퍼셀 80억/mL 글루타치온 TXA 캡슐 크림,판테놀,30,
A000000257834,퍼셀 80억/mL 글루타치온 TXA 캡슐 크림,세라마이드엔피,31,
A000000257834,퍼셀 80억/mL 글루타치온 TXA 캡슐 크림,하이드롤라이즈드하이알루로닉애씨드,32,
A000000257834,퍼셀 80억/mL 글루타치온 TXA 캡슐 크림,잔탄검,33,
A000000257834,퍼셀 80억/mL 글루타치온 TXA 캡슐 크림,부틸렌글라이콜,34,
A000000257834,퍼셀 80억/mL 글루타치온 TXA 캡슐 크림,아데노신,35,
A000000257834,퍼셀 80억/mL 글루타치온 TXA 캡슐 크림,유비퀴논,36,
A000000257834,퍼셀 80억/mL 글루타치온 TXA 캡슐 크림,프룩토올리고사카라이드,37,
A000000257834,퍼셀 80억/mL 글루타치온 TXA 캡슐 크림,캐스터오일/아이피디아이코폴리머,38,
A000000257834,퍼셀 80억/mL 글루타치온 TXA 캡슐 크림,다이소듐이디티에이,39,
A000000257834,퍼셀 80억/mL 글루타치온 TXA 캡슐 크림,솔비탄아이소스테아레이트,40,
A000000257834,퍼셀 80억/mL 글루타치온 TXA 캡슐 크림,콜레스테롤,41,
A000000257834,퍼셀 80억/mL 글루타치온 TXA 캡슐 크림,하이드로제네이티드폴리(C6-20올레핀),42,
A000000257834,퍼셀 80억/mL 글루타치온 TXA 캡슐 크림,베타-글루칸,43,
A000000257834,퍼셀 80억/mL 글루타치온 TXA 캡슐 크림,에이치디아이/트라이메틸올헥실락톤크로스폴리머,44,
A000000257834,퍼셀 80억/mL 글루타치온 TXA 캡슐 크림,녹차수,45,
A000000257834,퍼셀 80억/mL 글루타치온 TXA 캡슐 크림,아크릴레이트/C10-30알킬아크릴레이트크로스폴리머,46,
A000000257834,퍼셀 80억/mL 글루타치온 TXA 캡슐 크림,소듐스테아로일글루타메이트,47,
A000000257834,퍼셀 80억/mL 글루타치온 TXA 캡슐 크림,트로메타민,48,
A000000257834,퍼셀 80억/mL 글루타치온 TXA 캡슐 크림,한련초잎추출물,49,
A000000257834,퍼셀 80억/mL 글루타치온 TXA 캡슐 크림,다시마추출물,50,
A000000257834,퍼셀 80억/mL 글루타치온 TXA 캡슐 크림,다이포타슘글리시리제이트,51,
A000000257834,퍼셀 80억/mL 글루타치온 TXA 캡슐 크림,글라이신,52,
A000000257834,퍼셀 80억/mL 글루타치온 TXA 캡슐 크림,소듐코코일이세티오네이트,53,
A000000257834,퍼셀 80억/mL 글루타치온 TXA 캡슐 크림,시스테인,54,
A000000198166,라네즈 워터뱅크 모이스춰 크림,정제수,1,
A000000198166,라네즈 워터뱅크 모이스춰 크림,글리세린,2,
A000000198166,라네즈 워터뱅크 모이스춰 크림,부틸렌글라이콜,3,
A000000198166,라네즈 워터뱅크 모이스춰 크림,스쿠알란,4,
A000000198166,라네즈 워터뱅크 모이스춰 크림,다이카프릴릴에터,5,
A000000198166,라네즈 워터뱅크 모이스춰 크림,폴리글리세릴-3메틸글루코오스다이스테아레이트,6,
A000000198166,라네즈 워터뱅크 모이스춰 크림,메틸트라이메티콘,7,
A000000198166,라네즈 워터뱅크 모이스춰 크림,글리세릴스테아레이트,8,
A000000198166,라네즈 워터뱅크 모이스춰 크림,펜타에리스리틸테트라에틸헥사노에이트,9,
A000000198166,라네즈 워터뱅크 모이스춰 크림,"1,2-헥산다이올",10,
A000000198166,라네즈 워터뱅크 모이스춰 크림,스테아릴다이메티콘,11,
A000000198166,라네즈 워터뱅크 모이스춰 크림,비스-하이드록시에톡시프로필다이메티콘,12,
A000000198166,라네즈 워터뱅크 모이스춰 크림,세틸알코올,13,
A000000198166,라네즈 워터뱅크 모이스춰 크림,락토바실러스발효용해물,14,
A000000198166,라네즈 워터뱅크 모이스춰 크림,카프릴릭/카프릭/미리스틱/스테아릭트라이글리세라이드,15,
A000000198166,라네즈 워터뱅크 모이스춰 크림,팔미틱애씨드,16,
A000000198166,라네즈 워터뱅크 모이스춰 크림,스테아릭애씨드,17,
A000000198166,라네즈 워터뱅크 모이스춰 크림,판테놀,18,
A000000198166,라네즈 워터뱅크 모이스춰 크림,하이드록시에틸아크릴레이트/소듐아크릴로일다이메틸타우레이트코폴리머,19,
A000000198166,라네즈 워터뱅크 모이스춰 크림,프로판다이올,20,
A000000198166,라네즈 워터뱅크 모이스춰 크림,아크릴레이트/C10-30알킬아크릴레이트크로스폴리머,21,
A000000198166,라네즈 워터뱅크 모이스춰 크림,잔탄검,22,
A000000198166,라네즈 워터뱅크 모이스춰 크림,글리세릴카프릴레이트,23,
A000000198166,라네즈 워터뱅크 모이스춰 크림,덱스트린,24,
A000000198166,라네즈 워터뱅크 모이스춰 크림,트로메타민,25,
A000000198166,라네즈 워터뱅크 모이스춰 크림,에틸헥실글리세린,26,
A000000198166,라네즈 워터뱅크 모이스춰 크림,다이소듐이디티에이,27,
A000000198166,라네즈 워터뱅크 모이스춰 크림,솔비탄아이소스테아레이트,28,
A000000198166,라네즈 워터뱅크 모이스춰 크림,알란토인,29,
A000000198166,라네즈 워터뱅크 모이스춰 크림,하이드롤라이즈드하이알루로닉애씨드,30,200
A000000198166,라네즈 워터뱅크 모이스춰 크림,세라마이드엔피,31,
A000000198166,라네즈 워터뱅크 모이스춰 크림,향료,32,
A000000198166,라네즈 워터뱅크 모이스춰 크림,베타-글루칸,33,
A000000198166,라네즈 워터뱅크 모이스춰 크림,콜레스테롤,34,
A000000198166,라네즈 워터뱅크 모이스춰 크림,만니톨,35,
A000000198166,라네즈 워터뱅크 모이스춰 크림,토코페롤,36,
A000000198166,라네즈 워터뱅크 모이스춰 크림,아세틸테트라펩타이드-11,37,
A000000198166,라네즈 워터뱅크 모이스춰 크림,미역추출물,38,
A000000229620,제나벨 PDRN 리쥬비네이팅 크림,정제수,1,
A000000229620,제나벨 PDRN 리쥬비네이팅 크림,다이프로필렌글라이콜,2,
A000000229620,제나벨 PDRN 리쥬비네이팅 크림,글리세린,3,
A000000229620,제나벨 PDRN 리쥬비네이팅 크림,페닐트라이메티콘,4,
A000000229620,제나벨 PDRN 리쥬비네이팅 크림,달맞이꽃오일,5,
A000000229620,제나벨 PDRN 리쥬비네이팅 크림,세테아릴알코올,6,
A000000229620,제나벨 PDRN 리쥬비네이팅 크림,글리세릴글루코사이드,7,
A000000229620,제나벨 PDRN 리쥬비네이팅 크림,나이아신아마이드,8,
A000000229620,제나벨 PDRN 리쥬비네이팅 크림,비즈왁스,9,
A000000229620,제나벨 PDRN 리쥬비네이팅 크림,알지닌,10,
A000000229620,제나벨 PDRN 리쥬비네이팅 크림,피이지-100스테아레이트,11,
A000000229620,제나벨 PDRN 리쥬비네이팅 크림,하이드록시아세토페논,12,
A000000229620,제나벨 PDRN 리쥬비네이팅 크림,"1,2-헥산다이올",13,
A000000229620,제나벨 PDRN 리쥬비네이팅 크림,글리세릴스테아레이트,14,
A000000229620,제나벨 PDRN 리쥬비네이팅 크림,소듐폴리아크릴레이트,15,
A000000229620,제나벨 PDRN 리쥬비네이팅 크림,카보머,16,
A000000229620,제나벨 PDRN 리쥬비네이팅 크림,다이메티콘,17,
A000000229620,제나벨 PDRN 리쥬비네이팅 크림,하이드로제네이티드폴리데센,18,
A000000229620,제나벨 PDRN 리쥬비네이팅 크림,라우릴피이지-9폴리다이메틸실록시에틸다이메티콘,19,
A000000229620,제나벨 PDRN 리쥬비네이팅 크림,소듐디엔에이,20,1010
A000000229620,제나벨 PDRN 리쥬비네이팅 크림,다이메티콘/비닐다이메티콘크로스폴리머,21,
A000000229620,제나벨 PDRN 리쥬비네이팅 크림,향료,22,
A000000229620,제나벨 PDRN 리쥬비네이팅 크림,부틸렌글라이콜,23,
A000000229620,제나벨 PDRN 리쥬비네이팅 크림,아데노신,24,
A000000229620,제나벨 PDRN 리쥬비네이팅 크림,트라이데세스-6,25,
A000000229620,제나벨 PDRN 리쥬비네이팅 크림,다이소듐이디티에이,26,
A000000229620,제나벨 PDRN 리쥬비네이팅 크림,판테놀,27,
A000000229620,제나벨 PDRN 리쥬비네이팅 크림,소듐하이알루로네이트,28,
A000000229620,제나벨 PDRN 리쥬비네이팅 크림,펜틸렌글라이콜,29,
A000000229620,제나벨 PDRN 리쥬비네이팅 크림,하이드롤라이즈드소듐디엔에이,30,
A000000229620,제나벨 PDRN 리쥬비네이팅 크림,하이알루로닉애씨드,31,
A000000229620,제나벨 PDRN 리쥬비네이팅 크림,트라이펩타이드-1,32,
A000000229620,제나벨 PDRN 리쥬비네이팅 크림,토코페롤,33,
A000000229620,제나벨 PDRN 리쥬비네이팅 크림,우라실,34,
A000000229620,제나벨 PDRN 리쥬비네이팅 크림,티민,35,
A000000229620,제나벨 PDRN 리쥬비네이팅 크림,아데닌,36,
A000000229620,제나벨 PDRN 리쥬비네이팅 크림,하이드로제네이티드레시틴,37,
A000000229620,제나벨 PDRN 리쥬비네이팅 크림,쇠비름추출물,38,
A000000229620,제나벨 PDRN 리쥬비네이팅 크림,아세틸헥사타이드-8,39,
A000000229620,제나벨 PDRN 리쥬비네이팅 크림,사이토신,40,
A000000229620,제나벨 PDRN 리쥬비네이팅 크림,구아닌,41,
A000000229620,제나벨 PDRN 리쥬비네이팅 크림,병풀추출물,42,
A000000229620,제나벨 PDRN 리쥬비네이팅 크림,마트리카리아꽃추출물,43,
A000000229620,제나벨 PDRN 리쥬비네이팅 크림,체이스트트리추출물,44,
A000000229620,제나벨 PDRN 리쥬비네이팅 크림,세라마이드엔피,45,
A000000215363,셀퓨전씨 레이저 리쥬버네이션 크림,정제수,1,
A000000215363,셀퓨전씨 레이저 리쥬버네이션 크림,글리세린,2,
A000000215363,셀퓨전씨 레이저 리쥬버네이션 크림,퀸즈랜드넛오일,3,
A000000215363,셀퓨전씨 레이저 리쥬버네이션 크림,카프릴릭/카프릭트라이글리세라이드,4,
A000000215363,셀퓨전씨 레이저 리쥬버네이션 크림,세테아릴알코올,5,
A000000215363,셀퓨전씨 레이저 리쥬버네이션 크림,나이아신아마이드,6,
A000000215363,셀퓨전씨 레이저 리쥬버네이션 크림,스쿠알란,7,
A000000215363,셀퓨전씨 레이저 리쥬버네이션 크림,하이드로제네이티드폴리(C6-14올레핀),8,
A000000215363,셀퓨전씨 레이저 리쥬버네이션 크림,"1,2-헥산다이올",9,
A000000215363,셀퓨전씨 레이저 리쥬버네이션 크림,글리세릴스테아레이트,10,
A000000215363,셀퓨전씨 레이저 리쥬버네이션 크림,세테아릴올리베이트,11,
A000000215363,셀퓨전씨 레이저 리쥬버네이션 크림,글리세레스-26,12,
A000000215363,셀퓨전씨 레이저 리쥬버네이션 크림,피이지-100스테아레이트,13,
A000000215363,셀퓨전씨 레이저 리쥬버네이션 크림,솔비탄올리베이트,14,
A000000215363,셀퓨전씨 레이저 리쥬버네이션 크림,사이클로펜타실록세인,15,
A000000215363,셀퓨전씨 레이저 리쥬버네이션 크림,다이메티콘,16,
A000000215363,셀퓨전씨 레이저 리쥬버네이션 크림,사이클로헥사실록세인,17,
A000000215363,셀퓨전씨 레이저 리쥬버네이션 크림,소듐아크릴레이트/소듐아크릴로일다이메틸타우레이트코폴리머,18,
A000000215363,셀퓨전씨 레이저 리쥬버네이션 크림,아이소헥사데칸,19,
A000000215363,셀퓨전씨 레이저 리쥬버네이션 크림,바쿠치올,20,
A000000215363,셀퓨전씨 레이저 리쥬버네이션 크림,소듐폴리아크릴레이트,21,
A000000215363,셀퓨전씨 레이저 리쥬버네이션 크림,에틸헥실글리세린,22,
A000000215363,셀퓨전씨 레이저 리쥬버네이션 크림,폴리솔베이트80,23,
A000000215363,셀퓨전씨 레이저 리쥬버네이션 크림,잔탄검,24,
A000000215363,셀퓨전씨 레이저 리쥬버네이션 크림,아데노신,25,
A000000215363,셀퓨전씨 레이저 리쥬버네이션 크림,다이소듐이디티에이,26,
A000000215363,셀퓨전씨 레이저 리쥬버네이션 크림,솔비탄올리에이트,27,
A000000215363,셀퓨전씨 레이저 리쥬버네이션 크림,알란토인,28,
A000000215363,셀퓨전씨 레이저 리쥬버네이션 크림,세라마이드엔피,29,
A000000215363,셀퓨전씨 레이저 리쥬버네이션 크림,판테놀,30,
A000000215363,셀퓨전씨 레이저 리쥬버네이션 크림,포트마리골드꽃오일,31,
A000000215363,셀퓨전씨 레이저 리쥬버네이션 크림,프로판다이올,32,
A000000215363,셀퓨전씨 레이저 리쥬버네이션 크림,팔미틱애씨드,33,
A000000215363,셀퓨전씨 레이저 리쥬버네이션 크림,스테아릭애씨드,34,
A000000215363,셀퓨전씨 레이저 리쥬버네이션 크림,토코페롤,35,
A000000215363,셀퓨전씨 레이저 리쥬버네이션 크림,쇠비름추출물,36,
A000000215363,셀퓨전씨 레이저 리쥬버네이션 크림,부틸렌글라이콜,37,
A000000215363,셀퓨전씨 레이저 리쥬버네이션 크림,올레라케아아크멜라추출물,38,
A000000215363,셀퓨전씨 레이저 리쥬버네이션 크림,헬리크리숨 스토에카스추출물,39,
A000000215363,셀퓨전씨 레이저 리쥬버네이션 크림,병풀추출물,40,
A000000215363,셀퓨전씨 레이저 리쥬버네이션 크림,에델바이스캘러스배양추출물,41,
A000000215363,셀퓨전씨 레이저 리쥬버네이션 크림,카프릴릴글라이콜,42,
A000000215363,셀퓨전씨 레이저 리쥬버네이션 크림,카퍼트라이펩타이드-1,43,
A000000215363,셀퓨전씨 레이저 리쥬버네이션 크림,다이펩타이드-2,44,
A000000215363,셀퓨전씨 레이저 리쥬버네이션 크림,올리고펩타이드-1,45,
A000000215363,셀퓨전씨 레이저 리쥬버네이션 크림,팔미토일펜타펩타이드-4,46,
A000000215363,셀퓨전씨 레이저 리쥬버네이션 크림,트라이펩타이드-1,47,
A000000215363,셀퓨전씨 레이저 리쥬버네이션 크림,레티놀,48,
A000000226527,셀인샷 EGF 알란테놀 트러블 크림,정제수,1,
A000000226527,셀인샷 EGF 알란테놀 트러블 크림,다이프로필렌글라이콜,2,
A000000226527,셀인샷 EGF 알란테놀 트러블 크림,글리세린,3,
A000000226527,셀인샷 EGF 알란테놀 트러블 크림,세틸에틸헥사노에이트,4,
A000000226527,셀인샷 EGF 알란테놀 트러블 크림,부틸렌글라이콜,5,
A000000226527,셀인샷 EGF 알란테놀 트러블 크림,하이드로제네이티드폴리아이소부텐,6,
A000000226527,셀인샷 EGF 알란테놀 트러블 크림,세틸알코올,7,
A000000226527,셀인샷 EGF 알란테놀 트러블 크림,나이아신아마이드,8,
A000000226527,셀인샷 EGF 알란테놀 트러블 크림,글리세릴스테아레이트,9,
A000000226527,셀인샷 EGF 알란테놀 트러블 크림,스테아릴알코올,10,
A000000226527,셀인샷 EGF 알란테놀 트러블 크림,"1,2-헥산다이올",11,
A000000226527,셀인샷 EGF 알란테놀 트러블 크림,암모늄아크릴로일다이메틸타우레이트/브이피코폴리머,12,
A000000226527,셀인샷 EGF 알란테놀 트러블 크림,미리스틸알코올,13,
A000000226527,셀인샷 EGF 알란테놀 트러블 크림,향료,14,
A000000226527,셀인샷 EGF 알란테놀 트러블 크림,동백나무씨오일,15,
A000000226527,셀인샷 EGF 알란테놀 트러블 크림,아보카도오일,16,
A000000226527,셀인샷 EGF 알란테놀 트러블 크림,해바라기씨오일,17,
A000000226527,셀인샷 EGF 알란테놀 트러블 크림,라우릴알코올,18,
A000000226527,셀인샷 EGF 알란테놀 트러블 크림,아크릴레이트/C10-30알킬아크릴레이트크로스폴리머,19,
A000000226527,셀인샷 EGF 알란테놀 트러블 크림,판테놀,20,1000
A000000226527,셀인샷 EGF 알란테놀 트러블 크림,알란토인,21,500
A000000226527,셀인샷 EGF 알란테놀 트러블 크림,아데노신,22,
A000000226527,셀인샷 EGF 알란테놀 트러블 크림,프로필렌글라이콜,23,
A000000226527,셀인샷 EGF 알란테놀 트러블 크림,잇꽃꽃추출물,24,
A000000226527,셀인샷 EGF 알란테놀 트러블 크림,치자추출물,25,
A000000226527,셀인샷 EGF 알란테놀 트러블 크림,폴스애플민트잎추출물,26,
A000000226527,셀인샷 EGF 알란테놀 트러블 크림,녹차추출물,27,
A000000226527,셀인샷 EGF 알란테놀 트러블 크림,타임잎추출물,28,
A000000226527,셀인샷 EGF 알란테놀 트러블 크림,덱스트린,29,
A000000226527,셀인샷 EGF 알란테놀 트러블 크림,하이드로제네이티드레시틴,30,
A000000226527,셀인샷 EGF 알란테놀 트러블 크림,소듐피씨에이,31,
A000000226527,셀인샷 EGF 알란테놀 트러블 크림,소듐락테이트,32,
A000000226527,셀인샷 EGF 알란테놀 트러블 크림,레시틴,33,
A000000226527,셀인샷 EGF 알란테놀 트러블 크림,알지닌,34,
A000000226527,셀인샷 EGF 알란테놀 트러블 크림,하이드록시에틸우레아,35,
A000000226527,셀인샷 EGF 알란테놀 트러블 크림,아스파틱애씨드,36,
A000000226527,셀인샷 EGF 알란테놀 트러블 크림,피씨에이,37,
A000000226527,셀인샷 EGF 알란테놀 트러블 크림,글라이신,38,
A000000226527,셀인샷 EGF 알란테놀 트러블 크림,알라닌,39,
A000000226527,셀인샷 EGF 알란테놀 트러블 크림,세린,40,
A000000226527,셀인샷 EGF 알란테놀 트러블 크림,발린,41,
A000000226527,셀인샷 EGF 알란테놀 트러블 크림,다이포타슘글리시리제이트,42,
A000000226527,셀인샷 EGF 알란테놀 트러블 크림,토코페릴아세테이트,43,
A000000226527,셀인샷 EGF 알란테놀 트러블 크림,아이소류신,44,
A000000226527,셀인샷 EGF 알란테놀 트러블 크림,트레오닌,45,
A000000226527,셀인샷 EGF 알란테놀 트러블 크림,프롤린,46,
A000000226527,셀인샷 EGF 알란테놀 트러블 크림,페닐알라닌,47,
A000000226527,셀인샷 EGF 알란테놀 트러블 크림,히스티딘,48,
A000000226527,셀인샷 EGF 알란테놀 트러블 크림,세라마이드엔피,49,
A000000226527,셀인샷 EGF 알란테놀 트러블 크림,에스에이치-올리고펩타이드-32에스피,50,
A000000226527,셀인샷 EGF 알란테놀 트러블 크림,에스에이치-올리고펩타이드-1,51,
A000000226527,셀인샷 EGF 알란테놀 트러블 크림,다이소듐이디티에이,52,
A000000226527,셀인샷 EGF 알란테놀 트러블 크림,에틸헥실글리세린,53,
A000000251275,아벤느 이드랑스 리치 하이드레이팅 크림,온천수,1,
A000000251275,아벤느 이드랑스 리치 하이드레이팅 크림,미네랄오일,2,
A000000251275,아벤느 이드랑스 리치 하이드레이팅 크림,글리세린,3,
A000000251275,아벤느 이드랑스 리치 하이드레이팅 크림,아이소헥사데칸,4,
A000000251275,아벤느 이드랑스 리치 하이드레이팅 크림,다이메티콘,5,
A000000251275,아벤느 이드랑스 리치 하이드레이팅 크림,세테아릴알코올,6,
A000000251275,아벤느 이드랑스 리치 하이드레이팅 크림,잇꽃씨오일,7,
A000000251275,아벤느 이드랑스 리치 하이드레이팅 크림,아이소세틸스테아로일스테아레이트,8,
A000000251275,아벤느 이드랑스 리치 하이드레이팅 크림,트라이에틸헥사노인,9,
A000000251275,아벤느 이드랑스 리치 하이드레이팅 크림,글리세릴스테아레이트,10,
A000000251275,아벤느 이드랑스 리치 하이드레이팅 크림,피이지-100스테아레이트,11,
A000000251275,아벤느 이드랑스 리치 하이드레이팅 크림,"1,2-헥산다이올",12,
A000000251275,아벤느 이드랑스 리치 하이드레이팅 크림,시어버터,13,
A000000251275,아벤느 이드랑스 리치 하이드레이팅 크림,세테아릴글루코사이드,14,
A000000251275,아벤느 이드랑스 리치 하이드레이팅 크림,벤조익애씨드,15,
A000000251275,아벤느 이드랑스 리치 하이드레이팅 크림,향료,16,
A000000251275,아벤느 이드랑스 리치 하이드레이팅 크림,피토스테롤,17,
A000000251275,아벤느 이드랑스 리치 하이드레이팅 크림,폴리아크릴레이트-13,18,
A000000251275,아벤느 이드랑스 리치 하이드레이팅 크림,폴리아이소부텐,19,
A000000251275,아벤느 이드랑스 리치 하이드레이팅 크림,폴리솔베이트20,20,
A000000251275,아벤느 이드랑스 리치 하이드레이팅 크림,소듐하이드록사이드,21,
A000000251275,아벤느 이드랑스 리치 하이드레이팅 크림,솔비탄아이소스테아레이트,22,
A000000251275,아벤느 이드랑스 리치 하이드레이팅 크림,정제수,23,
A000000251275,아벤느 이드랑스 리치 하이드레이팅 크림,잔탄검,24,
A000000145331,닥터디퍼런트 세콜지 311 보습 장벽 크림,정제수,1,
A000000145331,닥터디퍼런트 세콜지 311 보습 장벽 크림,카프릴릭/카프릭트라이글리세라이드,2,
A000000145331,닥터디퍼런트 세콜지 311 보습 장벽 크림,메틸프로판다이올,3,
A000000145331,닥터디퍼런트 세콜지 311 보습 장벽 크림,글리세린,4,
A000000145331,닥터디퍼런트 세콜지 311 보습 장벽 크림,세틸알코올,5,
A000000145331,닥터디퍼런트 세콜지 311 보습 장벽 크림,"1,2-헥산다이올",6,
A000000145331,닥터디퍼런트 세콜지 311 보습 장벽 크림,글리세릴스테아레이트에스이,7,
A000000145331,닥터디퍼런트 세콜지 311 보습 장벽 크림,세테아릴올리베이트,8,
A000000145331,닥터디퍼런트 세콜지 311 보습 장벽 크림,스테아릴알코올,9,
A000000145331,닥터디퍼런트 세콜지 311 보습 장벽 크림,올리브오일,10,
A000000145331,닥터디퍼런트 세콜지 311 보습 장벽 크림,솔비탄세스퀴올리에이트,13,
A000000145331,닥터디퍼런트 세콜지 311 보습 장벽 크림,솔비탄올리베이트,14,
A000000145331,닥터디퍼런트 세콜지 311 보습 장벽 크림,하이드록시프로필비스팔미타마이드엠이에이,15,
A000000145331,닥터디퍼런트 세콜지 311 보습 장벽 크림,세라마이드엔피,16,
A000000145331,닥터디퍼런트 세콜지 311 보습 장벽 크림,미리스틸알코올,17,
A000000145331,닥터디퍼런트 세콜지 311 보습 장벽 크림,알지닌,18,
A000000145331,닥터디퍼런트 세콜지 311 보습 장벽 크림,카보머,19,
A000000145331,닥터디퍼런트 세콜지 311 보습 장벽 크림,에틸헥실글리세린,20,
A000000145331,닥터디퍼런트 세콜지 311 보습 장벽 크림,콜레스테롤,21,
A000000145331,닥터디퍼런트 세콜지 311 보습 장벽 크림,스테아릭애씨드,22,
A000000145331,닥터디퍼런트 세콜지 311 보습 장벽 크림,아이소머라이즈드리놀레익애씨드,23,
A000000145331,닥터디퍼런트 세콜지 311 보습 장벽 크림,라우릴알코올,24,
A000000145331,닥터디퍼런트 세콜지 311 보습 장벽 크림,카프릴릴글라이콜,25,
A000000145331,닥터디퍼런트 세콜지 311 보습 장벽 크림,데실렌글라이콜,26,
A000000145331,닥터디퍼런트 세콜지 311 보습 장벽 크림,잔탄검,27,
A000000145331,닥터디퍼런트 세콜지 311 보습 장벽 크림,올레익애씨드,28,
A000000145331,닥터디퍼런트 세콜지 311 보습 장벽 크림,팔미틱애씨드,29,
A000000145331,닥터디퍼런트 세콜지 311 보습 장벽 크림,토코페롤,30,
A000000145331,닥터디퍼런트 세콜지 311 보습 장벽 크림,부틸렌글라이콜,31,
A000000145331,닥터디퍼런트 세콜지 311 보습 장벽 크림,하이드로제네이티드포스파티딜콜린,32,
A000000145331,닥터디퍼런트 세콜지 311 보습 장벽 크림,리놀레익애씨드,33,
A000000145331,닥터디퍼런트 세콜지 311 보습 장벽 크림,소듐피씨에이,34,
A000000145331,닥터디퍼런트 세콜지 311 보습 장벽 크림,세린,35,
A000000145331,닥터디퍼런트 세콜지 311 보습 장벽 크림,글라이신,36,
A000000145331,닥터디퍼런트 세콜지 311 보습 장벽 크림,흰목이버섯폴리사카라이드,37,
A000000145331,닥터디퍼런트 세콜지 311 보습 장벽 크림,알라닌,38,
A000000145331,닥터디퍼런트 세콜지 311 보습 장벽 크림,로즈힙열매추출물,39,
A000000145331,닥터디퍼런트 세콜지 311 보습 장벽 크림,글루타믹애씨드,40,
A000000145331,닥터디퍼런트 세콜지 311 보습 장벽 크림,콜레스테릴마카다미에이트,41,
A000000145331,닥터디퍼런트 세콜지 311 보습 장벽 크림,피토스핑고신,42,
A000000145331,닥터디퍼런트 세콜지 311 보습 장벽 크림,수크로오스스테아레이트,43,
A000000145331,닥터디퍼런트 세콜지 311 보습 장벽 크림,글라이코스핑고리피드,44,
A000000228346,토리든 솔리드인 세라마이드 크림,정제수,1,
A000000228346,토리든 솔리드인 세라마이드 크림,프로판다이올,2,
A000000228346,토리든 솔리드인 세라마이드 크림,글리세린,3,
A000000228346,토리든 솔리드인 세라마이드 크림,호호바씨오일,4,
A000000228346,토리든 솔리드인 세라마이드 크림,카프릴릭/카프릭트라이글리세라이드,5,
A000000228346,토리든 솔리드인 세라마이드 크림,에틸헥실팔미테이트,6,
A000000228346,토리든 솔리드인 세라마이드 크림,판테놀,7,
A000000228346,토리든 솔리드인 세라마이드 크림,"1,2-헥산다이올",8,
A000000228346,토리든 솔리드인 세라마이드 크림,글리세릴스테아레이트,9,
A000000228346,토리든 솔리드인 세라마이드 크림,세테아릴올리베이트,10,
A000000228346,토리든 솔리드인 세라마이드 크림,솔비탄올리베이트,11,
A000000228346,토리든 솔리드인 세라마이드 크림,하이드로제네이티드폴리(C6-14올레핀),12,
A000000228346,토리든 솔리드인 세라마이드 크림,세라마이드엔피,13,1086
A000000228346,토리든 솔리드인 세라마이드 크림,세라마이드엔에스,14,
A000000228346,토리든 솔리드인 세라마이드 크림,세라마이드에이에스,15,
A000000228346,토리든 솔리드인 세라마이드 크림,세라마이드이오피,16,
A000000228346,토리든 솔리드인 세라마이드 크림,세라마이드에이피,17,
A000000228346,토리든 솔리드인 세라마이드 크림,콜레스테롤,18,
A000000228346,토리든 솔리드인 세라마이드 크림,알란토인,19,
A000000228346,토리든 솔리드인 세라마이드 크림,글루코오스,20,
A000000228346,토리든 솔리드인 세라마이드 크림,베타인,21,
A000000228346,토리든 솔리드인 세라마이드 크림,소듐하이알루로네이트,22,
A000000228346,토리든 솔리드인 세라마이드 크림,피토스테롤,23,
A000000228346,토리든 솔리드인 세라마이드 크림,스테아릭애씨드,24,
A000000228346,토리든 솔리드인 세라마이드 크림,부틸렌글라이콜,25,
A000000228346,토리든 솔리드인 세라마이드 크림,소듐폴리아크릴레이트,26,
A000000228346,토리든 솔리드인 세라마이드 크림,미리스틸글루코사이드,27,
A000000228346,토리든 솔리드인 세라마이드 크림,폴리글리세린-3,28,
A000000228346,토리든 솔리드인 세라마이드 크림,C13-16아이소알케인,29,
A000000228346,토리든 솔리드인 세라마이드 크림,헵틸운데실레네이트,30,
A000000228346,토리든 솔리드인 세라마이드 크림,비닐다이메티콘,31,
A000000228346,토리든 솔리드인 세라마이드 크림,카보머,32,
A000000228346,토리든 솔리드인 세라마이드 크림,트로메타민,33,
A000000228346,토리든 솔리드인 세라마이드 크림,아라키딜알코올,34,
A000000228346,토리든 솔리드인 세라마이드 크림,하이드로제네이티드레시틴,35,
A000000228346,토리든 솔리드인 세라마이드 크림,폴리글리세릴-6다이스테아레이트,36,
A000000228346,토리든 솔리드인 세라마이드 크림,칸데릴라/호호바/쌀겨폴리글리세릴-3에스터,37,
A000000228346,토리든 솔리드인 세라마이드 크림,에틸헥실글리세린,38,
A000000228346,토리든 솔리드인 세라마이드 크림,베헤닐알코올,39,
A000000228346,토리든 솔리드인 세라마이드 크림,라우릴글루코사이드,40,
A000000228346,토리든 솔리드인 세라마이드 크림,폴리글리세릴-6라우레이트,41,
A000000228346,토리든 솔리드인 세라마이드 크림,다이소듐이디티에이,42,
A000000228346,토리든 솔리드인 세라마이드 크림,다이프로필렌글라이콜,43,
A000000228346,토리든 솔리드인 세라마이드 크림,아라키딜글루코사이드,44,
A000000228346,토리든 솔리드인 세라마이드 크림,토코페롤,45,
A000000228346,토리든 솔리드인 세라마이드 크림,바오밥나무씨오일,46,
A000000228346,토리든 솔리드인 세라마이드 크림,하이드로제네이티드쌀겨오일,47,
A000000228346,토리든 솔리드인 세라마이드 크림,황련뿌리추출물,48,
A000000224247,풀리 쌀 세라 캡슐 크림,쌀겨수,1,840000
A000000224247,풀리 쌀 세라 캡슐 크림,글리세린,2,
A000000224247,풀리 쌀 세라 캡슐 크림,부틸렌글라이콜,3,
A000000224247,풀리 쌀 세라 캡슐 크림,"1,2-헥산다이올",4,
A000000224247,풀리 쌀 세라 캡슐 크림,정제수,5,
A000000224247,풀리 쌀 세라 캡슐 크림,실버위드추출물,6,
A000000224247,풀리 쌀 세라 캡슐 크림,귀리커넬추출물,7,
A000000224247,풀리 쌀 세라 캡슐 크림,아티초크잎추출물,8,
A000000224247,풀리 쌀 세라 캡슐 크림,병풀추출물,9,
A000000224247,풀리 쌀 세라 캡슐 크림,향부자추출물,10,
A000000224247,풀리 쌀 세라 캡슐 크림,쌀추출물,11,0.005
A000000224247,풀리 쌀 세라 캡슐 크림,쌀지게미추출물,12,0.001
A000000224247,풀리 쌀 세라 캡슐 크림,소듐하이알루로네이트,13,
A000000224247,풀리 쌀 세라 캡슐 크림,하이드로제네이티드레시틴,14,
A000000224247,풀리 쌀 세라 캡슐 크림,녹차수,15,
A000000224247,풀리 쌀 세라 캡슐 크림,쌀겨오일,16,0.017
A000000224247,풀리 쌀 세라 캡슐 크림,다이페닐다이메티콘,17,
A000000224247,풀리 쌀 세라 캡슐 크림,트라이에틸헥사노인,18,
A000000224247,풀리 쌀 세라 캡슐 크림,베타인,19,
A000000224247,풀리 쌀 세라 캡슐 크림,폴리글리세릴-10미리스테이트,20,
A000000224247,풀리 쌀 세라 캡슐 크림,알지닌,21,
A000000224247,풀리 쌀 세라 캡슐 크림,하이드록시아세토페논,22,
A000000224247,풀리 쌀 세라 캡슐 크림,아크릴레이트/C10-30알킬아크릴레이트크로스폴리머,23,
A000000224247,풀리 쌀 세라 캡슐 크림,판테놀,24,
A000000224247,풀리 쌀 세라 캡슐 크림,다이포타슘글리시리제이트,25,
A000000224247,풀리 쌀 세라 캡슐 크림,에틸헥실글리세린,26,
A000000224247,풀리 쌀 세라 캡슐 크림,글리세릴폴리메타크릴레이트,27,
A000000224247,풀리 쌀 세라 캡슐 크림,다이소듐이디티에이,28,
A000000224247,풀리 쌀 세라 캡슐 크림,카보머,29,
A000000224247,풀리 쌀 세라 캡슐 크림,메틸프로판다이올,30,
A000000224247,풀리 쌀 세라 캡슐 크림,폴리쿼터늄-51,31,
A000000224247,풀리 쌀 세라 캡슐 크림,베타-글루칸,32,
A000000224247,풀리 쌀 세라 캡슐 크림,락토코쿠스발효용해물,33,
A000000224247,풀리 쌀 세라 캡슐 크림,토코페롤,34,
A000000224247,풀리 쌀 세라 캡슐 크림,프룩토올리고사카라이드,35,
A000000224247,풀리 쌀 세라 캡슐 크림,엑토인,36,
A000000224247,풀리 쌀 세라 캡슐 크림,하이드롤라이즈드하이알루로닉애씨드,37,
A000000224247,풀리 쌀 세라 캡슐 크림,만니톨,38,
A000000224247,풀리 쌀 세라 캡슐 크림,파파인,39,
A000000224247,풀리 쌀 세라 캡슐 크림,세라마이드엔피,40,0.004
A000000224247,풀리 쌀 세라 캡슐 크림,소듐클로라이드,41,
A000000224247,풀리 쌀 세라 캡슐 크림,피토스핑고신,42,
A000000224247,풀리 쌀 세라 캡슐 크림,브로멜라인,43,
A000000224247,풀리 쌀 세라 캡슐 크림,프로판다이올,44,
A000000224247,풀리 쌀 세라 캡슐 크림,락토바실러스/쌀발효물,45,0.001
A000000224247,풀리 쌀 세라 캡슐 크림,소듐파이테이트,46,
A000000224247,풀리 쌀 세라 캡슐 크림,수크로오스다이스테아레이트,47,
A000000224247,풀리 쌀 세라 캡슐 크림,카프릴릭/카프릭트라이글리세라이드,48,
A000000224247,풀리 쌀 세라 캡슐 크림,프로테아제,49,
A000000224247,풀리 쌀 세라 캡슐 크림,하이드록시프로필사이클로덱스트린,50,
A000000224247,풀리 쌀 세라 캡슐 크림,소듐디엔에이,51,
A000000224247,풀리 쌀 세라 캡슐 크림,리파아제,52,
A000000224247,풀리 쌀 세라 캡슐 크림,오리자놀,53,
A000000224247,풀리 쌀 세라 캡슐 크림,코직다이팔미테이트,54,
A000000237442,이니스프리 비타민C 캡슐 크림,정제수,1,
A000000237442,이니스프리 비타민C 캡슐 크림,부틸렌글라이콜,2,
A000000237442,이니스프리 비타민C 캡슐 크림,프로판다이올,3,
A000000237442,이니스프리 비타민C 캡슐 크림,글리세린,4,
A000000237442,이니스프리 비타민C 캡슐 크림,나이아신아마이드,5,40000
A000000237442,이니스프리 비타민C 캡슐 크림,아이소펜틸다이올,6,
A000000237442,이니스프리 비타민C 캡슐 크림,"1,2-헥산다이올",7,
A000000237442,이니스프리 비타민C 캡슐 크림,하이드로제네이티드폴리(C6-14올레핀),8,
A000000237442,이니스프리 비타민C 캡슐 크림,카프릴릭/카프릭트라이글리세라이드,9,
A000000237442,이니스프리 비타민C 캡슐 크림,아이소노닐아이소노나노에이트,10,
A000000237442,이니스프리 비타민C 캡슐 크림,스쿠알란,11,
A000000237442,이니스프리 비타민C 캡슐 크림,암모늄아크릴로일다이메틸타우레이트/브이피코폴리머,12,
A000000237442,이니스프리 비타민C 캡슐 크림,아크릴레이트/C10-30알킬아크릴레이트크로스폴리머,13,
A000000237442,이니스프리 비타민C 캡슐 크림,알지닌,14,
A000000237442,이니스프리 비타민C 캡슐 크림,트레할로오스,15,
A000000237442,이니스프리 비타민C 캡슐 크림,하이드록시에틸아크릴레이트/소듐아크릴로일다이메틸타우레이트코폴리머,16,
A000000237442,이니스프리 비타민C 캡슐 크림,소듐아크릴릭애씨드/엠에이코폴리머,17,
A000000237442,이니스프리 비타민C 캡슐 크림,덱스트린,18,
A000000237442,이니스프리 비타민C 캡슐 크림,잔탄검,19,
A000000237442,이니스프리 비타민C 캡슐 크림,3-O-에틸아스코빅애씨드,20,1000
A000000237442,이니스프리 비타민C 캡슐 크림,세테아릴올리베이트,21,
A000000237442,이니스프리 비타민C 캡슐 크림,만다린껍질추출물,22,
A000000237442,이니스프리 비타민C 캡슐 크림,캐스터오일/아이피디아이코폴리머,23,
A000000237442,이니스프리 비타민C 캡슐 크림,황련뿌리추출물,24,
A000000237442,이니스프리 비타민C 캡슐 크림,에틸헥실글리세린,25,
A000000237442,이니스프리 비타민C 캡슐 크림,당근추출물,26,
A000000237442,이니스프리 비타민C 캡슐 크림,솔비탄올리베이트,27,
A000000237442,이니스프리 비타민C 캡슐 크림,카놀라오일,28,
A000000237442,이니스프리 비타민C 캡슐 크림,사이클로덱스트린,29,
A000000237442,이니스프리 비타민C 캡슐 크림,소듐파이테이트,30,
A000000237442,이니스프리 비타민C 캡슐 크림,글리세릴아크릴레이트/아크릴릭애씨드코폴리머,31,
A000000237442,이니스프리 비타민C 캡슐 크림,솔비탄아이소스테아레이트,32,
A000000237442,이니스프리 비타민C 캡슐 크림,프로테아제,33,100
A000000237442,이니스프리 비타민C 캡슐 크림,카프릴릴글라이콜,34,
A000000237442,이니스프리 비타민C 캡슐 크림,피브이엠/엠에이코폴리머,35,
A000000237442,이니스프리 비타민C 캡슐 크림,당근씨오일,36,
A000000237442,이니스프리 비타민C 캡슐 크림,카보머,37,
A000000237442,이니스프리 비타민C 캡슐 크림,아스코빌테트라이소팔미테이트,38,10.3
A000000237442,이니스프리 비타민C 캡슐 크림,토코페릴아세테이트,39,
A000000237442,이니스프리 비타민C 캡슐 크림,베타-카로틴,40,
A000000237442,이니스프리 비타민C 캡슐 크림,해바라기씨오일,41,
A000000237442,이니스프리 비타민C 캡슐 크림,아모다이메티콘,42,
A000000237442,이니스프리 비타민C 캡슐 크림,글루코오스,43,
A000000237442,이니스프리 비타민C 캡슐 크림,소듐하이알루로네이트,44,
A000000237442,이니스프리 비타민C 캡슐 크림,판테놀,45,
A000000237442,이니스프리 비타민C 캡슐 크림,아이리쉬모스추출물,46,
A000000237442,이니스프리 비타민C 캡슐 크림,하이드록시프로필트라이모늄하이알루로네이트,47,
A000000237442,이니스프리 비타민C 캡슐 크림,소듐아스코빌포스페이트,48,0.1001
A000000237442,이니스프리 비타민C 캡슐 크림,토코페롤,49,
A000000237442,이니스프리 비타민C 캡슐 크림,마그네슘아스코빌포스페이트,50,0.1
A000000237442,이니스프리 비타민C 캡슐 크림,글루타티온,51,
A000000237442,이니스프리 비타민C 캡슐 크림,페룰릭애씨드,52,
A000000237442,이니스프리 비타민C 캡슐 크림,아마씨오일,53,
A000000237442,이니스프리 비타민C 캡슐 크림,하이드롤라이즈드하이알루로닉애씨드,54,
A000000237442,이니스프리 비타민C 캡슐 크림,소듐아세틸레이티드하이알루로네이트,55,
A000000237442,이니스프리 비타민C 캡슐 크림,사이아노코발아민,56,
A000000237442,이니스프리 비타민C 캡슐 크림,글루코노락톤,57,
A000000237442,이니스프리 비타민C 캡슐 크림,하이알루로닉애씨드,58,
A000000237442,이니스프리 비타민C 캡슐 크림,소듐하이알루로네이트크로스폴리머,59,
A000000237442,이니스프리 비타민C 캡슐 크림,하이드롤라이즈드소듐하이알루로네이트,60,
A000000237442,이니스프리 비타민C 캡슐 크림,포타슘하이알루로네이트,61,
A000000237442,이니스프리 비타민C 캡슐 크림,리놀레닉애씨드,62,
A000000237442,이니스프리 비타민C 캡슐 크림,리놀레익애씨드,63,
A000000237442,이니스프리 비타민C 캡슐 크림,아스코빅애씨드,64,1e-06
A000000237442,이니스프리 비타민C 캡슐 크림,바이오틴,65,
A000000237442,이니스프리 비타민C 캡슐 크림,폴릭애씨드,66,
A000000237442,이니스프리 비타민C 캡슐 크림,리보플라빈,67,
A000000237442,이니스프리 비타민C 캡슐 크림,피리독신,68,
A000000237442,이니스프리 비타민C 캡슐 크림,티아민에이치씨엘,69,
A000000219096,바이오던스 스킨 글로우 에센스 크림,정제수,1,
A000000219096,바이오던스 스킨 글로우 에센스 크림,하이드로제네이티드폴리데센,2,
A000000219096,바이오던스 스킨 글로우 에센스 크림,부틸렌글라이콜,3,
A000000219096,바이오던스 스킨 글로우 에센스 크림,아이소노닐아이소노나노에이트,4,
A000000219096,바이오던스 스킨 글로우 에센스 크림,폴리글리세릴-4올리에이트,5,
A000000219096,바이오던스 스킨 글로우 에센스 크림,나이아신아마이드,6,
A000000219096,바이오던스 스킨 글로우 에센스 크림,폴리글리세릴-6올리에이트,7,
A000000219096,바이오던스 스킨 글로우 에센스 크림,폴리하이드록시스테아릭애씨드,8,
A000000219096,바이오던스 스킨 글로우 에센스 크림,마그네슘설페이트,9,
A000000219096,바이오던스 스킨 글로우 에센스 크림,솔비탄세스퀴올리에이트,10,
A000000219096,바이오던스 스킨 글로우 에센스 크림,다이프로필렌글라이콜,11,
A000000219096,바이오던스 스킨 글로우 에센스 크림,판테놀,12,
A000000219096,바이오던스 스킨 글로우 에센스 크림,베타인,13,
A000000219096,바이오던스 스킨 글로우 에센스 크림,비피다발효여과물,14,
A000000219096,바이오던스 스킨 글로우 에센스 크림,하이드로제네이티드레시틴,15,
A000000219096,바이오던스 스킨 글로우 에센스 크림,세테아릴알코올,16,
A000000219096,바이오던스 스킨 글로우 에센스 크림,"1,2-헥산다이올",17,
A000000219096,바이오던스 스킨 글로우 에센스 크림,스테아릭애씨드,18,
A000000219096,바이오던스 스킨 글로우 에센스 크림,소듐하이알루로네이트,19,
A000000219096,바이오던스 스킨 글로우 에센스 크림,세라마이드엔피,20,
A000000219096,바이오던스 스킨 글로우 에센스 크림,세라마이드엔에스,21,
A000000219096,바이오던스 스킨 글로우 에센스 크림,하이드록시프로필트라이모늄하이알루로네이트,22,
A000000219096,바이오던스 스킨 글로우 에센스 크림,피토스핑고신,23,
A000000219096,바이오던스 스킨 글로우 에센스 크림,콜레스테롤,24,
A000000219096,바이오던스 스킨 글로우 에센스 크림,세라마이드에이에스,25,
A000000219096,바이오던스 스킨 글로우 에센스 크림,세라마이드에이피,26,
A000000219096,바이오던스 스킨 글로우 에센스 크림,소듐아세틸레이티드하이알루로네이트,27,
A000000219096,바이오던스 스킨 글로우 에센스 크림,하이드롤라이즈드하이알루로닉애씨드,28,
A000000219096,바이오던스 스킨 글로우 에센스 크림,락토바실러스발효물,29,
A000000219096,바이오던스 스킨 글로우 에센스 크림,락토바실러스발효용해물,30,
A000000219096,바이오던스 스킨 글로우 에센스 크림,하이알루로닉애씨드,31,
A000000219096,바이오던스 스킨 글로우 에센스 크림,소듐하이알루로네이트크로스폴리머,32,
A000000219096,바이오던스 스킨 글로우 에센스 크림,하이드롤라이즈드소듐하이알루로네이트,33,
A000000219096,바이오던스 스킨 글로우 에센스 크림,포타슘하이알루로네이트,34,
A000000219096,바이오던스 스킨 글로우 에센스 크림,세라마이드이오피,35,
A000000219096,바이오던스 스킨 글로우 에센스 크림,오리스뿌리추출물,36,
A000000219096,바이오던스 스킨 글로우 에센스 크림,멜론추출물,37,
A000000219096,바이오던스 스킨 글로우 에센스 크림,다마스크장미꽃수,38,
A000000219096,바이오던스 스킨 글로우 에센스 크림,서양배추출물,39,
A000000219096,바이오던스 스킨 글로우 에센스 크림,서양송악잎/줄기추출물,40,
A000000219096,바이오던스 스킨 글로우 에센스 크림,아데노신,41,
A000000219096,바이오던스 스킨 글로우 에센스 크림,다이포타슘글리시리제이트,42,
A000000219096,바이오던스 스킨 글로우 에센스 크림,하이드록시아세토페논,43,
A000000219096,바이오던스 스킨 글로우 에센스 크림,카프릴릴글라이콜,44,
A000000219096,바이오던스 스킨 글로우 에센스 크림,토코페롤,45,
A000000219096,바이오던스 스킨 글로우 에센스 크림,에틸헥실글리세린,46,
A000000219096,바이오던스 스킨 글로우 에센스 크림,다이소듐이디티에이,47,
