상품번호,상품명,주성분
A000000260257,[7/21하루특가][대용량 기획] 제로이드 수딩 크림 80ml 기획 (+50ml),"정제수, 글리세린, 프로판다이올, 카프릴릭/카프릭트라이글리세라이드, 솔비탄스테아레이트, 세테아릴알코올, 잇꽃씨오일, 글리세릴스테아레이트, 스테아릭애씨드, 다이메티콘, 미리스토일/팔미토일옥소스테아라마이드/아라카마이드엠이에이, 메틸카프로오일타이로지네이트, 피토스테롤, 토코페릴아세테 이트, 비사보롤, 잔탄검, 소듐하이알루로네이트, 카보머, 알지닌, 1,2-헥산다이올, 카프릴릴글라이콜, 트로폴론"
A000000226553,[수부지크림/유수분밸런스] 브링그린 티트리 시카 수딩 크림 플러스 100ml (2입/단품),"정제수, 부틸렌글라이콜, 스쿠알란, 티트리잎수, 프로판다이올, 1,2-헥산다이올, 나이아신아마이드, 펜틸렌글라이콜, 폴리글리세릴-3메틸글루코오스다이스테아레이트, 다이글리세린, 티트리추출물, 티트리잎추출물, 병풀추출물, 티트리꽃/잎/줄기추출물, 티트리잎오일, 하이드록시에틸아크릴레이트/소듐아크릴로일다이메틸타우레이트코폴리머, 폴리메틸실세스퀴옥세인, 아크릴레이트/C10-30알킬아크릴레이트크로스폴리머, 트로메타민, 솔비탄아이소스테아레이트, 마데카소사이드, 토코페롤, 에틸헥실글리세린"
A000000192782,[1+1/1등 모공 수분천재크림] 에스네이처 아쿠아 스쿠알란 수분크림 60ml 더블기획,"정제수, 스쿠알란(150,000ppm), 글리세린, 1,2-헥산다이올, 베타인, 판테놀, 소듐하이알루로네이트, 하이드롤라이즈드콜라겐, 하이드록시프로필트라이모늄하이알루로네이트, 하이드롤라이즈드하이알루로닉애씨드, 소듐아세틸레이티드하이알루로네이트, 아세틸헥사펩타이드-8, 아데노신, 하이알루로닉애씨드, 하이드롤라이즈드소듐하이알루로네이트, 소듐하이알루로네이트크로스폴리머, 포타슘하이알루로네이트, 아크릴레이트/C10-30알킬아크릴레이트크로스폴리머, 알지닌, 알란토인, 자일리틸글루코사이드, 안하이드로자일리톨, 자일리톨, 글루코오스, 부틸렌글라이콜, 암모늄아크릴로일다이메틸타우레이트/브이피코폴리머, 카프릴릴글라이콜"
A000000233337,[수분진정/광채캡슐크림] 션리 다시마 글레이즈드 크림 50g,"정제수, 다시마즙 (20%), 사이클로헥사실록세인, 글리세린, 하이드로제네이티드폴리(C6-14올레핀), 다이카프릴릴카보네이트, 메틸프로판다이올, 라우릴폴리글리세릴-3폴리다이메틸실록시에틸다이메티콘, 나이아신아마이드, 비닐다이메티콘, 1,2-헥산다이올, 마그네슘설페이트, 하이드록시아세토페논, 부틸렌글라이콜, 옥수수전분, 만니톨, 마이크로크리스탈린셀룰로오스, 에틸헥실글리세린, 하이드로제네이티드레시틴, 아데노신, 다이소듐이디티에이, 잇꽃꽃추출물, 덱스트린, 치자추출물, 하이드로제네이티드폴리데센, 소듐하이알루로네이트, 크로뮴옥사이드그린, 무화과추출물, 하이드록시프로필스타치포스페이트, 아이소노닐아이소노나노에이트, 폴리글리세릴-10스테아레이트, 토코페롤, 세테아릴알코올, 하이드롤라이즈드식물성단백질, 말토덱스트린, 소듐스테아로일글루타메이트, 팔미틱애씨드, 스테아릭애씨드, 감태추출물, 참미역추출물, 호스테일켈프추출물, 자이언트켈프추출물, 달맞이꽃꽃추출물, 대왕소나무잎추출물, 칡뿌리추출물, 당느릅나무뿌리추출물, 잇꽃씨오일, 하이드로제네이티드포스파티딜콜린, 달맞이꽃오일, 스쿠알란, 폴리쿼터늄-51"
A000000253592,"[흔적,기미,미백/TXA] 셀리맥스 트라넥삼산 잡티 크림 35ml 기획 (+14ml)","전성분 정제수, 글리세린, 나이아신아마이드, 트라넥사믹애씨드, 카프릴릭/카프릭트라이글리세라이드, 다이프로필렌글라이콜, 1,2-헥산다이올, 퀸즈랜드넛오일, 페닐트라이메티콘, 하이드로제네이티드폴리(C6-14올레핀), 다이카프릴릴에테르, 비닐다이메티콘, 세테아릴알코올, 프로판다이올, 세테아릴올리베이트, 글리세릴스테아레이트에스이, 솔비탄올리베이트, 암모늄아크릴로일다이메틸타우레이트/브이피코폴리머, 베헤닐알코올, 다이메티콘올, 세테아릴글루코사이드, 다시마추출물, 한련초잎추출물, 하이드로제네이티드레시틴, 세라마이드엔피, 베타인, 에틸헥실글리세린, 잔탄검, 비파나무잎추출물, 아데노신, 프룩토올리고사카라이드, 황련뿌리추출물, 콜레스테롤, 부틸렌글라이콜, 베타-글루칸, 스피어민트추출물, 하이드롤라이즈드하이알루로닉애씨드, 카카오씨추출물, 덱스트린, 토코페롤, 아스코빅애씨드폴리펩타이드, 글리세릴스테아레이트, 세라마이드에이에스, 세라마이드에이피, 세라마이드엔에스, 세라마이드이오피"
A000000222833,[2025어워즈1위] 에스트라 아토베리어365 크림 80ml 기획 (+하이드로 에센스25ml+앰플7ml),"정제수, 부틸렌글라이콜, 글리세린, 부틸렌글라이콜다이카프릴레이트/다이카프레이트, 세틸에틸헥사노에이트, 스쿠알란, 펜타에리스리틸테트라아이소스테아레이트, 다이카프릴릴카보네이트, 베헤닐알코올, 다이메티콘, 하이드록시프로필비스팔미타마이드엠이에이, 스테아릭애씨드, 베타인, 만니톨, C14-22알코올, 팔미틱애씨드, 하이드록시프로필비스라우라마이드엠이에이, 아라키딜알코올, 콜레스테롤, 폴리아크릴레이트-13, C12-20알킬글루코사이드, 알란토인, 아라키딜글루코사이드, 나이아신아마이드, 세라마이드엔피, 글리세릴카프릴레이트, 에틸헥실글리세린, 하이드로제네이티드폴리아이소부텐, 카보머, 트로메타민, 다이메티콘올, 폴리글리세릴-10라우레이트, 하이드로제네이티드레시틴, 에틸헥실팔미테이트, 아크릴레이트/암모늄메타크릴레이트코폴리머, 솔비탄아이소스테아레이트, 실리카, 피토스핑고신, 스핑고리피드, 아라키딕애씨드, 토코페롤, 올레익애씨드"
A000000258834,[7월 올영픽] 에스트라 아토베리어365 하이드로 수딩크림 80ml 기획 (+수딩크림 10ml+클렌징폼 30g),"정제수, 글리세린, 부틸렌글라이콜, 다이메티콘, 스쿠알란, 1,2-헥산다이올, 베타인, 세테아릴알코올, 암모늄아크릴로일다이메틸타우레이트/브이피코폴리머, 하이드로제네이티드쌀겨오일, 하이드로제네이티드레시틴, 폴리글리세릴-3메틸글루코오스다이스테아레이트, 폴리아크릴레이트크로스폴리머-6, 만니톨, 세틸-피지하이드록시에틸팔미타마이드, 스테아릭애씨드, 에틸헥실글리세린, 글리세릴카프릴레이트, 프로판다이올, 글리세릴스테아레이트, 소듐메타포스페이트, 세라마이드엔피, 카보머, 팔미틱애씨드, 실리카, 징크클로라이드, 콜레스테롤, 베타-글루칸, 스핑고리피드, 소듐하이알루로네이트, 하이드록시프로필메틸셀룰로오스, 미리스틱애씨드, 프로필렌글라이콜, 라우릭애씨드, 토코페롤"
A000000258214,[위클리초특가/-8.1도 즉각쿨링/슬러시젤크림] 믹순 히알레배 포어 워터풀 젤크림 60ML,"정제수, 부틸렌글라이콜, 1,2-헥산다이올, 나이아신아마이드, 글리세린, 프로판다이올, 소듐카보머, 아크릴레이트/C10-30알킬아크릴레이트크로스폴리머, 알지닌, 에틸헥실글리세린, 아데노신, 덱스트린, 다이소듐이디티에이, 치자추출물, 폴리글루타믹애씨드, 감추출물, 고수추출물, 샤프란꽃추출물, 소두구씨추출물, 쌀추출물, 쑥잎추출물, 회향씨추출물, 메틸프로판다이올, 하이드로제네이티드레시틴, 녹차카테킨, 버지니아풍년화추출물, 소듐하이알루로네이트(1,000ppb), 폴리글리세릴-4카프레이트, 병풀캘러스세포외소포, 피토스테롤, 글루코노락톤, 카프릴로일살리실릭애씨드, 트로메타민, 삼색제비꽃추출물, 소듐디엔에이, 카페인, C18-21알케인, 벤질글라이콜, 카프릴릴글라이콜, 세라마이드엔피, 세틸에틸헥사노에이트, 소듐하이알루로네이트크로스폴리머(10ppb), 세테아릴올리베이트, 솔비탄올리베이트"
A000000255752,[7월올영픽] 닥터지 레드블레미쉬 클리어 수딩크림 EX 70ml기획 (+30ml+세럼10ml*2ea),"[크림] 정제수, 글리세린, 부틸렌글라이콜, 다이카프릴릴에터, 나이아신아마이드, 1,2-헥산다이올, 펜틸렌글라이콜, 소듐하이알루로네이트, 병풀잎추출물, 비피다발효여과물, 락토바실러스발효물, 병풀꽃/잎/줄기추출물, 병풀뿌리추출물, 병풀추출물, 효모발효여과물, 하이드로제네이티드폴리데센, 다이카프릴릴카보네이트, 하이드록시에틸아크릴레이트/소듐아크릴로일다이메틸타우레이트코폴리머, 판테놀, 아크릴레이트/C10-30알킬아크릴레이트크로스폴리머, 실리카, 트로메타민, 솔비톨, 글리세릴아크릴레이트/아크릴릭애씨드코폴리머, 에틸헥실글리세린, 트라이소듐에틸렌다이아민다이석시네이트, 알란토인, 다이프로필렌글라이콜, 토코페롤, 마데카소사이드, 폴리글리세릴-10라우레이트, 포스파티딜콜린, 하이드로제네이티드레시틴, 칼슘판토테네이트, 스쿠알란, 에리스리톨, 에틸헥실팔미테이트, 아시아티코사이드, 마데카식애씨드, 아시아틱애씨드, 트라이하이드록시스테아린, 세라마이드엔피, 다발방패버섯추출물, 잔탄검 [세럼] 정제수, 부틸렌글라이콜, 다이프로필렌글라이콜, 나이아신아마이드, 1,2-헥산다이올, 글리세린, 판테놀, 글리세레스-26, 하이드록시에틸셀룰로오스, 에리스리톨, 소듐폴리아크릴로일다이메틸타우레이트, 소듐하이알루로네이트(1,100 ppm), 알란토인, 에틸헥실글리세린, 카프릴릭/카프릭트라이글리세라이드, 바이오사카라이드검-1, 다이소듐이디티에이, 하이드로제네이티드레시틴, 베타인살리실레이트, 석시닉애씨드, 트로메타민, 효모발효여과물, 옥틸도데칸올, 폴리글리세릴-10라우레이트, 포스파티딜콜린, 아시아티코사이드(48 ppm), 병풀잎추출물(40 ppm), 마데카식애씨드(36 ppm), 아시아틱애씨드(36 ppm), 글라이코리피드, 세라마이드엔피, 베타-글루칸, 락토바실러스발효물, 락토바실러스/콩발효추출물, 류코노스톡/무발효여과물, 효모발효추출물, 팔미토일트라이펩타이드-5, 다발방패버섯추출물, 마데카소사이드(3.6 ppm), 병풀추출물(3.4 ppm), 하이드록시프로필트라이모늄하이알루로네이트(1 ppm), 토코페롤, 징크피씨에이, 헥사펩타이드-9"
A000000206904,[손상장벽집중케어] 라로슈포제 시카플라스트 밤 B5+ 100ml 기획 (+3ml 추가증정),정제수 하이드로제네이티드폴리아이소부텐 다이메티콘 글리세린 시어버터 판테놀 옥수수전분 프로판다이올 부틸렌글라이콜 세틸피이지/피피지-10/1다이메티콘 트라이하이드록시스테아린 병풀잎추출물 야콘뿌리즙 징크글루코네이트 마데카소사이드 망가니즈글루코네이트 알파-글루칸올리고사카라이드 실리카 알루미늄하이드록사이드 마그네슘설페이트 만노오스 카프릴로일글라이신 카프릴릴글라이콜 비트레오스실라발효물 시트릭애씨드 트라이소듐에틸렌다이아민다이석시네이트 락토바실러스 아세틸레이티드글라이콜스테아레이트 말토덱스트린 폴리글리세릴-4아이소스테아레이트 토코페롤 펜타에리스리틸테트라-다이-t-부틸하이드록시하이드로신나메이트 티타늄디옥사이드
A000000255244,[총200ml/대용량] 라운드랩 자작나무 수분 크림 80ml+80ml 더블 기획 (+40ml),"정제수, 글리세린, 아이소노닐아이소노나노에이트, 아이소도데케인, 1,2-헥산다이올, 펜틸렌글라이콜, 폴리데센, 자작나무수액(10,000ppm), 호호바에스터, 판테놀, 글리세릴글루코사이드, 아라비아고무나무검, 하이드롤라이즈드오크라추출물, 소듐하이알루로네이트, 하이알루로닉애씨드, 화이트루핀씨추출물, 드럼스틱씨추출물, 인도멀구슬나무잎추출물, 인도멀구슬나무꽃추출물, 아이비고드열매추출물, 알로에베라꽃추출물, 가지열매추출물, 홀리바질잎추출물, 참산호말추출물, 울금뿌리추출물, 아스코빅애씨드, 펜타에리스리틸테트라에틸헥사노에이트, 암모늄아크릴로일다이메틸타우레이트/브이피코폴리머, 폴리글리세릴-3메틸글루코오스다이스테아레이트, 아크릴레이트/C10-30알킬아크릴레이트크로스폴리머, 트로메타민, 글리세릴아크릴레이트/아크릴릭애씨드코폴리머, 에틸헥실글리세린, 아가, 다이포타슘글리시리제이트, 글리세릴카프릴레이트, 부틸렌글라이콜, 다이소듐이디티에이"
A000000202893,[수분충전/쿨링진정] 에스네이처 아쿠아 오아시스 수분 젤크림 90ml 기획 (+카밍패드 2매),"젤크림 : 정제수, 글리세린, 부틸렌글라이콜, 1,2-헥산다이올, 블루아가베잎추출물, 알란토인, 소듐하이알루로네이트, 하이드록시프로필트라이모늄하이알루로네이트, 하이드롤라이즈드하이알루로닉애씨드, 소듐아세틸레이티드하이알루로네이트, 하이알루로닉애씨드, 하이드롤라이즈드소듐하이알루로네이트, 소듐하이알루로네이트크로스폴리머, 포타슘하이알루로네이트, 알지닌, 메틸트라이메티콘, 에틸헥실글리세린, 암모늄아크릴로일다이메틸타우레이트/브이피코폴리머, 하이드록시에틸아크릴레이트/소듐아크릴로일다이메틸타우레이트코폴리머, 아크릴레이트/C10-30알킬아크릴레이트크로스폴리머, 하이드로제네이티드폴리(C6-14올레핀), 메틸다이아이소프로필프로피온아마이드, 다이메티콘/비닐다이메티콘크로스폴리머, 솔비탄아이소스테아레이트, 다이소듐이디티에이 카밍패드 : 정제수, 프로판다이올, 부틸렌글라이콜, 판테놀(30,000ppm), 다이프로필렌글라이콜, 글리세릴글루코사이드, 소듐피씨에이 베타인, 알란토인(1,500ppm), 글루코노락톤, 글리세린, 소듐하이알루로네이트, 사카라이드아이소머레이트, 보검선인장줄기추출물, 하이드록시프로필트라이모늄하이알루로네이트, 하이드롤라이즈드하이알루로닉애씨드, 소듐아세틸레이티드하이알루로네이트, 하이알루로닉애씨드, 하이드롤라이즈드소듐하이알루로네이트, 소듐하이알루로네이트크로스폴리머, 포타슘하이알루로네이트, 탱자추출물, 다이포타슘글리시리제이트, 효모발효물, 락토바실러스발효물, 에틸헥실글리세린, 카프릴릴글라이콜, 트로메타민, 1,2-헥산다이올, 소듐파이테이트, 하이드록시아세토페논, 글리세릴아크릴레이트/아크릴릭애씨드코폴리머, 피브이엠/엠에이코폴리머"
A000000231892,[수지 PICK/단독기획] 아누아 피디알엔 히알루론산 100 수분 크림 60mL 2입 기획,"정제수, 스쿠알란, 글리세린, 나이아신아마이드, 펜틸렌글라이콜, 1,2-헥산다이올, 소듐디엔에이(1,000ppm), 하이드롤라이즈드콜라겐(1,000ppm), 소듐하이알루로네이트(600ppm), 인도멀구슬나무잎추출물, 하이드롤라이즈드하이알루로닉애씨드(300ppm), 인도멀구슬나무꽃추출물, 아이비고드열매추출물, 하이알루로닉애씨드(100ppm), 알로에베라꽃추출물, 가지열매추출물, 홀리바질잎추출물, 참산호말추출물, 울금뿌리추출물, 병풀잎추출물, 다이페닐실록시페닐트라이메티콘, 피씨에이다이메티콘, 부틸렌글라이콜, 프로판다이올, 암모늄아크릴로일다이메틸타우레이트/브이피코폴리머, 다이글리세린, 하이드록시에틸아크릴레이트/소듐아크릴로일다이메틸타우레이트코폴리머, 아크릴레이트/C10-30알킬아크릴레이트크로스폴리머, C12-20알킬글루코사이드, 메틸프로판다이올, 에틸헥실글리세린, 아데노신, 소듐파이테이트, 아미노메틸프로판다이올, 피브이엠/엠에이코폴리머, 마데카소사이드, C12-13알케스-9, 다이메틸실란올하이알루로네이트(750ppb), 하이드롤라이즈드소듐하이알루로네이트(750ppb), 아시아티코사이드, 포타슘하이알루로네이트(500ppb), 하이드록시프로필트라이모늄하이알루로네이트(400ppb), 소듐하이알루로네이트크로스폴리머(400ppb), 소듐하이알루로네이트다이메틸실란올(250ppb), 소듐아세틸레이티드하이알루로네이트(200ppb), 베헤닐알코올, C14-22알코올, 카보머"
A000000257827,[7월 올영픽] 라로슈포제 시카플라스트 멀티 리페어 크림 100ml (+시카에센스 7.5ml),[시카플라스트 멀티 리페어 크림] 정제수 다이카프릴릴에터 판테놀 글리세린 펜틸렌글라이콜 폴리글리세릴-6다이스테아레이트 프로판다이올 세틸에스터 호호바에스터 베헤닐알코올 그린와틀꽃왁스 해바라기씨왁스 병풀잎추출물 야콘뿌리즙 솔비탄올리에이트 징크글루코네이트 마데카소사이드 세테아릴아이소노나노에이트 망가니즈글루코네이트 아이소헥사데칸 알파-글루칸올리고사카라이드 소듐하이알루로네이트 소듐스테아로일글루타메이트 아데노신 만노오스 카퍼글루코네이트 하이드록시아세토페논 하이드록시프로필스타치포스페이트 카프릴로일살리실릭애씨드 비트레오스실라발효물 시트릭애씨드 트라이소듐에틸렌다이아민다이석시네이트 락토바실러스 말토덱스트린 폴리글리세린-3 폴리글리세릴-3비즈왁스 폴리솔베이트80 아크릴아마이드/소듐아크릴로일다이메틸타우레이트코폴리머 세틸알코올 토코페롤 [시카에센스] 정제수 비피다발효용해물 판테놀 다이메티콘 베타인 글리세린 부틸렌글라이콜 펜틸렌글라이콜 아이소프로필미리스테이트 피이지/피피지/폴리부틸렌글라이콜-8/5/3글리세린 소듐하이드록사이드 만노오스 메틸다이하이드로자스모네이트 아크릴레이트/C10-30알킬아크릴레이트크로스폴리머 페녹시에탄올 하이드로제네이티드레시틴 알파-글루칸올리고사카라이드 카프릴릴글라이콜 폴리솔베이트20 마데카소사이드 스핑고모나스발효추출물 시트릭애씨드 야콘뿌리즙 소듐메틸스테아로일타우레이트 아세틸다이펩타이드-1세틸에스터 소듐벤조에이트 말토덱스트린 징크글루코네이트 망가니즈글루코네이트 소듐하이알루로네이트 엑토인 단삼뿌리추출물 살리실로일피토스핑고신 락토바실러스 트라이소듐에틸렌다이아민다이석시네이트 비사보롤
A000000232304,[대용량] 파티온 노스카나인 트러블 크림 75ml 기획(+5ml),"정제수, 글리세린, 메도우폼씨오일, 카프릴릭/카프릭트라이글리세라이드, 비닐다이메티콘, 다이글리세린, 폴리글리세릴-3다이스테아레이트, 세테아릴알코올, 1,2-헥산다이올, 펜틸렌글라이콜, 클로렐라 불가리스추출물, 소듐헤파린, 쑥잎추출물, 병풀추출물, 펜타에리스리틸테트라에틸헥사노에이트, 하이드로제네이티드쌀겨오일, 하이드로제네이티드레시틴, 세테아릴올리베이트, 소듐스테아로일글루타메이트, 하이드록시에틸아크릴레이트/소듐아크릴로일다이메틸타우레이트코폴리머, 폴리글리세릴-2스테아레이트, 암모늄아크릴로일다이메틸타우레이트/브이피코폴리머, 아이소도데케인, 하이드록시아세토페논, 아크릴레이트/C10-30알킬아크릴레이트크로스폴리머, 글루코오스, 솔비탄올리베이트, 글리세릴스테아레이트, 판테놀, 글리세릴스테아레이트시트레이트, 부틸렌글라이콜, 프룩토올리고사카라이드, 프룩토오스, 스테아릭애씨드, 석시닉애씨드, 다이메티콘/비닐다이메티콘크로스폴리머, 비닐다이메티콘/메티콘실세스퀴옥세인크로스폴리머, 소듐파이테이트, 솔비탄아이소스테아레이트, 폴리글리세릴-10스테아레이트, 다이프로필렌글라이콜, 세라마이드엔피, 알란토인, 베타-글루칸, 폴리글리세릴-10라우레이트, 세라마이드엔에스, 콜레스테롤, 에틸헥실글리세린, 피토스핑고신, 세라마이드에이피, 세라마이드에이에스, 스쿠알란, 세라마이드이오피, 카프릴릴/카프릴글루코사이드, 스테아릴알코올, 잔탄검"
A000000247776,"[NCT 재민PICK] 이즈앤트리 어니언 뉴페어 겔크림 플러스 50ml 기획 (+겔크림 플러스 20ml, 패드 2매)","[어니언 겔크림 플러스] 정제수, 글리세린, 카프릴릭/카프릭트라이글리세라이드, 나이아신아마이드, 프로판다이올, 1,2-헥산다이올, 하이드록시에틸아크릴레이트/소듐아크릴로일다이메틸타우레이트코폴리머, 양파추출물(10,100 ppm), 부틸렌글라이콜, 세테아릴알코올, 비닐다이메티콘, 카보머, 세테아릴올리베이트, 솔비톨, 솔비탄올리베이트, 바이오사카라이드검-1, 소듐폴리아크릴로일다이메틸타우레이트, 알지닌, 소듐아스코빌포스페이트, 글루타티온, 쿼세틴, 페룰릭애씨드, 알란토인, 판테놀, 소듐하이알루로네이트, 하이드롤라이즈드하이알루로닉애씨드, 하이알루로닉애씨드, 하이드록시프로필트라이모늄하이알루로네이트, 소듐아세틸레이티드하이알루로네이트, 마데카소사이드, 스쿠알란, 약모밀추출물, 사이아노코발아민, 솔비탄아이소스테아레이트, 하이드로제네이티드폴리데센, 에틸헥실글리세린, 시트릭애씨드, 하이드록시에틸셀룰로오스, 덱스트린, 다이소듐이디티에이, 소듐시트레이트, 트라이데세스-10, 치자추출물, 아데노신, 하이드로제네이티드레시틴, 폴리글리세릴-10스테아레이트, 펜틸렌글라이콜, 데실글루코사이드, 알지닌/라이신폴리펩타이드, 카프릴릴글라이콜 [어니언 패드] 정제수, 부틸렌글라이콜, 글리세린, 1, 2-헥산다이올, 나이아신아마이드, 양파추출물(843ppm), 트레할로오스, 약모밀추출물, 판테놀, 알란토인, 소듐헤파린, 소듐하이알루로네이트, 하이드롤라이즈드하이알루로닉애씨드, 소듐아세틸레이티드하이알루로네이트, 인도멀구슬나무꽃추출물, 아이비고드열매추출물, 트라넥사믹애씨드, 소듐아스코빌포스페이트, 글루코노락톤, 베타-글루칸, 하이드록시에틸셀룰로오스, 아데노신, 시트릭애씨드, 에틸헥실글리세린, 폴리솔베이트60, 다이소듐포스페이트, 소듐포스페이트"
A000000239660,피지오겔 DMT 페이셜 보습 장벽 크림 150ml 기획(+토너 50ml),"[피지오겔 DMT 페이셜 크림] 정제수, 카프릴릭/카프릭트라이글리세라이드, 글리세린, 펜틸렌글라이콜, 코코넛야자오일, 하이드로제네이티드레시틴, 시어버터, 하이드록시에틸셀룰로오스, 스쿠알란, 카보머, 잔탄검, 소듐카보머, 세라마이드엔피 [피지오겔 DMT 에센스 인 토너] 정제수, 다이프로필렌글라이콜, 글리세린, 1,2-헥산다이올, 헥실데실에틸헥사노에이트, 펜타에리스리틸테트라에틸헥사노에이트, 변성알코올, 베타인, 사이클로펜타실록세인, 아크릴레이트/C10-30알킬아크릴레이트크로스폴리머, 트로메타민, 다이메티콘, 피토스테롤, 소듐하이알루로네이트, 트라이소듐이디티에이, 세린, 소듐피씨에이, 하이드록시에틸우레아, 알지닌, 카프릴릭/카프릭트라이글리세라이드, 스쿠알란"
A000000231590,[대용량] 제로이드 인텐시브 크림 80ml 기획 (+50ml),"정제수, 프로판다이올, 카프릴릭/카프릭트라이글리세라이드, 글리세린, 식물성스쿠알란, 세테아릴알코올, 폴리글리세릴-10다이스테아레이트, 글리 세릴스테아레이트, 스테아릭애씨드, 다이메티콘, 1,2-헥산다이올, 미리스토일/팔미토일옥소스테아라마이드/아라카마이드엠이에이, 피토스테롤, 토코페릴 아세테이트, 카놀라오일, 올리브오일, 세틸팔미테이트, 솔비탄팔미테이트, 솔비탄올리베이트, 비사보롤, 메틸카프로오일타이로지네이트, 잔탄검, 소듐하이 알루로네이트, 카보머, 알지닌, 카프릴릴글라이콜"
A000000246297,[광채/기미] 코페르 큐리페어 멜라크림 21ml 기획(+4ml),"정제수, 글리세린, 하이드로제네이티드폴리데센, 네오펜틸글라이콜다이카프레이트, 메틸프로판다이올, 세틸피이지/피피지-10/1다이메티콘, 나이아신아마이드, 사이클로펜타실록세인, 1,2-헥산다이올, 다이메티콘, 트라이하이드록시스테아린, 사이클로헥사실록세인, 시어버터, 솔비탄세스퀴올리에이트, 실리카, 소듐클로라이드, 마트리카리아꽃추출물, 인동덩굴꽃추출물, 병풀추출물, 호장근뿌리추출물, 황금추출물, 녹차추출물, 스페인감초뿌리추출물, 로즈마리잎추출물, 유럽밤나무씨추출물, 뽕나무잎추출물, 에스에이치-올리고펩타이드-1, 에스에이치-올리고펩타이드-2, 에스에이치-폴리펩타이드-1, 에스에이치-폴리펩타이드-3, 에스에이치-폴리펩타이드-9, 에스에이치-폴리펩타이드-16, 에스에이치-폴리펩타이드-62, 에스에이치-폴리펩타이드-11, 에스에이치-폴리펩타이드-22, 에스에이치-폴리펩타이드-60, 에틸헥실글리세린, 편백수, 티타늄디옥사이드, 트라이에톡시카프릴릴실레인, 알루미늄하이드록사이드, 부틸렌글라이콜, 카프릴릴글라이콜, 스타아니스추출물, 아데노신, 다이소듐이디티에이, 라벤더오일, 리날룰"
A000000224581,[7월올영픽/쿨링진정크림] 빌리프 아쿠아밤 프로즌 크림 50ml 1+1 기획 (+손거울 증정),"[본품/증정 동일 - 프로즌 크림] 정제수, 부틸렌글라이콜, 카프릴릭/카프릭트라이글리세라이드, 1,2-헥산다이올, 베타인, 베헤닐알코올, 판테놀, 유칼립투스잎추출물*+, 폴스애플민트잎추출물*, 로즈힙열매추출물*, 레몬밤꽃/잎/줄기수*, 타임잎추출물*, 로즈마리잎수*, 비터오렌지꽃오일+, 토탄추출물+, 양버들껍질/싹/잎/잔가지추출물+, 프렌치로즈꽃추출물+, 흰서양송로추출물+, 자일리톨, 에리스리톨, 소듐하이알루로네이트, 카페인, 카퍼트라이펩타이드-1, 글라이신, 베타-글루칸, 나이아신아마이드, 글리세릴폴리메타크릴레이트, 트라이에틸헥사노인, 카보머, 다이메티콘, 다이실록세인, 트로메타민, 글리세린, 프로필렌글라이콜, 스테아릴다이메티콘, 락토바실러스/콩발효추출물, C30-45알킬다이메티콘, 토코페릴아세테이트, 효모/감자추출물발효여과물, 효모/보리씨발효여과물, 트라이소듐이디티에이, 말라카이트추출물, 메틸다이아이소프로필프로피온아마이드, 오렌지껍질오일**, 라임전초오일**, 센티드제라늄꽃오일**, 로즈마리잎오일**, 리모넨, 시트로넬올, 제라니올, 시트랄, 리날룰 *표시: belif original formula +표시: 빌리프 프로 프로즌 콤플렉스 **표시: 식물 유래 향 [증정 - 프로즌 토너] 정제수, 글리세린, 프로판다이올, 부틸렌글라이콜, 변성알코올, C12-15알킬벤조에이트, 1,2-헥산다이올, 판테놀, 자일리톨, 글루코노락톤, 소듐하이알루로네이트, 레몬밤꽃/잎/줄기수*, 로즈마리잎수*, 나이아신아마이드, 유칼립투스잎추출물*+, 폴스애플민트잎추출물*, 로즈힙열매추출물*, 타임잎추출물*, 토탄추출물+, 양버들껍질/싹/잎/잔가지추출물+, 프렌치로즈꽃추출물+, 흰서양송로추출물+, 비터오렌지꽃오일+, 카퍼트라이펩타이드-1, 폴리글리세릴-10스테아레이트, 폴리글리세릴-10올리에이트, 카프릴릭/카프릭트라이글리세라이드, 말라카이트추출물, 소듐시트레이트, 시트릭애씨드, 바이오사카라이드검-1, 카페인, 펜틸렌글라이콜, 에리스리톨, 에틸헥실글리세린, 글라이신, 메틸다이아이소프로필프로피온아마이드, 로즈마리잎오일**, 오렌지껍질오일**, 라임전초오일**, 센티드제라늄꽃오일**, 리모넨, 시트로넬올, 제라니올, 시트랄, 리날룰 *표시: belif original formula +표시: 빌리프 프로 프로즌 콤플렉스 **표시: 식물 유래 향 [증정 - 프로즌 세럼] 정제수, 변성알코올, 스테아릴헵타노에이트, 1,2-헥산다이올, 다이프로필렌글라이콜, 트레할로오스, 다이메티콘, 유칼립투스잎추출물*, 폴스애플민트잎추출물*, 로즈힙열매추출물*, 레몬밤꽃/잎/줄기수*, 로즈마리잎수*, 타임잎추출물*, 하이드롤라이즈드하이알루로닉애씨드(0.01%), 하이알루로닉애씨드(0.001%), 하이드롤라이즈드소듐하이알루로네이트(0.001%), 소듐하이알루로네이트(0.01%), 하이드록시프로필트라이모늄하이알루로네이트(0.001%), 소듐하이알루로네이트크로스폴리머(0.000001%), 소듐아세틸레이티드하이알루로네이트(0.001%), 카페인, 판테놀, 폴리글리세릴-10스테아레이트, C14-22알코올, 폴리글리세릴-10올리에이트, 카보머, 소듐폴리아크릴레이트스타치, C12-20알킬글루코사이드, 말라카이트추출물, 포타슘하이드록사이드, 다이소듐이디티에이, 나이아신아마이드, 베타인, 소듐글루코네이트, 펜틸렌글라이콜, 에틸헥실글리세린, 카프릴릴글라이콜, 아세틸헥사펩타이드-8, 로즈마리잎오일+, 라임전초오일+, 센티드제라늄꽃오일+, 오렌지껍질오일+, 리모넨, 시트로넬올, 제라니올, 시트랄, 리날룰 *표시: belif original formula +표시: 빌리프 프로 프로즌 콤플렉스 **표시: 식물 유래 향"
A000000258294,토리든 다이브인 저분자 히알루론산 수딩 크림 100ml 2입 기획,"정제수, 부틸렌글라이콜, 글리세린, 1,2-헥산다이올, 하이드로제네이티드다이데센, 카프릴릭/카프릭트라이글리세라이드, 판테놀, 소듐하이알루로네이트, 소듐하이알루로네이트크로스폴리머, 하이드롤라이즈드소듐하이알루로네이트, 소듐아세틸레이티드하이알루로네이트, 하이드롤라이즈드하이알루로닉애씨드(500ppm), 알란토인, 엑토인, 감초추출물, 트레할로오스, 버지니아풍년화추출물, 글리세릴아크릴레이트/아크릴릭애씨드코폴리머, 피브이엠/엠에이코폴리머, 하이드록시에틸아크릴레이트/소듐아크릴로일다이메틸타우레이트코폴리머, 2,3-부탄다이올, 세테아릴알코올, C14-22알코올, C12-20알킬글루코사이드, 펜틸렌글라이콜, 솔비탄아이소스테아레이트, 카프릴릴메티콘, 클레리추출물, 라벤더꽃추출물, 히아신스전초추출물, 마트리카리아꽃추출물, 수레국화꽃추출물, 보리지추출물, 다이소듐이디티에이, 카보머, 트로메타민, 잔탄검, 글루타티온, 말라카이트추출물, 글루코닉애씨드, 에틸헥실글리세린"
A000000224727,[수분진정/단독기획] 메이크프렘 인테카 수딩크림 70ml 기획(+크림 31ml),"정제수, 프로판다이올, 글리세린, 글리세릴글루코사이드, 1,2-헥산다이올, 카프릴릭/카프릭트라이 글리세라이드, 하이드로제네이티드폴리데센, 나이아신아마이드, 부틸렌글라이콜, 솔비톨, 세테아릴올리베이트, 비닐다이메티콘, 솔비탄올리베이트, 카보머, 칸디다 봄비콜라/글루코오스/메틸레이프씨데이트발효물, 해바라기씨오일, 아시아티코사이드, 아시아틱애씨드, 마데카식애씨드, 하이알루로닉애씨드, 하이드롤라이즈드하이알루로닉애씨드, 소듐하이알루로네이트, 다이프로필렌글라이콜, 글리세릴스테아레이트에스이, 하이드로제네이티드레시틴, 트로메타민, 에틸헥실글리세린, 아데노신, 다이소듐이디티에이, 에톡시다이글라이콜"
A000000134691,바이오더마 시카비오 포마드 100ml(리페어 리치 밤),"정제수, 글리세린, 미네랄오일, 카프릴릭/카프릭트라이글리세라이드, 프룩토올리고사카라이드, 폴리글리세릴-4다이아이소스테아레이트/폴리하이드록시스테아레이트/세바케이트, 프로판다이올, 자일리톨, 징크스테아레이트, 소듐시트레이트, 부틸렌글라이콜, 카프릴로일글라이신, 카퍼설페이트, 소듐하이드록사이드, 소듐하이알루로네이트, 징크설페이트, 포도덩굴추출물, 라우레스-3, 아시아티코사이드, 아시아틱애씨드, 마데카식애씨드, 라미나리아 오크롤레우카추출물, 하이드록시에틸셀룰로오스, 아세틸다이펩타이드-1세틸에스터, 만니톨, 람노오스, 포타슘솔베이트 (0.003%)"
A000000250472,[7월 올영픽] 에스트라 에이시카365 리페어 크림 pH4.5 60ml  (+크림 20ml+마스크 2매),"정제수, 글리세린, 부틸렌글라이콜, 에틸헥실스테아레이트, 나이아신아마이드, 1,2-헥산다이올, 다이메티콘, 다이에톡시에틸석시네이트, 글루코노락톤, 세테아릴올리베이트, 폴리아크릴레이트크로스폴리머-6, 판테놀, 폴리글리세릴-10베헤네이트/에이코사디오에이트, 폴리메틸실세스퀴옥세인, 솔비탄올리베이트, 하이드로제네이티드레시틴, 트로메타민, 세테아릴알코올, 하이드록시에틸아크릴레이트/소듐아크릴로일다이메틸타우레이트코폴리머, 소듐폴리아크릴로일다이메틸타우레이트, 아크릴레이트/C10-30알킬아크릴레이트크로스폴리머, 에틸헥실글리세린, 잔탄검, 세테아릴글루코사이드, 소듐글루코네이트, 아시아티코사이드, 솔비탄아이소스테아레이트, 마데카식애씨드, 아시아틱애씨드, 소듐하이알루로네이트, 3-O-에틸아스코빅애씨드, 징크피씨에이, 글리세릴카프릴레이트, 마데카소사이드, 소듐트라이메타포스페이트, 헥사펩타이드-9"
A000000211213,[수분보습폭탄] 빌리프X바나나킥 모이스춰라이징 밤 30ml 1+1 기획 (+키링파우치) / 아쿠아 밤 30ml 기획,"[모이스처라이징 밤-본품/증정] 정제수, 글리세린, 사이클로헥사실록세인, 하이드로제네이티드폴리데센, 다이프로필렌글라이콜, 마카다미아씨오일, 1,2-헥산다이올, 트라이에틸헥사노인, 비스-피이지-18메틸에터다이메틸실레인, 스테아릴알코올, 글리세릴스테아레이트, 피이지-40스테아레이트, 펜타에리스리틸테트라에틸헥사노에이트, 컴프리잎추출물, 귀리커넬추출물*, 포트마리골드꽃추출물*, 개박하추출물*, 라즈베리잎추출물*, 와일드인디고뿌리추출물*, 별꽃추출물*, 레이디스맨틀잎추출물+, 삼색제비꽃추출물+, 다마스크장미꽃추출물+, 메도우스위트꽃추출물+, 마시멜로뿌리추출물+, 아이브라이트추출물, 서양측백나무잎추출물, 서양톱풀꽃추출물, 붉은토끼풀꽃추출물, 조름나물잎추출물, 흰버드나무껍질추출물, 탱자추출물, 띠뿌리추출물, C14-22알코올, 스쿠알란, 시어버터, 아라키딜글루코사이드, 세라마이드엔피, 콜레스테롤, 카프릴릴글라이콜, 아세틸헥사펩타이드-8, 토코페롤, 판테놀, 하이드록시에틸피페라진에탄설포닉애씨드, 우레아, 효모발효여과물, 겨우살이추출물, 글라이코실트레할로오스, 락토바실러스/콩발효추출물, 스테아릭애씨드, 트로메타민, 피이지-100스테아레이트, 세테아릴올리베이트, 팔미틱애씨드, 솔비탄올리베이트, 하이드로제네이티드레시틴, 아크릴레이트/C10-30알킬아크릴레이트크로스폴리머, 다이메티콘/비닐다이메티콘크로스폴리머, 카보머, 하이드로제네이티드스타치하이드롤리세이트, 잔탄검, 트라이소듐이디티에이, 세테아릴알코올, 부틸렌글라이콜, 다이메티콘, 솔비탄스테아레이트, 오렌지껍질오일**, 라임전초오일**, 로즈마리잎오일**, 센티드제라늄꽃오일**, 리모넨, 시트로넬올, 제라니올, 시트랄, 리날룰 [아쿠아 밤-본품/증정] 정제수, 다이프로필렌글라이콜, 글리세린, 메틸트라이메티콘, 변성알코올, 다이메티콘, 사이클로펜타실록세인, 1,2-헥산다이올, 카프릴릭/카프릭트라이글리세라이드, 피이지/피피지/폴리부틸렌글라이콜-8/5/3글리세린, 펜타에리스리틸테트라에틸헥사노에이트, 귀리커넬추출물*, 포트마리골드꽃추출물*, 개박하추출물*, 라즈베리잎추출물*, 와일드인디고뿌리추출물*, 별꽃추출물*+, 레이디스맨틀잎추출물+, 쇠뜨기잎추출물+, 쐐기풀잎추출물+, 소듐하이알루로네이트, 나이아신아마이드, 폴리메틸실세스퀴옥세인, 판테놀, 피이지-150, 펜타에리스리틸테트라아이소스테아레이트, 페닐트라이메티콘, 하이드록시에틸아크릴레이트/소듐아크릴로일다이메틸타우레이트코폴리머, 카보머, 트로메타민, 스쿠알란, 피이지-40하이드로제네이티드캐스터오일, 다이메티콘올, 아크릴레이트/C10-30알킬아크릴레이트크로스폴리머, C14-22알코올, 폴리솔베이트60, 부틸렌글라이콜, 마카다미아씨오일, 말라카이트추출물, 트라이에틸헥사노인, 트라이소듐이디티에이, 아라키딜글루코사이드, 시어버터, 하이드로제네이티드레시틴, 솔비탄아이소스테아레이트, 글리세릴스테아레이트, 스테아릭애씨드, 세라마이드엔피, 콜레스테롤, 피이지-100스테아레이트, 로즈마리잎오일**, 라임전초오일**, 센티드제라늄꽃오일**, 오렌지껍질오일**, 시트랄, 시트로넬올, 리모넨, 제라니올, 리날룰"
A000000222882,[1+1] 한율 트러블 진정 쑥시카 수분 크림 기획 (55ml+55ml),"정제수, 글리세린, 부틸렌글라이콜, 다이카프릴릴에터, 황해쑥잎수(35,724ppm), 메틸트라이메티콘, 나이아신아마이드, 비스-하이드록시에톡시프로필다이 메티콘, 1,2-헥산다이올, C14-22알코올, 세틸에틸헥사노에이트, 판테놀(5,000 ppm), 글리세릴스테아레이트시트레이트, 하이드로제네이티드폴리(C6-14 올레핀), 하이드록시에틸아크릴레이트/소듐아크릴로일다이메틸타우레이트코 폴리머, 스테아릭애씨드, 암모늄아크릴로일다이메틸타우레이트/브이피코폴리머, 글리세릴폴리메타크릴레이트, 글리세릴스테아레이트, 폴리메틸실세스퀴옥세인, 팔미틱애씨드, 아라키딜알코올, C12-20알킬글루코사이드, 향료, 글리세릴카프 릴레이트, 베헤닐알코올, 2,3-부탄다이올, 아라키딜글루코사이드, 에틸헥실글리 세린, 다이소듐이디티에이, 솔비탄아이소스테아레이트, 프로판다이올, 레시틴, 락토바실러스발효물, 글루코오스, 토코페롤, 이눌린라우릴카바메이트, 황해쑥 잎추출물(10 ppm), 병풀꽃/잎/줄기추출물"
A000000213409,[색소침착 진정크림] 덱스판테놀17만ppm 장벽크림,"정제수, 덱스판테놀(170,000ppm), 글리세린, 해바라기씨오일, 세테아릴올리베이트, 세테아릴알코올, 솔비탄올리베이트, 판토락톤, 토코페롤, 식물성오일, 알란토인, 글리세릴스테아레이트, 아데노신, 바닐라열매오일, 라반딘오일, 고수열매오일, 필리핀오렌지껍질오일, 소두구씨오일, 광곽향오일, 트로메타민, 트라이에틸시트레이트, 다이포타슘글리시리제이트, 아크릴레이트/C10-30알킬아크릴레이트크로스폴리머, 하이드록시아세토페논, 비닐다이메티콘, 1,2-헥산다이올"
A000000256048,[NEW] 토리든 다이브인 저분자 히알루론산 수딩 크림 100ml 더블 기획 (크림 20ml+세럼 20ml),"정제수, 부틸렌글라이콜, 글리세린, 1,2-헥산다이올, 하이드로제네이티드다이데센, 카프릴릭/카프릭트라이글리세라이드, 판테놀, 소듐하이알루로네이트, 소듐하이알루로네이트크로스폴리머, 하이드롤라이즈드소듐하이알루로네이트, 소듐아세틸레이티드하이알루로네이트, 하이드롤라이즈드하이알루로닉애씨드(500ppm), 알란토인, 엑토인, 감초추출물, 트레할로오스, 버지니아풍년화추출물, 글리세릴아크릴레이트/아크릴릭애씨드코폴리머, 피브이엠/엠에이코폴리머, 하이드록시에틸아크릴레이트/소듐아크릴로일다이메틸타우레이트코폴리머, 2,3-부탄다이올, 세테아릴알코올, C14-22알코올, C12-20알킬글루코사이드, 펜틸렌글라이콜, 솔비탄아이소스테아레이트, 카프릴릴메티콘, 클레리추출물, 라벤더꽃추출물, 히아신스전초추출물, 마트리카리아꽃추출물, 수레국화꽃추출물, 보리지추출물, 다이소듐이디티에이, 카보머, 트로메타민, 잔탄검, 글루타티온, 말라카이트추출물, 글루코닉애씨드, 에틸헥실글리세린"
A000000248826,[여배우광채크림] 메디큐브 PDRN 핑크 콜라겐 캡슐크림 55g 기획 (+4.5g*2ea),"정제수, 글리세린, 나이아신아마이드, 메틸프로판다이올, 프로판다이올, 1,2-헥산다이올, 다이프로필렌글라이콜, 카프릴릭/카프릭트라이글리세라이드, 부틸렌글라이콜, 글리세레스-26, 알지닌, 카보머, 세테아릴알코올, 세테아릴올리베이트, 에틸헥실팔미테이트, 솔비탄올리베이트, 스쿠알란, 암모늄아크릴로일다이메틸타우레이트/브이피코폴리머, 시메티콘, 에틸헥실글리세린, 지치뿌리추출물, 아데노신, 해바라기씨오일, 폴리아크릴레이트-13, 소듐디엔에이(200ppm), 다이소듐이디티에이, 폴리아이소부텐, 글리세릴스테아레이트, 하이드롤라이즈드스클레로튬검, 서양배추출물, 알간나무커넬오일, 다마스크장미꽃수, 오리스뿌리추출물, 폴리솔베이트20, 멜론추출물, 솔비탄아이소스테아레이트, 서양송악잎/줄기추출물, 글루타티온, 소듐하이알루로네이트, 옥틸도데칸올, 연어알추출물, 하이드록시프로필트라이모늄하이알루로네이트, 토코페롤, 하이드로제네이티드레시틴, 세라마이드엔피, 사이아노코발아민, 티옥틱애씨드, 소듐아세틸레이티드하이알루로네이트, 하이드롤라이즈드콜라겐추출물(0.1ppm), 하이드롤라이즈드하이알루로닉애씨드, 아세틸헥사펩타이드-8, 카퍼트라이펩타이드-1, 카프릴릴글라이콜, 하이알루로닉애씨드, 팔미토일펜타펩타이드-4, 팔미토일헥사펩타이드-12, 소듐하이알루로네이트크로스폴리머, 하이드롤라이즈드소듐하이알루로네이트, 포타슘하이알루로네이트"
A000000257543,[튜브타입/단독기획] 닥터지 레드 블레미쉬 클리어 수딩크림 EX 70ml 튜브 기획 (+30ml+세럼10ml*2ea),"[크림] 정제수, 글리세린, 부틸렌글라이콜, 다이카프릴릴에터, 나이아신아마이드, 1,2-헥산다이올, 펜틸렌글라이콜, 소듐하이알루로네이트, 병풀잎추출물, 비피다발효여과물, 락토바실러스발효물, 병풀꽃/잎/줄기추출물, 병풀뿌리추출물, 병풀추출물, 효모발효여과물, 하이드로제네이티드폴리데센, 다이카프릴릴카보네이트, 하이드록시에틸아크릴레이트/소듐아크릴로일다이메틸타우레이트코폴리머, 판테놀, 아크릴레이트/C10-30알킬아크릴레이트크로스폴리머, 실리카, 트로메타민, 솔비톨, 글리세릴아크릴레이트/아크릴릭애씨드코폴리머, 에틸헥실글리세린, 트라이소듐에틸렌다이아민다이석시네이트, 알란토인, 다이프로필렌글라이콜, 토코페롤, 마데카소사이드, 폴리글리세릴-10라우레이트, 포스파티딜콜린, 하이드로제네이티드레시틴, 칼슘판토테네이트, 스쿠알란, 에리스리톨, 에틸헥실팔미테이트, 아시아티코사이드, 마데카식애씨드, 아시아틱애씨드, 트라이하이드록시스테아린, 세라마이드엔피, 다발방패버섯추출물, 잔탄검 [세럼] 정제수, 부틸렌글라이콜, 다이프로필렌글라이콜, 나이아신아마이드, 1,2-헥산다이올, 글리세린, 판테놀, 글리세레스-26, 하이드록시에틸셀룰로오스, 에리스리톨, 소듐폴리아크릴로일다이메틸타우레이트, 소듐하이알루로네이트(1,100 ppm), 알란토인, 에틸헥실글리세린, 카프릴릭/카프릭트라이글리세라이드, 바이오사카라이드검-1, 다이소듐이디티에이, 하이드로제네이티드레시틴, 베타인살리실레이트, 석시닉애씨드, 트로메타민, 효모발효여과물, 옥틸도데칸올, 폴리글리세릴-10라우레이트, 포스파티딜콜린, 아시아티코사이드(48 ppm), 병풀잎추출물(40 ppm), 마데카식애씨드(36 ppm), 아시아틱애씨드(36 ppm), 글라이코리피드, 세라마이드엔피, 베타-글루칸, 락토바실러스발효물, 락토바실러스/콩발효추출물, 류코노스톡/무발효여과물, 효모발효추출물, 팔미토일트라이펩타이드-5, 다발방패버섯추출물, 마데카소사이드(3.6 ppm), 병풀추출물(3.4 ppm), 하이드록시프로필트라이모늄하이알루로네이트(1 ppm), 토코페롤, 징크피씨에이, 헥사펩타이드-9"
A000000233322,[1+1/광채탄력] 닥터지 블랙스네일 크림 50ml 1+1 기획 +(15ml 추가 증정) ,"- 리뉴얼 적용 정제수, 글리세린, 다이프로필렌글라이콜, 세테아릴알코올, 사이클로펜타실록세인, 카프릴릭/카프릭트라이글리세라이드, 트라이에틸헥사노인, 하이드로제네이티드폴리데센, 1,2-헥산다이올, 나이아신아마이드, 하이드로제네이티드폴리(C6-14올레핀), 사이클로헥사실록세인, 글리세릴스테아레이트에스이, 참마뿌리추출물, 카바카바잎/뿌리/줄기추출물, 우엉뿌리추출물, 진흙버섯추출물, 병풀추출물, 쇠비름추출물, 프로폴리스추출물, 하이드로제네이티드레시틴, 아르간커넬오일, 소듐하이알루로네이트, 다이메티콘, 세테아릴올리베이트, 부틸렌글라이콜, C12-16알코올, 글리세릴스테아레이트, 피이지-100스테아레이트, 마이크로크리스탈린셀룰로오스, 스쿠알란, 세테아릴글루코사이드, 메틸프로판다이올, 솔비탄올리베이트, 하이드록시에틸아크릴레이트/소듐아크릴로일다이메틸타우레이트코폴리머, 달팽이점액여과물(2,000ppm), 팔미틱애씨드, 하이드로제네이티드폴리아이소부텐, 베타인, 에탄올, 글라이코실트레할로오스, 셀룰로오스검, 아이소노닐아이소노나노에이트, 폴리글리세릴-10스테아레이트, 하이드롤라이즈드옥수수전분, 폴리솔베이트60, 에틸헥실글리세린, 하이드로제네이티드스타치하이드롤리세이트, 라피노오스, 스테아릭애씨드, 시어버터, 아데노신, 폴리글리세릴-2다이폴리하이드록시스테아레이트, 베타-글루칸, 다이소듐이디티에이, 레시틴, 솔비탄아이소스테아레이트, 수크로오스, 카라멜, 글루코오스, 이눌린라우릴카바메이트, 폴리쿼터늄-51, 프로필렌글라이콜, 다이소듐스테아로일글루타메이트, 바이오사카라이드검-1, 진주가루, 토코페롤, 향료, 페녹시에탄올, 리날룰, 벤질살리실레이트, 리모넨, 하이드록시시트로넬알, 제라니올 - 리뉴얼 미적용 정제수, 달팽이점액여과물, 다이프로필렌글라이콜, 글리세린, 세테아릴알코올, 사이클로펜타실록세인, 카프릴릭/카프릭트라이글리세라이드, 트라이에틸헥사노인, 하이드로제네이티드폴리데센, 나이아신아마이드, 하이드로제네이티드폴리(C6-14올레핀), 1,2-헥산다이올, 사이클로헥사실록세인, 글리세릴스테아레이트에스이, 카바카바잎/뿌리/줄기추출물, 참마뿌리추출물, 우엉뿌리추출물, 진흙버섯추출물, 쇠비름추출물, 프로폴리스추출물, 병풀추출물, 하이드로제네이티드레시틴, 아르간커넬오일, 소듐하이알루로네이트, 다이메티콘, C12-16알코올, 글리세릴스테아레이트, 세테아릴올리베이트, 솔비탄올리베이트, 마이크로크리스탈린셀룰로오스, 스쿠알란, 세테아릴글루코사이드, 메틸프로판다이올, 하이드록시에틸아크릴레이트/소듐아크릴로일다이메틸타우레이트코폴리머, 부틸렌글라이콜, 팔미틱애씨드, 하이드로제네이티드폴리아이소부텐, 베타인, 에탄올, 글라이코실트레할로오스, 셀룰로오스검, 아이소노닐아이소노나노에이트, 폴리글리세릴-10스테아레이트, 하이드롤라이즈드옥수수전분, 하이드로제네이티드스타치하이드롤리세이트, 라피노오스, 스테아릭애씨드, 시어버터, 아데노신, 폴리글리세릴-2다이폴리하이드록시스테아레이트, 베타-글루칸, 다이소듐이디티에이, 레시틴, 솔비탄아이소스테아레이트, 수크로오스, 카라멜, 글루코오스, 이눌린라우릴카바메이트, 폴리쿼터늄-51, 프로필렌글라이콜, 다이소듐스테아로일글루타메이트, 바이오사카라이드검-1, 진주가루, 피이지-100스테아레이트, 폴리솔베이트60, 향료, 에틸헥실글리세린, 펜틸렌글라이콜, 카프릴릴글라이콜, 리날룰, 벤질살리실레이트, 리모넨, 하이드록시시트로넬알, 제라니올"
A000000255721,[단독기획] 동아제약 색소침착 프로 크림제 40ml 기획(+5ml*2),"정제수, 부틸렌글라이콜, 카프릴릭/카프릭트라이글리세라이드, 나이아신아마이드, 트라이프로필렌글라이콜, 트라넥사믹애씨드, 프로판다이올, 네오펜틸글라이콜다이헵타노에이트, 세테아릴알코올, 비닐다이메티콘, 글리세릴스테아레이트, 1,2-헥산다이올, 폴리글리세릴-2스테아레이트, 베헤닐알코올, 스테아릴알코올, 아크릴레이트/C10-30알킬아크릴레이트크로스폴리머, 알파-알부틴, 카프릴릴글라이콜, 하이드록시에틸아크릴레이트/소듐아크릴로일다이메틸타우레이트코폴리머, 알지닌, 글루타티온, 해바라기씨오일, 토코페롤, 다이소듐이디티에이, 아데노신, 글리세린, 솔비탄아이소스테아레이트, 세틸팔미테이트, 알부틴, 올리브오일, 폴리글리세릴-3메틸글루코오스다이스테아레이트, 폴리글리세릴-10라우레이트, 베타인, 판테놀, 코직애씨드, 포스파티딜콜린, 세라마이드엔피, 콜레스테롤, 세라마이드에이피, 하이드로제네이티드레시틴, 아스코빌팔미테이트, 시어버터, 하이드록시데실유비퀴논, 칸디다 봄비콜라/글루코오스/메틸레이프씨데이트발효물, 글라이코리피드, 헥실레조시놀"
A000000249659,[손상장벽MD] 동국제약 마데카셀 베리어 엠디 크림 70g,"성분 : 정제수,글리세린,잔탐검,1,3-부틸렌글라이콜,D-판테놀,아르기닌,세테아릴알코올,글리세릴스테아레이트,스테아릭애씨드,솔리탄올리베이트,글리세롤모노스테아레이트,토코페릴아세테이트,카프릴릭,디메치콘,1,2-헥산디올,베타글루칸 손상된 피부 건조, 염증, 화상(1도)이나 건조한 피부 등 피부장벽이 손상된 부위 및 피부 염증 부위의 보호를 위해 사용하는 창상피복재 1. 세안 후 부드럽게 펴발라 아침 저녁으로 피부를 케어 해줍니다. 2. 마데카셀 스카 겔과 함께 사용하는 경우, 스카 겔을 도포 후 흡수시킨 뒤 엠디크림으로 마무리 해줍니다."
A000000257193,[NEW/리뷰이벤트] 비욘드 엔젤 아쿠아 이온 히알루10% 수분 진정 크림 100ml 1+1 기획,"정제수, 부틸렌글라이콜, 하이드롤라이즈드하이알루로닉애씨드*(10.0207%), 글리세린, 1,2-헥산다이올, 스쿠알란, 하이드로제네이티드에틸헥실올리베이트, 나일론-12, 판테놀, 다이메티콘, 아크릴레이트/C10-30알킬아크릴레이트크로스폴리머, 하이드록시에틸아크릴레이트/소듐아크릴로일다이메틸타우레이트코플리머, 트로메타민, 암모늄아크릴로일다이메틸타우레이트/브이피코폴리머, 하이드로제네이티드올리브오일검화물, 병풀잎수, 다이메티콘올, 아데노신, 트라이소듐이디티에이, 트라이소듐에틸렌다이아민다이석시네이트, 폴리솔베이트60, 솔비탄아이소스테아레이트, 에틸헥실글리세린, 말라카이트추출물, 알지닌, 펜틸렌글라이콜, 소듐하이알루로네이트*(3.01 ppm), 카프릴릴글라이콜, 글리세릴리놀리에이트, 수크로오스팔미테이트, 해바라기씨오일, 페러스설페이트 (0.1 ppm), 하이알루로닉애씨드*(0.1 ppm), 하이드롤라이즈드소듐하이알루로네이트*(0.1 ppm), 하이드록시프로필트라이모늄하이알루로네이트*(0.1 ppm), 망가니즈설페이트*(0.1 ppm), 소듐아세틸레이티드하이알루로네이트*(0.1 ppm), 소듐글루코네이트*(0.1 ppm), 토코페롤, 카프릴릭/카프릭트라이글리세라이드, 글라이신, 하이드로제네이티드포스파티딜클린, 병풀추출물, 수크로오스스테아레이트, 세테아릴알코올, 마그네슘설페이트*(0.00475 ppm), 징크글루코네이트*(0.00475 ppm), 아시아티코사이드, 마데카식애씨드, 아시아틱애씨드, 칼슘글루코네이트*(0.0005 ppm), 카퍼글루코네이트*(0.0005 ppm), 카퍼트라이펩타이드-1, 마데카소사이드, 소듐하이알루로네이트크로스폴리머*(0.0001 ppm) *이온 히알루™"
A000000198320,[올영 어워즈 1등 크림] 에스트라 아토베리어365 크림 80ml,"정제수, 부틸렌글라이콜, 글리세린, 부틸렌글라이콜다이카프릴레이트/다이카프레이트, 세틸에틸헥사노에이트, 스쿠알란, 펜타에리스리틸테트라아이소스테아레이트, 다이카프릴릴카보네이트, 베헤닐알코올, 다이메티콘, 하이드록시프로필비스팔미타마이드엠이에이, 스테아릭애씨드, 베타인, 만니톨, C14-22알코올, 팔미틱애씨드, 하이드록시프로필비스라우라마이드엠이에이, 아라키딜알코올, 콜레스테롤, 폴리아크릴레이트-13, C12-20알킬글루코사이드, 알란토인, 아라키딜글루코사이드, 나이아신아마이드, 세라마이드엔피, 글리세릴카프릴레이트, 에틸헥실글리세린, 하이드로제네이티드폴리아이소부텐, 카보머, 트로메타민, 다이메티콘올, 폴리글리세릴-10라우레이트, 하이드로제네이티드레시틴, 에틸헥실팔미테이트, 아크릴레이트/암모늄메타크릴레이트코폴리머, 솔비탄아이소스테아레이트, 실리카, 피토스핑고신, 스핑고리피드, 아라키딕애씨드, 토코페롤, 올레익애씨드"
A000000232494,[단독기획] 아누아 어성초 센텔라 레드 스팟 크림 30g 2입,"정제수, 약모밀꽃/잎/줄기수(7%), 글리세린, 부틸렌글라이콜, 판테놀, 2,3-부탄다이올 다이카프릴릴카보네이트, 메틸트라이메티콘, 나이아신아마이드, 1,2-헥산다이올, 펜틸 렌글라이콜, 스쿠알란, 세테아릴올리베이트, 솔비탄올리베이트, 하이드로제네이티드 올리브오일데실에스터, 칸디다 봄비콜라/글루코오스/메틸레이프씨데이트발효물, 올 리브오일불검화물, 인도멀구슬나무잎추출물, 인도멀구슬나무꽃추출물, 홀리바질잎 추출물, 마카다미아씨오일, 울금뿌리추출물, 참산호말추출물, 솔비톨, 다이페닐실록 시페닐트라이메티콘, 수크로오스폴리스테아레이트, 하이드로제네이티드폴리아이소 부텐, 폴리C10-30알킬아크릴레이트, 스테아릴다이메티콘, 세틸팔미테이트, 아크릴 레이트/C10-30알킬아크릴레이트크로스폴리머, 폴리글리세릴-3다이스테아레이트, 하이드록시에틸아크릴레이트/소듐아크릴로일다이메틸타우레이트코폴리머, 솔비탄 팔미테이트, 아미노메틸프로판다이올, 셀룰로오스, 글리세릴스테아레이트, 소듐아크 릴레이트/소듐아크릴로일다이메틸타우레이트코폴리머, 폴리아이소부텐, 폴리글리세 릴-6카프릴레이트, 하이드로제네이티드레시틴, 에틸헥실글리세린, 폴리글리세릴-4카 프레이트, 아데노신, 소듐파이테이트, 솔비탄아이소스테아레이트, 글리세릴스테아레이 트시트레이트, 베타-시토스테롤, 알란토인, 카프릴릴/카프릴글루코사이드, 솔비탄올리 에이트, 마데카식애씨드(66ppm), 아시아티코사이드(36ppm), 마데카소사이드(36ppm), 피토스테롤, 스테아릭애씨드, 아시아틱애씨드(18ppm), 토코페롤, 세라마이드엔피, 콜레스테롤, 피토스핑고신, 세라마이드엔지, 세라마이드엔에스, 세라마이드에이피, 세라마이드에이에스, 세라마이드이오피, 세테아릴알코올"
A000000245087,[장원영PICK] 닥터엘시아 345 릴리프 크림 50ml 기획 (+10ml*2ea+튜브링거),"정제수, 티트리잎수, 프로판다이올, 글리세린, 1,2-헥산다이올, 하이드로제네이티드폴리데센, 비닐다이메티콘, C14-22알코올, 카프릴릭/카프릭트라이글리세라이드, 나이아신아마이드, 판테놀, 다이카프릴릴카보네이트, 부틸렌글라이콜, 암모늄아크릴로일다이메틸타우레이트/브이피코폴리머, 카프릴릴메티콘, 폴리메틸실세스퀴옥세인, C12-20알킬글루코사이드, 하이드록시아세토페논, 아크릴레이트/C10-30알킬아크릴레이트크로스폴리머, 폴리쿼터늄-51, 에틸헥실글리세린, 트로메타민, 소듐하이알루로네이트, 소듐스테아로일글루타메이트, 황련뿌리추출물, 병풀잎수, 베타-글루칸, 레스베라트롤, 하이드롤라이즈드하이알루로닉애씨드, 녹차수, 토코페롤, 마데카소사이드, 소듐디엔에이, 병풀추출물, 세라마이드엔피, 탄닉애씨드, 다이소듐이디티에이, 소듐파이테이트"
A000000214168,[7월올영픽] 키엘 울트라 훼이셜 크림 50ml 기획/단품,정제수 글리세린 다이메티콘 스쿠알란 비스-피이지-18메틸에터다이메틸실레인 수크로오스스테아레이트 스테아릴알코올 피이지-8스테아레이트 미리스틸미리스테이트 살구씨오일 페녹시에탄올 아보카도오일 글리세릴스테아레이트 세틸알코올 쌀겨오일 올리브오일 클로페네신 스테아릭애씨드 팔미틱애씨드 카보머 아크릴레이트/C10-30알킬아크릴레이트크로스폴리머 트라이소듐에틸렌다이아민다이석시네이트 스위트아몬드오일 잔탄검 에틸헥실글리세린 소듐하이드록사이드 토코페롤 돌콩오일 슈도알테로모나스발효추출물 미리스틱애씨드 하이드록시팔미토일스핑가닌 살리실릭애씨드 해바라기씨오일 로즈마리잎추출물 시트릭애씨드
A000000244987,[1+1] 메디힐 마데카소사이드 흔적 리페어 더마크림 50+50ml 더블 기획,"정제수, 글리세린, 스쿠알란, 카프릴릭/카프릭트라이글리세라이드, 하이드로제네이티드폴리(C6-14올레핀), 다이글리세린, 하이드로제네이티드폴리데센, 나이아신아마이드, 메틸프로판다이올, 펜틸렌글라이콜, 암모늄아크릴로일다이메틸타우레이트/브이피코폴리머, 1,2-헥산다이올, 판테놀, 세테아릴올리베이트, 하이드록시아세토페논, 아크릴레이트/C10-30알킬아크릴레이트크로스폴리머, 아미노메틸프로판다이올, 솔비탄올리베이트, 하이드록시에틸아크릴레이트/소듐아크릴로일다이메틸타우레이트코폴리머, 해바라기씨오일, 피토스테롤, 마데카소사이드(1,000ppm), 하이드로제네이티드폴리아이소부텐, 서양배추출물, 아라키딜알코올, 연필향나무오일, 알란토인, 에틸헥실글리세린, 하이드로제네이티드레시틴, 아데노신, 다마스크장미꽃수, 스테아릭애씨드, 베헤닐알코올, 멜론추출물, 오리스뿌리추출물, 아라키딜글루코사이드, 호호바씨오일, 서양송악잎/줄기추출물, 소듐파이테이트, 부틸렌글라이콜, 광곽향오일, 솔비탄아이소스테아레이트, 하이알루로닉애씨드, 세테아릴알코올, 세라마이드엔피, 불가리스쑥오일, 로즈마리잎오일, 포타슘세틸포스페이트, 카프릴릴글라이콜, 병풀추출물, 베타-글루칸, 글리세릴스테아레이트, 돌콩추출물, 토코페롤, 팔미틱애씨드, 카프릴릴/카프릴글루코사이드, 병풀잎추출물"
A000000251494,[태극제약]도미나스 크림 Rx 30ml 기획 (+7ml),"정제수, 다이프로필렌글라이콜, 나이아신아마이드, 하이드로제네이티드폴리아이소부텐, 헥실데실에틸헥사노에이트, 판테놀, 프로판다이올, 트라넥사믹애씨드, 글리세린, 트라이에틸헥사노인, 1,2-헥산다이올, 세테아릴알코올, C14-22알코올, 글리세릴스테아레이트, 펜타에리스리틸테트라에틸헥사노에이트, 만델릭애씨드, 글루타믹애씨드, 유비퀴논, 하이드록시데실유비퀴논, 바쿠치올, 비사보롤, 크리신, 에피갈로카테킨갈레이트, 헥실레조시놀, 하이드록시에틸우레아, 폴리다틴, 다이메티콘, 아스코빌글루코사이드, 세테아릴올리베이트, 피이지-100스테아레이트, 세린, 솔비탄올리베이트, C12-20알킬글루코사이드, 실리카, 암모늄아크릴로일다이메틸타우레이트/브이피코폴리머, 아라키딜알코올, 베헤닐알코올, 포타슘하이드록사이드, 알란토인, 폴리메틸실세스퀴옥세인, 소듐파이루베이트, 트레할로오스, 아라키딜글루코사이드, 다이메티콘올, 카보머, 알지닌, 소듐메타바이설파이트, 잔탄검, 아데노신, 토코페롤, 카프릴릭/카프릭트라이글리세라이드, 트라이소듐이디티에이, 부틸렌글라이콜, 돌콩오일, 티타늄디옥사이드(CI 77891), 마이카, 하이드로제네이티드레시틴, 적색산화철, 폴리글리세릴-10올리에이트, 시스테인에이치씨엘, 베타-글루칸, 만니톨, 수크로오스, 왜당귀뿌리추출물, 삽주뿌리줄기추출물, 스페인감초뿌리추출물, 작약뿌리추출물, 모란뿌리추출물, 피씨에이, 질경이추출물, 복숭아씨추출물, 황금추출물, 시트룰린, 글라이코젠, 히스티딘에이치씨엘, 알라닌, 트레오닌, 라이신에이치씨엘, 향료, 벤질벤조에이트, 리날룰, 하이드록시시트로넬알, 리모넨, 헥실신남알, 시트로넬올"
A000000231833,[우즈PICK][유분잡는수분] 한율 쑥히알 수분 크림 60ml 기획(+31ml) ,"""정제수, 부틸렌글라이콜, 글리세린, 메틸트라이메티콘, 1,2-헥산다이올, 황해쑥잎수(10,554 ppm), 베타인, 피씨 에이다이메티콘, 아이소펜틸다이올, 암모늄아크릴로일다이메틸타우레이트/브이피코폴리머, 실리카다이메틸실릴레이트, 트로메타민, 카보머, 아크릴레이트/C10-30알킬아크릴레이트크로스폴리머, 글리세릴카프릴레이트, 에틸헥실글리세린, 향료, 소듐메타포스페이트, 알지닌, 아스파틱애씨드, 글루타믹애씨드, 하이알루로닉애씨드(100 ppm), 이노시톨, 락토바실러스 발효물, 말토덱스트린, 하이드롤라이즈드치자추출물, 프로필렌글라이콜, 소듐하이알루로네이트(1.5 ppm)"""
A000000258831,[7월올영픽/손상장벽리페어] 피지오겔 레드수딩 AI 리페어 크림 100m 기획(+30ml+마스크 2매),"[피지오겔 레드수딩 AI 리페어 크림] 정제수, 올리브오일, 글리세린, 펜틸렌글라이콜, 오일팜오일, 식물성오일, 하이드로제네이티드레시틴, 스쿠알란, 베타인, 팔미타마이드엠이에이, 아세타마이드엠이에이, 사코신,하이드록시에틸셀룰로오스, 카보머, 소듐카보머, 잔탄검, 토코페롤, 다이소듐포스페이트, 소듐포스페이트 [피지오겔 레드수딩 AI 릴리프 마스크] 정제수, 부틸렌글라이콜, 글리세린, 다이프로필렌글라이콜, 1,2-헥산다이올, 베타인, 메틸프로판다이올, 판테놀, 프로판다이올, 자작나무수액, 팔미타마이드엠이에이, 아세타마이드엠이에이, 사코신, 알란토인, 다이포타슘글리시리제이트, 하이드로제네이티드레시틴, 소듐하이알루로네이트, 베타-글루칸, 스쿠알란, 시어버터, 메도우폼씨오일, 세라마이드엔피, 카프릴릭/카프릭트라이글리세라이드, 아라키딜글루코사이드, 세테아릴알코올, 아라키딜알코올, 베헤닐알코올, 스테아릭애씨드, 팔미틱애씨드, 폴리글리세릴-10스테아레이트, 폴리글리세릴-10올리에이트, 콜레스테롤, 암모늄아크릴로일다이메틸타우레이트/베헤네스-25메타크라일레이트크로스폴리머, 카보머, 잔탄검, 다이소듐이디티에이, 트로메타민"
A000000216509,[대용량+추가증정] 넘버즈인 1번 판토텐산 액티브 수딩크림 130ml 기획 (+ 크림 15ml),"정제수, 부틸렌글라이콜, 글리세린, 나이아신아마이드, 세틸에틸헥사노에이트, 다이카프릴릴카보네이트, 1,2-헥산다이올, 펜틸렌글라이콜, 비닐다이메티콘, 병풀추출물, 클로렐라 불가리스추출물, 도둑놈의지팡이뿌리추출물, 인도멀구슬나무잎추출물, 인도멀구슬나무꽃추출물, 아이비고드열매추출물, 홀리바질잎추출물, 울금뿌리추출물, 알로에베라꽃추출물, 가지열매추출물, 참산호말추출물, 녹차추출물, 병풀잎추출물, 오카무라큰실말추출물, 흰버드나무껍질추출물, 약모밀추출물, 커피콩추출물, 베르가모트잎추출물, 소나무잎추출물, 알파-알부틴, 아르간커넬오일, 참깨오일, 사발팜열매추출물, 스페인감초뿌리추출물, 카프릴릴메티콘, 에리스리톨, 판테놀, 하이드록시에틸아크릴레이트/소듐아크릴로일다이메틸타우레이트코폴리머, 다이메티콘올, 폴리메틸실세스퀴옥세인, 아크릴레이트/C10-30알킬아크릴레이트크로스폴리머, 글루코오스, 트로메타민, 실리카, 프룩토올리고사카라이드, 프룩토오스, 에틸헥실글리세린, 소듐파이테이트, 글리세릴아크릴레이트/아크릴릭애씨드코폴리머, 카프릴릭/카프릭트라이글리세라이드, 하이드로제네이티드레시틴, 토코페롤, 데실글루코사이드, 판토테닉애씨드, 폴리글리세릴-4카프레이트, 폴리글리세릴-6카프릴레이트, 징크피씨에이, 메틸다이아이소프로필프로피온아마이드, 베타-시토스테롤, 잔탄검"
A000000180543,코스알엑스 더 레티놀 0.1 크림 20ml,"정제수, 카프릴릭/카프릭트라이글리세라이드, 프로판다이올, 글리세린, 토코페릴아세테이트, 세테아릴알코올, 트레할로오스, 판테놀, 시어버터, 돌콩오일, 암모늄아크릴로일다이메틸타우레이트/브이피코폴리머, 다이메티콘, 글리세릴폴리메타크릴레이트, 해바라기씨오일, 폴리글리세릴-10스테아레이트, 하이드로제네이티드레시틴, 하이드록시에틸아크릴레이트/소듐아크릴로일다이메틸타우레이트코폴리머, 카보머, 트로메타민, 글리세릴스테아레이트, 폴리실리콘-11, 소듐설파이트, 토코페롤, 당근추출물, 레티놀(0.1%), 알란토인, 글리세릴카프릴레이트, 쌀겨왁스, 토코트라이엔올, 스테아릭애씨드, 폴리글리세릴-3메틸글루코오스다이스테아레이트, 팔미틱애씨드, 다이소듐이디티에이, 에틸헥실글리세린, 아데노신, 솔비탄아이소스테아레이트, 오일팜오일, 비에이치티, 베타-카로틴, 미리스틱애씨드, 라우릭애씨드, 아스코빅애씨드, 메도우폼씨오일, 3-O-에틸아스코빅애씨드, 글루타티온, 소듐하이알루로네이트, 1,2-헥산다이올, 하이드롤라이즈드하이알루로닉애씨드, 소듐하이알루로네이트크로스폴리머, 하이알루로닉애씨드, 소듐아세틸레이티드하이알루로네이트"
A000000199701,[카디비PICK|탄력보습] 바이오힐보 프로바이오덤 3D리프팅 크림 50ml [단품/기획],"정제수, 락토바실러스발효용해물, 글리세린, 다이프로필렌글라이콜, 카프릴릭/카프릭트라이글리세라이드, 세테아릴알코올, 메도우폼씨오일, 글리세레스-26, 비닐다이메티콘, 하이드로제네이티드폴리(C6-14올레핀), 하이드로제네이티드폴리데센, 폴리글리세릴-3메틸글루코오스다이스테아레이트, 글리세릴스테아레이트, 베타인, 폴리글리세린-3, 1,2-헥산다이올, 세테아릴올리베이트, 펜틸렌글라이콜, 피토스테릴/베헤닐/옥틸도데실라우로일글루타메이트, 락토바실러스발효물, 프룩토올리고사카라이드, 프룩탄, 이눌린, 판테놀, 베타-글루칸, 아데노신, 사포닌, 수용성프로테오글리칸, 노나펩타이드-1, 아세틸테트라펩타이드-9, 아세틸테트라펩타이드-5, 아세틸헥사펩타이드-1, 아세틸헥사펩타이드-8, 팔미토일트라이펩타이드-8, 다이펩타이드다이아미노부티로일벤질아마이드다이아세테이트, 카퍼트라이펩타이드-1, 트라이펩타이드-1, 팔미토일테트라펩타이드-7, 팔미토일트라이펩타이드-1, 팔미토일트라이펩타이드-5, 팔미토일펜타펩타이드-4, 팔미토일헥사펩타이드-12, 펜타펩타이드-3, 헥사펩타이드-9, 올리고펩타이드-2, 맥아추출물, 참마뿌리추출물, 오일팜오일, 베헤닐알코올, 솔비탄올리베이트, 시어버터, 다이펜타에리스리틸헥사하이드록시스테아레이트/헥사스테아레이트/헥사로지네이트, 하이드로제네이티드채종유, 하이드록시아세토페논, 소듐폴리아크릴레이트, 하이드롤라이즈드호호바에스터, 피이지-100스테아레이트, 에틸헥실글리세린, 아크릴레이트/C10-30알킬아크릴레이트크로스폴리머, 잔탄검, 트로메타민, 부틸렌글라이콜, 말토덱스트린, 사이아노코발아민, 세틸에틸헥사노에이트, 프로판다이올, 세테아릴글루코사이드, 알진, 소듐스테아로일글루타메이트, 토코페롤, 바이오사카라이드검-4, 미네랄솔트, 하이드롤라이즈드옥수수전분, 소듐포스페이트, 카프릴릴글라이콜, 수크로오스, 덱스트란, 다이소듐포스페이트, 향료"
A000000229768,[비타캡슐/착색이별] 구달 청귤 비타C 잡티케어 크림 알파 75ml 기획 (+25ml),"정제수,탄제린추출물,글리세린,나이아신아마이드,트라이프로필렌글라이콜,트라이에틸헥사노인,1,2-헥산다이올,베타인,펜타에리스리틸테트라에틸헥사노에이트,비닐다이메티콘,프로판다이올,퀸즈랜드넛오일,세테아릴알코올,암모늄아크릴로일다이메틸타우레이트/브이피코폴리머,페닐트라이메티콘,다이메티콘/비닐다이메티콘크로스폴리머,카프릴릭/카프릭트라이글리세라이드,아이소노닐아이소노나노에이트,다이메티콘올,트라이실록세인,폴리글리세릴-10라우레이트,아크릴레이트/C10-30알킬아크릴레이트크로스폴리머,하이드록시아세토페논,세테아릴글루코사이드,알파-알부틴,에틸헥실글리세린,아데노신,캐스터오일/아이피디아이코폴리머,트로메타민,황련뿌리추출물,당근추출물,부틸렌글라이콜,소듐파이테이트,카놀라오일,올리브오일,센티드제라늄꽃오일,당근씨오일,소듐라우레이트,알지닌,카보머,라벤더오일,소듐아스코빌포스페이트,아스코빌글루코사이드,3-O-에틸아스코빅애씨드,라우릭애씨드,캐모마일꽃오일,아모다이메티콘,토코페릴아세테이트,해바라기씨오일,베타-카로틴,오렌지껍질오일,멕시칸주니퍼오일,토코페롤,글루타티온,아스코빅애씨드,유비퀴논,티옥틱애씨드"
A000000204949,[1등 크림/진정흔적] 센텔리안24 마데카 크림 타임 리버스 50ml 더블 기획(+15ml*2) ,"정제수*, 다이프로필렌글라이콜*, 하이드로제네이티드폴리데센, 카프릴릭/카프릭트라이글리세라이드, 글리세린, 글리세릴스테아레이트, 펜타에리스리틸테트라에틸헥사노에이트, 나이아신아마이드*, 사이클로헥사실록세인, 세틸알코올, 폴리글리세릴-6다이스테아레이트, 비닐다이메티콘, 다이카프릴릴에터, 병풀단백질추출물, 아시아티코사이드*, 아시아틱애씨드*, 마데카식애씨드(4,800 ppm)*, 병풀오일, 병풀아미노산, 마데카소사이드, 아스코빌아시아테이트, 병풀폴리펩타이드, 하이드롤라이즈드하이알루로닉애씨드, 하이드롤라이즈드병풀추출물, 병풀추출물, 병풀잎추출물*, 라케모사승마뿌리추출물*, 흰무늬엉겅퀴추출물*, 마카뿌리추출물*, 마카다미아씨오일*, 돌콩오일*, 하이드로제네이티드레시틴*, 소듐하이알루로네이트, 폴리글리세릴-10라우레이트, 스테아릴알코올, 비즈왁스, 소듐스테아로일글루타메이트, 판테놀, 자일리틸글루코사이드*, 하이드록시에틸아크릴레이트/소듐아크릴로일다이메틸타우레이트코폴리머, 호호바에스터*, 안하이드로자일리톨*, 부틸렌글라이콜*, 폴리글리세릴-3비즈왁스, 1,2-헥산다이올*, 하이드록시아세토페논, 자일리톨*, 메틸프로판다이올*, 알란토인, 프로판다이올*, 칸디다 봄비콜라/글루코오스/메틸레이프씨데이트발효물*, 잔탄검, 에톡시다이글라이콜*, 다이소듐이디티에이, 글루코오스*, 아데노신, 솔비탄아이소스테아레이트, 에틸헥실글리세린, 소듐라우레이트, 사이클로덱스트린*, 라우릭애씨드, 소듐폴리아크릴레이트, 피브이엠/엠에이코폴리머, 옥틸도데칸올*, 글라이코리피드*, 카페인*, C12-13파레스-9*, 콜라겐아미노산, 세라마이드엔피, 레스베라트롤*, 알지닌*, 글라이코젠, 엑토인, 타우린*, 하이드롤라이즈드엘라스틴, 레티놀*, 말토덱스트린*, 피토스핑고신, 수크로오스다이스테아레이트*, 소듐디엔에이, 사이아노코발아민*, 글라이신, 글루타믹애씨드, 해바라기씨왁스*, 폴리글리세린-3*, 토코페롤*, 쓴쑥추출물, 바닐라열매추출물, 올리브오일, 오렌지오일, 필리핀오렌지껍질오일, 라벤더오일, 베르가모트오일, 로즈마리잎오일, 오렌지껍질오일, 리씨열매오일, 연필향나무오일, 왕귤껍질오일, 아틀라스시다나무껍질오일, 센티드제라늄꽃오일, 커먼자스민오일, 마텔오일, 장미꽃오일, 갈바눔수지오일, 발삼코파이바수지, 리모넨, 리날룰, 시트랄 (*활성-TECATM)"
A000000192405,[1회사용 장벽개선] 더하르나이 시카이드 크림 100ml+30ml 기획,"정제수, 글리세린, 부틸렌글라이콜, 다이프로필렌글라이콜, 사이클로펜타실록세인, 세테아릴올리베이트, 세테아릴알코올, 시어버터, 트레할로오스, 소듐하이알루로네이트크로스폴리머, 하이알루로닉애씨드, 소듐하이알루로네이트, 하이드롤라이즈드하이알루로닉애씨드, 하이드롤라이즈드글라이코사미노글리칸, 하이드로제네이티드레시틴, 매실추출물, 인동덩굴꽃추출물, 황금추출물, 티트리잎추출물, 세라마이드엔피, 병풀추출물, 마데카소사이드, 마데카식애씨드, 아시아티코사이드, 아시아틱애씨드, 카르노신, 글루타티온, 아세틸헥사펩타이드-8, 카퍼트라이펩타이드-1, 아세틸테트라펩타이드-3, 아세틸테트라펩타이드-5, 팔미토일테트라펩타이드-7, 팔미토일트라이펩타이드-1, 팔미토일트라이펩타이드-5, 팔미토일펜타펩타이드-4, 1,2-헥산다이올, 다이메티콘, 솔비탄올리베이트, 암모늄아크릴로일다이메틸타우레이트/브이피코폴리머, 글리세릴스테아레이트, 폴리글리세릴-3메틸글루코오스다이스테아레이트, 펜틸렌글라이콜, 소듐아크릴레이트/소듐아크릴로일다이메틸타우레이트코폴리머, 카프릴릴글라이콜, 아이소헥사데칸, 알란토인, 폴리솔베이트80, 잔탄검, 판테놀, 프로판다이올, 옥틸도데칸올, 솔비탄올리에이트, 다이소듐이디티에이, 아디픽애씨드, 에틸헥실글리세린, 벤질글라이콜, 라즈베리케톤"
A000000254067,[포켓몬 에디션] VT 피디알엔 캡슐 크림 100 50ml 더블 기획 (+피카츄 파우치 키링),"정제수, 글리세린, 카프릴릭/카프릭트라이글리세라이드, 글리세레스-26, 다이프로필렌글라이콜, 나이아신아마이드, 1,2-헥산다이올, 판테놀, 시어버터, 스쿠알란, 글리세릴글루코사이드, 카보머, 알지닌, 글리세릴아크릴레이트/아크릴릭애씨드코폴리머, 다이프로필렌글라이콜, 아라키딜글루코사이드, 아라키딜알코올, 마요라나잎추출물, 세라마이드엔피, 글리세릴스테아레이트, 세테아릴알코올, 베헤닐알코올, 에틸헥실글리세린, C12-16알코올, 아라키딜글루코사이드, 트로메타민, 아데노신, 다이메티콘/비닐다이메티콘크로스폴리머, 펜타에리스리틸테트라-디-t-부틸하이드록시하이드로신나메이트, 팔미틱애씨드, 하이드로제네이티드레시틴, 카페일글루코오스, 잔탄검, 로즈마리추출물, 락토바실러스발효용해물, 마트리카리아꽃오일, 부틸렌글라이콜, 글루코오스, 산양삼추출물, 소듐디엔에이(0.5ppm), 다이페닐다이메티콘, 하이드롤라이즈드하이알루로닉애씨드, 하이드롤라이즈드소듐하이알루로네이트, 소듐아세틸레이티드하이알루로네이트, 소듐하이알루로네이트크로스폴리머, 하이드록시프로필트라이모늄하이알루로네이트, 소듐하이알루로네이트다이메틸실란올, 소듐아세틸레이티드하이알루로네이트, 소듐하이알루로네이트, 포타슘하이알루로네이트, 하이알루로닉애씨드, 세라마이드엔피, 소듐하이알루로네이트크로스폴리머, 하이드록시프로필트라이모늄하이알루로네이트, 소듐하이알루로네이트다이메틸실란올, 소듐아세틸레이티드하이알루로네이트, 소듐하이알루로네이트, 폴리글리세릴-10라우레이트, 트라이펩타이드-1, 아세틸테트라펩타이드-2, 아세틸테트라펩타이드-5, 카퍼트라이펩타이드-1, 팔미토일트라이펩타이드-1, 팔미토일펜타펩타이드-4, 헥사펩타이드-11, 헥사펩타이드-9, 팔미토일트라이펩타이드-5"
A000000218592,[한정기획/강력진정크림] 닥터자르트 시카페어 인텐시브 수딩 리페어 크림 50ml 1+1 기획,"정제수, 다이프로필렌글라이콜, 세테아릴알코올, 프로판다이올, 폴리글리세릴-3메틸글루코오스다이스테아레이트, 피토스테릴이소스테아릴다이머디리놀리에이트, 부틸렌글라이콜, 카프릴릭/카프릭트라이글리세라이드, 시어버터, 다이카프릴릴에터, 나이아신아마이드, 글리세릴스테아레이트에스이, 펜틸렌글라이콜, 합성비즈왁스, 다이글리세린, 세틸에틸헥사노에이트, 비닐다이메티콘, 1,2-헥산다이올, 퀸즈랜드넛오일, 카카오추출물, 병풀잎추출물, 세테아릴올리베이트, 글리세린, 알란토인, 아시아티코사이드, 마데카식애씨드, 아시아틱애씨드, 아데노신, 폴리글리세릴-4올리에이트, 소듐스테아로일글루타메이트, 팔미토일트라이펩타이드-8, 솔비탄올리베이트, 하이드록시에틸아크릴레이트/소듐아크릴로일다이메틸타우레이트코폴리머, 잔탄검, 소듐서팩틴, 카보머, 트로메타민, 아이소펜틸다이올, 덱스트린, 덱스트란, 솔비탄아이소스테아레이트, 트라이소듐에틸렌다이아민다이석시네이트, 토코페롤, 페녹시에탄올, 황색4호 (CI 19140), 청색1호 (CI 42090)"
A000000255677,[수분진정/화잘먹] 메디큐브 PDRN 핑크 히알루로닉 수분크림 100ml 더블기획,"PDRN 수분크림 정제수, 글리세레스-26, 부틸렌글라이콜, 카프릴릭/카프릭트라이글리세라이드, 사이클로펜타실록세인, 1,2-헥산다이올, 나이아신아마이드, 하이드로제네이티드폴리데센, 아이소노닐아이소노나노에이트, 세테아릴올리베이트, 에틸헥실올리베이트, 글리세린, 솔비탄올리베이트, 소듐디엔에이(5,000PPM), 소듐아크릴레이트코폴리머, 소듐폴리아크릴로일다이메틸타우레 이트, 하이드록시에틸아크릴레이트/소듐아크릴로일다이메틸타우레이트코폴리머, 폴리글리세릴-4올리에이트, 다이소듐이디티에이, 베타인, 판테놀, 향료, 에틸헥실글리세린, 아데노신, 솔비탄아이소스테아레이트, 메도우폼씨오일, 글리세릴아크릴레이트/아크릴릭애씨드코폴리머, 시트릭애씨드, 사이아노코발아민, 하이드로제네이티드레시틴, 세테아릴알코올, 스테아릭애씨드, 소듐하이알루로네이트(1.02PPM), 하이드록시프로필트라이모늄하이알루로네이트(0.1PPM), 세라마이드엔피, 꿀풀추출물, 블래더랙추출물, 노니열매추출물, 여주열매추출물, 오크라열매추출물, 세라마이드엔에스, 소듐아세틸레이티드하이알루로네이트(0.01PPM), 하이드롤라이즈드하이알루로닉애씨드(0.01PPM), 병풀잎추출물, 콜레스테롤, 피토스핑고신, 세라마이드에이에스, 세라마이드에이피, 하이알루로닉애씨드(0.0025PPM), 카퍼트라이펩타이드-1, 소듐하이알루로네이트크로스폴리머(0.001PPM), 아세틸헥사펩타이드-8, 팔미토일펜타펩타이드-4, 하이드롤라이즈드소듐하이알루로네이트(0.001PPM), 팔미토일테트라펩타이드-7, 팔미토일트라이펩타이드-1, 포타슘하이알루로네이트(0.0002PPM), 세라마이드이오피"
A000000254747,에스트라 아토베리어365 하이드로 수딩크림 80ml 기획(토너25ml+클렌징폼30g),"정제수, 글리세린, 부틸렌글라이콜, 다이메티콘, 스쿠알란, 1,2-헥산다이올, 베타인, 세테아릴알코올, 암모늄아크릴로일다이메틸타우레이트/브이피코폴리머, 하이드로제네이티드쌀겨오일, 하이드로제네이티드레시틴, 폴리글리세릴-3메틸글루코오스다이스테아레이트, 폴리아크릴레이트크로스폴리머-6, 만니톨, 세틸-피지하이드록시에틸팔미타마이드, 스테아릭애씨드, 에틸헥실글리세린, 글리세릴카프릴레이트, 프로판다이올, 글리세릴스테아레이트, 소듐메타포스페이트, 세라마이드엔피, 카보머, 팔미틱애씨드, 실리카, 징크클로라이드, 콜레스테롤, 베타-글루칸, 스핑고리피드, 소듐하이알루로네이트, 하이드록시프로필메틸셀룰로오스, 미리스틱애씨드, 프로필렌글라이콜, 라우릭애씨드, 토코페롤"
A000000255981,[트러블피부 추천] 제로이드 핌프로브 레드 컨트롤 크림 pH4 80ml 기획 (+ 젤클렌저 25ml),"●핌프로브 크림 : 정제수, 글리세린, 카프릴릭/카프릭트라이글리세라이드, 호호바씨오일, 세테아릴알코올, 솔비탄스테아레이트, 1,2-헥산다이올, 스테아릭애씨드, 미리스토일/팔미토일옥소스테아라마이드/아라카마이드엠이에이, 글리세릴스테아레이트, 다이메티콘, 폴리글리세릴-6다이스테아레이트, 피토스테롤, 토코페릴아세테이트, 카보머, 호호바에스터, 올레아마이드엠이에이, 아크릴레이트/C10-30알킬아크릴레이트크로스폴리머, 폴리글리세릴-3비즈왁스, 세틸알코올, 암모늄아크릴로일다이메틸타우레이트/브이피코폴리머, 소듐하이알루로네이트, 잔탄검, 카프릴릴글라이콜 ● 젤 클렌저 : 정제수, 데실글루코사이드, 글리세린, 아이소펜틸다이올, 라우릴하이드록시설테인, 포타슘코코일글루타메이트, 소듐메틸코코일타우레이트, 소듐클로라이드, 1,2-헥산다이올, 잔탄검, 살리실릭애씨드, 하이드록시아세토페논, 소듐락테이트, 소듐글루코네이트, 판테놀, o-사이멘-5-올, 다이소듐이디티에이, 징크피씨에이, 미리스토일/팔미토일옥소스테아라마이드/아라카마이드엠이에이"
A000000249211,[조슈아PICK/1+1] 리얼베리어 익스트림 크림 70ml 1+1 기획,"정제수, 부틸렌글라이콜, 카프릴릭/카프릭트라이글리세라이드, 글리세린, 세테아릴알코올, 프로판다이올, 판테놀, 미리스토일/팔미토일옥소스테아라마이드/아라카마이드엠이에이, 글리세릴스테아레이트, 폴리글리세릴-10다이스테아레이트,다이메티콘, 솔비탄스테아레이트, 겨우살이열매추출물, 1, 2-헥산다이올, 메도우폼씨오일, 올리브오일, 하이드로제네이티드식물성오일, 자일리틸글루코사이드, 안하이드로자일리톨, 자일리톨, 글루코오스, 토코페릴아세테이트, 피토스테롤, 포스포리피드, 다이하이드록시아이소프로필팔모일팜아마이드, 비스-카프릴로일옥시팔미타미도아이소프로판올, 알란토인, 아세틸헵타펩타이드-4, 해바라기씨오일, 살비아오일, 광곽향오일, 소두구씨오일, 콘민트오일, 캐모마일꽃오일,멕시칸주니퍼오일, 바이오사카라이드검-1, 소듐하이알루로네이트, 아세틸다이펩타이드-1세틸에스터, 마데카소사이드, 스테아릭애씨드, 카보머, 카프릴릴글라이콜, 솔비탄라우레이트, 하이드록시에틸셀룰로오스, 소듐레불리네이트, 글리세릴카프릴레이트, p-아니식애씨드"
A000000174316,[시카입문추천] 라로슈포제 시카플라스트 밤B5+ 40ml,"정제수, 하이드로제네이티드폴리아이소부텐, 다이메티콘, 글리세린, 시어버터, 판테놀, 옥수수전분, 프로판다이올, 부틸렌글라이콜, 세틸피이지/피피지-10/1다이메티콘, 트라이하이드록시스테아린, 병풀잎추출물, 야콘뿌리즙, 징크글루코네이트, 마데카소사이드, 망가니즈글루코네이트, 알파-글루칸올리고사카라이드, 실리카, 알루미늄하이드록사이드, 마그네슘설페이트, 만노오스, 카프릴로일글라이신, 카프릴릴글라이콜, 비트레오스실라발효물, 시트릭애씨드, 트라이소듐에틸렌다이아민다이석시네이트, 락토바실러스, 아세틸레이티드글라이콜스테아레이트, 말토덱스트린, 폴리글리세릴-4아이소스테아레이트, 토코페롤, 펜타에리스리틸테트라-다이-t-부틸하이드록시하이드로신나메이트, 티타늄디옥사이드"
A000000255499,[2주만에기미감소16%] 쿠피 멜라스마 클리어 트라넥삼산 레몬수 기미크림 50ml,"레몬수, 정제수, 다이프로필렌글라이콜, 트라넥사믹애씨드, 글리세린, 올리브오일, 나이아신아마이드, 1,2-헥산다이올, 폴리솔 베이트60, 트라이에틸헥사노인, 스테아릭애씨드, 티타늄디옥사 이드, 카프릴릭/카프릭트라이글리세라이드, 세테아릴알코올, 잇꽃씨 오일, 다이메티콘, 수크로오스테트라아이소스테아레이트, 글리세릴 스테아레이트, 알부틴, 아크릴레이트/C10-30알킬아크릴레이트 크로스폴리머, 폴리글리세릴-4아이소스테아레이트, 폴리글리세릴-4카프레이트, 소듐폴리아크릴로일다이메틸타우레이트, 알지닌, 알란토인, 비사보롤, 하이드록시아세토페논, 하이드로제네이티드 폴리데센, 글루코오스, 아데노신, 트라이에톡시카프릴릴실레인, 알루미늄하이드록사이드, 부틸렌글라이콜, 카프릴릴글라이콜, 타마 린드씨검, 소듐폴리글루타메이트, 소듐하이알루로네이트, 폴릭애씨드, 아라키딕애씨드, 팔미틱애씨드, 하이드로제네이티드레시틴, 트라이데세스-10, 살리실릭애씨드, 아스코빅애씨드, 올레익애씨드, 하이드록시데실유비퀴논, 베타-글루칸, 에틸헥실글리세린, 디엔에이, 페녹시에탄올, 마카다미아씨추출물, 블랙커민씨추출물, 멕시칸치아씨추출물, 드럼스틱씨추출물, 잇꽃씨추출물, 마데카소사이드, 아시아티코사이드, 아시아틱애씨드, 마데카식애씨드, 카보머, 포타슘 솔베이트, 소듐메타바이설파이트, 바이오틴"
A000000222703,[수지 PICK / 수분광채크림] 아누아 피디알엔 히알루론산 100 수분 크림 60mL 기획 (+30mL),"정제수, 스쿠알란, 글리세린, 나이아신아마이드, 펜틸렌글라이콜, 1,2-헥산다이올, 소듐디엔에이, 하이드롤라이즈드콜라겐, 소듐하이알루로네이트, 인도멀구슬나무잎추출물, 하이드롤라이즈드하이알루로닉애씨드, 인도멀구슬나무꽃추출물, 아이비고드열매추출물, 하이알루로닉애씨드, 알로에베라꽃추출물, 가지열매추출물, 홀리바질잎추출물, 참산호말추출물, 울금뿌리추출물, 병풀잎추출물, 다이페닐실록시페닐트라이메티콘, 피씨에이다이메티콘, 부틸렌글라이콜, 프로판다이올, 암모늄아크릴로일다이메틸타우레이트/브이피코폴리머, 다이글리세린, 하이드록시에틸아크릴레이트/소듐아크릴로일다이메틸타우레이트코폴리머, 아크릴레이트/C10-30알킬아크릴레이트크로스폴리머, C12-20알킬글루코사이드, 메틸프로판다이올, 에틸헥실글리세린, 아데노신, 소듐파이테이트, 아미노메틸프로판다이올, 피브이엠/엠에이코폴리머, 마데카소사이드, C12-13알케스-9, 다이메틸실란올하이알루로네이트, 하이드롤라이즈드소듐하이알루로네이트, 아시아티코사이드, 포타슘하이알루로네이트, 하이드록시프로필트라이모늄하이알루로네이트, 소듐하이알루로네이트크로스폴리머, 소듐하이알루로네이트다이메틸실란올, 소듐아세틸레이티드하이알루로네이트, 베헤닐알코올, C14-22알코올, 카보머"
A000000228390,[청담샵톤업/멀티톤업] 잇츠스킨 시크릿 솔루션 웨딩 드레스 퓨어 크림 100ml,"정제수, 사이클로펜타실록세인, 사이클로헥사실록세인, 부틸렌글라이콜, 티타늄디옥사이드, 세틸피이지/피피지-10/1다이메티콘, 1,2-헥산다이올, 라벤더꽃수, 라즈베리추출물, 진주추출물, 데이지꽃추출물, 로우스위트블루베리추출물, 로즈마리추출물, 수레국화꽃수, 커먼자스민꽃추출물, 크랜베리추출물, 소듐클로라이드, 다이메티콘, 다이메티콘/비닐다이메티콘크로스폴리머, 카프릴릴글라이콜, 알루미늄하이드록사이드, 트라이에톡시카프릴릴실레인, 다이소듐이디티에이, 트라이에톡시실릴에틸폴리다이메틸실록시에틸헥실다이메티콘, 향료"
A000000182795,[1+1] 프리메라 알파인 베리 워터리 크림 리필기획/단품,"정제수, 글리세린, 부틸렌글라이콜, 스쿠알란, 비스-하이드록시에톡시프로필다이메티콘, 카프릴릭/카프릭/미리스틱/스테아릭트라이글리세라이드, 수크로오스폴리스테아레이트, 나이아신아마이드, 다이카프릴릴에터, 메틸트라이메티콘, 우레아, 펜타에리스리틸테트라에틸헥사노에이트, 1,2-헥산다이올, 글리세릴스테아레이트, 카카오씨버터, 폴리글리세릴-3메틸글루코오스다이스테아레이트, 스테아릭애씨드, 피토스테롤, 팔미틱애씨드, 하이드로제네이티드폴리아이소부텐, 하이드록시에틸아크릴레이트/소듐아크릴로일다이메틸타우레이트코폴리머, 세테아릴알코올, 아크릴레이트/C10-30알킬아크릴레이트크로스폴리머, 잔탄검, 글리세릴카프릴레이트, 트로메타민, 에틸헥실글리세린, 향료, 솔비탄아이소스테아레이트, 다이소듐이디티에이, 리모넨, 마데카소사이드, 서양산딸기추출물(40ppm), 리날룰, 미리스틱애씨드, 아라키딕애씨드, 토코페롤, 야생딸기잎추출물(5ppm), 돌콩오일"
A000000189248,[수분진정] 바이오힐보 판테셀 리페어시카 크림 50ml (단품/리필기획),"정제수, 판테놀(5%), 프로판다이올, 펜타에리스리틸테트라에틸헥사노에이트, 글리세린, 1,2-헥산다이올, 부틸렌글라이콜, 에틸헥실스테아레이트, 병풀추출물, 병풀잎추출물, 마데카소사이드, 베타-시토스테롤, 아시아티코사이드, 아세틸헥사펩타이드-8, 아스코빅애씨드폴리펩타이드, 아세틸옥타펩타이드-3, 아세틸테트라펩타이드-2, 아세틸테트라펩타이드-3, 아세틸테트라펩타이드-5, 아세틸테트라펩타이드-9, 카르노신, 카퍼트라이펩타이드-1, 노나펩타이드-1, 팔미토일펜타펩타이드-4, 팔미토일트라이펩타이드-1, 팔미토일트라이펩타이드-5, 칸디다 봄비콜라/글루코오스/메틸레이프씨데이트발효물, 해바라기씨오일, 메틸메타크릴레이트크로스폴리머, 펜틸렌글라이콜, 트라이에틸헥사노인, 다이카프릴릴카보네이트, 소듐폴리아크릴로일다이메틸타우레이트, 아크릴레이트/C10-30알킬아크릴레이트크로스폴리머, C12-20알킬글루코사이드, 다이포타슘글리시리제이트, 알란토인, 에틸헥실글리세린, 팔미틱애씨드, 글리세릴아크릴레이트/아크릴릭애씨드코폴리머, 하이드로제네이티드레시틴, 소듐파이테이트, 트로메타민, 다이프로필렌글라이콜, 글리세릴카프릴레이트, 토코페롤, 레시틴, 에스신, 시트릭애씨드, C14-22알코올, 세테아릴알코올, C12-16알코올, 카보머"
A000000178512,[화잘먹크림] 웰라쥬 리얼 히알루로닉 100 크림 50ml 더블 기획,"'하이드롤라이즈드하이알루로닉애씨드(500,000ppm), 정제수, 글리세린, 세테아릴알코올, 펜틸렌글라이콜, 카프릴릭/카프릭트라이글리세라이드, 스쿠알란 , 프로판다이올, 베타인 , 세테아릴올리베이트, 비닐다이메티콘, 코코-카프릴레이트/카프레이트, 아이소프로필미리스테이트, 시어버터, 폴리글리세릴-4카프레이트, 판테놀, 옥틸도데칸올, 알란토인, 부틸렌글라이콜, 글라이신, 알지닌, 히스티딘, 세린, 토코페롤, 벤질글라이콜 , 소듐스테아로일글루타메이트, 하이드롤라이즈드글라이코사미노글리칸, 아데노신, 소듐하이알루로네이트(100ppm), 소듐하이알루로네이트크로스폴리머(3.5ppb), 하이드록시프로필트라이모늄하이알루로네이트(0.42ppb), 하이알루로닉애씨드(0.035ppb), 소듐아세틸레이티드하이알루로네이트(0.007ppb), 나이아신아마이드, 세라마이드엔피, 스트렙토코쿠스 테르모필루스발효물, 다이포타슘글리시리제이트, 콜레스테롤, 솔비탄올리베이트, 수크로오스라우레이트, 비즈왁스, 팔미틱애씨드, 스테아릭애씨드, 하이드로제네이티드레시틴, 리솔레시틴, 폴리글리세릴-3폴리리시놀리에이트, 카보머, 잔탄검 , 트라이하이드록시스테아린, 인도멀구슬나무잎추출물, 인도멀구슬나무꽃추출물, 아이비고드열매추출물, 가지열매추출물, 홀리바질잎추출물, 울금뿌리추출물, 참산호말추출물, 하수오뿌리추출물, 스타아니스추출물, 에틸헥실글리세린, 카프릴릴글라이콜, 1,2-헥산다이올, 시트릭애씨드, 다이소듐이디티에이"
A000000249736,[색소침착/기미톤업제] 동국제약 멜라-셋 기미 토닝 크림 35g,"멜라셋 기미 토닝 크림 정제수, 세틸에틸헥사노에이트, 글리세린, 알부틴, 부틸렌글라이콜, 1,2-헥산다이올, 알파-알부틴, 다이메티콘, 세테아릴알코올, 다이카프릴릴카보네이트, 베타인, 세테아릴올리베이트, 메틸트라이메티콘, 솔비탄올리베이트, 폴리솔베이트60, 폴리아크릴레이트-13, 피이지-100스테아레이트, 글리세릴스테아레이트, 솔비탄세스퀴올리에이트, 카보머, 트로메타민, 폴리아이소부텐, 다이메티콘/비닐다이메티콘크로스폴리머, 하이드로제네이티드레시틴, 토코페롤, 판테놀, 프로판다이올, 스핑고모나스발효추출물, 에틸헥실글리세린, 폴리솔베이트20, 솔비탄아이소스테아레이트, 다이소듐이디티에이, 나이아신아마이드, 트라넥사믹애씨드, 폴리글리세릴-10올리에이트, 레시틴, 엑토인, 폴리글리세릴-10라우레이트, 폴리글리세릴-4카프레이트, 바쿠치올, 마데카식애씨드, 비파나무잎추출물, 아시아티코사이드, 비타민나무열매추출물, 아시아틱애씨드, 스피어민트추출물, 폴리글리세릴-10스테아레이트, 소듐아스코빌포스페이트, 피리독신, 바이오틴, 사이아노코발아민, 티아민에이치씨엘, 리보플라빈, 베타-카로틴"
A000000219716,[단독기획/5겹장벽크림] 파티온 노스카나인 트러블 크림 45ml 기획(+5ml+세럼 5ml),"정제수, 글리세린, 메도우폼씨오일, 카프릴릭/카프릭트라이글리세라이드, 비닐다이메티콘, 다이글리세린, 폴리글리세릴-3다이스테아레이트, 세테아릴알코올, 1,2-헥산다이올, 펜틸렌글라이콜, 클로렐라 불가리스추출물, 소듐헤파린, 쑥잎추출물, 병풀추출물, 펜타에리스리틸테트라에틸헥사노에이트, 하이드로제네이티드쌀겨오일, 하이드로제네이티드레시틴, 세테아릴올리베이트, 소듐스테아로일글루타메이트, 하이드록시에틸아크릴레이트/소듐아크릴로일다이메틸타우레이트코폴리머, 폴리글리세릴-2스테아레이트, 암모늄아크릴로일다이메틸타우레이트/브이피코폴리머, 아이소도데케인, 하이드록시아세토페논, 아크릴레이트/C10-30알킬아크릴레이트크로스폴리머, 글루코오스, 솔비탄올리베이트, 글리세릴스테아레이트, 판테놀, 글리세릴스테아레이트시트레이트, 부틸렌글라이콜, 프룩토올리고사카라이드, 프룩토오스, 스테아릭애씨드, 석시닉애씨드, 다이메티콘/비닐다이메티콘크로스폴리머, 비닐다이메티콘/메티콘실세스퀴옥세인크로스폴리머, 소듐파이테이트, 솔비탄아이소스테아레이트, 폴리글리세릴-10스테아레이트, 다이프로필렌글라이콜, 세라마이드엔피, 알란토인, 베타-글루칸, 폴리글리세릴-10라우레이트, 세라마이드엔에스, 콜레스테롤, 에틸헥실글리세린, 피토스핑고신, 세라마이드에이피, 세라마이드에이에스, 스쿠알란, 세라마이드이오피, 카프릴릴/카프릴글루코사이드, 스테아릴알코올, 잔탄검"
A000000247726,[한정기획] 메이크프렘 인테카 수딩크림 70ml 기획 (+크림 31ml*2+NMN 앰플 7ml),"[인테카 수딩 크림 / 본품] 정제수, 프로판다이올, 글리세린, 글리세릴글루코사이드, 1,2-헥산다이올, 카프릴릭/카프릭트라이글리세라이드, 하이드로제네이티드폴리데센, 나이아신아마이드, 부틸렌글라이콜, 솔비톨, 세테아릴올리베이트, 비닐다이메티콘, 솔비탄올리베이트, 카보머, 칸디다 봄비콜라/글루코오스/메틸레이프씨데이트발효물*, 해바라기씨오일*, 아시아티코사이드*, 아시아틱애씨드*, 마데카식애씨드*, 하이알루로닉애씨드, 하이드롤라이즈드하이알루로닉애씨드, 소듐하이알루로네이트, 다이프로필렌글라이콜*, 글리세릴스테아레이트에스이, 하이드로제네이티드레시틴, 트로메타민, 에틸헥실글리세린, 아데노신, 다이소듐이디티에이, 에톡시다이글라이콜* [NMN 퍼밍 엑스퍼트 앰플 / 증정] 정제수, 글리세린, 다이프로필렌글라이콜, 스쿠알란, 펜타에리스리틸테트라에틸헥사노에이트, 메틸트라이메티콘, 나이아신아마이드, 부틸렌글라이콜, 베타인, 니코틴아마이드모노뉴클레오타이드(10,000ppm), 메틸프로판다이올, 폴리솔베이트60, 글리세릴스테아레이트, 글리세릴스테아레이트에스이, 폴리메틸실세스퀴옥세인, 아라키딜알코올, C14-22알코올, 카보머, 베헤닐알코올, 알지닌, 하이드로제네이티드캐스터오일/세바식애씨드코폴리머, 아라키딜글루코사이드, 에틸헥실글리세린, C12-20알킬글루코사이드, 니코틴아마이드아데닌다이뉴클레오타이드, 알란토인, 판테놀, 카프릴하이드록사믹애씨드, 소듐아크릴레이트/소듐아크릴로일다이메틸타우레이트코폴리머, 폴리아이소부텐, 아데노신, 인도멀구슬나무꽃추출물, 1,2-헥산다이올, 홀리바질잎추출물, 덱스트린, 카카오추출물, 다이소듐이디티에이, 인도멀구슬나무잎추출물, 레몬밤잎추출물, 울금뿌리추출물, 레스베라트롤, 소듐하이알루로네이트, 참산호말추출물, 폴리쿼터늄-51, 카프릴릴/카프릴글루코사이드, 솔비탄올리에이트, 하이드롤라이즈드하이알루로닉애씨드, 소듐아세틸레이티드하이알루로네이트, 폴리솔베이트20, 트라이펩타이드-1, 헥사펩타이드 -9, 팔미토일트라이펩타이드-5, 팔미토일펜타펩타이드-4, 팔미토일테트라펩타이드-7"
A000000244953,[7월 올영픽/온라인추가증정] 라로슈포제 히알루 B5 수분탄력 크림 50ml 기획 (+3ml+히알루세럼10ml),"[히알루B5 크림] 정제수 글리세린 아이소헥사데칸 프로판다이올 변성알코올 아이소프로필아이소스테아레이트 판테놀 다이메티콘 옥틸도데칸올 베헤닐알코올 세틸알코올 갈랑가갈랑갈잎추출물 스테아릭애씨드 칼슘클로라이드 세테아릴알코올 세테아릴글루코사이드 피이지-100스테아레이트 소듐하이알루로네이트(0.2004%) 소듐하이드록사이드 알진 실리카 미리스틱애씨드 셀룰로오스 팔미틱애씨드 아데노신 암모늄폴리아크릴로일다이메틸타우레이트 다이소듐스테아로일글루타메이트 엑토인 하이드롤라이즈드하이알루로닉애씨드(0.0208%) 하이드록시아세토페논 카프릴릭/카프릭트라이글리세라이드 카프릴로일살리실릭애씨드 시트릭애씨드 라우레스-7 트라이소듐에틸렌다이아민다이석시네이트 아세틸글루코사민 잔탄검 펜틸렌글라이콜 파이틱애씨드 폴리아크릴아마이드 폴리엡실론-라이신 부틸렌글라이콜 1,2-헥산다이올 C13-14아이소알케인 페녹시에탄올 향료 [히알루B5 세럼] 정제수 글리세린 변성알코올 프로필렌글라이콜 판테놀 펜틸렌글라이콜 다이메티콘 피이지-6카프릴릭/카프릭글리세라이즈 갈랑가갈랑갈잎추출물 칼슘클로라이드 글리세릴아이소스테아레이트 마데카소사이드 피피지-6-데실테트라데세스-30 소듐아세틸레이티드하이알루로네이트(0.01%) 소듐하이알루로네이트(0.2004%) 알진 아데노신 암모늄폴리아크릴로일다이메틸타우레이트 프로판다이올 하이드롤라이즈드하이알루로닉애씨드(0.1208%) 하이드록시아세토페논 카프릴릭/카프릭트라이글리세라이드 카프릴릴글라이콜 시트릭애씨드 트라이소듐에틸렌다이아민다이석시네이트 아세틸글루코사민 잔탄검 부틸렌글라이콜 1,2-헥산다이올 토코페롤 페녹시에탄올 향료"
A000000259298,아비브 히알루로닉 붐 크림 워터튜브 75ml 더블 기획,"정제수, 글리세린, 메틸프로판다이올, 부틸렌글라이콜, 1,2-헥산다이올, 펜틸렌글라이콜, 다이글리세린, 글리세릴글루코사이드, 트레할로오스, 에틸헥실아이소노나노에이트, 카보머, 알지닌, 옥수수전분, 암모늄아크릴로일다이메틸타우레이트/브이피코폴리머, 소듐하이알루로네이트(1,145 ppm), 하이드록시에틸아크릴레이트/소듐아크릴로일다이메틸타우레이트코폴리머, 세라마이드엔피, 에리스리톨, 스테아릭애씨드, 에틸헥실글리세린, 잔탄검, 셀룰로오스, 하이드로제네이티드레시틴, 글루코오스, 소듐파이테이트, 피브이엠/엠에이코폴리머, 알란토인, 덱스트린, 하이알루로닉애씨드/폴리아이소프로필아크릴아마이드코폴리머(20 ppm), 치자추출물, 아세틸글루코사민, 엑토인, 판테놀, 자일로글루칸, 토코페롤, 수용성콜라겐"
A000000250254,[화잘먹/100시간수분] 아이소이 모이스춰 닥터 장수진 수분크림 50ml 1+1 기획 (+20ml),"정제수, 글리세린, 세틸에틸헥사노에이트, 카프릴릭/카프릭트라이글리세라이드, 베타인, 마카다미아씨오일, 소듐하이알루로네이트, 하이드롤라이즈드하이알루로닉애씨드, 하이알루로닉애씨드, 소듐하이알루로네이트크로스폴리머, 하이드롤라이즈드글라이코사미노글리칸, 티트리잎추출물, 쇠비름추출물, 약모밀추출물(어성초추출물), 판테놀, 피토스핑고신, 세라마이드엔피, 알지닌, 카보머, 흰버드나무껍질추출물, 오레가노잎추출물, 편백잎추출물, 락토바실러스/콩발효추출물, 육계나무껍질추출물, 잔탄검, 솔비탄세스퀴올리에이트, 자몽껍질오일, 부틸렌글라이콜, 1,2-헥산다이올, 프로판다이올, 포트마리골드꽃추출물, 황금추출물, 모란뿌리추출물, 스페인감초뿌리추출물, 하이드로제네이티드레시틴, 리모넨※ ※자연유래 에센셜 오일에 원래 포함된 성분입니다"
A000000199889,[조슈아PICK/화잘먹] 리얼베리어 익스트림 크림 라이트 70ml 기획 (+30ml),"정제수, 메틸프로판다이올, 카프릴릭/카프릭트라이글리세라이드, 사이클로펜타실록세인, 미리스토일/팔미토일옥소스테아라마이드/아라카마이드엠이에이, 판테놀(29,700 ppm), 솔비탄스테아레이트, 세테아릴알코올, 하이드록시에틸우레아, 식물성스쿠알란, 글리세릴스테아레이트시트레이트, 1,2-헥산다이올, 카놀라오일, 글리세린, 소듐아크릴릭애씨드/엠에이코폴리머, 카프릴릴글라이콜, 알지닌, 알란토인, 카보머, 토코페롤, 부틸렌글라이콜, 다이하이드록시아이소프로필팔모일팜아마이드, 피토스테롤, 잔탄검, 해바라기씨오일, 카프로일메틸세리네이트, 엑토인, 프로판다이올, 소듐하이알루로네이트, 소듐하이알루로네이트크로스폴리머, 하이드롤라이즈드글라이코사미노글리칸, 비스-카프릴로일옥시팔미타미도아이소프로판올, 마데카소사이드, 하이드롤라이즈드하이알루로닉애씨드, 광곽향오일, 살비아오일, 벤질글라이콜, 하이드록시프로필트라이모늄하이알루로네이트, 소두구씨오일, 캐모마일꽃오일, 콘민트오일, 베타-글루칸, 리놀레익애씨드, 멕시칸주니퍼오일, 소듐아세틸레이티드하이알루로네이트, 에틸헥실글리세린, 하이알루로닉애씨드, 라즈베리케톤"
A000000208331,바이오더마 시카비오 크림+ 40ml(딥 리페어 크림),"정제수, 카프릴릭/카프릭트라이글리세라이드, 글리세린, 폴리글리세릴-3폴리리시놀리에이트, 유채씨오일, 부틸렌글라이콜, 타피오카전분, 하이드로제네이티드유채씨오일, 자일로오스, 폴리글리세릴-3다이아이소스테아레이트, 호호바씨오일, 마그네슘설페이트, 펜틸렌글라이콜, 스쿠알란, 1,2-헥산다이올, 카프릴릴글라이콜, 소듐폴리글루타메이트, 소듐시트레이트, 잔탄검, 소듐하이알루로네이트, 토코페롤, 만니톨, 람노오스, 자일리톨, 아세틸다이펩타이드-1세틸에스터, 해바라기씨오일, 시트릭애씨드, 프룩토올리고사카라이드"
A000000257128,[텔레토비 콜라보] 구달 어성초 히알루론 수딩 크림 75ml 리필 기획 (+75ml) (+왕 스티커 3매),"정제수, 글리세린, 비닐다이메티콘, 부틸렌글라이콜, 카프릴릴메티콘, 다이프로필렌글라이콜, 1,2-헥산다이올, 펜틸렌글라이콜, 에리스리톨, 자일리톨, 어성초추출물(=약모밀추출물, 6,501ppm), 효모발효여과물, 소듐하이알루로네이트(102.1ppm), 편백오일, 유칼립투스잎오일, 하이드롤라이즈드하이알루로닉애씨드(0.15ppm), 하이알루로닉애씨드(0.1ppm), 칸디다 봄비콜라/글루코오스/메틸레이프씨데이트발효물, 포도씨오일, 병풀잎추출물, 산구절초추출물, 해바라기씨오일, 쇠비름추출물, 에틸헥실팔미테이트, 암모늄아크릴로일다이메틸타우레이트/브이피코폴리머, 솔비톨, 트로메타민, 아크릴레이트/C10-30알킬아크릴레이트크로스폴리머, 카프릴릭/카프릭트라이글리세라이드, 에틸헥실글리세린, 판테놀, 하이드로제네이티드레시틴, 소듐파이테이트, 세라마이드엔피, 베타-글루칸, 다발방패버섯추출물, 엑토인, 셀룰로오스, 폴리글루타믹애씨드, 하이알루로닉애씨드/폴리아이소프로필아크릴아마이드코폴리머(1ppm), 글리세릴카프릴레이트, 다이메틸실란올하이알루로네이트(0.15ppm), 하이드롤라이즈드소듐하이알루로네이트(0.15ppm), 포타슘하이알루로네이트(0.1ppm), 토코페롤, 하이드록시프로필트라이모늄하이알루로네이트(0.08ppm), 소듐하이알루로네이트크로스폴리머(0.08ppm), 프로판다이올, 소듐하이알루로네이트다이메틸실란올(0.05ppm), 소듐아세틸레이티드하이알루로네이트(0.04ppm), 폴리글리세릴-10아이소스테아레이트, 폴리글리세릴-10올리에이트, 스테아릭애씨드, 세라마이드엔에스, 콜레스테롤, 피토스핑고신, 세라마이드에이피, 세라마이드에이에스, 세라마이드이오피, 카보머, 세테아릴알코올"
A000000188751,[김재원 PICK] 몰바니 아티초크 카밍 케어 수딩 크림 100ml ,"정제수, 글리세린, 2,3-부탄다이올, 1,2-헥산다이올, 나이아신아마이드, C13-15알케인, 카프릴릭/카프릭트라이글리세라이드, 아티초크잎추출물, 인도멀구슬나무잎추출물, 인도멀구슬나무꽃추출물, 아이비고드열매추출물, 복령균핵추출물, 가지열매추출물, 울금뿌리추출물, 홀리바질잎추출물, 밤부사 불가리스싹추출물, 밤부사불가리스잎/줄기추출물, 참산호말추출물, 다시마추출물, 밤부사 불가리스수, 수용성콜라겐, 베타-글루칸, 소듐아크릴레이트코폴리머, 베타인, 암모늄아크릴로일다이메틸타우레이트/브이피코폴리머, 폴리 글리세릴-2스테아레이트, 글리세릴스테아레이트, 스테아릴알코올, 판테놀, 아크릴레이트 /C10-30알킬아크릴레이트크로스폴리머, 알지닌, 레시틴, 잔탄검, 알란토인, 다이포타슘글리시리제이트, 시트릭애씨드, 토코페롤, 아데노신, 구아검, 부틸렌글라이콜, 아가, 소듐시트레이트, 스쿠알란, 엑토인, 호박가루, 드럼스틱씨오일, 향료, 에틸헥실글리세린, 펜틸렌글라이콜, 카프릴릴글라이콜"
A000000260348,[4배속_응급진정/장벽강화]리쥬덱스 더마 리페어링 크림 20g(단품/기획),"정제수, 세테아릴알코올, 시어버터, 카프릴릭/카프릭트라이글리세라이드, 부틸렌글라이콜, 글리세린, 세테아릴올리베이트, 프로판다이올, 솔비탄올리베이트, 하이드롤라이즈드디엔에이, 세틸알코올, 베헤닐알코올, 다이메티콘, 글리세릴스테아레이트에스이, 글리세릴스테아레이트, 에틸헥실올리베이트, 잔탄검, 소듐아크릴레이트코폴리머, 세테아릴글루코사이드, 폴리글리세릴-4올리에이트, 토코페롤, 아데노신, 편백잎추출물, 다이소듐이디티에이, 판테놀, 1,2-헥산다이올, 병풀추출물, 마데카식애씨드, 아시아틱애씨드, 아시아티코사이드, 마데카소사이드, 에스에이치-올리고펩타이드-1"
A000000250188,[촉촉광채/올인원멀티케어] 가히 멀티밤 9g,"해바라기씨오일, 폴리글리세릴-2트라이아이소스테아레이트, 칸데릴라왁스, 사과씨오일, 스위트아몬드오일, 시어버터, 옥틸도데칸올, 쌀겨왁스, 파라핀, 마이크로크리스탈린왁스, 스쿠알란, 향료, 스테아릭애씨드, 그롬웰뿌리추출물, 토코페롤, 벤질살리실레이트, 유용성감초추출물, 아데노신, 하이드록시시트로넬알, 헥실신남알, 시트로넬올, 알파-아이소메틸아이오논, 바실러스발효물, 알칸나뿌리추출물, 쌀배아오일, 비에이치티, 오미자추출물, 치자추출물, 지치뿌리추출물, 울금뿌리추출물, 정제수, 카놀라오일, 타라열매추출물, 코토니추출물, 부틸렌글라이콜, 1,2-헥산다이올, 클로렐라 불가리스추출물, 당근씨오일, 하이드롤라이즈드콜라겐, 당근추출물, 베타-카로틴, 토코페릴아세테이트, 백미꽃추출물, 에틸헥실글리세린, 수용성프로테오글리칸, 접시꽃추출물, 소듐디엔에이"
A000000230799,[모공천재/화잘먹] 오드로이 모공수축 크림 모공요철 케어 100ml 더블기획 (+미스트앰플 30ml),"정제수, 부틸렌글라이콜, 글리세린, 1,2-헥산다이올, 마카다미아씨오일, 하이드로제네이티드폴리(C6-14올레핀), 다이카프릴릴카보네이트, 알지닌, 아크릴레이트/C10-30알킬아크릴레이트크로스폴리머, 글리세릴카프릴레이트, 세테아릴올리베이트, 스쿠알란, 솔비탄올리베이트, 하이드록시에틸아크릴레이트/소듐아크릴로일다이메틸타우레이트코폴리머, 해바라기씨오일, 알란토인, 완두콩추출물, 약모밀추출물, 토코페롤, 향료, 에난티아 클로란타껍질추출물, 다이포타슘글리시리제이트, 아데노신, 소듐글루코네이트, 시트릭애씨드, 블랙체리열매추출물, 펜틸렌글라이콜, 하이드롤라이즈드콜라겐, 올레아놀릭애씨드"
A000000206053,[수딩진정] 넘버즈인 1번 판토텐산 액티브 수딩크림 80ml 1+1 기획,"정제수, 부틸렌글라이콜, 글리세린, 나이아신아마이드, 세틸에틸헥사노에이트, 다이카프릴릴카보네이트, 1,2-헥산다이올, 펜틸렌글라이콜, 비닐다이메티콘, 병풀추출물, 클로렐라 불가리스추출물, 도둑놈의지팡이뿌리추출물, 인도멀구슬나무잎추출물, 인도멀구슬나무꽃추출물, 아이비고드열매추출물, 홀리바질잎추출물, 울금뿌리추출물, 알로에베라꽃추출물, 가지열매추출물, 참산호말추출물, 녹차추출물, 병풀잎추출물, 오카무라큰실말추출물, 흰버드나무껍질추출물, 약모밀추출물, 커피콩추출물, 베르가모트잎추출물, 소나무잎추출물, 알파-알부틴, 아르간커넬오일, 참깨오일, 사발팜열매추출물, 스페인감초뿌리추출물, 카프릴릴메티콘, 에리스리톨, 판테놀, 하이드록시에틸아크릴레이트/소듐아크릴로일다이메틸타우레이트코폴리머, 다이메티콘올, 폴리메틸실세스퀴옥세인, 아크릴레이트/C10-30알킬아크릴레이트크로스폴리머, 글루코오스, 트로메타민, 실리카, 프룩토올리고사카라이드, 프룩토오스, 에틸헥실글리세린, 소듐파이테이트, 글리세릴아크릴레이트/아크릴릭애씨드코폴리머, 카프릴릭/카프릭트라이글리세라이드, 하이드로제네이티드레시틴, 토코페롤, 데실글루코사이드, 판토테닉애씨드, 폴리글리세릴-4카프레이트, 폴리글리세릴-6카프릴레이트, 징크피씨에이, 메틸다이아이소프로필프로피온아마이드, 베타-시토스테롤, 잔탄검"
A000000187127,피지오겔 레드수딩 시카밸런스 크림 80ml 대용량,"정제수, 하이드로제네이티드폴리아이소부텐, 부틸렌글라이콜, 다이프로필렌글라이콜, 1,2-헥산다이올, 글리세린, 하이드로제네이티드폴리데센, 나이아신아마이드, 판테놀, 트레할로오스, 스쿠알란, 카프릴릭/카프릭트라이글리세라이드, 베타-글루칸, 폴리메틸실세스퀴옥세인, 솔비탄아이소스테아레이트, 아세타마이드엠이에이, 사코신, 팔미타마이드엠이에이, 세라마이드엔피, 하이드로제네이티드레시틴, 마데카소사이드(245 ppm), 아시아티코사이드(0.40 ppm), 마데카식애씨드(0.35 ppm), 아시아틱애씨드(0.25 ppm), 아크릴레이트/C10-30알킬아크릴레이트크로스폴리머, 하이드록시에틸아크릴레이트/소듐아크릴로일다이메틸타우레이트코폴리머, 글리세릴아크릴레이트/아크릴릭애씨드코폴리머, 트로메타민"
A000000249734,[압출후] 동국제약 마데카셀 센테카솔 연고(무향) 30g (의약외품),수집실패
A000000258860,[고현정 PICK]코이 플로우 리프팅 랩핑 크림 포어앤쿨 50g 기획 (+ 미니 20g),"정제수, 다이페닐실록시페닐트라이메티콘, 부틸렌글라이콜, 카프릴릭/카프릭트라이글리세라이드, 글리세린, 프로판다이올, 아이소노닐아이소노나노에이트, 나이아신아마이드, 1,2-헥산다이올, 자일리톨, 폴리글리세릴-10라우레이트, 폴리아크릴레이트크로스폴리머-6, 에리스리톨, 캐스터오일/아이피디아이코폴리머, 암모늄아크릴로일다이메틸타우레이트/브이피코폴리머, 아크릴레이트/C10-30알킬아크릴레이트크로스폴리머, 잔탄검, 트로메타민, 향료, 에틸헥실글리세린, 아데노신, 알지닌, 카보머, 다이소듐이디티에이, 덱스트린, t-부틸알코올, 레몬그라스추출물, 알로에베라잎추출물, 유칼립투스잎추출물, 콘민트추출물, 아모다이메티콘, 티트리잎오일, 치자추출물, 메도우폼씨오일, 회향씨추출물, 판테놀, 샤프란꽃추출물, 고수추출물, 병풀추출물, 소두구씨추출물, 매듭풀추출물, 레드신코나나무껍질추출물, 팔미토일트라이펩타이드-5, 글리세릴글루코사이드, 마누카잎추출물, 카프릴릴글라이콜, 토코페롤, 포도추출물, 소듐하이알루로네이트, 솔비탄라우레이트, 감나무잎추출물, 커피콩추출물, 잇꽃꽃추출물, 호장근뿌리추출물, 아텔로콜라겐, 데사미도콜라겐, 밤껍질추출물, 녹차추출물, 초피나무열매추출물, 하이드롤라이즈드콜라겐, 하이드록시에틸셀룰로오스, 아세틸다이펩타이드-1세틸에스터, 수용성콜라겐, 콜라겐, 콜라겐아미노산, 아세틸헥사펩타이드-1, 프로콜라겐, 소듐디엔에이, 아세틸옥타펩타이드-3, 테트라메틸아세틸옥타하이드로나프탈렌, 쿠마린, 터피네올, 리날릴아세테이트"
A000000249580,[트러블 피부 추천/약산성 장벽 케어] 제로이드 핌프로브 레드 컨트롤 크림 pH4 80ml,"정제수, 글리세린, 카프릴릭/카프릭트라이글리세라이드, 호호바씨오일, 세테아릴알코올, 솔비탄스테아레이트, 1,2-헥산다이올, 스테아릭애씨드, 미리스토일/팔미토일옥소스테아라마이드/아라카마이드엠이에이, 글리세릴스테아레이트, 다이메티콘, 폴리글리세릴-6다이스테아레이트, 피토스테롤, 토코페릴아세테이트, 카보머, 호호바에스터, 올레아마이드엠이에이, 아크릴레이트/C10-30알킬아크릴레이트크로스폴리머, 폴리글리세릴-3비즈왁스, 세틸알코올, 암모늄아크릴로일다이메틸타우레이트/브이피코폴리머, 소듐하이알루로네이트, 잔탄검, 카프릴릴글라이콜"
A000000166586,[대용량] 라운드랩 자작나무 수분 크림 120ml 대용량 기획(+패드 4매),"[본품 : 라운드랩 자작나무 수분 크림] 정제수, 글리세린, 아이소노닐아이소노나노에이트, 아이소도데케인, 1,2-헥산다이올, 펜틸렌글라이콜, 폴리데센, 자작나무수액(10,000ppm), 호호바에스터, 판테놀, 글리세릴글루코사이드, 아라비아고무나무검, 하이드롤라이즈드오크라추출물, 소듐하이알루로네이트, 하이알루로닉애씨드, 화이트루핀씨추출물, 드럼스틱씨추출물, 인도멀구슬나무잎추출물, 인도멀구슬나무꽃추출물, 아이비고드열매추출물, 알로에베라꽃추출물, 가지열매추출물, 홀리바질잎추출물, 참산호말추출물, 울금뿌리추출물, 아스코빅애씨드, 펜타에리스리틸테트라에틸헥사노에이트, 암모늄아크릴로일다이메틸타우레이트/브이피코폴리머, 폴리글리세릴-3메틸글루코오스다이스테아레이트, 아크릴레이트/C10-30알킬아크릴레이트크로스폴리머, 트로메타민, 글리세릴아크릴레이트/아크릴릭애씨드코폴리머, 에틸헥실글리세린, 아가, 다이포타슘글리시리제이트, 글리세릴카프릴레이트, 부틸렌글라이콜, 다이소듐이디티에이 [증정품 : 라운드랩 자작나무 수분 패드] 정제수, 다이프로필렌글라이콜, 글리세린, 자작나무수액(10,967ppm), 자일리틸글루코사이드, 안하이드로자일리톨, 자일리톨, 글루코오스, 다이포타슘글리시리제이트, 소듐하이알루로네이트, 판테놀, 글리세릴글루코사이드, 글리세릴카프릴레이트, 하이알루로닉애씨드, 하이드롤라이즈드하이알루로닉애씨드, 아스코빅애씨드, 알란토인, 1,2-헥산다이올, 알지닌, 헥실렌글라이콜, 하이드록시아세토페논, 다이소듐이디티에이, 잔탄검, 카보머"
A000000204308,[모공고민|화잘먹] 바이오힐보 프로바이오덤 콜라겐 리모델링 크림 [단품/증정기획],"정제수, 글리세린, 프로판다이올, 메틸프로판다이올, 페닐트라이메티콘, 락토바실러스발효물, 펜틸렌글라이콜, 콜라겐(40 ppm), 콜라겐추출물(40 ppm), 달맞이꽃꽃추출물, 당느릅나무뿌리추출물, 대왕소나무잎추출물, 칡뿌리추출물, 하이드로제네이티드레시틴, 피토스테롤, 비닐다이메티콘, 1,2-헥산다이올, 판테놀, 폴리메틸실세스퀴옥세인, 아라키딜알코올, 암모늄아크릴로일다이메틸타우레이트/브이피코폴리머, 하이드록시에틸아크릴레이트/소듐아크릴로일다이메틸타우레이트코폴리머, 베타인, 하이드록시아세토페논, 다이메티콘올, 스테아릭애씨드, 베헤닐알코올, 아라키딜글루코사이드, 에틸헥실글리세린, 세테아릴알코올, 아데노신, 아크릴레이트/C10-30알킬아크릴레이트크로스폴리머, 부틸렌글라이콜, 세라마이드엔피, 솔비탄아이소스테아레이트, 트로메타민, 3-O-에틸아스코빅애씨드, 잔탄검, 베타-글루칸, 하이드롤라이즈드옥수수전분, 글라이코사미노글리칸, 하이드롤라이즈드엘라스틴, 수크로오스, 사이아노코발아민, 프룩토올리고사카라이드, 토코페롤, 글루코노락톤, 카프릴로일살리실릭애씨드, 탄닉애씨드, 하이드록시프로필사이클로덱스트린, 프룩탄, 이눌린, 노나펩타이드-1, 다이펩타이드다이아미노부티로일벤질아마이드다이아세테이트, 아세틸헥사펩타이드-8, 카퍼트라이펩타이드-1, 카프릴릭/카프릭트라이글리세라이드, 트라이펩타이드-1, 팔미토일테트라펩타이드-7, 팔미토일트라이펩타이드-1, 팔미토일트라이펩타이드-5, 팔미토일펜타펩타이드-4, 팔미토일헥사펩타이드-12, 펜타펩타이드-3, 헥사펩타이드-9, 수크로오스다이스테아레이트, 향료"
A000000233614,[1+1/화잘먹] 이니스프리 그린티 수분크림 50ml 더블기획,"정제수, 프로판다이올, 글리세린, 스테아릴다이메티콘, 메틸트라이메티콘, 부틸렌글라이콜다이카프릴레이트/다이카프레이트, 펜타에리스리틸테트라에틸헥사노에이트, 녹차씨오일, 1,2-헥산다이올, 글리세릴폴리메타크릴레이트, 폴리메틸실세스퀴옥세인, 스쿠알란, 하이드록시에틸아크릴레이트/소듐아크릴로일다이메틸타우레이트코폴리머, 폴리글리세릴-3메틸글루코오스다이스테아레이트, 카보머, 트라이에틸시트레이트, 하이드로제네이티드레시틴, 콜레스테롤, 글리세릴스테아레이트, 트로메타민, 리모넨, 락토바실러스발효용해물, 하이알루로닉애씨드, 판테놀, 알란토인, 세테아릴알코올, 잔탄검, 글리세릴카프릴레이트, 소듐스테아로일글루타메이트, 부틸렌글라이콜, 에틸헥실글리세린, 다이소듐이디티에이, 레몬껍질오일, 솔비탄아이소스테아레이트, 녹차추출물, 마테잎추출물, 소듐하이알루로네이트, 마데카소사이드, 락틱애씨드, 시트랄, 덱스트린, 카카오추출물, 소두구씨오일, 스피어민트잎오일, 리날룰, 시트로넬라오일, 하이드롤라이즈드하이알루로닉애씨드, 갈바눔수지오일, 소듐하이알루로네이트크로스폴리머, 녹차씨추출물, 세라마이드엔피, 토코페롤, 피토스핑고신, 소듐아세틸레이티드하이알루로네이트"
A000000209747,제로이드 수딩 크림 80ml,"정제수, 글리세린, 프로판다이올, 카프릴릭/카프릭트라이글리세라이드, 솔비탄스테아레이트, 세테아릴알코올, 잇꽃씨오일, 글리세릴스테아레이트, 스테아릭애씨드, 다이메티콘, 미리스토일/팔미토일옥소스테아라마이드/아라카마이드엠이에이, 메틸카프로오일타이로지네이트, 피토스테롤, 토코페릴아세테이트, 비사보롤, 잔탄검, 소듐하이알루로네이트, 카보머, 알지닌, 1,2-헥산다이올, 카프릴릴글라이콜, 트로폴론"
A000000238929,[광채크림/NEW대용량] 차앤박 프로폴리스 앰플 액티브 샷 크림 75ml 2입,"정제수, 다이메티콘, 부틸렌글라이콜, 글리세린, 하이드로제네이티드폴리데센, 2,3-부탄다이올, 다이프로필렌글라이콜, 1,2-헥산다이올, 마카다미아씨오일, 트라이에틸헥사노인, 스테아릴알코올, 글리세릴스테아레이트, 판테놀, 피이지-40스테아레이트, 펜타에리스리틸테트라에틸헥사노에이트, 비스-피이지-18메틸에터다이메틸실레인, 프로폴리스추출물(1500ppm), 세라마이드엔피, 세테아릴알코올, 솔비탄스테아레이트, 하이드록시에틸피페라진에탄설포닉애씨드, 우레아, 세테아릴올리베이트, 피이지-100스테아레이트, 트로메타민, 팔미틱애씨드, 솔비탄올리베이트, 하이드로제네이티드레시틴, 아크릴레이트/C10-30알킬아크릴레이트크로스폴리머, 스테아릭애씨드, 다이메티콘/비닐다이메티콘크로스폴리머, 다이포타슘글리시리제이트, 효모발효여과물, 겨우살이추출물, 글라이코실트레할로오스, 암모늄아크릴로일다이메틸타우레이트/브이피코폴리머, 락토바실러스/콩발효추출물, 하이드로제네이티드스타치하이드롤리세이트, 카보머, 잔탄검, 티타늄디옥사이드(CI 77891), 띠뿌리추출물, 마이카, 아시아티코사이드, 트라이소듐이디티에이, 마데카식애씨드, 아시아틱애씨드, 적색산화철, 마데카소사이드, 더덕뿌리추출물, 무화과추출물, 레몬밤잎추출물, 석류추출물, 베타-글루칸, 토코페롤, 글리시레티닉애씨드, 알지닌글루타메이트, 센티드제라늄꽃오일, 시트로넬올, 제라니올, 리날룰, 시트랄"
A000000259494,[7월올영픽/1등진정] 파넬 시카마누 레드 리페어 크림 50ml 더블기획 (+세럼 15ml),"(크림) 정제수, 글리세린, 카프릴릭/카프릭트라이글리세라이드, 세테아릴알코올, 1,2-헥산다이올, 프로판다이올, 부틸렌글라이콜다이카프릴레이트/다이카프레이트, 폴리글리세린-3, 비닐다이메티콘, 하이드로제네이티드폴리데센, 판테놀, 스쿠알란, 세테아릴올리베이트, 솔비탄올리베이트, 글리세릴스테아레이트, 폴리아크릴레이트-13, 부틸렌글라이콜, 아크릴레이트/C10-30알킬아크릴레이트크로스폴리머, 하이드로제네이티드폴리아이소부텐, 병풀추출물(1,025 ppm), 잇꽃꽃추출물, 하이드록시에틸아크릴레이트/소듐아크릴로일다이메틸타우레이트코폴리머, 덱스트린, 알지닌, 에틸헥실글리세린, 치자추출물, 다이소듐이디티에이, 폴리글리세릴-10라우레이트, 2,3-부탄다이올, 에틸헥실팔미테이트, 카카오씨추출물, 칸디다 봄비콜라/글루코오스/메틸레이프씨데이트발효물, 솔비탄아이소스테아레이트, 불가리스쑥오일, 소듐하이알루로네이트, 라우릴글루코사이드, 올리브오일, 에톡시다이글라이콜, 하이드로제네이티드레시틴, 아시아티코사이드(42 ppm), 아시아틱애씨드(31.5 ppm), 마데카식애씨드(31.43 ppm), 마누카잎추출물(25 ppm), 꿀추출물(20 ppm), 락토바실러스발효물, 병풀꽃/잎/줄기추출물(10 ppm), 병풀뿌리추출물(10 ppm), 해바라기씨오일, 마데카소사이드(1.07 ppm), 멜라토닌, 셀필룸추출물, 테아닌, 소듐디엔에이 (세럼) 정제수, 부틸렌글라이콜, 글리세린, 1,2-헥산다이올, 카보머, 트로메타민, 폴리글리세릴-10라우레이트, 프로판다이올, 인도멀구슬나무잎추출물, 병풀추출물(744ppm), 카카오씨추출물, 에틸헥실글리세린, 불가리스쑥오일, 인도멀구슬나무꽃추출물, 덱스트린, 다이소듐이디티에이, 소듐폴리아크릴레이트, 펜틸렌글라이콜, 황련뿌리추출물, 락토바실러스발효물, 마누카잎추출물(20ppm), 마데카소사이드(20ppm), 데실글루코사이드, 카프릴릴글라이콜, 꿀추출물(900ppb), 메도우폼씨오일, 카프릴릭/카프릭트라이글리세라이드, 올리브오일, 하이드로제네이티드레시틴, 세라마이드엔피, 피토스핑고신, 멜라토닌"
A000000240908,[속건조수분크림] 메디큐브 PDRN 핑크 히알루로닉 수분크림 50ml 더블기획 (+앰플10ml),"PDRN 수분크림 정제수, 글리세레스-26, 부틸렌글라이콜, 카프릴릭/카프릭트라이글리세라이드, 사이클로펜타실록세인, 1,2-헥산다이올, 나이아신아마이드, 하이드로제네이티드폴리데센, 아이소노닐아이소노나노에이트, 세테아릴올리베이트, 에틸헥실올리베이트, 글리세린, 솔비탄올리베이트, 소듐디엔에이(5,000PPM), 소듐아크릴레이트코폴리머, 소듐폴리아크릴로일다이메틸타우레 이트, 하이드록시에틸아크릴레이트/소듐아크릴로일다이메틸타우레이트코폴리머, 폴리글리세릴-4올리에이트, 다이소듐이디티에이, 베타인, 판테놀, 향료, 에틸헥실글리세린, 아데노신, 솔비탄아이소스테아레이트, 메도우폼씨오일, 글리세릴아크릴레이트/아크릴릭애씨드코폴리머, 시트릭애씨드, 사이아노코발아민, 하이드로제네이티드레시틴, 세테아릴알코올, 스테아릭애씨드, 소듐하이알루로네이트(1.02PPM), 하이드록시프로필트라이모늄하이알루로네이트(0.1PPM), 세라마이드엔피, 꿀풀추출물, 블래더랙추출물, 노니열매추출물, 여주열매추출물, 오크라열매추출물, 세라마이드엔에스, 소듐아세틸레이티드하이알루로네이트(0.01PPM), 하이드롤라이즈드하이알루로닉애씨드(0.01PPM), 병풀잎추출물, 콜레스테롤, 피토스핑고신, 세라마이드에이에스, 세라마이드에이피, 하이알루로닉애씨드(0.0025PPM), 카퍼트라이펩타이드-1, 소듐하이알루로네이트크로스폴리머(0.001PPM), 아세틸헥사펩타이드-8, 팔미토일펜타펩타이드-4, 하이드롤라이즈드소듐하이알루로네이트(0.001PPM), 팔미토일테트라펩타이드-7, 팔미토일트라이펩타이드-1, 포타슘하이알루로네이트(0.0002PPM), 세라마이드이오피 pdrn 앰플 정제수,글리세린,다이프로필렌글라이콜,아이소프로필미리스테이트,글리세레스-26,나이아신아마이드,1,2-헥산다이올,소듐디엔에이,부틸렌글라이콜,폴리글리세린-3,소듐아크릴레이트/소듐아크릴로일다이메틸타우레이트코폴리머,폴리아이소부텐,아크릴레이트/C10-30알킬아크릴레이트크로스폴리머,이리추출물,트로메타민,글리세릴아크릴레이트/아크릴릭애씨드코폴리머,피브이엠/엠에이코폴리머,에틸헥실글리세린,카프릴릴글라이콜,향료,인도멀구슬나무잎추출물,아데노신,카프릴릴/카프릴글루코사이드,솔비탄올리에이트,인도멀구슬나무꽃추출물,소듐하이알루로네이트,다이소듐이디티에이,울금뿌리추출물,사이아노코발아민,하이드롤라이즈드콜라겐,유비퀴논,홀리바질잎추출물,참산호말추출물,팔미토일펜타펩타이드-4,팔미토일트라이펩타이드-1,팔미토일테트라펩타이드-7,카퍼트라이펩타이드-1,아세틸헥사펩타이드-8,연어알추출물,아텔로콜라겐"
A000000258935,리쥬란 더마 힐러 포어 타이트닝 크림 50ml(+포어 앰플 10ml 증정)/50ml 단품,"본품:정제수, 글리세린, 부틸렌글라이콜, 프로판다이올, 1,2-헥산다이올, 네오펜틸글라이콜다이헵타노에이트, 나이아신아마이드, 베타인, 에틸헥실팔미테이트, 펜틸렌글라이콜, 암모늄아크릴로일다이메틸타우레이트/브이피코폴리머, 다이메티콘, 카프릴릭/카프릭트라이글리세라이드, 카보머, 세테아릴올리베이트, 트로메타민, 세테아릴알코올, 하이드롤라이즈드디엔에이, 솔비탄올리베이트, 세라마이드엔피, 트레할로오스, 하이드롤라이즈드콩단백질, 하이드롤라이즈드엘라스틴, 소듐하이알루로네이트, 하이알루로닉애씨드, 하이드롤라이즈드하이알루로닉애씨드, 아데노신, 하이드로제네이티드레시틴, 에틸헥실글리세린, 잔탄검, 폴리글루타믹애씨드, 아세틸테트라펩타이드-2, 카르노신, 포트마리골드꽃추출물, 칼메그추출물, 다이소듐이디티에이 증정품:정제수, 부틸렌글라이콜, 글리세린, 알로에베라잎즙, 오이열매추출물, 나이아신아마이드, 1,2-헥산다이올, 버지니아풍년화추출물, 글루코노락톤, 락틱애씨드, 하이드롤라이즈드디엔에이, 다이프로필렌글라이콜, 카프릴릭/카프릭트라이글리세라이드, 글라이콜릭애씨드, 소듐하이드록사이드, 소듐하이알루로네이트, 잔탄검, 귀리커넬추출물, 포트마리골드추출물, 프로판다이올,카라멜, 흰버드나무껍질추출물, 라미나리아 오크롤레우카추출물, 살리실릭애씨드, 알란토인, 다이소듐이디티에이, 에틸헥실글리세린, 아라비아고무나무검, 아데노신, 펜틸렌글라이콜, 소듐만노오스포스페이트, 만노오스, 라이신, 베르가모트오일, 라벤더오일, 프롤린, 카퍼설페이트, 서양톱풀추출물, 카프릴로일살리실릭애씨드, 자몽껍질오일"
A000000229455,셀라딕스 트러블 세라 캡슐 131 크림 95ml,"정제수, 부틸렌글라이콜, 다이프로필렌글라이콜, 글리세린, 1,2-헥산다이올, 만니톨, 프로판다이올, 아라키딜알코올, 카보머, 트로메타민, 베헤닐알코올, 글리세레스-26, 아라키딜글루코사이드, 하이드로제네이티드올리브오일불검화물, 에틸헥실글리세린, 하이드로제네이티드폴리이소부텐, 세라마이드엔피, 다이소듐이디티에이, 하이드록시에틸셀룰로오스, 알란토인, 나이아신아마이드, 하이알루로닉애씨드, 하이드롤라이즈드하이알루로닉애씨드, 판테놀, 소듐하이알루로네이트, 호호바에스터, 하이드롤라이즈드콜라겐, 아세틸헥사펩타이드-8, 카프릴릴/카프릴트라이글리세라이드, 토코페롤, 스쿠알란, 리놀레익애씨드, 유칼립투스잎추출물, 프로필렌글라이콜, 올리브잎세포추출물, 황금추출물, 팔미틱애씨드, 피토스테롤, 폴리리신, 스테아릭애씨드, 리놀렌익애씨드"
A000000210054,아누아 복숭아 나이아신아마이드 인리치드 크림 50mL,"복숭아수(77%), 글리세린, 메틸프로판다이올, 나이아신아마이드(2%), 1,2-헥산다이올, 아이소도데케인, 락토바실러스발효물, 프로판다이올, 판테놀, 폴리글리세릴-3메틸글루코오스다이스테아레이트, 폴리메틸실세스퀴옥세인, 하이드로제네이티드폴리데센, 황련뿌리추출물, 복숭아추출물(40ppm),복사나무꽃추출물(10ppm), 소듐하이알루로네이트, 수용성콜라겐, 호호바에스터, 비닐다이메티콘, 암모늄아크릴로일다이메틸타우레이트/브이피코폴리머, 정제수, 다이메티콘올, 아크릴레이트/C10-30알킬아크릴레이트크로스폴리머, 하이드록시아세토페논, 트로메타민, 에틸헥실글리세린, 부틸렌글라이콜, 아데노신, 다이소듐이디티에이, 사이아노코발아민, 효모발효여과물, 토코페롤, 세라마이드엔피, 펙틴, 말토덱스트린, 하이드롤라이즈드식물성단백질, 갈락토미세스발효여과물, 비피다발효용해물, 향료"
A000000258830,[7월올영픽/화잘먹크림] 피지오겔 DMT 리제너러티브 크림 100ml 기획(+토너 50ml),"[피지오겔 DMT 리제너러티브 크림] 정제수, 글리세린, 펜틸렌글라이콜, 카프릴릭/카프릭트라이글리세라이드, 코코-카프릴레이트/카프레이트, 세테아릴알코올, 아라키딜알코올, 스쿠알란, 메틸트라이메티콘, 판테놀, 베헤닐알코올, 시어버터, 피토스테릴/이소스테아릴/세틸/스테아릴/베헤닐다이머디리놀리에이트, 오일팜오일, 하이드록시에틸아크릴레이트/소듐아크릴로일다이메틸타우레이트코폴리머, 아라키딜글루코사이드, 1,2-헥산다이올, 폴리아크릴레이트크로스폴리머-6, 하이드로제네이티드레시틴, 오일팜커넬오일, 베헤닉애씨드, 아이소스테아릴아이소스테아레이트, 카보머, 소듐카보머, 세라마이드엔피, 아데노신, 콜레스테롤, 소듐하이알루로네이트, 솔비탄아이소스테아레이트, 나이아신아마이드, 팔미틱애씨드, 스테아릭애씨드, 토코페롤, 2,3-부탄다이올, 글리세릴스테아레이트, 세라마이드에이피, 세라마이드엔지, 세라마이드이오피, 다이프로필렌글라이콜, 하이알루로닉애씨드 [피지오겔 DMT 에센스 인 토너] 정제수, 다이프로필렌글라이콜, 글리세린, 1,2-헥산다이올, 헥실데실에틸헥사노에이트, 펜타에리스리틸테트라에틸헥사노에이트, 변성알코올, 베타인, 사이클로펜타실록세인, 아크릴레이트/C10-30알킬아크릴레이트크로스폴리머, 트로메타민, 다이메티콘,피토스테롤, 소듐하이알루로네이트, 트라이소듐이디티에이, 세린, 소듐피씨에이, 하이드록시에틸우레아, 알지닌, 카프릴릭/카프릭트라이글리세라이드, 스쿠알란"
A000000259039,[UPGRADE] 이니스프리 레티놀 시카 모공 흔적 크림 50ml 기획(+30ml),"병풀잎수(66.85%), 부틸렌글라이콜, 글리세린, 카프릴릭/카프릭트라이글리세라이드, 나이아신아마이드, 다이카프릴릴에터, 1,2-헥산다이올, 메틸트라이메티콘, 판테놀, 다이에톡시에틸석시네이트,다이페닐다이메티콘, 정제수, 글리세릴폴리메타크릴레이트, 세테아릴올리베이트, 하이드록시에틸아크 릴레이트/소듐아크릴로일다이메틸타우레이트코폴리머, 폴리메틸실세스퀴옥세인, 하이드로제네이티드 레시틴,솔비탄올리베이트, 아크릴레이트/C10-30알킬아크릴레이트크로스폴리머, 알란토인, 트로메타 민, 에틸헥실글리세린, 세테아릴알코올, 돌콩오일, 토코페롤, 글리세릴카프릴레이트, 토코페릴아세테이 트, 다이포타슘글리시리제이트,피토스테롤, 해바라기씨오일, 다이메틸아이소소바이드, 아데노신, 솔비 탄아이소스테아레이트, 세테아릴글루코사이드, 폴리글리세릴-6카프릴레이트, 당근추출물, 소듐메타포 스페이트, 레티놀(500IU/g), 하이알루로닉애씨드, 세라마이드엔피,엑토인, 하이드록시피나콜론레티노 에이트, 레틴알, 폴리글리세릴-10라우레이트, 풀루란, 소듐하이알루로네이트, 베타-카로틴, 프로판다이 올, 병풀추출물(1ppm),글라이코프로테인, 프로필렌글라이콜, 제인, 글리세릴올리에이트, 레시틴, 라우 릴글루코사이드,하이드롤라이즈드하이알루로닉애씨드, 폴리글리세릴-6라우레이트, 미리스틸글루코 사이드, 펙틴, 소듐하이알루로네이트크로스폴리머, 소듐트라이메타포스페이트, 잔탄검, 소듐아세틸레 이티드하이알루로네이트*3X RETINOL COMPLEX 0.5%: 레티놀 500IU/g, 레틴알 0.005%, 하이드록시피나콜론레티노에이트 0.005%"
A000000251937,[20ml 증정/붉은기완화] 세타필 시카 세라 장벽 크림 45ml,"정제수, 카프릴릭/카프릭 트리글리세라이드, 글리세린, 프로판디올, 해바라기씨오일, 펜틸렌글라이콜, 다이메티콘, 시어버터, 세테아릴알콜, 베헤닐알콜, 글리세릴스테아레이트, 토코페릴아세테이트, 세틸알콜, 나이아신아마이드, 글리세릴스테아레이트시트레이트, 다이소듐에틸렌다이코카마이드피이지-15다이설페이트, 카프릴릴글라이콜, 카페인, 세테아레스-20, 판테놀, 알란토인, 병풀잎추출물0.2%, 아크릴레이트/C10-30알킬아크릴레이트크로스폴리머, 다이소듐이디티에이, 잔탄검, 세라마이드엔피, 소듐하이알루로네이트, 소듐하이드록사이드, 판토락톤, 시트릭애씨드"
A000000168360,[아랑 PICK] 낫츠 센텔라스카 연고 일랑일랑 15g,수집실패
A000000225409,아누아 어성초 센텔라 레드 스팟 크림 30g,"정제수, 약모밀꽃/잎/줄기수(7%), 글리세린, 부틸렌글라이콜, 판테놀, 2,3-부탄다이올 다이카프릴릴카보네이트, 메틸트라이메티콘, 나이아신아마이드, 1,2-헥산다이올, 펜틸 렌글라이콜, 스쿠알란, 세테아릴올리베이트, 솔비탄올리베이트, 하이드로제네이티드 올리브오일데실에스터, 칸디다 봄비콜라/글루코오스/메틸레이프씨데이트발효물, 올 리브오일불검화물, 인도멀구슬나무잎추출물, 인도멀구슬나무꽃추출물, 홀리바질잎 추출물, 마카다미아씨오일, 울금뿌리추출물, 참산호말추출물, 솔비톨, 다이페닐실록 시페닐트라이메티콘, 수크로오스폴리스테아레이트, 하이드로제네이티드폴리아이소 부텐, 폴리C10-30알킬아크릴레이트, 스테아릴다이메티콘, 세틸팔미테이트, 아크릴 레이트/C10-30알킬아크릴레이트크로스폴리머, 폴리글리세릴-3다이스테아레이트, 하이드록시에틸아크릴레이트/소듐아크릴로일다이메틸타우레이트코폴리머, 솔비탄 팔미테이트, 아미노메틸프로판다이올, 셀룰로오스, 글리세릴스테아레이트, 소듐아크 릴레이트/소듐아크릴로일다이메틸타우레이트코폴리머, 폴리아이소부텐, 폴리글리세 릴-6카프릴레이트, 하이드로제네이티드레시틴, 에틸헥실글리세린, 폴리글리세릴-4카 프레이트, 아데노신, 소듐파이테이트, 솔비탄아이소스테아레이트, 글리세릴스테아레이 트시트레이트, 베타-시토스테롤, 알란토인, 카프릴릴/카프릴글루코사이드, 솔비탄올리 에이트, 마데카식애씨드(66ppm), 아시아티코사이드(36ppm), 마데카소사이드(36ppm), 피토스테롤, 스테아릭애씨드, 아시아틱애씨드(18ppm), 토코페롤, 세라마이드엔피, 콜레스테롤, 피토스핑고신, 세라마이드엔지, 세라마이드엔에스, 세라마이드에이피, 세라마이드에이에스, 세라마이드이오피, 세테아릴알코올"
A000000231638,[트러블진정] 디오디너리 설퍼 10% 파우더-투-크림 컨센트레이트 5g,"글리세린, 프로판다이올, 실리카실릴레이트, 황(10%), 정제수, 카르니틴, 나이아신아마이드, 아라비아고무나무검, 카올린, 폴리라이신, 시트릭애씨드, 소듐시트레이트, 에틸헥실글리세린, 페녹시에탄올, 클로페네신."
A000000228255,더마팩토리 바쿠치올 1% 크림 30g,"비피다발효용해물, 부틸렌글라이콜, 글리세린, 폴리글리세릴-3다이스테아레이트, 세틸에틸헥사노에이트, 스쿠알란, 페닐트라이메티콘, 카프릴릭/카프릭트라이글리세라이드, 세테아릴알코올, 1,2-헥산다이올, 바쿠치올, 시어버터, 글리세릴스테아레이트시트레이트, 하이드록시프로필스타치포스페이트, 아크릴레이트/C10-30알킬아크릴레이트크로스폴리머, 하이드록시에틸아크릴레이트/소듐아크릴로일다이메틸타우레이트코폴리머, 트로메타민, 에틸헥실글리세린, 아데노신, 다이소듐이디티에이, 카카오추출물, 정제수, 솔비탄아이소스테아레이트, 덱스트린"
A000000224147,[최다증정|기프트] 바이오힐보 프로바이오덤 3D리프팅 스킨케어 3종세트(토너+에멀전+크림),"[에센셜 토너] 정제수, 글리세린, 글리세레스-26, 부틸렌글라이콜, 펜틸렌글라이콜, 폴리글리세린-3, 락토바실러스발효용해물, 락토바실러스발효물, 프룩토올리고사카라이드, 프룩탄, 이눌린, 판테놀, 베타인, 베타-글루칸, 아데노신, 사포닌, 수용성프로테오글리칸, 노나펩타이드-1, 아세틸테트라펩타이드-9, 아세틸테트라펩타이드-5, 아세틸헥사펩타이드-1, 아세틸헥사펩타이드-8, 팔미토일트라이펩타이드-8, 다이펩타이드다이아미노부티로일벤질아마이드다이아세테이트, 카퍼트라이펩타이드-1, 트라이펩타이드-1, 팔미토일테트라펩타이드-7, 팔미토일트라이펩타이드-1, 팔미토일트라이펩타이드-5, 팔미토일펜타펩타이드-4, 팔미토일헥사펩타이드-12, 펜타펩타이드-3, 헥사펩타이드-9, 올리고펩타이드-2, 실버위드추출물, 무화과추출물, 병풀추출물, 귀리커넬추출물, 아티초크잎추출물, 메도우폼씨오일, 하이드로제네이티드레시틴, 녹차수, C12-14파레스-12, 아크릴레이트/C10-30알킬아크릴레이트크로스폴리머, 트로메타민, 에틸헥실글리세린, 폴리글리세릴-10스테아레이트, 암모늄아크릴로일다이메틸타우레이트/브이피코폴리머, 다이포타슘글리시리제이트, 메틸프로판다이올, 1,2-헥산다이올, 소듐파이테이트, 글리세릴폴리메타크릴레이트, 폴리쿼터늄-51, 세라마이드엔피, 말토덱스트린, 토코페롤, 프로판다이올, 알진, 바이오사카라이드검-4, 잔탄검, 수크로오스다이스테아레이트, 카프릴릭/카프릭트라이글리세라이드, 소듐포스페이트, 카프릴릴글라이콜, 하이드록시프로필사이클로덱스트린, 미네랄솔트, 덱스트란, 다이소듐포스페이트, 향료 [에멀전] 정제수, 락토바실러스발효용해물, 부틸렌글라이콜, 글리세린, 1,2-헥산다이올, 옥틸도데실미리스테이트, 카프릴릴메티콘, 하이드로제네이티드폴리(C6-14올레핀), 베타인, 락토바실러스발효물, 프룩토올리고사카라이드, 프룩탄, 이눌린, 판테놀, 베타-글루칸, 아데노신, 사포닌, 수용성프로테오글리칸, 노나펩타이드-1, 아세틸테트라펩타이드-9, 아세틸테트라펩타이드-5, 아세틸헥사펩타이드-1, 아세틸헥사펩타이드-8, 팔미토일트라이펩타이드-8, 다이펩타이드다이아미노부티로일벤질아마이드다이아세테이트, 카퍼트라이펩타이드-1, 트라이펩타이드-1, 팔미토일테트라펩타이드-7, 팔미토일트라이펩타이드-1, 팔미토일트라이펩타이드-5, 팔미토일펜타펩타이드-4, 팔미토일헥사펩타이드-12, 펜타펩타이드-3, 헥사펩타이드-9, 올리고펩타이드-2, 참마뿌리추출물, 펜틸렌글라이콜, 폴리글리세릴-3메틸글루코오스다이스테아레이트, 글리세릴스테아레이트, 세틸에틸헥사노에이트, 비스-다이글리세릴폴리아실아디페이트-2, 카프릴릭/카프릭트라이글리세라이드, 비닐다이메티콘, 하이드록시에틸아크릴레이트/소듐아크릴로일다이메틸타우레이트코폴리머, 팔미틱애씨드, 스테아릭애씨드, 다이메티콘올, 에틸헥실글리세린, 카보머, 잔탄검, 하이드로제네이티드채종유, 트로메타민, 솔비탄아이소스테아레이트, 말토덱스트린, 프로판다이올, 알진, 바이오사카라이드검-4, 세테아릴글루코사이드, 세테아릴알코올, 소듐폴리아크릴레이트, 소듐스테아로일글루타메이트, 토코페롤, 미네랄솔트, 하이드롤라이즈드옥수수전분, 소듐포스페이트, 카프릴릴글라이콜, 수크로오스, 덱스트란, 다이소듐포스페이트, 향료 [크림} 정제수, 락토바실러스발효용해물, 글리세린, 카프릴릭/카프릭트라이글리세라이드, 다이아이소스테아릴말레이트, 세테아릴알코올, 세테아릴올리베이트, 락토바실러스발효물, 프룩토올리고사카라이드, 프룩탄, 이눌린, 판테놀, 베타인, 베타-글루칸, 아데노신, 사포닌, 수용성프로테오글리칸, 아세틸테트라펩타이드-5, 노나펩타이드-1, 아세틸테트라펩타이드-9, 아세틸헥사펩타이드-1, 아세틸헥사펩타이드-8, 팔미토일트라이펩타이드-8, 다이펩타이드다이아미노부티로일벤질아마이드다이아세테이트, 카퍼트라이펩타이드-1, 트라이펩타이드-1, 팔미토일테트라펩타이드-7, 팔미토일트라이펩타이드-1, 팔미토일트라이펩타이드-5, 팔미토일펜타펩타이드-4, 팔미토일헥사펩타이드-12, 펜타펩타이드-3, 헥사펩타이드-9, 올리고펩타이드-2, 다시마추출물, 한련초잎추출물, 맥아추출물, 오일팜오일, 하이드로제네이티드레시틴, 폴리글리세린-3, 폴리메틸실세스퀴옥세인, 피토스테릴/베헤닐/옥틸도데실라우로일글루타메이트, 솔비탄올리베이트, 스테아릴다이메티콘, 1,2-헥산다이올, 부틸렌글라이콜, 비닐다이메티콘, 암모늄아크릴로일다이메틸타우레이트/브이피코폴리머, 하이드록시에틸아크릴레이트/소듐아크릴로일다이메틸타우레이트코폴리머, 다이메티콘/비닐다이메티콘크로스폴리머, 하이드록시아세토페논, 옥타데센, 칸데릴라왁스, 다이프로필렌글라이콜, 폴리아크릴레이트-13, 에틸헥실글리세린, 잔탄검, 글리세릴아크릴레이트/아크릴릭애씨드코폴리머, 하이드로제네이티드폴리아이소부텐, 솔비탄아이소스테아레이트, 폴리글리세릴-10미리스테이트, 다이소듐이디티에이, 폴리글리세릴-10라우레이트, 에틸헥실팔미테이트, 하이드롤라이즈드하이알루로닉애씨드, 사이아노코발아민, 알지닌, 카보머, 말토덱스트린, 토코페롤, 프로판다이올, 소듐포스페이트, 카프릴릴글라이콜, 알진, 바이오사카라이드검-4, 덱스트란, 미네랄솔트, 다이소듐포스페이트, 향료 [아이앤링클크림] 정제수, 락토바실러스발효용해물, 글리세린, 카프릴릭/카프릭트라이글리세라이드, 다이아이소스테아릴말레이트, 세테아릴알코올, 세테아릴올리베이트, 락토바실러스발효물, 프룩토올리고사카라이드, 프룩탄, 이눌린, 판테놀, 베타인, 베타-글루칸, 아데노신, 사포닌, 수용성프로테오글리칸, 아세틸테트라펩타이드-5, 노나펩타이드-1, 아세틸테트라펩타이드-9, 아세틸헥사펩타이드-1, 아세틸헥사펩타이드-8, 팔미토일트라이펩타이드-8, 다이펩타이드다이아미노부티로일벤질아마이드다이아세테이트, 카퍼트라이펩타이드-1, 트라이펩타이드-1, 팔미토일테트라펩타이드-7, 팔미토일트라이펩타이드-1, 팔미토일트라이펩타이드-5, 팔미토일펜타펩타이드-4, 팔미토일헥사펩타이드-12, 펜타펩타이드-3, 헥사펩타이드-9, 올리고펩타이드-2, 다시마추출물, 한련초잎추출물, 맥아추출물, 오일팜오일, 하이드로제네이티드레시틴, 폴리글리세린-3, 폴리메틸실세스퀴옥세인, 피토스테릴/베헤닐/옥틸도데실라우로일글루타메이트, 솔비탄올리베이트, 스테아릴다이메티콘, 1,2-헥산다이올, 부틸렌글라이콜, 비닐다이메티콘, 암모늄아크릴로일다이메틸타우레이트/브이피코폴리머, 하이드록시에틸아크릴레이트/소듐아크릴로일다이메틸타우레이트코폴리머, 다이메티콘/비닐다이메티콘크로스폴리머, 하이드록시아세토페논, 옥타데센, 칸데릴라왁스, 다이프로필렌글라이콜, 폴리아크릴레이트-13, 에틸헥실글리세린, 잔탄검, 글리세릴아크릴레이트/아크릴릭애씨드코폴리머, 하이드로제네이티드폴리아이소부텐, 솔비탄아이소스테아레이트, 폴리글리세릴-10미리스테이트, 다이소듐이디티에이, 폴리글리세릴-10라우레이트, 에틸헥실팔미테이트, 하이드롤라이즈드하이알루로닉애씨드, 사이아노코발아민, 알지닌, 카보머, 말토덱스트린, 토코페롤, 프로판다이올, 소듐포스페이트, 카프릴릴글라이콜, 알진, 바이오사카라이드검-4, 덱스트란, 미네랄솔트, 다이소듐포스페이트, 향료 [크림마스크] 정제수, 글리세린, 메틸프로판다이올, 카프릴릭/카프릭트라이글리세라이드, 세틸에틸헥사노에이트, 다이프로필렌글라이콜, 락토바실러스발효물, 소듐디엔에이, 아데노신, 하이드롤라이즈드콜라겐, 풀루란, 헥사펩타이드-2, 아세틸헥사펩타이드-8, 아세틸옥타펩타이드-3, 아세틸테트라펩타이드-2, 아세틸테트라펩타이드-3, 아세틸테트라펩타이드-5, 아세틸테트라펩타이드-9, 팔미토일트라이펩타이드-1, 아스코빅애씨드폴리펩타이드, 카퍼트라이펩타이드-1, 노나펩타이드-1, 팔미토일펜타펩타이드-4, 팔미토일트라이펩타이드-5, 팔미토일테트라펩타이드-7, 아세틸다이펩타이드-1세틸에스터, 다이펩타이드다이아미노부티로일벤질아마이드다이아세테이트, 카르노신, 판테놀, 세라마이드엔피, 하이드록시아세토페논, 폴리글리세릴-6스테아레이트, 세테아릴올리베이트, 부틸렌글라이콜, 1,2-헥산다이올, 솔비탄올리베이트, 암모늄아크릴로일다이메틸타우레이트/브이피코폴리머, 아크릴레이트/C10-30알킬아크릴레이트크로스폴리머, 알란토인, 카페인, 폴리메틸실세스퀴옥세인, 트레할로오스, 트로메타민, 프로판다이올, 에틸헥실글리세린, 카프릴릴글라이콜, 잔탄검, 폴리글리세릴-6베헤네이트, 폴리글리세릴-10아이소스테아레이트, 녹두싹추출물, 밀싹추출물, 폴리글리세릴-10올리에이트, 인도멀구슬나무꽃추출물, 홀리바질잎추출물, 브로콜리싹추출물, 소듐파이테이트, 하이드로제네이티드폴리아이소부텐, 인도멀구슬나무잎추출물, 울금뿌리추출물, 참산호말추출물, 사이아노코발아민, 백미꽃추출물, 접시꽃추출물, 베타인, 토코페롤, 프룩토올리고사카라이드, 베타-글루칸, 프룩탄, 솔비탄라우레이트, 펜틸렌글라이콜, 허니로커스트씨추출물, 카보머, 하이드록시에틸셀룰로오스, 이눌린, 소듐락테이트, 폴리솔베이트20, 글리세릴카프릴레이트, 하이드로제네이티드레시틴, 콜레스테롤, 키토산, 바이오틴, 향료"
A000000200356,[광채크림/레티날0.1%] 닥터디퍼런트 비타리프트 에이 포르테 20g 기획(+레티날5g+시카크림1.5g*2),"정제수, 세틸에틸헥사노에이트, 글리세린, 스쿠알란, 잇꽃씨오일, 시어버터, 유채스테롤, 콜레스테롤, 피토스테릴/베헤닐/옥틸도데실라우로일글루타메이트, 1,2-헥산다이올, 폴리글리세릴-10올리에이트, 소듐하이알루로네이트, 하이드로제네이티드레시틴, 폴리글루타믹애씨드, 세라마이드엔피, 레틴알(0.1%), 스테아릭애씨드, 올레익애씨드, 토코페롤, 아데노신, 다이소듐이디티에이"
A000000230877,[탄력수분크림] 바이오던스 포어 퍼펙팅 콜라겐 펩타이드 크림 50ml 기획 (+10ml),"콜라겐수, 글리세린, 메틸프로판다이올, 다이페닐다이메티콘, 네오펜틸글라이콜다이헵타노에이트, 트라이에틸헥사노인, 1,2-헥산다이올, 세테아릴알코올, 나이아신아마이드, 하이드로제네이티드폴리데센, 시메티콘, 세테아릴올리베이트, 하이드로제네이티드폴리(C6-14올레핀), 글리세릴스테아레이트, 솔비탄올리베이트, 다이머다이리놀레일다이머다이리놀리에이트, 정제수, 소듐아크릴레이트/소듐아크릴로일다이메틸타우레이트코폴리머, 폴리아이소부텐, 소듐폴리아크릴레이트, 에틸헥실글리세린, 아데노신, 카프릴릴/카프릴글루코사이드, 솔비탄올리에이트, 다이소듐이디티에이, 판테놀, 사이아노코발아민, 미네랄워터, 토코페롤, 프로판다이올, 부틸렌글라이콜, 콜라겐추출물, 소듐하이알루로네이트, 알지닉애씨드, 펜틸렌글라이콜, 실란트라이올, 카프릴릴글라이콜, 엘라스틴, 하이드록시프로필트라이모늄하이알루로네이트, 하이드롤라이즈드엘라스틴, 수용성엘라스틴, 소듐아세틸레이티드하이알루로네이트, 하이드롤라이즈드하이알루로닉애씨드, 하이알루로닉애씨드, 하이드롤라이즈드소듐하이알루로네이트, 소듐하이알루로네이트크로스폴리머, 포타슘하이알루로네이트, 에스에이치-올리고펩타이드-1, 트라이펩타이드-1, 헥사펩타이드-12, 헥사펩타이드-9, 팔미토일트라이펩타이드-5, 펜타펩타이드-4, 팔미토일트라이펩타이드-38, 팔미토일펜타펩타이드-4, 아세틸헥사펩타이드-8, 카퍼트라이펩타이드-1"
A000000171829,바이오더마 아토덤 인텐시브 밤 500ml,"정제수, 글리세린, 미네랄오일, 해바라기씨오일, 베헤닐알코올, 수크로오스스테아레이트, 카놀라오일, 하이드록시에틸아크릴레이트/소듐아크릴로일다이메틸타우레이트코폴리머, 펜틸렌글라이콜, 베타-시토스테롤, 자일리톨, 징크글루코네이트, 아크릴레이트/C10-30알킬아크릴레이트크로스폴리머, 팔미타마이드엠이에이, 1,2-헥산다이올, 카프릴릴글라이콜, 소듐시트레이트, 만니톨, 람노오스, 소듐라우로일락틸레이트, 소듐하이드록사이드, 폴리솔베이트60, 솔비탄아이소스테아레이트, 토코페롤, 피토스핑고신, 세라마이드엔피, 에틸헥실글리세린, 세라마이드에이피, 콜레스테롤, 카보머, 잔탄검, 프룩토올리고사카라이드, 카프릴릭/카프릭트라이글리세라이드, 라미나리아 오크롤레우카추출물, 시트릭애씨드, 세라마이드이오피"
A000000243333,[7월올영픽/긴급손상진정] 키엘 울트라 훼이셜 메디크림 28ml/50ml (기획/단품),정제수 글리세린 카프릴릭/카프릭트라이글리세라이드 스쿠알란 시어버터 스테아릴알코올 세틸알코올 미리스틸미리스테이트 콜로이달오트밀 C15-19알케인 페녹시에탄올 판테놀 글리세릴스테아레이트 다이메티콘 피이지-100스테아레이트 아보카도오일 클로페네신 스테아릭애씨드 팔미틱애씨드 트라이소듐에틸렌다이아민다이석시네이트 카보머 아크릴레이트/C10-30알킬아크릴레이트크로스폴리머 토코페롤 비사보롤 징크글루코네이트 돌콩오일 펜타에리스리틸테트라-다이-t-부틸하이드록시하이드로신나메이트 잔탄검 에틸헥실글리세린 아데노신 소듐하이드록사이드 미리스틱애씨드 시트릭애씨드 해바라기씨오일 로즈마리잎추출물
A000000212016,에센허브 티트리 수딩 인 카밍 크림 80ml 기획(+크림 30ml),"정제수, 글리세린, 부틸렌글라이콜, 티트리잎수, 카프릴릭/카프릭트라이글리세라이드, 다이카프릴릴카보네이트, 티트리잎추출물, 펜틸렌글라이콜, 1,2-헥산다이올, 라벤더오일, 티트리잎오일, 티트리추출물, 티트리꽃/잎/줄기추출물, 백미꽃추출물, 오렌지껍질오일, 접시꽃추출물, 병풀잎추출물, 유칼립투스잎추출물, 다이글리세린, 하이드로제네이티드폴리데센, 판테놀, 비닐다이메티콘, 카프릴릴메티콘, 폴리메틸실세스퀴옥세인, 암모늄아크릴로일다이메틸타우레이트/브이피코폴리머, 하이드록시에틸아크릴레이트/소듐아크릴로일다이메틸타우레이트코폴리머, 아크릴레이트/C10-30알킬아크릴레이트크로스폴리머, 다이메티콘올, 트로메타민, 마데카소사이드, 글리세릴아크릴레이트/아크릴릭애씨드코폴리머, 에틸헥실글리세린, 하이드로제네이티드레시틴, 소듐파이테이트, 알란토인, 베타-글루칸, 다이포타슘글리시리제이트, 세라마이드엔피, 4-터피네올, 토코페롤, 잔탄검, 리모넨, 리날룰"
A000000255827,[기미톤업/색소침착] 동국제약 멜라-셋 기미 토닝 크림 35g 더블 기획(+기미 와이드 패치 2매입*2ea),"1. 멜라셋 기미 토닝 크림 정제수, 세틸에틸헥사노에이트, 글리세린, 알부틴, 부틸렌글라이콜, 1,2-헥산다이올, 알파-알부틴, 다이메티콘, 세테아릴알코올, 다이카프릴릴카보네이트, 베타인, 세테아릴올리베이트, 메틸트라이메티콘, 솔비탄올리베이트, 폴리솔베이트60, 폴리아크릴레이트-13, 피이지-100스테아레이트, 글리세릴스테아레이트, 솔비탄세스퀴올리에이트, 카보머, 트로메타민, 폴리아이소부텐, 다이메티콘/비닐다이메티콘크로스폴리머, 하이드로제네이티드레시틴, 토코페롤, 판테놀, 프로판다이올, 스핑고모나스발효추출물, 에틸헥실글리세린, 폴리솔베이트20, 솔비탄아이소스테아레이트, 다이소듐이디티에이, 나이아신아마이드, 트라넥사믹애씨드, 폴리글리세릴-10올리에이트, 레시틴, 엑토인, 폴리글리세릴-10라우레이트, 폴리글리세릴-4카프레이트, 바쿠치올, 마데카식애씨드, 비파나무잎추출물, 아시아티코사이드, 비타민나무열매추출물, 아시아틱애씨드, 스피어민트추출물, 폴리글리세릴-10스테아레이트, 소듐아스코빌포스페이트, 피리독신, 바이오틴, 사이아노코발아민, 티아민에이치씨엘, 리보플라빈, 베타-카로틴 2. 멜라셋 기미 토닝 스팟 패치 스타이렌/아이소프렌코폴리머, 셀룰로오스검, 하이드로제네이티드폴리(C6-20올레핀), 폴리아이소부텐, 나이아신아마이드, 트라넥사믹애씨드, 마그네슘아스코빌포스페이트, 바쿠치올, 마데카소사이드, 아데노신, 병풀추출물"
A000000259386,[웬디PICK] 포들 밤 레티날 모공 리셋 솔루션 캡슐 크림 55g,"[젤] 정제수, 부틸렌글라이콜, 글리세린, 메틸프로판다이올, 나이아신아마이드, 프로판다이올, 글리세릴글루코사이드, 1,2-헥산다이올, 알지닌, 카보머, 아크릴레이트/C10-30알킬아크릴레이트크로스폴리머, 하이드록시아세토페논, 잔탄검, 에틸헥실글리세린, 아데노신, 다이소듐이디티에이, 밤껍질추출물(125 ppm) [캡슐] 정제수, 글리세린, 하이드로제네이티드폴리아이소부텐, 세테아릴알코올, 카프릴릭/카프릭트라이글리세라이드, 스쿠알란, 부틸렌글라이콜, 나이아신아마이드, 글리세릴글루코사이드, 다이메티콘, 해바라기씨오일, 1,2-헥산다이올, 세테아릴글루코사이드, 글리세릴스테아레이트, 하이드록시아세토페논, 알지닌, 카보머, 암모늄아크릴로일다이메틸타우레이트/브이피코폴리머, 돌콩오일, 에틸헥실글리세린, 아데노신, 다이소듐이디티에이, 글루코오스, 아나토씨오일, 지모뿌리추출물, 토코페롤, 밤껍질추출물(50 ppb), 다이프로필렌글라이콜, 하이드로제네이티드레시틴, 피토스테롤, 세라마이드엔피, 레티닐팔미테이트, 레티놀, 레틴알(0.01 ppb)"
A000000248501,[박희선Pick] 아누아 어성초 77 B3 징크 수딩 크림 80ml 더블 기획 (+튜브 80g),"약모밀꽃/잎/줄기수(77%), 나이아신아마이드(1,000 ppm), 1,2-헥산다이올, 판테놀, 글리세린, 다이프로필렌글라이콜, 부틸렌글라이콜, 소듐시트레이트, 징크피씨에이(10 ppm), 프로판다이올, 트레할로오스, 정제수, 베타인, 잔탄검, 스핑고모나스발효추출물, 에틸헥실글리세린, 시트릭애씨드, 하이드록시프로필사이클로덱스트린, 아데노신, 다이소듐이디티에이, 다이포타슘글리시리제이트, 글리세릴아크릴레이트/아크릴릭애씨드코폴리머, 글루코노락톤, 도코사헥사에노익애씨드, 토코페롤, 알란토인, 피리독신에이치씨엘, 카프릴로일살리실릭애씨드, 약모밀소포, 아이소쿼시트린, 쿼세틴"
A000000145333,[산뜻/지성크림] 닥터디퍼런트 113 세콜지 모이스처라이저 100ml,"정제수, 글리세린, 프로판다이올, 나이아산아마이드, 카프릴릭/카프릭트라이글리세라이드, ,12-헥산다이올, 글리세릴스테아레이트에스이, 세테아릴올리베이트, c18-21알케인, 솔비탄세스퀴올리에이트, 솔비탄올리에이트, 카보머, 스테아릭애씨드, 스테아릴알코올, 알지닌, 하이드록시프로필비스팔미타마이드엠이에이, 세틸알코올, 에틸헥실글리세린, 콜레스테롤, 잇꽃씨오일, 아이소머라이즈드리놀레익애씨드, 카프릴릴글라이콜, 데실렌글라이콜, 잔탄검, 올레익애씨드, 미리스틸알코올, 부틸렌글라이콜, 팔미틱애씨드, 토코페롤, 라우릴알코올, 하이드로제네이티드포스파티딜콜린, 리놀레익애씨드, 소듐피씨에이, 세린, 로즈힙열매추출,글라이신, 흰목이버섯폴리사카라이드, 세라마이드엔피, 알라닌, 글루타킥애씨드, 콜레스테릴마카다미에이트, 글라이코스핑고리피드, 피토스핑고신, 수크로오스스테아레이트"
A000000182685,[트러블로션] 에스트라 테라크네365 수딩 액티브 모이스처라이저 60ml,"정제수, 부틸렌글라이콜, 카프릴릭/카프릭트라이글리세라이드, 나이아신아마이드, 아이소펜틸다이올, 세테아릴알코올, 다이메티콘, 폴리글리세릴-10스테아레이트, 베헤닐알코올, 카보머,다이포타슘글리시리제이트, 포타슘하이드록사이드, 살리실릭애씨드, 다이소듐이디티에이, 에틸헥실글리세린,소듐하이알루로네이트, 징크클로라이드, 토코페롤"
A000000260462,에스트라 아토베리어365 하이드로 수딩크림 80ml,"정제수, 글리세린, 부틸렌글라이콜, 다이메티콘, 스쿠알란, 1,2-헥산다이올, 베타인, 세테아릴알코올, 암모늄아크릴로일다이메틸타우레이트/브이피코폴리머, 하이드로제네이티드쌀겨오일, 하이드로제네이티드레시틴, 폴리글리세릴-3메틸글루코오스다이스테아레이트, 폴리아크릴레이트크로스폴리머-6, 만니톨, 세틸-피지하이드록시에틸팔미타마이드, 스테아릭애씨드, 에틸헥실글리세린, 글리세릴카프릴레이트, 프로판다이올, 글리세릴스테아레이트, 소듐메타포스페이트, 세라마이드엔피, 카보머, 팔미틱애씨드, 실리카, 징크클로라이드, 콜레스테롤, 베타-글루칸, 스핑고리피드, 소듐하이알루로네이트, 하이드록시프로필메틸셀룰로오스, 미리스틱애씨드, 프로필렌글라이콜, 라우릭애씨드, 토코페롤"
A000000126470,[장벽크림] 유세린 울트라 센서티브 리페어 크림 50ml,"[본품] 정제수,글리세린,판테놀,세틸팔미테이트,식물성오일,시어버터,메틸팔미테이트,펜틸렌글라이콜,메틸프로판다이올,소듐폴리아크릴레이트,4-t-부틸사이클로헥산올,소듐하이드록사이드,카프릴릴글라이콜,판토락톤,시트릭애씨드,창과감초뿌리추출물"
A000000251453,[태극제약]도미나스 크림 Rx 20ml,"정제수, 다이프로필렌글라이콜, 나이아신아마이드, 하이드로제네이티드폴리아이소부텐, 헥실데실에틸헥사노에이트, 판테놀, 프로판다이올, 트라넥사믹애씨드, 글리세린, 트라이에틸헥사노인, 1,2-헥산다이올, 세테아릴알코올, C14-22알코올, 글리세릴스테아레이트, 펜타에리스리틸테트라에틸헥사노에이트, 만델릭애씨드, 글루타믹애씨드, 유비퀴논, 하이드록시데실유비퀴논, 바쿠치올, 비사보롤, 크리신, 에피갈로카테킨갈레이트, 헥실레조시놀, 하이드록시에틸우레아, 폴리다틴, 다이메티콘, 아스코빌글루코사이드, 세테아릴올리베이트, 피이지-100스테아레이트, 세린, 솔비탄올리베이트, C12-20알킬글루코사이드, 실리카, 암모늄아크릴로일다이메틸타우레이트/브이피코폴리머, 아라키딜알코올, 베헤닐알코올, 포타슘하이드록사이드, 알란토인, 폴리메틸실세스퀴옥세인, 소듐파이루베이트, 트레할로오스, 아라키딜글루코사이드, 다이메티콘올, 카보머, 알지닌, 소듐메타바이설파이트, 잔탄검, 아데노신, 토코페롤, 카프릴릭/카프릭트라이글리세라이드, 트라이소듐이디티에이, 부틸렌글라이콜, 돌콩오일, 티타늄디옥사이드(CI 77891), 마이카, 하이드로제네이티드레시틴, 적색산화철, 폴리글리세릴-10올리에이트, 시스테인에이치씨엘, 베타-글루칸, 만니톨, 수크로오스, 왜당귀뿌리추출물, 삽주뿌리줄기추출물, 스페인감초뿌리추출물, 작약뿌리추출물, 모란뿌리추출물, 피씨에이, 질경이추출물, 복숭아씨추출물, 황금추출물, 시트룰린, 글라이코젠, 히스티딘에이치씨엘, 알라닌, 트레오닌, 라이신에이치씨엘, 향료, 벤질벤조에이트, 리날룰, 하이드록시시트로넬알, 리모넨, 헥실신남알, 시트로넬올"
A000000238669,[장원영PICK] 닥터엘시아 345 릴리프 크림 50ml,"정제수, 티트리잎수, 프로판다이올, 글리세린, 1,2-헥산다이올, 하이드로제네이티드폴리데센, 비닐다이메티콘, C14-22알코올, 카프릴릭/카프릭트라이글리세라이드, 나이아신아마이드, 판테놀, 다이카프릴릴카보네이트, 부틸렌글라이콜, 암모늄아크릴로일다이메틸타우레이트/브이피코폴리머, 카프릴릴메티콘, 폴리메틸실세스퀴옥세인, C12-20알킬글루코사이드, 하이드록시아세토페논, 아크릴레이트/C10-30알킬아크릴레이트크로스폴리머, 폴리쿼터늄-51, 에틸헥실글리세린, 트로메타민, 소듐하이알루로네이트, 소듐스테아로일글루타메이트, 황련뿌리추출물, 병풀잎수, 베타-글루칸, 레스베라트롤, 하이드롤라이즈드하이알루로닉애씨드, 녹차수, 토코페롤, 마데카소사이드, 소듐디엔에이, 병풀추출물, 세라마이드엔피, 탄닉애씨드, 다이소듐이디티에이, 소듐파이테이트"
A000000218756,[흔적말끔] 라운드랩 소나무 진정 시카 크림 플러스 60ml 기획 (+토너 20ml),"[라운드랩 소나무 진정 시카 크림 플러스 60ml] 1) 1제(내상) 정제수, 부틸렌글라이콜, 글리세린, 카프릴릭/카프릭트라이글리세라이드, 세틸에틸헥사노에이트, 하이드로제네이티드폴리(C6-14올레핀), 나이아신아마이드, 폴리글리세릴-3다이스테아레이트, 소나무잎추출물 (10,001ppm), 세테아릴알코올, 1,2-헥산다이올, C14-22알코올, 글리세릴스테아레이트, 하이드록시아세토페논, 비닐다이메티콘, 팔미틱애씨드, 알지닌, 카보머, 스테아릭애씨드, 인도멀구슬나무잎추출물, 폴리아크릴레이트-13, C12-20알킬글루코사이드, 글리세릴스테아레이트시트레이트, 에틸헥실글리세린, 인도멀구슬나무꽃추출물, 스핑고모나스발효추출물, 하이드로제네이티드폴리아이소부텐, 아데노신, 호호바씨오일, 데실글루코사이드, 다이소듐이디티에이, 폴리글리세릴-10라우레이트, 베타-시토스테롤, 병풀추출물 (100ppm), 에틸헥실팔미테이트, 카카오추출물, 폴리글리세릴-10스테아레이트, 솔비탄아이소스테아레이트, 하이드로제네이티드레시틴, 녹차추출물, 병풀잎추출물 (21.2ppm), 오카무라큰실말추출물, 흰버드나무껍질추출물, 커피콩추출물, 글루코오스, 베르가모트잎추출물, 글라이코프로테인 (2ppm), 덱스트린, 아시아티코사이드 (0.1ppm), 아시아틱애씨드 (0.1ppm), 마데카식애씨드 (0.1ppm), 마데카소사이드 (0.1ppm) 2) 2제(외상) 정제수, 부틸렌글라이콜, 카프릴릭/카프릭트라이글리세라이드, 글리세린, 나이아신아마이드, 트라이에틸헥사노인, 1,2-헥산다이올, 폴리글리세릴-3메틸글루코오스다이스테아레이트, 세테아릴알코올, 소나무잎추출물 (10,000ppm), 세테아릴올리베이트, 글리세릴스테아레이트, 쿠푸아수씨버터, 비닐다이메티콘, 솔비탄올리베이트, 하이드록시에틸아크릴레이트/소듐아크릴로일다이메틸타우레이트코폴리머, 알지닌, 카보머, 에틸헥실글리세린, 잔탄검, 아데노신, 솔비탄아이소스테아레이트, 다이소듐이디티에이, 병풀추출물 (100ppm), 글라이코프로테인 (2ppm), 아시아티코사이드 (0.1ppm), 아시아틱애씨드 (0.1ppm), 마데카식애씨드 (0.1ppm), 마데카소사이드 (0.1ppm), 소듐하이알루로네이트, 글루타티온, 하이드로제네이티드레시틴, 하이드록시프로필트라이모늄하이알루로네이트, 하이드롤라이즈드하이알루로닉애씨드, 소듐아세틸레이티드하이알루로네이트, 하이알루로닉애씨드, 세라마이드엔피, 하이드롤라이즈드소듐하이알루로네이트, 소듐하이알루로네이트크로스폴리머, 포타슘하이알루로네이트 [라운드랩 소나무 진정 시카 토너 20ml] 정제수, 프로판다이올, 글리세린, 부틸렌글라이콜, 1,2-헥산다이올, 하이알루로닉애씨드, 하이드롤라이즈드하이알루로닉애씨드, 소듐하이알루로네이트, 소나무잎추출물 (5,010ppm), 에틸헥실글리세린, 병풀추출물 (60.6ppm), 인도멀구슬나무잎추출물, 인도멀구슬나무꽃추출물, 글라이코프로테인 (1.002ppm), 글루코노락톤, 카프릴로일살리실릭애씨드, 소듐시트레이트, 하이드록시아세토페논, 아시아티코사이드 (0.0501ppm), 아시아틱애씨드 (0.0501ppm), 마데카소사이드 (0.0501ppm), 마데카식애씨드 (0.0501ppm), 다이소듐이디티에이, 시트릭애씨드"
A000000242515,[1등 손상장벽] 센텔리안24 마데카 크림 PDRN 기획세트 50ml+15ml ,"정제수, 글리세린, 다이프로필렌글라이콜, 카프릴릭/카프릭트라이글리세라이드, 하이드로제네이티드폴리(C6-14올레핀), 글리세릴스테아레이트, 펜타에리스리틸테트라에틸헥사노에이트, 나이아신아마이드, 메틸트라이메티콘, 비닐다이메티콘, 세테아릴알코올, 다마스크장미꽃수, 폴리글리세릴-10라우레이트, 소듐디엔에이(2,000 ppm), 마데카식애씨드(1,600 ppm), 아시아티코사이드, 아시아틱애씨드, 병풀추출물, 글루타티온, 카페인, 베타-시토스테롤, 피토스테롤, 다시마추출물, 알로에베라잎추출물, 참마뿌리추출물, 당느릅나무뿌리추출물, 제비꽃꽃추출물, 소듐하이알루로네이트, 다이메틸실란올하이알루로네이트, 하이드롤라이즈드하이알루로닉애씨드, 하이드롤라이즈드소듐하이알루로네이트, 하이알루로닉애씨드, 포타슘하이알루로네이트, 소듐하이알루로네이트크로스폴리머, 하이드록시프로필트라이모늄하이알루로네이트, 소듐하이알루로네이트다이메틸실란올, 소듐아세틸레이티드하이알루로네이트, 1,2-헥산다이올, 판테놀, C10-18트라이글리세라이즈, 소듐스테아로일글루타메이트, 소듐폴리아크릴로일다이메틸타우레이트, 부틸렌글라이콜, 호호바에스터, 혼합글리세릴스테아레이트, 하이드록시아세토페논, 하이드록시에틸아크릴레이트/소듐아크릴로일다이메틸타우레이트코폴리머, 세틸알코올, 스테아릴알코올, 베헤닐알코올, 해바라기씨왁스, 황련뿌리추출물, 에틸헥실글리세린, 라벤더오일, 베르가모트오일, 올리브오일, 오렌지껍질오일, 잔탄검, 로즈마리잎오일, 다이소듐이디티에이, 아데노신, 솔비탄아이소스테아레이트, 폴리글리세린-3, 캐모마일꽃오일, 사이아노코발아민, 아스코빅애씨드, 토코페롤, 세라마이드엔피, 글라이코프로테인, 피토스핑고신, 하이드로제네이티드레시틴, 콜라겐아미노산, 하이드롤라이즈드엘라스틴, 아스파틱애씨드, 글라이신, 글루타믹애씨드, 알지닌, 리모넨, 리날룰"
A000000238458,[티벳동생 공동개발] 오아조 더마 테카 카밍 크림 50ml,"정제수, 글리세린, 부틸렌글라이콜, 프로판다이올, 1,2-헥산다이올, 나이아신아마이드, 하이드로제네이티드폴리(C6-14올레핀), C14-22알코올, 스쿠알란, 하이드로제네이티드폴리데센, 판테놀, 비닐다이메티콘, 글리세릴글루코사이드, 에톡시다이글라이콜, C12-20알킬글루코사이드, 하이드록시에틸아크릴레이트/소듐아크릴로일다이메틸타우레이트코폴리머, 아크릴레이트/C10-30알킬아크릴레이트크로스폴리머, 알지닌, C12-16알코올, 알란토인, 하이드로제네이티드레시틴, 팔미틱애씨드, 토코페롤, 에틸헥실글리세린, 해바라기씨오일, 옥틸도데카올, 잔탄검, 로즈마리잎오일, 아데노신, 아시아티코사이드(400 ppm), 아시아틱애씨드(300 ppm), 다이소듐이디티에이, 글리세릴아크릴레이트/아크릴릭애씨드코폴리머, 글라이코리피드, 마데카식애씨드(300 ppm), 글루코오스, C12-13알케스-0, 솔비탄아이소스테아레이트, 백미꽃추출물, 세라마이드엔피, 리모넨, 세틸에틸헥사노에이트, 콜레스테롤, 마카다미아씨오일, 칸디다 봄비콜라/글루코오스/메틸레이프씨데이트발효물, 유채스테롤, 올레익애씨드, 소듐하이알루로네이트, 스테아릭애씨드, 하이드롤라이즈드하이알루로닉애씨드, 소듐아세틸레이티드하이알루로네이트, 포타슘솔베이트"
A000000192300,[김재원 PICK] 몰바니 볼륨 인크리징 프로틴 크림 100ml,"해수, 메틸프로판다이올, 글리세린, 페닐트라이메티콘, 1,2-헥산다이올, 나이아신아마이드, 다이카프릴릴에터, 다이카프릴릴카보네이트, 사이클로헥사실록세인, 폴리글리세릴-3메틸글루코오스다이스테아레이트, 아이소스테아릴알코올, 부틸렌글라이콜코코에이트, 글리세릴스테아레이트, 다시마추출물, 한련초잎추출물, 꿀풀추출물, 블래더랙추출물, 슈도알테로모나스발효추출물, 하이드로제네이티드레시틴, 정제수, 암모늄아크릴로일다이메틸타우레이트/브이피코폴리머, 폴리글리세릴-10라우레이트, 소듐스테아로일글루타메이트, 아크릴레이트/C10-30알킬아크릴레이트크로스폴리머, 트로메타민, 잔탄검, 초유, 에틸셀룰로오스, 아데노신, 프룩토올리고사카라이드, 베타-글루칸, 하이드롤라이즈드하이알루로닉애씨드, 이노시톨, 프룩탄, 살리실릭애씨드, 소듐살리실레이트, 시트릭애씨드,에틸헥실글리세린"
A000000183498,[올영 단독] 에뛰드 순정 수분 베리어 크림 75ml 트리오 기획 (75ml X 3EA),"정제수, 글리세린, 프로판다이올, 펜타에리스리틸테트라에틸헥사노에이트, 하이드로제네이티드폴리(C6-14올레핀), 판테놀, 1,2-헥산다이올, 하이드록시에틸아크릴레이트/소듐아크릴로일다이메틸타우레이트코폴리머, 폴리메틸실세스퀴옥세인, 글리세릴스테아레이트시트레이트, 카보머, C14-22알코올, 글리세릴스테아레이트, 아라키딜알코올, 글리세릴카프릴레이트, 베헤닐알코올, 트로메타민, C12-20알킬글루코사이드, 에틸헥실글리세린, 부틸렌글라이콜, 다이소듐이디티에이, 솔비탄아이소스테아레이트, 아라키딜글루코사이드, 알란토인, 마데카소사이드, 황금추출물, 토코페롤, 녹차추출물"
A000000247713,[흔적케어]브링그린 징크테카 리페어 흔적 크림 80ml (콜라보/기획),"정제수, 다이프로필렌글라이콜, 시어버터, 하이드로제네이티드폴리(C6-14올레핀), 팔미틱애씨드, 스테아릭애씨드, 글리세린, 1,2-헥산다이올, 나이아신아마이드, 비닐다이메티콘, 코코넛야자씨버터, 다이메티콘/비닐다이메티콘크로스폴리머, 베타인, 세테아릴글루코사이드, 세테아릴알코올, 다이카프릴릴에터, 글리세릴스테아레이트에스이, 소듐폴리아크릴레이트, 소듐스테아로일글루타메이트, 하이드록시에틸아크릴레이트/소듐아크릴로일다이메틸타우레이트코폴리머, 하이드록시아세토페논, 마데카식애씨드(1,470ppm), 아시아티코사이드(1,202ppm), 에틸헥실글리세린, 소듐카보머, 암모늄아크릴로일다이메틸타우레이트/브이피코폴리머, 폴리글리세릴-10미리스테이트, 부틸렌글라이콜, 잔탄검, 징크피씨에이(500ppm), 병풀추출물, 아시아틱애씨드(334ppm), 다이소듐이디티에이, 폴리솔베이트60, 솔비탄아이소스테아레이트, 하이드로제네이티드레시틴, 무화과추출물, 마카다미아씨오일, 세라마이드엔피, 알지닌, 카보머, 토코페롤, 피토스핑고신, 참마뿌리추출물, 판테놀, 몰로키아잎추출물, 연꽃뿌리추출물, 오크라열매추출물, 신선초추출물"
A000000212724,[흔적수분크림] 듀이트리 AC 딥 흔적 진정 크림 60ml,"정제수, 부틸렌글라이콜, 다이프로필렌글라이콜, 나이아신아마이드, 1,2-헥산다이올, 다이카프릴릴에터, 폴리글리세릴-3메틸글루코오스다이스테아레이트, 암모늄아크릴로일다이메틸타우레이트/브이피코폴리머, 카보머, 판테놀, 알지닌, 베타인, 트레할로오스, 에틸헥실글리세린, 잔탄검, 카프릴릭/카프릭트라이글리세라이드, 병풀추출물, 아데노신, 다이소듐이디티에이, 글리세린, 인도멀구슬나무잎추출물, 폴리쿼터늄-51, 인도멀구슬나무꽃추출물, 알로에베라잎추출물, 참마뿌리추출물, 다시마추출물, 당느릅나무뿌리추출물, 제비꽃꽃추출물, 페퍼민트오일, 3-O-에틸아스코빅애씨드, 아스코빅애씨드, 하이드로제네이티드레시틴, 멘틸락테이트, 자작나무수액, 에틸멘탄카복사마이드, 아이비고드열매추출물, 메틸다이아이소프로필프로피온아마이드, 시어버터, 백미꽃추출물, 올리브오일, 호박가루, 황련뿌리추출물, 가지열매추출물, 울금뿌리추출물, 홀리바질잎추출물, 참산호말추출물, 드럼스틱씨오일, 칸디다 봄비콜라/글루코오스/메틸레이프씨데이트발효물, 세라마이드엔피, 라임추출물, 글라이코리피드, 페퍼민트추출물, 소듐하이알루로네이트, 폴리글리세릴-3다이스테아레이트, 글루타티온, 글리세릴스테아레이트시트레이트, 하이드롤라이즈드하이알루로닉애씨드, 하이드롤라이즈드소듐하이알루로네이트, 티트리잎추출물, 하이드록시프로필트라이모늄하이알루로네이트, 소듐아세틸레이티드하이알루로네이트, 소듐하이알루로네이트크로스폴리머, 하이알루로닉애씨드, 펜틸렌글라이콜, 아시아틱애씨드, 아시아티코사이드, 마데카식애씨드, 마데카소사이드, 포타슘하이알루로네이트"
A000000256802,[카니PICK/속수분크림] 웰라쥬 리얼 히알루로닉 수딩 크림 80ml 기획(+20ml),"정제수, 부틸렌글라이콜, 글리세린, 1,2-헥산다이올, 나이아신아마이드, 하이드로제네이티드다이데센, 판테놀, 세테아릴알코올, 세틸에틸헥사노에이트, 트레할로오스, 메틸트라이메티콘, 비닐다이메티콘, 올리브오일폴리글리세릴-6에스터, 알지닌, 카보머, 소듐스테아로일락틸레이트, 하이드록시에틸아크릴레이트/소듐아크릴로일다이메틸타우레이트코폴리머, 하이드록시아세토페논, 에틸헥실글리세린, 알란토인, 아데노신, 트라이소듐에틸렌다이아민다이석시네이트, 다이소듐이디티에이, 소듐폴리아크릴레이트, 피브이엠/엠에이코폴리머, 솔비탄아이소스테아레이트, 말라카이트추출물, 소듐디엔에이, 프로판다이올, 토코페롤, 하이드롤라이즈드하이알루로닉애씨드(1ppm), 다이메틸아이소소바이드, 하이드로제네이티드레시틴, 소듐하이알루로네이트크로스폴리머(0.1981ppm), 시트릭애씨드, 카프릴릭/카프릭트라이글리세라이드, 수크로오스라우레이트, 올레일알코올, 소듐스테아로일글루타메이트, 암모늄아크릴로일다이메틸타우레이트/브이피코폴리머, 글라이신, 세린, 히스티딘, 돌콩추출물, 리솔레시틴, 플로레틴, 테트라하이드로피페린, 벤질글라이콜, 하이드롤라이즈드글라이코사미노글리칸, 소듐하이알루로네이트(0.52ppb), 하이드록시프로필트라이모늄하이알루로네이트(0.012ppb), 하이알루로닉애씨드(0.001ppb), 소듐아세틸레이티드하이알루로네이트(0.0002ppb)"
A000000185456,[수분톤업/화잘먹 톤프렙] 나인위시스 비건 화이트 톤업 크림 50ml,"해수,정제수,사이클로펜타실록세인,에칠헥실 메톡시신나메이트,사이클로헥사실록세인,페닐 트라이메티콘,부틸렌글라이콜,카프릴릭/카프 릭트라이글리세라이드,프로필렌글라이콜다이 카프릴레이트,세틸피이지/피피지-10/1다이메 티콘,티타늄디옥사이드,나이아신아마이드,피 이지-10다이메티콘,글리세린,폴리글리세릴-4 아이소스테아레이트,소듐클로라이드,1,2-헥산 다이올,카프릴릴글라이콜,금송뿌리추출물,호 호바씨오일,스페인감초뿌리추출물,펜틸렌글라 이콜,검은깨추출물,고삼뿌리추출물,라케모사 승마뿌리추출물,뽕나무껍질추출물,작약뿌리추 출물,진흙버섯추출물,참당귀뿌리추출물,하수 오뿌리추출물,황금추출물,루이보스추출물,소 듐하이알루로네이트,알란토인,에틸헥실글리세 린,아데노신,다이포타슘글리시리제이트,하이 알루로닉애씨드,하이드롤라이즈드소듐하이알 루로네이트,하이드롤라이즈드하이알루로닉애 씨드,하이드롤라이즈드글라이코사미노글리칸, 다이메틸실란올하이알루로네이트,소듐아세틸 레이티드하이알루로네이트,소듐하이알루로네 이트크로스폴리머,하이드록시프로필트라이모 늄하이알루로네이트,모하비유카뿌리추출물,몰 약수지추출물,소엽잎추출물"
A000000238594,[남자올인원] 우노 크림 퍼펙션 90g,"정제수, 다이프로필렌글라이콜, 글리세린, 다이메티콘, 아가, 피이지-240/에이치디아이코폴리머비스-데실테트라데세스-20에터, 페녹시에탄올, 메틸파라벤, 카보머, 소듐시트레이트, 아크릴레이트/C10-30알킬아크릴레이트크로스폴리머, 포타슘하이드록사이드, 다이소듐이디티에이, 향료, 피이지-10다이메티콘, 시트릭애씨드, 소듐메타바이설파이트, 아이소세테스-10, 부틸렌글라이콜, 비에이치티, 소듐아세틸레이티드하이알루로네이트, 소듐하이알루로네이트, 올리브나무잎추출물, 하이드롤라이즈드콘키올린단백질, 소듐바이카보네이트, 실리카, 타마린드씨검, 락틱애씨드, 토코페롤, 글루코오스, 리날룰, 리모넨, 벤질벤조에이트"
A000000212570,바이오더마 시카비오 크림+ 100ml 기획 (크림 + 40ml 본품 추가 증정),"정제수, 카프릴릭/카프릭트라이글리세라이드, 글리세린, 폴리글리세릴-3폴리리시놀리에이트, 유채씨오일, 부틸렌글라이콜, 타피오카전분, 하이드로제네이티드유채씨오일, 자일로오스, 폴리글리세릴-3다이아이소스테아레이트, 호호바씨오일, 마그네슘설페이트, 펜틸렌글라이콜, 스쿠알란, 1,2-헥산다이올, 카프릴릴글라이콜, 소듐폴리글루타메이트, 소듐시트레이트, 잔탄검, 소듐하이알루로네이트, 토코페롤, 만니톨, 람노오스, 자일리톨, 아세틸다이펩타이드-1세틸에스터, 해바라기씨오일, 시트릭애씨드, 프룩토올리고사카라이드"
A000000251274,[손상/장벽 리페어] 아벤느 시칼파트 플러스 S.O.S 크림 100ml 2입 기획(딥모100ml+헤어핀),"온천수 (아벤느 온천수), 카프릴릭/카프릭트라이글리세라이드, 미네랄오일, 글리세린, 하이드로제네이티드식물성오일, 징크옥사이드, 프로필렌글라이콜, 폴리글리세릴-2세스퀴이소스테아레이트, 피이지-22/도데실글라이콜코폴리머, 아쿠아필루스 돌로미아이발효여과물, 마그네슘스테아레이트, 비즈왁스, 마이크로크리스탈린왁스, 알루미늄스테아레이트, 카퍼설페이트, 마그네슘설페이트, 징크설페이트, 알지닌, 트로메타민"
A000000191715,[수분/진정] 아벤느 클리낭스 아쿠아크림-인-젤 수분 크림50ml 2입기획 ,온천수@프로판다이올@펜틸렌글라이콜@글리세린@정제수@트라이에틸헥사노인@나이아신아마이드@아크릴레이트/C10-30알킬아크릴레이트크로스폴리머@청색 1호@카프릴릭/카프릭트라이글리세라이드@카프릴릴글라이콜@세테아릴 올리베이트@다이글리세린@향료@글리세릴라우레이트@하이드록시에틸아크릴레이트/소듐아크릴로일다이메틸타우레이트코폴리머@하이드록시프로필스타치포스페이트@에스큘렌타렌즈콩씨추출물@폴리글리세린-3@폴리솔베이트60@포타슘하이드록사이드@소듐벤조에이트@솔비탄아이소스테아레이트@솔비탄올리베이트@토코페릴글루코사이드
A000000225277,[7월올영픽] 키엘 크림 기획/단품 (울트라 훼이셜 수분크림/메디크림/베리어크림),정제수 글리세린 다이메티콘 스쿠알란 비스-피이지-18메틸에터다이메틸실레인 수크로오스스테아레이트 스테아릴알코올 피이지-8스테아레이트 미리스틸미리스테이트 살구씨오일 페녹시에탄올 아보카도오일 글리세릴스테아레이트 세틸알코올 쌀겨오일 올리브오일 클로페네신 스테아릭애씨드 팔미틱애씨드 카보머 아크릴레이트/C10-30알킬아크릴레이트크로스폴리머 트라이소듐에틸렌다이아민다이석시네이트 스위트아몬드오일 잔탄검 에틸헥실글리세린 소듐하이드록사이드 토코페롤 돌콩오일 슈도알테로모나스발효추출물 미리스틱애씨드 하이드록시팔미토일스핑가닌 살리실릭애씨드 해바라기씨오일 로즈마리잎추출물 시트릭애씨드
A000000199714,[장벽보습크림] 닥터지 더모이스처 배리어 D 인텐스 크림 100ml 기획 3종,"1. 닥터지 더모이스처 배리어 D 인텐스 크림 100ml(본품) 정제수, 글리세린, 프로판다이올, 스쿠알란, 부틸렌글라이콜다이카프릴레이트/다이카프레이트, 사이클로헥사실록세인, 펜타에리스리틸테트라아이소스테아레이트, C14-22알코올, 아라키딜알코올, 비닐다이메티콘, 판테놀, 세테아릴알코올, 세테아릴올리베이트, 베헤닐알코올, 솔비탄올리베이트, 1,2-헥산다이올, 포타슘세틸포스페이트, 세라마이드엔피, C12-20알킬글루코사이드, 아라키딜글루코사이드, 글리세릴글루코사이드, 폴리아크릴레이트크로스폴리머-6, 올리브오일불검화물, 자일리틸글루코사이드, 카프릴릴글라이콜, 안하이드로자일리톨, 밀배아오일불검화물, 돌콩오일불검화물, 콜레스테롤, 토코페롤, 알란토인, 아이소말트, 팔미틱애씨드, 자일리톨, 다이소듐이디티에이, 잔탄검, 글루코노락톤, 글루코오스, 에틸헥실글리세린, 카프릴릭/카프릭트라이글리세라이드, 소듐하이알루로네이트, 꽃가루추출물, t-부틸알코올, 하이드로제네이티드레시틴, 폴리글리세릴-10스테아레이트, 폴리글리세릴-10올리에이트, 엑토인, 미리스틱애씨드, 알루미늄/마그네슘하이드록사이드스테아레이트, 스테아릭애씨드, 흰목이버섯폴리사카라이드, 소듐하이알루로네이트크로스폴리머, 포타슘하이알루로네이트, 하이드록시프로필트라이모늄하이알루로네이트, 하이드롤라이즈드소듐하이알루로네이트, 하이드롤라이즈드하이알루로닉애씨드, 하이알루로닉애씨드, 소듐스테아로일글루타메이트, 7-데하이드로콜레스테롤 , 소듐아스코빌포스페이트, 소듐아세틸레이티드하이알루로네이트, 칼슘클로라이드, 피톨 2. 닥터지 더모이스처 배리어 D 인텐스 크림 30ml(구성품) 정제수, 글리세린, 프로판다이올, 스쿠알란, 부틸렌글라이콜다이카프릴레이트/다이카프레이트, 사이클로헥사실록세인, 펜타에리스리틸테트라아이소스테아레이트, C14-22알코올, 아라키딜알코올, 비닐다이메티콘, 판테놀, 세테아릴알코올, 세테아릴올리베이트, 베헤닐알코올, 솔비탄올리베이트, 1,2-헥산다이올, 포타슘세틸포스페이트, 세라마이드엔피, C12-20알킬글루코사이드, 아라키딜글루코사이드, 글리세릴글루코사이드, 폴리아크릴레이트크로스폴리머-6, 올리브오일불검화물, 자일리틸글루코사이드, 카프릴릴글라이콜, 안하이드로자일리톨, 밀배아오일불검화물, 돌콩오일불검화물, 콜레스테롤, 토코페롤, 알란토인, 아이소말트, 팔미틱애씨드, 자일리톨, 다이소듐이디티에이, 잔탄검, 글루코노락톤, 글루코오스, 에틸헥실글리세린, 카프릴릭/카프릭트라이글리세라이드, 소듐하이알루로네이트, 꽃가루추출물, t-부틸알코올, 하이드로제네이티드레시틴, 폴리글리세릴-10스테아레이트, 폴리글리세릴-10올리에이트, 엑토인, 미리스틱애씨드, 알루미늄/마그네슘하이드록사이드스테아레이트, 스테아릭애씨드, 흰목이버섯폴리사카라이드, 소듐하이알루로네이트크로스폴리머, 포타슘하이알루로네이트, 하이드록시프로필트라이모늄하이알루로네이트, 하이드롤라이즈드소듐하이알루로네이트, 하이드롤라이즈드하이알루로닉애씨드, 하이알루로닉애씨드, 소듐스테아로일글루타메이트, 7-데하이드로콜레스테롤 , 소듐아스코빌포스페이트, 소듐아세틸레이티드하이알루로네이트, 칼슘클로라이드, 피톨 3. 닥터지 더모이스처 배리어 D 멀티밤 1g(구성품) 정제수, 글리세린, 다이프로필렌글라이콜, 사이클로펜타실록세인, 다이카프릴릴에터, 세테아릴알코올, 베헤닐알코올, 1,2-헥산다이올, 다이메티콘, 글리세릴글루코사이드, 세테아릴올리베이트, 다이펜타에리스리틸헥사하이드록시스테아레이트/헥사스테아레이트/헥사로지네이트, 한련초잎추출물, 다시마추출물, 병풀추출물, 무화과추출물, 꽃가루추출물, 하이드로제네이티드레시틴, 포도씨오일, 호호바씨오일, 퀸즈랜드넛오일, 올리브오일, 솔비탄올리베이트, 팔미틱애씨드, 덱스판테놀, 스테아릭애씨드, 다이메티콘올, 글리세릴스테아레이트에스이, 암모늄아크릴로일다이메틸타우레이트/브이피코폴리머, 세테아릴글루코사이드, 콜레스테롤, 잔탄검, 부틸렌글라이콜, 글루코오스, 프룩토올리고사카라이드, 베타-글루칸, 다이소듐이디티에이, 세라마이드엔피, 스쿠알란, 하이드롤라이즈드하이알루로닉애씨드, 올리브오일불검화물, 밀배아오일불검화물, 돌콩오일불검화물, 토코페롤, 카프릴릭/카프릭트라이글리세라이드, 아이소말트, 돌콩스테롤, 리놀레익애씨드, 포스포리피드, 수크로오스팔미테이트, 폴리글리세릴-10스테아레이트, 폴리글리세릴-10올리에이트, 알루미늄/마그네슘하이드록사이드스테아레이트, 소듐스테아로일글루타메이트, 7-데하이드로콜레스테롤, 칼슘클로라이드, 피톨, 향료, 에틸헥실글리세린"
A000000248200,[2700만개 판매] 유세린 하이알루론 3X 나이트크림 50ml 기획 (+나이트크림7ml*2),"정제수,글리세린,시어버터,아이소프로필팔미테이트,판테놀,스테아릴알코올,글리세릴스테아레이트시트레이트,옥틸도데칸올,하이드로제네이티드코코-글리세라이즈,카프릴릭/카프릭트라이글리세라이드,세틸알코올,부틸렌글라이콜,하이드록시프로필스타치포스페이트,베헤닐알코올,다이메티콘,토코페롤,다이스타치포스페이트,1,2-헥산다이올,향료,페녹시에탄올,소듐하이알루로네이트(0.25%),카프릴릴글라이콜,트라이소듐이디티에이,잔탄검,글리시레티닉애씨드,돌콩배아추출물,판토락톤,시트릭애씨드"
A000000248587,[시카크림] 톤28 해남404 새벽크림 센텔라 아시아티카 크림 50g,"정제수, 부틸렌글라이콜, 프로판다이올, 카프릴릭/카프릭트라이글라세라이드, 아이소아밀라우레이트,다이아이소스테아릴말레이트, 마카다미아씨오일, 펜틸렌글라이콜, 다이카프릴릴카보네이트, 나이아신아마이드,세테아릴올리베이트, 시어버터,글리세릴스테아레이트,하이드록시에틸아크릴레이트/소듐아크릴로일다이메틸타우레이트코폴리머, 솔비탄올리베이트, 판테놀, 카프릴릴글라이콜, 카보머, 알란토인, 다이포타슘글리시리제이트,알지닌, 광곽향오일, 센티드제라늄오일, 병풀추출물 (8,000ppm), 아시아티코사이두, 마데카소사이드,마데카식애씨드, 아시아틱애씨드, 아세틸헥사펩타이드-8, 자몽껍질오일, 솔비탄아이소스테아레이트, 잔탄검,아데노신, 베르가모트오일, 덱스트린, 치자추출물,비터오렌지꽃오일, 유칼립투스잎오일, 멕시칸주니퍼오일,로즈우드오일, 일랑일랑꽃오일, 비터오렌지잎/잔가지오일, 리날룰, 리모넨, 벤질벤조에이트,시트랄, 시트로넬올, 제라니올"
A000000192105,[227만개판매] CKD 레티노콜라겐 저분자 300 괄사 목주름 크림 50ml 1+1 기획,"정제수, 글리세린, 카프릴릭/카프릭트라이글리세라이드, 부틸렌글라이콜, 펜틸렌글라이콜, 나이아신아마이드, 1,2-헥산다이올, 세테아릴올리베이트, 하이드로제네이티드폴리아이소부텐, 솔비탄올리베이트, 카프릴릴메티콘, 다이아이소스테아릴말레이트, 에리스리톨, 글리세릴스테아레이트, 폴리글리세릴-3메틸글루코오스다이스테아레이트, 비닐다이메티콘, 세테아릴알코올, 클로렐라 불가리스추출물, 글루코오스, 암모늄아크릴로일다이메틸타우레이트/브이피코폴리머, 카보머, 프룩토올리고사카라이드, 프룩토오스, 인도멀구슬나무꽃추출물, 홀리바질잎추출물, 팔미틱애씨드, 에틸헥실글리세린, 다이포타슘글리시리제이트, 스테아릭애씨드, 아데노신, 인도멀구슬나무잎추출물, 베르가모트오일, 하이드로제네이티드레시틴, 라벤더오일, 울금뿌리추출물, 레틴알(200ppm), 소듐파이테이트, 참산호말추출물, 클레리오일, 하이드롤라이즈드콜라겐(75ppm), 세라마이드엔피, 덱스트린, 카카오씨추출물, 글라이신, 세린, 글루타믹애씨드, 다이프로필렌글라이콜, 트로메타민, 백미꽃추출물, 아스파틱애씨드, 류신, 알라닌, 라이신, 알지닌, 타이로신, 페닐알라닌, 프롤린, 트레오닌, 발린, 아이소류신, 히스티딘, 시스테인, 메티오닌, 접시꽃추출물, 하이알루로닉애씨드, 토코페롤, 카프릴릴/카프릴글루코사이드, 헥사펩타이드-2, 하이드롤라이즈드엘라스틴, 바이오틴, 리모넨, 리날룰"
A000000244683,[단독기획/트러블1위] 셀인샷 알란테놀 트러블 크림 70ml 기획 (+크림 20ml*2),"정제수, 다이프로필렌글라이콜, 글리세린, 세틸에틸헥사노에이트, 부틸렌글라이콜, 하이드로제네이티드폴리아이소부텐, 세틸알코올, 나이아신아마이드, 글리세릴스테아레이트, 스테아릴알코올, 1,2-헥산다이올, 암모늄아크릴로일다이메틸타우레이트/브이피코폴리머, 미리스틸알코올, 향료, 동백나무씨오일, 아보카도오일, 해바라기씨오일, 라우릴알코올, 아크릴레이트/C10-30알킬아크릴레이트크로스폴리머, 판테놀(1,000ppm), 알란토인(500ppm), 아데노신, 프로필렌글라이콜, 잇꽃꽃추출물, 치자추출물, 폴스애플민트잎추출물, 녹차추출물, 타임잎추출물, 덱스트린, 하이드로제네이티드레시틴, 소듐피씨에이, 소듐락테이트, 레시틴, 알지닌, 하이드록시에틸우레아, 아스파틱애씨드, 피씨에이, 글라이신, 알라닌, 세린, 발린, 다이포타슘글리시리제이트, 토코페릴아세테이트, 아이소류신, 트레오닌, 프롤린, 페닐알라닌, 히스티딘, 세라마이드엔피, 에스에이치-올리고펩타이드-32에스피, 에스에이치-올리고펩타이드-1, 다이소듐이디티에이, 에틸헥실글리세린"
A000000236508,프리메라 비타티놀 인텐스 바운시 리프트 마스크 크림 30ml 기획/단품,"정제수, 부틸렌글라이콜, 글리세린, 하이드로제네이티드폴리(C6-14올레핀), 펜타에리스리틸테트라에틸헥사노에이트, 판테놀, 폴리글리세릴-3다이스테아레이트, 다이메티콘, 에틸헥실팔미테이트, 나이아신아마이드, 피토스테릴/베헤닐/옥틸도데실라우로일글루타메이트, 1,2-헥산다이올, 세테아릴알코올, 글리세릴스테아레이트, 토코페릴아세테이트, 아이소노닐아이소노나노에이트, 스쿠알란, 하이드로제네이티드폴리아이소부텐, 하이드로제네이티드로진, 피이지-100스테아레이트, 풀루란, 합성왁스, 하이드록시에틸셀룰로오스, 다이메틸아이소소바이드, 하이드록시에틸아크릴레이트/소듐아크릴로일다이메틸타우레이트코폴리머, 피브이피, 돌콩오일, 카프릴릭/카프릭트라이글리세라이드, 락토바실러스/콩추출물발효여과물, 트라이메틸실록시실리케이트, 글리세릴스테아레이트시트레이트, 폴리프로필실세스퀴옥세인, 에틸헥실글리세린, 글리세릴카프릴레이트, 칸데릴라왁스에스터, 카프릴릴메티콘, 세테아릴글루코사이드, 폴리쿼터늄-51, 잔탄검, 소듐메타포스페이트, 하이드록시피나콜론레티노에이트, 아데노신, 캐스터오일/아이피디아이코폴리머, 레티놀, 유비퀴논, 하이드로제네이티드폴리(C6-20올레핀), 솔비탄아이소스테아레이트, 아스코빌테트라이소팔미테이트, 카나우바왁스, 글루코노락톤, 엑토인, 에이치디아이/트라이메틸올헥실락톤크로스폴리머, 아크릴레이트/C10-30알킬아크릴레이트크로스폴리머, 폴리솔베이트60, 다이소듐포스페이트, 트로메타민, 아스코빌글루코사이드, 아스코빅애씨드, 토코페롤, 펜틸렌글라이콜, 소듐포스페이트, 프로필렌글라이콜, 소듐하이알루로네이트, 카보머, 아라비아고무나무검, 프로필렌글라이콜알지네이트, 수용성콜라겐"
A000000231399,[색소침착/흔적] 청미정 기미잡티크림 카카두플럼 50g,"정제수, 카프릴릭/카프릭트라이글리세라이드, 세틸에틸헥사노에이트, 부틸렌글라이콜, 글리세린, 1,2-헥산다이올, 프로판다이올, 세테아릴알코올, 펜틸렌글라이콜, 비즈왁스, 폴리글리세릴-3메틸글루코오스다이스테아레이트, 카카두플럼추출물, 닥풀꽃추출물, 세테아릴올리베이트, 아보카도오일, 포트마리골드꽃추출물, 로즈마리추출물, 알파-비사보롤, 카프릴릴글라이콜, 솔비탄올리베이트, 베타인, 아데노신, 에스에이치-올리고펩타이드-1, 잔탄검, 베르가모트오일, 티트리잎오일, 리모넨, 리날룰"
A000000255949,[단독/증정기획] 헤브블루 살몬 케어링 센텔라 크림 100ml 기획 (+버블 클렌저 30ml),"병풀잎수(625,219 PPM), 부틸렌글라이콜, 글리세린, 카프릴릭/카프릭트라이글리세라이드, 하이드로제네이티드폴리(C6-14올레핀), 정제수, 프로판다이올, 다이프로필렌글라이콜, 펜타에리스리틸테트라에틸헥사노에이트, 1,2-헥산다이올, 사이클로헥사실록세인, 해바라기씨오일, 세테아릴올리베이트, 솔비탄올리베이트, 암모늄아크릴로일디메칠타우레이트/브이피 코폴리머, 아크릴레이트/C10-30알킬아크릴레이트크로스폴리머, 트로메타민, 연어알추출물(1,500 PPM), 소듐폴리아크릴레이트, 베타인, 판테놀, 녹차수, 소듐하이알루로네이트, 에틸헥실글리세린, 잔탄검, 아데노신, 다이소듐이디티에이, 덱스트린, 쇠비름추출물, 하이드롤라이즈드콜라겐, 카카오추출물, 토코페롤, 하이알루로닉애씨드, 마데카소사이드, 소듐디엔에이, 말토덱스트린, 아보카도열매추출물, 하이드롤라이즈드하이알루로닉애씨드"
A000000251651,[3세대 리뉴얼] 닥터지 레드 블레미쉬 클리어 수딩크림 EX 70ml,"정제수, 글리세린, 부틸렌글라이콜, 다이카프릴릴에터, 나이아신아마이드, 1,2-헥산다이올, 펜틸렌글라이콜, 소듐하이알루로네이트, 병풀잎추출물, 비피다발효여과물, 락토바실러스발효물, 병풀꽃/잎/줄기추출물, 병풀뿌리추출물, 병풀추출물, 효모발효여과물, 하이드로제네이티드폴리데센, 다이카프릴릴카보네이트, 하이드록시에틸아크릴레이트/소듐아크릴로일다이메틸타우레이트코폴리머, 판테놀, 아크릴레이트/C10-30알킬아크릴레이트크로스폴리머, 실리카, 트로메타민, 솔비톨, 글리세릴아크릴레이트/아크릴릭애씨드코폴리머, 에틸헥실글리세린, 트라이소듐에틸렌다이아민다이석시네이트, 알란토인, 다이프로필렌글라이콜, 토코페롤, 마데카소사이드, 폴리글리세릴-10라우레이트, 포스파티딜콜린, 하이드로제네이티드레시틴, 칼슘판토테네이트, 스쿠알란, 에리스리톨, 에틸헥실팔미테이트, 아시아티코사이드, 마데카식애씨드, 아시아틱애씨드, 트라이하이드록시스테아린, 세라마이드엔피, 다발방패버섯추출물, 잔탄검"
A000000225127,[보습장벽크림] 코스알엑스 더 세라마이드 스킨 베리어 모이스처라이저 80ml,"정제수, 부틸렌글라이콜, 글리세린, 세틸에틸헥사노에이트, 부틸렌글라이콜다이카프릴레이트/다이카프레이트, 스쿠알란, 펜타에리스리틸테트라아이소스테아레이트, 다이카프릴릴카보네이트, 베헤닐알코올, 다이메티콘, 베타인, 하이드록시프로필비스팔미타마이드엠이에이(8,000 ppm), C14-22알코올, 팔미틱애씨드, 스테아릭애씨드, 하이드록시프로필비스라우라마이드엠이에이(7,000 ppm), 아라키딜알코올, 콜레스테롤, 폴리아크릴레이트-13, C12-20알킬글루코사이드, 알란토인, 아라키딜글루코사이드, 카프릴릴글라이콜, 글리세릴카프릴레이트, 에틸헥실글리세린, 하이드로제네이티드폴리아이소부텐, 카보머, 트로메타민, 하이드로제네이티드레시틴, 다이메티콘올, 세테아릴알코올, 폴리글리세릴-10라우레이트, 에틸헥실팔미테이트, 솔비탄아이소스테아레이트, 피토스핑고신, 판테놀, 프로판다이올, 토코페롤, 세라마이드엔피(5,500ppb), 소듐하이알루로네이트, 세라마이드엔에스(1,500 ppb), 1,2-헥산다이올, 하이드롤라이즈드하이알루로닉애씨드, 세라마이드에이피(500 ppb), 세라마이드에이에스(500 ppb), 소듐하이알루로네이트크로스폴리머, 하이알루로닉애씨드, 소듐아세틸레이티드하이알루로네이트, 세라마이드이오피(1 ppb)"
A000000158038,[채서안PICK/보습탄력] 아비브 부활초 크림 뉴트리션 튜브 75ml 기획 (+30ml 추가 증정),"정제수, 부틸렌글라이콜, 글리세린, 카프릴릭/카프릭트라이글리세라이드, 다이아이소스테아릴말레이트, 코코넛야자오일, 시어버터, 세테아릴알코올, 다이글리세린, 펜틸렌글라이콜, 1,2-헥산다이올, 비스-다이글리세릴폴리아실아디페이트-2, 카프릴릭/카프릭/미리스틱/스테아릭트라이글리세라이드, 아이소트라이데실아이소노나노에이트, 아라키딜알코올, 판테놀, 합성비즈왁스, 비닐다이메티콘, 트루로즈오브예리코추출물(1,240 ppm), 호호바에스터, 베헤닐알코올, 글리세릴스테아레이트, 아라키딜글루코사이드, 하이드록시에틸아크릴레이트/소듐아크릴로일다이메틸타우레이트코폴리머, C12-16알코올, 아크릴레이트/C10-30알킬아크릴레이트크로스폴리머, 팔미틱애씨드, 트로메타민, 카나우바왁스, 하이드로제네이티드레시틴, 락토바실러스발효물, 다이포타슘글리시리제이트, 잔탄검, 에틸헥실글리세린, 아데노신, 트라이소듐에틸렌다이아민다이석시네이트, 토코페롤, 차가버섯추출물, 메틸프로판다이올, 블루아가베잎추출물"
A000000188831,조선미녀 조선미녀크림 50ml,"정제수, 글리세린, 하이드로제네이티드폴리데센, 1,2-헥산다이올, 나이아신아마이드, 스쿠알란, 부틸렌글라이콜, 프로판다이올, 부틸렌글라이콜다이카프릴레이트/다이카프레이트, 세테아릴올리베이트, 솔비탄올리베이트, 암모늄아크릴로일다이메틸타우레이트/브이피코폴리머, 잔탄검, 인삼수, 아크릴레이트/C10-30알킬아크릴레이트크로스폴리머, 트로메타민, 잇꽃씨오일, 하이드로제네이티드코코넛오일, 글리세릴아크릴레이트/아크릴릭애씨드코폴리머, 쌀겨수, 에틸헥실글리세린, 아데노신, 카프릴릭/카프릭트라이글리세라이드, 다이소듐이디티에이, 하이알루로닉애씨드, 하이드롤라이즈드하이알루로닉애씨드, 소듐하이알루로네이트, 꿀추출물, 세라마이드엔피, 하이드로제네이티드레시틴, 황련뿌리추출물, 무씨추출물, 카카오씨추출물, 구기자추출물, 덱스트린, 진흙버섯추출물, 황금추출물"
A000000256050,[단독기획] 토리든 밸런스풀 시카 진정 크림 80ml 기획(+세럼10ml+패드10매),"[밸런스풀 진정 크림] 정제수, 부틸렌글라이콜, 글리세린, 헵틸운데실레네이트, 1,2-헥산다이올, 판테놀(2,000ppm), 병풀추출물, 마데카식애씨드, 아시아티코사이드, 아시아틱애씨드, 마데카소사이드, 알란토인, 하이드롤라이즈드하이알루로닉애씨드, 쓴풀추출물, 푸른연꽃추출물, 락토바실러스발효물, 접시꽃추출물, 잇꽃꽃추출물, 베타인, 카프릴릭/카프릭트라이글리세라이드, 세테아릴알코올, 프로판다이올, C14-22알코올, 다이펩타이드-2, 아크릴레이트/C10-30알킬아크릴레이트크로스폴리머, 하이드록시에틸아크릴레이트/소듐아크릴로일다이메틸타우레이트코폴리머, 소듐폴리아크릴레이트, 글리세릴아크릴레이트/아크릴릭애씨드코폴리머, 피브이엠/엠에이코폴리머, 솔비탄아이소스테아레이트, 폴리글리세릴-3폴리리시놀리에이트, 아이소펜틸다이올, 카프릴로일살리실릭애씨드, C12-20알킬글루코사이드, 폴리글리세릴-4올리에이트, 소듐스테아로일글루타메이트, 소듐서팩틴, 카프로익애씨드, 잔탄검, 트로메타민, 소듐아세테이트, 다이소듐이디티에이, 에틸헥실글리세린, 치자추출물 [밸런스풀 시카 컨트롤 세럼] 정제수, 글리세린, 프로판다이올, 다이프로필렌글라이콜, 나이아신아마이드, 1,2-헥산다이올, 판테놀(11,000ppm), 병풀추출물, 마데카식애씨드, 아시아티코사이드(3,610ppb), 아시아틱애씨드, 마데카소사이드, 알란토인, 쓴풀추출물, 푸른연꽃추출물, 락토바실러스발효물, 접시꽃추출물, 소듐하이알루로네이트, 하이드롤라이즈드하이알루로닉애씨드, 하이알루로닉애씨드, 하이드록시프로필트라이모늄하이알루로네이트, 포타슘하이알루로네이트, 소듐하이알루로네이트크로스폴리머, 소듐아세틸레이티드하이알루로네이트, 징크하이드롤라이즈드하이알루로네이트, 칼슘판토테네이트, 석시닉애씨드, 글루코닉애씨드, 카프릴로일살리실릭애씨드, 징크피씨에이, 팔미토일다이펩타이드-7, 다이펩타이드-2, 다이포타슘글리시리제이트, 펜틸렌글라이콜, 소듐스테아로일글루타메이트, 아세틸글루코사민, 글리세릴글루코사이드, 아이소펜틸다이올, 2,3-부탄다이올, 옥틸도데칸올, 글리세릴아크릴레이트/아크릴릭애씨드코폴리머, 피브이엠/엠에이코폴리머, 카프로익애씨드, 폴리글리세릴-4올리에이트, 솔비탄스테아레이트, 폴리글리세린-3, 피토스테롤, 소듐서팩틴, 카보머, 잔탄검, 트로메타민, 소듐아세테이트, 에틸헥실글리세린, 콥티스뿌리추출물, 말라카이트추출물 [밸런스풀 시카 패드] 정제수, 글리세린, 프로판다이올, 다이프로필렌글라이콜, 나이아신아마이드, 1,2-헥산다이올, 판테놀(11,000ppm), 병풀추출물, 마데카식애씨드, 아시아티코사이드(3,610ppb), 아시아틱애씨드, 마데카소사이드, 알란토인, 쓴풀추출물, 푸른연꽃추출물, 락토바실러스발효물, 접시꽃추출물, 소듐하이알루로네이트, 하이드롤라이즈드하이알루로닉애씨드, 하이알루로닉애씨드, 하이드록시프로필트라이모늄하이알루로네이트, 포타슘하이알루로네이트, 소듐하이알루로네이트크로스폴리머, 소듐아세틸레이티드하이알루로네이트, 징크하이드롤라이즈드하이알루로네이트, 칼슘판토테네이트, 석시닉애씨드, 글루코닉애씨드, 카프릴로일살리실릭애씨드, 징크피씨에이, 팔미토일다이펩타이드-7, 다이펩타이드-2, 다이포타슘글리시리제이트, 펜틸렌글라이콜, 소듐스테아로일글루타메이트, 아세틸글루코사민, 글리세릴글루코사이드, 아이소펜틸다이올, 2,3-부탄다이올, 옥틸도데칸올, 글리세릴아크릴레이트/아크릴릭애씨드코폴리머, 피브이엠/엠에이코폴리머, 카프로익애씨드, 폴리글리세릴-4올리에이트, 솔비탄스테아레이트, 폴리글리세린-3, 피토스테롤, 소듐서팩틴, 카보머, 잔탄검, 트로메타민, 소듐아세테이트, 에틸헥실글리세린, 콥티스뿌리추출물, 말라카이트추출물"
A000000250103,이지듀 EGFx 다운타임 크림 60ml 기획(+오인트 겔 5ml),"스트렙토코쿠스 테르모필루스발효추출여과물, 정제수, 글리세린, 부틸렌글라이콜, 카프릴릭/카프릭트라이글리세라이드, 올리브오일, 시어버터, 1,2-헥산다이올, 세틸에틸헥사노에이트,나이아신아마이드, 세테아릴알코올, 펜틸렌글라이콜, 타피오카전분, 편백오일, 살비아오일, 불가리스쑥오일, 바질오일, 병풀추출물, 하이드롤라이즈드콜라겐, 하이드롤라이즈드하이알루로닉애씨드,퀸즈랜드넛오일, 다이메티콘, 글리세릴스테아레이트, 피이지-100스테아레이트, 솔비탄세스퀴올리에이트, 폴리솔베이트60, 비즈왁스, 팔미틱애씨드, 다이글리세린, 하이드록시에틸아크릴레이트/소듐아크릴로일다이메틸타우레이트코폴리머, 피토스테릴/베헤닐/옥틸도데실라우로일글루타메이트,스테아릭애씨드, 판테놀, 소듐아크릴레이트/소듐아크릴로일다이메틸타우레이트코폴리머, 프로판다이올, 에틸헥실글리세린, 아이소헥사데칸, 아데노신, 소듐파이테이트, 폴리솔베이트80, 하이드로제네이티드레시틴, 폴리글리세릴-10올리에이트, 솔비탄올리에이트, 니코틴아마이드모노뉴클레오타이드, 니코틴아마이드아데닌다이뉴클레오타이드, 소듐스테아로일글루타메이트, 토코페롤,아데노신트라이포스페이트, 라우로일라이신, 소듐아스코빌포스페이트, 세라마이드엔피, 하이드롤라이즈드엘라스틴, 소듐디엔에이, 에스에이치-올리고펩타이드-1(1ppm), 콜레스테롤, 엑토인, 소듐클로라이드 , 소듐락테이트, 메틸글루카민, 스쿠알란, 알루미늄수크로오스옥타설페이트, 유채스테롤,소듐서팩틴, 포타슘클로라이드, 칼슘클로라이드, 셀룰로오스, 마그네슘클로라이드, 에탄올, 다이소듐이디티에이"
A000000225180,[보습광채] 코스알엑스 어드벤스드 스네일 92 올인원 크림 100g,"달팽이점액여과물, 베타인, 카프릴릭/카프릭트라이글리세라이드, 부틸렌글라이콜, 세테아릴올리베이트, 솔비탄올리베이트, 세테아릴알코올, 카보머, 알지닌, 다이메티콘, 소듐폴리아크릴레이트, 페녹시에탄올, 소듐하이알루로네이트, 스테아릭애씨드, 알란토인, 판테놀, 잔탄검, 에틸헥산다이올, 아데노신"
A000000256757,[의약외품] 동아제약 센테카솔 연고 30g,수집실패
A000000200666,[단독기획] 토리든 셀메이징 저분자 콜라겐 탄력 크림 60ml 기획 (+20ml),"정제수, 부틸렌글라이콜, 글리세린, 카프릴릭/카프릭트라이글리세라이드, 나이아신아마이드, 1,2-헥산다이올, 세테아릴올리베이트, 세틸에틸헥사노에이트, 콜라겐추출물, 수용성콜라겐, 콜라겐아미노산, 콜라겐, 하이드롤라이즈드콜라겐, 헥사펩타이드-2, 판테놀, 알란토인, 하이드롤라이즈드하이알루로닉애씨드, 소듐하이알루로네이트, 하이드록시에틸아크릴레이트/소듐아크릴로일다이메틸타우레이트코폴리머, 소듐하이알루로네이트크로스폴리머, 포타슘하이알루로네이트, 하이드록시프로필트라이모늄하이알루로네이트, 하이알루로닉애씨드, 소듐아세틸레이티드하이알루로네이트, 헵틸운데실레네이트, 글리세릴스테아레이트, C10-18트라이글리세라이즈, 아크릴레이트/C10-30알킬아크릴레이트크로스폴리머, 발린, 트레오닌, 프롤린, 아이소류신, 히스티딘, 메티오닌, 시스테인, 바이오틴, 펜틸렌글라이콜, 글라이신, 세린, 글루타믹애씨드, 아스파틱애씨드, 류신, 알라닌, 라이신, 알지닌, 타이로신, 페닐알라닌, 아데노신, 솔비탄올리베이트, 솔비탄아이소스테아레이트, 세테아릴알코올, 비닐다이메티콘, 트로메타민, 글리세릴아크릴레이트/아크릴릭애씨드코폴리머, 피브이엠/엠에이코폴리머, 잔탄검, 다이소듐이디티에이, 에틸헥실글리세린,"
A000000199155,[민감진정] 라운드랩 포 맨 소나무 진정 시카 크림 75ml,"정제수,부틸렌글라이콜,글리세린,카프릴릭/카프릭트라이글리세라이드,1,2-헥산다이올,하이알루로닉애씨드,하이드롤라이즈드하이알루로닉애씨드,소듐하이알루로네이트,하이드롤라이즈드치자추출물,하이드롤라이즈드맥아추출물,하이드롤라이즈드삼색제비꽃추출물,인도멀구슬나무잎추출물,인도멀구슬나무꽃추출물,카카오씨추출물,감자꽃추출물,녹차추출물,오카무라큰실말추출물,흰버드나무껍질추출물,커피콩추출물,베르가모트잎추출물,소나무잎추출물(1000.61ppm),프로판다이올,에틸헥실글리세린,데실글루코사이드,세테아릴올리베이트,솔비탄올리베이트,소듐폴리아크릴레이트,에틸헥실스테아레이트,병풀잎추출물(10.6ppm),카프릴로일살리실릭애씨드,덱스트린,암모늄폴리아크릴로일다이메틸타우레이트,병풀추출물(0.01ppm),글라이코프로테인(0.0002ppm),아시아티코사이드(0.00001ppm),아시아틱애씨드(0.00001ppm),마데카소사이드(0.00001ppm),마데카식애씨드(0.00001ppm),세테아릴알코올,비닐다이메티콘,다이소듐이디티에이,트라이데세스-6"
A000000248422,[박희선Pick] 아누아 어성초 77 B3 징크 수딩 크림 80ml,"약모밀꽃/잎/줄기수(77%), 나이아신아마이드(1,000 ppm), 1,2-헥산다이올, 판테놀, 글리세린, 다이프로필렌글라이콜, 부틸렌글라이콜, 소듐시트레이트, 징크피씨에이(10 ppm), 프로판다이올, 트레할로오스, 정제수, 베타인, 잔탄검, 스핑고모나스발효추출물, 에틸헥실글리세린, 시트릭애씨드, 하이드록시프로필사이클로덱스트린, 아데노신, 다이소듐이디티에이, 다이포타슘글리시리제이트, 글리세릴아크릴레이트/아크릴릭애씨드코폴리머, 글루코노락톤, 도코사헥사에노익애씨드, 토코페롤, 알란토인, 피리독신에이치씨엘, 카프릴로일살리실릭애씨드, 약모밀소포, 아이소쿼시트린, 쿼세틴"
A000000242718,[장벽+보습] 차앤박 더마앤서 배리어 리셋 크림 80ml 기획 (+31ml),"정제수, 글리세린, 다이프로필렌글라이콜, 카프릴릭/카프릭트라이글리세라이드, 하이드로제네이티드폴리아이소부텐, 다이카프릴릴에터, 글리세릴스테아레이트에스이, 1,2-헥산다이올, 다이메티콘, 세테아릴올리베이트, 판테놀, 다이페닐다이메티콘, 하이드롤라이즈드식물성단백질, 올리브오일, 알지닌, 글루타믹애씨드, 세라마이드엔피, 부틸렌글라이콜, 트레할로오스, 트로메타민, 트록세루틴, 피토스테롤, 팔미틱애씨드, 콜레스테롤, 세라마이드에이피, 세라마이드엔지, 세라마이드엔에스, 피토스핑고신, 세라마이드에이에스, 세라마이드이오피, 소듐하이알루로네이트, 알지닌/라이신폴리펩타이드, 프로폴리스추출물, 알란토인, 폴리글리세릴-3메틸글루코오스다이스테아레이트, 솔비탄올리베이트, 하이드로제네이티드레시틴, C14-22알코올, 폴리아크릴레이트크로스폴리머-6, 아크릴레이트/C10-30알킬아크릴레이트크로스폴리머, 다이포타슘글리시리제이트, C12-20알킬글루코사이드, 토코페롤, 돌콩오일, 석시닉애씨드, 세테아릴알코올, 스테아릭애씨드, 2,3-부탄다이올, 글리세릴스테아레이트, 클레리오일, 멕시칸주니퍼오일, 에틸헥실글리세린, 트라이소듐이디티에이, 로즈마리잎오일, 잔탄검, 피이지-크로스폴리머, 소르빅애씨드"
A000000229284,랑콤 이드라젠 모이스처라이징 수딩크림 / 젤크림 기획/단품 2종 택1 (50ml/30ml),[수딩 크림] 정제수 프로방스장미꽃수 글리세린 다이카프릴릴에터 펜틸렌글라이콜 세테아릴알코올 세틸에스터 프로판다이올 세테아릴아이소노나노에이트 하이드록시에틸아크릴레이트/소듐아크릴로일다이메틸타우레이트코폴리머 글리세릴스테아레이트 호호바에스터 하이드록시프로필스타치포스페이트 소듐스테아로일글루타메이트 하이드록시아세토페논 해바라기씨왁스 향료 라우릴라우레이트 비사보롤 셀룰로오스 카프릴로일살리실릭애씨드 알로에베라잎즙가루 소듐하이알루로네이트 트라이소듐에틸렌다이아민다이석시네이트 폴리솔베이트60 솔비탄아이소스테아레이트 폴리글리세린-3 포타슘솔베이트 소듐벤조에이트 에탄올 시트릭애씨드 토코페롤 프로방스장미꽃추출물 시트로넬올 [젤 크림] 정제수 프로방스장미꽃수 글리세린 스쿠알란 다이카프릴릴카보네이트 암모늄폴리아크릴로일다이메틸타우레이트 하이드록시아세토페논 카프릴릴글라이콜 향료 비사보롤 알로에베라잎즙가루 소듐하이알루로네이트 옥틸도데칸올 잔탄검 포타슘솔베이트 소듐벤조에이트 에탄올 시트릭애씨드 소듐하이드록사이드 토코페롤 프로방스장미꽃추출물 시트로넬올 적색504호
A000000254720,아이오페 비타민C 엑스퍼트 40% 마스크 컨센트레이트 15g 기획 (+ PDRN 10ml),"아스코빅애씨드, 페닐트라이메티콘, 실리카다이메틸실릴레이트, 하이드로제네이티드폴리아이소부텐, 카프릴릭/카프릭트라이글리세라이드, 비닐다이메티콘/메티콘실세스퀴옥세인크로스폴리머, 카프릴릴메티콘, C12-15알킬벤조에이트, 세틸에틸헥사노에이트, 하이드로제네이티드캐스터오일다이머다이리놀레에이트, 트라이에틸헥사노인, 폴리글리세릴-4다이아이소스테아레이트/폴리하이드록시스테아레이트/세바케이트, 다이아이소스테아로일폴리글리세릴-3다이머다이리놀리에이트, 폴리메틸메타크릴레이트, 티몰트라이메톡시신나메이트, 코질메틸렌다이옥시신나메이트, 니코틴아마이드모노뉴클레오타이드, 메틸메타크릴레이트/아크릴로나이트릴코폴리머, 레스베라트롤, 콩폴리펩타이드"
A000000212010,[기미잡티 크림]LBB 골드렐라 펩타이드 28 안티 멜라닌 마스크 크림 100ml,"시어버터,비닐다이메티콘,펜타에리스리틸테트라에틸헥사노에이트,프로판다이올,C12-15알킬벤조에이트,나이아신아마이드,세테아릴알코올,오조케라이트,1,2-헥산다이올,글리세릴스테아레이트,세테아릴올리베이트,부틸렌글라이콜,솔비탄올리베이트,베헤네스-25,소듐폴리아크릴레이트,카프릴릭/카프릭트라이글리세라이드,에틸헥실글리세린,카프릴릴글라이콜,라벤더오일,소듐파이테이트,말토덱스트린,글리세린,아데노신,세드랏껍질오일,클로렐라발효물,자몽껍질오일,지치뿌리추출물,하이드록시데실유비퀴논,폴리글리세릴-10올리에이트,필리핀오렌지전초오일,하이드로제네이티드레시틴,에스에이치-올리고펩타이드-1,에스에이치-올리고펩타이드-2,에스에이치-폴리펩타이드-1,에스에이치-폴리펩타이드-3,에스에이치-폴리펩타이드-22"
A000000172453,[속건조/진정보습] 닥터지 레드 블레미쉬 클리어 모이스처 크림 70ml 기획 (+30ml 증정),"정제수, 글리세린, 2,3-부탄다이올, 하이드로제네이티드폴리(C6-14올레핀), 병풀추출물, 나이아신아마이드, 베타인, 비닐다이메티콘, 사이클로헥사실록세인, 1,2-헥산다이올, 세틸에틸헥사노에이트, 하이드로제네이티드폴리데센, 호호바에스터, 하이드로제네이티드레시틴, 소듐하이알루로네이트, 마카다미아씨오일, 하이드로제네이티드채종유, 카프릴릭/카프릭트라이글리세라이드, 하이드록시에틸아크릴레이트/소듐아크릴로일다이메틸타우레이트코폴리머, 헥실데실라우레이트, 헥실데칸올, 실리카, 암모늄아크릴로일다이메틸타우레이트/브이피코폴리머, C14-22알코올, 아라키딜알코올, 팔미틱애씨드, C12-20알킬글루코사이드, 글리세릴스테아레이트, 다이프로필렌글라이콜, 알란토인, 스테아릭애씨드, 베헤닐알코올, 아라키딜글루코사이드, 카보머, 소듐스테아로일글루타메이트, 솔비탄아이소스테아레이트, 다이소듐이디티에이, 판테놀, 수크로오스다이스테아레이트, 부틸렌글라이콜, 글루코오스, 미리스틱애씨드, 세라마이드엔피, 마데카소사이드, 아시아티코사이드, 마데카식애씨드, 아시아틱애씨드, 피토스핑고신, 하이드록시아세토페논, 에틸헥실글리세린"
A000000234280,[끈적임 없는 레드시카] SVR 시카비트+ 크림 HPPI 100ml/40ml [기획(+ 2ml*5ea)/단품],"정제수, 바바수씨오일, 해바라기씨오일, 시어버터, 옥수수오일, 프로판다이올, 글리세릴스테아레이트, 글리세린, 베헤닐알코올, 나이아신아마이드, 부틸렌글라이콜, 세테아릴알코올, 변성옥수수전분, 펜틸렌글라이콜, 레시틴, 알파-글루칸올리고사카라이드, 울금뿌리추출물, 소듐스테아로일글루타메이트, 소듐폴리아크릴레이트, 소듐스테아로일락틸레이트, 1,2-헥산다이올, 카프릴릴글라이콜, 잔탄검, 하이드롤라이즈드하이알루로닉애씨드, 글라이코스핑고리피드, 글라이코리피드, 시트릭애씨드, 토코페롤, 람노오스, 글루코오스, 글루쿠로닉애씨드, 하이드롤라이즈드효모추출물, 소듐하이드록사이드"
A000000147109,[보습장벽크림] 유세린 우레아 리페어 크림 50ml,"정제수,글리세린,우레아(5%),펜타에리스리틸테트라아이소스테아레이트,카프릴릭/카프릭트라이글리세라이드,세틸알코올,글리세릴스테아레이트,소듐락테이트,하이드록시프로필스타치포스페이트,페녹시에탄올,1,2-헥산다이올,락틱애씨드,포타슘세틸포스페이트,소듐클로라이드,글라이신,카르니틴,알지닌에이치씨엘,알라닌,잔탄검,소듐피씨에이,콜레스테롤,세라마이드엔피,피토스핑고신,올레익애씨드,토코페롤"
A000000198721,[쿨링진정] 아비브 어성초 크림 카밍 튜브 75ml,"정제수, 사이클로헥사실록세인, 글리세린, 트라이에틸헥사노인, 나이아신아마이드, 펜틸렌글라이콜, 1,2-헥산다이올, 폴리글리세릴-3폴리다이메틸실록시에틸다이메티콘, 라우릴다이메티콘/폴리글리세린-3크로스폴리머, 소듐클로라이드, 아이소도데케인, 소듐폴리아크릴레이트스타치, 페닐트라이메티콘, 다이메티콘/비닐다이메티콘크로스폴리머, 비닐다이메티콘/메티콘실세스퀴옥세인크로스폴리머, 소듐시트레이트, 약모밀추출물(1,000 ppm), 판테놀, 프로판다이올, 실리카, 인도멀구슬나무잎추출물, 다이포타슘글리시리제이트, 다이프로필렌글라이콜, 인도멀구슬나무꽃추출물, 소듐파이테이트, 벤질글라이콜, 하이드롤라이즈드글라이코사미노글리칸, 홀리바질잎추출물, 소듐하이알루로네이트, 울금뿌리추출물, 참산호말추출물, 소듐하이알루로네이트크로스폴리머, 토코페롤, 하이드롤라이즈드하이알루로닉애씨드, 에틸헥실글리세린, 하이드록시프로필트라이모늄하이알루로네이트, 알란토인, 부틸렌글라이콜, 카프릴릭/카프릭트라이글리세라이드, 베타-글루칸, 하이알루로닉애씨드, 하이드로제네이티드레시틴, 소듐아세틸레이티드하이알루로네이트, 알지닌, 세라마이드엔피, 세린"
A000000200133,[민감/진정크림]아벤느 똘레랑스 하이드레이팅 플루이드 40ml,"온천수(아벤느온천수), 카프릴릭/카프릭트라이글리세라이드, 글리세린, 미리스틸알코올, 레몬껍질가루, 디우탄검, 미리스틸글루코사이드, 스클레로튬검, 소듐하이알루로네이트"
A000000247202,[민감/진정크림]아벤느 똘레랑스 하이드레이팅 크림 40ml,"온천수(아벤느 온천수), 카프릴릭/카프릭트라이글리세라이드, 글리세린, 시어버터, 세테아릴알코올, 세테아릴글루코사이드, 레몬껍질가루, 디우탄검, 스클레로튬검, 소듐하이알루로네이트"
A000000253623,[1등 진정/흔적] 센텔리안24 마데카 크림 타임리버스 50ml 더블기획 (+15ml 2ea+푸린 피크닉매트 포켓몬),"[타임리버스 크림] 정제수*, 다이프로필렌글라이콜*, 하이드로제네이티드폴리데센, 카프릴릭/카프릭트라이글리세라이드, 글리세린, 글리세릴스테아레이트, 펜타에리스리틸테트라에틸헥사노에이트, 나이아신아마이드*, 사이클로헥사실록세인, 세틸알코올, 폴리글리세릴-6다이스테아레이트, 비닐다이메티콘, 다이카프릴릴에터, 병풀단백질추출물, 아시아티코사이드*, 아시아틱애씨드*, 마데카식애씨드(4,800 ppm)*, 병풀오일, 병풀아미노산, 마데카소사이드, 아스코빌아시아테이트, 병풀폴리펩타이드, 하이드롤라이즈드하이알루로닉애씨드, 하이드롤라이즈드병풀추출물, 병풀추출물, 병풀잎추출물*, 라케모사승마뿌리추출물*, 흰무늬엉겅퀴추출물*, 마카뿌리추출물*, 마카다미아씨오일*, 돌콩오일*, 하이드로제네이티드레시틴*, 소듐하이알루로네이트, 폴리글리세릴-10라우레이트, 스테아릴알코올, 비즈왁스, 소듐스테아로일글루타메이트, 판테놀, 자일리틸글루코사이드*, 하이드록시에틸아크릴레이트/소듐아크릴로일다이메틸타우레이트코폴리머, 호호바에스터*, 안하이드로자일리톨*, 부틸렌글라이콜*, 폴리글리세릴-3비즈왁스, 1,2-헥산다이올*, 하이드록시아세토페논, 자일리톨*, 메틸프로판다이올*, 알란토인, 프로판다이올*, 칸디다 봄비콜라/글루코오스/메틸레이프씨데이트발효물*, 잔탄검, 에톡시다이글라이콜*, 다이소듐이디티에이, 글루코오스*, 아데노신, 솔비탄아이소스테아레이트, 에틸헥실글리세린, 소듐라우레이트, 사이클로덱스트린*, 라우릭애씨드, 소듐폴리아크릴레이트, 피브이엠/엠에이코폴리머, 옥틸도데칸올*, 글라이코리피드*, 카페인*, C12-13파레스-9*, 콜라겐아미노산, 세라마이드엔피, 레스베라트롤*, 알지닌*, 글라이코젠, 엑토인, 타우린*, 하이드롤라이즈드엘라스틴, 레티놀*, 말토덱스트린*, 피토스핑고신, 수크로오스다이스테아레이트*, 소듐디엔에이, 사이아노코발아민*, 글라이신, 글루타믹애씨드, 해바라기씨왁스*, 폴리글리세린-3*, 토코페롤*, 쓴쑥추출물, 바닐라열매추출물, 올리브오일, 오렌지오일, 필리핀오렌지껍질오일, 라벤더오일, 베르가모트오일, 로즈마리잎오일, 오렌지껍질오일, 리씨열매오일, 연필향나무오일, 왕귤껍질오일, 아틀라스시다나무껍질오일, 센티드제라늄꽃오일, 커먼자스민오일, 마텔오일, 장미꽃오일, 갈바눔수지오일, 발삼코파이바수지, 리모넨, 리날룰, 시트랄 (*활성-TECATM) [PDRN 크림] 정제수, 글리세린, 다이프로필렌글라이콜, 카프릴릭/카프릭트라이글리세라이드, 하이드로제네이티드폴리(C6-14올레핀), 글리세릴스테아레이트, 펜타에리스리틸테트라에틸헥사노에이트, 나이아신아마이드, 메틸트라이메티콘, 비닐다이메티콘, 세테아릴알코올, 다마스크장미꽃수, 폴리글리세릴-10라우레이트, 소듐디엔에이(2,000 ppm), 마데카식애씨드(1,600 ppm), 아시아티코사이드, 아시아틱애씨드, 병풀추출물, 글루타티온, 카페인, 베타-시토스테롤, 피토스테롤, 다시마추출물, 알로에베라잎추출물, 참마뿌리추출물, 당느릅나무뿌리추출물, 제비꽃꽃추출물, 소듐하이알루로네이트, 다이메틸실란올하이알루로네이트, 하이드롤라이즈드하이알루로닉애씨드, 하이드롤라이즈드소듐하이알루로네이트, 하이알루로닉애씨드, 포타슘하이알루로네이트, 소듐하이알루로네이트크로스폴리머, 하이드록시프로필트라이모늄하이알루로네이트, 소듐하이알루로네이트다이메틸실란올, 소듐아세틸레이티드하이알루로네이트, 1,2-헥산다이올, 판테놀, C10-18트라이글리세라이즈, 소듐스테아로일글루타메이트, 소듐폴리아크릴로일다이메틸타우레이트, 부틸렌글라이콜, 호호바에스터, 혼합글리세릴스테아레이트, 하이드록시아세토페논, 하이드록시에틸아크릴레이트/소듐아크릴로일다이메틸타우레이트코폴리머, 세틸알코올, 스테아릴알코올, 베헤닐알코올, 해바라기씨왁스, 황련뿌리추출물, 에틸헥실글리세린, 라벤더오일, 베르가모트오일, 올리브오일, 오렌지껍질오일, 잔탄검, 로즈마리잎오일, 다이소듐이디티에이, 아데노신, 솔비탄아이소스테아레이트, 폴리글리세린-3, 캐모마일꽃오일, 사이아노코발아민, 아스코빅애씨드, 토코페롤, 세라마이드엔피, 글라이코프로테인, 피토스핑고신, 하이드로제네이티드레시틴, 콜라겐아미노산, 하이드롤라이즈드엘라스틴, 아스파틱애씨드, 글라이신, 글루타믹애씨드, 알지닌, 리모넨, 리날룰"
A000000187139,[아랑 PICK] 낫츠 센텔라스카 연고 일랑일랑 2입 기획(15g+15g),수집실패
A000000227939,[수분탄력크림] 퍼셀 픽셀바이옴 히알 콜라겐 유산균 크림 50ml,"정제수, 비닐다이메티콘, 글리세린, 부틸렌글라이콜, 비피다발효용해물(2.25%), 락토바실러스발효용해물(2.25%), 효모발효용해여과물, 다이프로필렌글라이콜, 나이아신아마이드, 펜틸렌글라이콜, 1,2-헥산다이올, 카프릴릴메티콘, 에틸헥실팔미테이트, 하이드롤라이즈드하이알루로닉애씨드(300ppm), 효모발효여과물, 하이드롤라이즈드콜라겐(100ppm), 소듐하이알루로네이트(2ppm), 자일리톨, 흑효모발효물, 하이드롤라이즈드글라이코사미노글리칸, 클로렐라 불가리스추출물, 에리스리톨, 판테놀, 알란토인, 스쿠알란, 암모늄아크릴로일다이메틸타우레이트/브이피코폴리머, 트로메타민, 아크릴레이트/C10-30알킬아크릴레이트크로스폴리머, 솔비톨, 카프릴릭/카프릭트라이글리세라이드, 프로판다이올, 에틸헥실글리세린, 아데노신, 하이드롤라이즈드엘라스틴, 세라마이드엔피, 베타-글루칸, 하이드로제네이티드레시틴, 소듐파이테이트, 바이오사카라이드검-1, 다발방패버섯추출물, 셀룰로오스, 폴리글루타믹애씨드, 토코페롤, 다이포타슘포스페이트, 아세틸글루타민, 4-터피네올, 글루코오스, 프룩토올리고사카라이드, 프룩토오스, 셀룰로오스검, 카보머"
A000000161804,라로슈포제 똘러리앙 덤알레르고 플루이드 40ml,정제수@글리세린@부틸렌글라이콜@프로판다이올@시어버터@펜틸렌글라이콜@스쿠알란@폴리솔베이트20@옥수수전분@단삼뿌리추출물@글리세릴아크릴레이트/아크릴릭애씨드코폴리머@스핑고모나스발효추출물@암모늄폴리아크릴로일다이메틸타우레이트@하이드록시아세토페논@카프릴릴글라이콜@시트릭애씨드@트라이소듐에틸렌다이아민다이석시네이트@아세틸다이펩타이드-1세틸에스터
A000000164614,어바웃미 숲 진정 수분 크림 80ml (100시간 수분지속 진정크림),"편백수, 글리세린, 부틸렌글라이콜, 비닐다이메티콘, 1,2-헥산다이올, 카프릴릴메티콘, 나이아신아마이드, 펜틸렌글라이콜, 정제수, 클로렐라 불가리스추출물, 살비아오일, 인도멀구슬나무잎추출물, 불가리스쑥오일, 바질오일, 인도멀구슬나무꽃추출물, 소듐하이알루로네이트, 카카오씨추출물, 보리지추출물, 수레국화꽃추출물, 병풀잎추출물, 마트리카리아꽃/잎추출물, 히아신스전초추출물, 라벤더꽃수, 클레리추출물, 하이드롤라이즈드식물성단백질, 티트리잎추출물, 하이드로제네이티드폴리데센, 글루코오스, 암X5:AD5모늄아크릴로일다이메틸타우레이트/브이피코폴리머, 하이드록시아세토페논, 아크릴레이트/C10-30알킬아크릴레이트크로스폴리머, 프룩토올리고사카라이드, 프룩토오스, 다이메티콘올, 세테아릴올리베이트, 솔비탄올리베이트, 트로메타민, 하이드록시에틸아크릴레이트/소듐아크릴로일다이메틸타우레이트코폴리머, 다이포타슘글리시리제이트, 에틸헥실글리세린, 시트릭애씨드, 소듐파이테이트, 아데노신, 솔비탄아이소스테아레이트, 덱스트린, 하이드로클로릭애씨드, 알란토인, 말토덱스트린, 카보머"
A000000246776,[더블기획/수부지맞춤] 라운드랩 자작나무 수분 크림 80ml 더블 기획 (+말랑 파우치) (눈멍이 콜라보),"정제수, 글리세린, 아이소노닐아이소노나노에이트, 아이소도데케인, 1,2-헥산다이올, 펜틸렌글라이콜, 폴리데센, 자작나무수액(10,000ppm), 호호바에스터, 판테놀, 글리세릴글루코사이드, 아라비아고무나무검, 하이드롤라이즈드오크라추출물, 소듐하이알루로네이트, 하이알루로닉애씨드, 화이트루핀씨추출물, 드럼스틱씨추출물, 인도멀구슬나무잎추출물, 인도멀구슬나무꽃추출물, 아이비고드열매추출물, 알로에베라꽃추출물, 가지열매추출물, 홀리바질잎추출물, 참산호말추출물, 울금뿌리추출물, 아스코빅애씨드, 펜타에리스리틸테트라에틸헥사노에이트, 암모늄아크릴로일다이메틸타우레이트/브이피코폴리머, 폴리글리세릴-3메틸글루코오스다이스테아레이트, 아크릴레이트/C10-30알킬아크릴레이트크로스폴리머, 트로메타민, 글리세릴아크릴레이트/아크릴릭애씨드코폴리머, 에틸헥실글리세린, 아가, 다이포타슘글리시리제이트, 글리세릴카프릴레이트, 부틸렌글라이콜, 다이소듐이디티에이"
A000000155291,[진정크림/총100ml] 웰라쥬 리얼 시카카밍 95 크림 80ml 기획 (+20ml),"[본품/증정품_리얼 시카 카밍 95 크림] 정제수, 글리세린, 카프릴릭/카프릭트라이글리세라이드, 부틸렌글라이콜, 세테아릴알코올, 아이소트라이데실아이소노나노에이트, 다이카프릴릴에터, 1,2-헥산다이올, 펜틸렌글라이콜, 클로렐라 불가리스추출물, 하이드롤라이즈드옥수수전분, 락토바실러스발효물, 소듐하이알루로네이트, 병풀잎추출물(350 ppb), 다이글리세린, 폴리글리세릴-3메틸글루코오스다이스테아레이트, 비닐다이메티콘, 하이드록시에틸아크릴레이트/소듐아크릴로일다이메틸타우레이트코폴리머, 세테아릴올리베이트, 솔비탄올리베이트, 판테놀, 글루코오스, 다이아이소스테아릴말레이트, 프룩토올리고사카라이드, 프룩토오스, 소듐폴리아크릴로일다이메틸타우레이트, 팔미틱애씨드, 다이프로필렌글라이콜, 스테아릭애씨드, 하이드로제네이티드폴리데센, 에틸헥실글리세린, 카프릴릴글라이콜, 다이포타슘글리시리제이트, 아데노신, 솔비탄아이소스테아레이트, 폴리글리세릴-10라우레이트, 폴리글리세릴-5폴리리시놀리에이트, 트라이소듐에틸렌다이아민다이석시네이트, 트라이데세스-10, 하이드로제네이티드레시틴, 소듐스테아로일글루타메이트, 레시틴, 수크로오스, 마데카소사이드(9,100 ppb), 토코페롤, 아시아티코사이드(950 ppb), 마데카식애씨드(400 ppb), 아시아틱애씨드(300 ppb), 잔탄검"
A000000156230,[1등 모공 수분천재크림] 에스네이처 아쿠아 스쿠알란 수분크림 60ml 기획(60ml+30ml),"정제수, 스쿠알란(150,000ppm), 글리세린, 1,2-헥산다이올, 베타인, 판테놀, 소듐하이알루로네이트, 하이드롤라이즈드콜라겐, 하이드록시프로필트라이모늄하이알루로네이트, 하이드롤라이즈드하이알루로닉애씨드, 소듐아세틸레이티드하이알루로네이트, 아세틸헥사펩타이드-8, 아데노신, 하이알루로닉애씨드, 하이드롤라이즈드소듐하이알루로네이트, 소듐하이알루로네이트크로스폴리머, 포타슘하이알루로네이트, 아크릴레이트/C10-30알킬아크릴레이트크로스폴리머, 알지닌, 알란토인, 자일리틸글루코사이드, 안하이드로자일리톨, 자일리톨, 글루코오스, 부틸렌글라이콜, 암모늄아크릴로일다이메틸타우레이트/브이피코폴리머, 카프릴릴글라이콜"
A000000211085,[화잘먹크림] 오드로이 모공수축크림 로프디 모공타이트닝 100ml,"정제수, 부틸렌글라이콜, 글리세린, 1,2-헥산다이올, 마카다미아씨오일, 하이드로제네이티드폴리(C6-14올레핀), 다이카프릴릴카보네이트, 알지닌, 아크릴레이트/C10-30알킬아크릴레이트크로스폴리머, 글리세릴카프릴레이트, 세테아릴올리베이트, 스쿠알란, 솔비탄올리베이트, 하이드록시에틸아크릴레이트/소듐아크릴로일다이메틸타우레이트코폴리머, 해바라기씨오일, 알란토인, 완두콩추출물, 약모밀추출물, 토코페롤, 향료, 에난티아 클로란타껍질추출물, 다이포타슘글리시리제이트, 아데노신, 소듐글루코네이트, 시트릭애씨드, 블랙체리열매추출물(52ppm), 펜틸렌글라이콜, 하이드롤라이즈드콜라겐, 올레아놀릭애씨드"
A000000253621,[1등 장벽PDRN/푸린백팩] 센텔리안24 마데카 크림 액티브 리뉴 PDRN 50ml 기획 (+15ml 포켓몬 에디션),"정제수, 글리세린, 다이프로필렌글라이콜, 카프릴릭/카프릭트라이글리세라이드, 하이드로제네이티드폴리(C6-14올레핀), 글리세릴스테아레이트, 펜타에리스리틸테트라에틸헥사노에이트, 나이아신아마이드, 메틸트라이메티콘, 비닐다이메티콘, 세테아릴알코올, 다마스크장미꽃수, 폴리글리세릴-10라우레이트, 소듐디엔에이(2,000 ppm), 마데카식애씨드(1,600 ppm), 아시아티코사이드, 아시아틱애씨드, 병풀추출물, 글루타티온, 카페인, 베타-시토스테롤, 피토스테롤, 다시마추출물, 알로에베라잎추출물, 참마뿌리추출물, 당느릅나무뿌리추출물, 제비꽃꽃추출물, 소듐하이알루로네이트, 다이메틸실란올하이알루로네이트, 하이드롤라이즈드하이알루로닉애씨드, 하이드롤라이즈드소듐하이알루로네이트, 하이알루로닉애씨드, 포타슘하이알루로네이트, 소듐하이알루로네이트크로스폴리머, 하이드록시프로필트라이모늄하이알루로네이트, 소듐하이알루로네이트다이메틸실란올, 소듐아세틸레이티드하이알루로네이트, 1,2-헥산다이올, 판테놀, C10-18트라이글리세라이즈, 소듐스테아로일글루타메이트, 소듐폴리아크릴로일다이메틸타우레이트, 부틸렌글라이콜, 호호바에스터, 혼합글리세릴스테아레이트, 하이드록시아세토페논, 하이드록시에틸아크릴레이트/소듐아크릴로일다이메틸타우레이트코폴리머, 세틸알코올, 스테아릴알코올, 베헤닐알코올, 해바라기씨왁스, 황련뿌리추출물, 에틸헥실글리세린, 라벤더오일, 베르가모트오일, 올리브오일, 오렌지껍질오일, 잔탄검, 로즈마리잎오일, 다이소듐이디티에이, 아데노신, 솔비탄아이소스테아레이트, 폴리글리세린-3, 캐모마일꽃오일, 사이아노코발아민, 아스코빅애씨드, 토코페롤, 세라마이드엔피, 글라이코프로테인, 피토스핑고신, 하이드로제네이티드레시틴, 콜라겐아미노산, 하이드롤라이즈드엘라스틴, 아스파틱애씨드, 글라이신, 글루타믹애씨드, 알지닌, 리모넨, 리날룰"
A000000200804,[화잘먹 결크림] 마몽드 플로라 글로우 로즈 스무딩 크림 50ml,"정제수, 프로판다이올, 글리세린, 해바라기씨오일, 폴리글리세릴-3메틸글루코오스다이스테아레이트, 카프릴릭/카프릭/미리스틱/스테아릭트라이글리세라이드, 코코넛야자오일, 메틸트라이메티콘, 호호바씨오일, 1,2-헥산다이올, 글리세릴스테아레이트, 세테아릴알코올, 코코-카프릴레이트/카프레이트, 부틸렌글라이콜, 하이드록시에틸아크릴레이트/소듐아크릴로일다이메틸타우레이트코폴리머, 티타늄디옥사이드 (CI 77891), 아크릴레이트/C10-30알킬아크릴레이트크로스폴리머, 포타슘세틸포스페이트, 트로메타민, 에틸헥실글리세린, 글리세릴카프릴레이트, 소듐메타포스페이트, 다마스크장미꽃추출물(320 ppm), 솔비탄아이소스테아레이트, 소듐하이알루로네이트, 하이알루로닉애씨드, 하이드롤라이즈드식물성단백질(100 ppm), 글루코노락톤, 시트로넬올, 프로필렌글라이콜, 토코페롤, 하이드롤라이즈드하이알루로닉애씨드, 소듐하이알루로네이트크로스폴리머, 소듐아세틸레이티드하이알루로네이트"
A000000211188,피지오겔 시카밸런스 포맨 카밍 크림 70ml,"정제수, 호호바씨오일, 글리세린, 다이카프릴릴카보네이트, 세테아릴알코올, 나이아신아마이드, 프로판다이올, 1,2-헥산다이올, 판테놀, 마데카소사이드(245 ppm), 아시아티코사이드(4 ppm), 마데카식애씨드(3.5 ppm), 아시아틱애씨드(2.5 ppm), 세린, 알지닌, 글리세릴스테아레이트, 세틸알코올, 폴리글리세릴-3메틸글루코오스다이스테아레이트, 수크로오스스테아레이트, 수크로오스트라이스테아레이트, 암모늄아크릴로일다이메틸타우레이트/브이피코폴리머, 세틸팔미테이트, 부틸렌글라이콜, 토코페롤, 솔비탄올리베이트, 솔비탄팔미테이트, 카보머, 트로메타민, 알란토인, 해바라기씨오일, 스쿠알란, 소듐하이알루로네이트, 알로에베라잎즙가루, 카프릴릭/카프릭트라이글리세라이드, 세라마이드엔피, 하이드로제네이티드레시틴, 시트릭애씨드"
A000000212690,브링그린 대나무 히알루 수분 부스팅 크림 100ml (2입기획/단품),"■ 정제수,글리세린,부틸렌글라이콜,1,2-헥산다이올,베타인,세틸에틸헥사노에이트,프로판다이올,하이드록시에틸아크릴레이트/소듐아크릴로일다이메틸타우레이트코폴리머,세테아릴알코올,왕대수액,메틸트라이메티콘,알란토인,암모늄아크릴로일다이메틸타우레이트/브이피코폴리머,에틸헥실글리세린,솔비탄아이소스테아레이트,글리세릴아크릴레이트/아크릴릭애씨드코폴리머,피브이엠/엠에이코폴리머,다이프로필렌글라이콜,다이소듐이디티에이,소듐하이알루로네이트,엑토인,하이알루로닉애씨드,하이드롤라이즈드하이알루로닉애씨드,스쿠알란,글리세릴글루코사이드,폴리글리세릴-10라우레이트,포스파티딜콜린,왕대추출물,세라마이드엔피,레스베라트롤,소듐아세틸레이티드하이알루로네이트,베타-시토스테롤"
A000000192520,[수분충전/세라마이드] 로벡틴 아쿠아 히알루로닉 수딩 크림 60ml,"정제수, 글리세린, 하이드로제네이티드폴리소부텐, 카프릴릭/카프릭트리글리세라이드,헥실렌글라이콜, 나이아신아마이드, 펜틸렌글라이콜, 소듐폴리아크릴로일디메칠타우레이트, 세라마이드엔피, 소듐하이알루로네이트, 헤마토코쿠스 플루비알리스추출물, 알로에베라잎즙가루, 토코페롤, 알란토인, 구아바잎추출물, 후박추출물, 하이드록시에칠셀룰로오스, 하이드로제네이티드폴리데센, 해바라기씨오일, 올리브오일, 아보카도오일, 스위트아몬드오일, 피마자오일, 세타아릴올리베이트, 에칠헥실글리세린, 소르비탄올리베이트, 운데실레닉글리세라이드, 트리데세스-10, 프로판디올, 글리세릴카프릴레이트, 시트릭애씨드"
A000000246591,[트러블진정템] 더마젼시 제로카 81 크림 60ml,"찔레꽃꽃수, 글리세린, 1,2-헥산다이올, 부틸렌글라이콜, 나이아신아마이드, 하이드로제네이티드폴리데센, 다이카프릴릴에터, 비닐다이메티콘, 정제수, 하이드록시에틸아크릴레이트/소듐아크릴로일다이메틸타우레이트코폴리머, 카프릴릴메티콘, 세테아릴올리베이트, 잔탄검, 솔비탄올리베이트, 아크릴레이트/C10-30알킬아크릴레이트크로스폴리머, 알지닌, 아데노신, 솔비탄아이소스테아레이트, 폴리솔베이트60, 글리세릴아크릴레이트/아크릴릭애씨드코폴리머, 다이소듐이디티에이, 판테놀, 아세틸글루코사민, 다이프로필렌글라이콜, 토코페롤, 천궁추출물, 황금추출물, 하이드로제네이티드레시틴, 소듐하이알루로네이트, 베타-글루칸, 마데카소사이드, 흰서양송로추출물, 아시아티코사이드, 에틸헥실글리세린, 하이드록시프로필트라이모늄하이알루로네이트, 마데카식애씨드, 아시아틱애씨드, 병풀추출물, 소듐아세틸레이티드하이알루로네이트, 하이드롤라이즈드하이알루로닉애씨드, 하이알루로닉애씨드, 소듐하이알루로네이트크로스폴리머, 하이드롤라이즈드소듐하이알루로네이트, 포타슘하이알루로네이트, 에스에이치-올리고펩타이드-1, 에스에이치-올리고펩타이드-2, 에스에이치-폴리펩타이드-1, 에스에이치-폴리펩타이드-11, 에스에이치-폴리펩타이드-16, 에스에이치-폴리펩타이드-22, 에스에이치-폴리펩타이드-3, 에스에이치-폴리펩타이드-62, 에스에이치-폴리펩타이드-9"
A000000255625,코스알엑스 더 블루 펩타이드 바쿠치올 플럼프 바운스 크림 50g,"정제수, 부틸렌글라이콜, 글리세린, 메틸트라이메티콘, 나이아신아마이드, 1,2-헥산다이올, 세테아릴알코올, 스쿠알란, 다이메티콘, 카프릴릴메티콘, 카퍼트라이펩타이드-1(0.5%), 카프릴릭/카프릭트라이글리세라이드, 암모늄아크릴로일다이메틸타우레이트/브이피코폴리머, 암모늄아크릴로일다이메틸타우레이트/베헤네스-25메타크라일레이트크로스폴리머, 폴리아크릴레이트크로스폴리머-6, 글리세릴스테아레이트, C30-45알킬세테아릴다이메티콘크로스폴리머, 세테아릴글루코사이드, 하이드로제네이티드레시틴, 글리세릴카프릴레이트, 에틸헥실글리세린, 스테아릭애씨드, 폴리글리세릴-3메틸글루코오스다이스테아레이트, 팔미틱애씨드, 소듐글루코네이트, 바쿠치올(500 ppm), 아데노신, 미리스틱애씨드, 라우릭애씨드, 카프릴릴글라이콜, 토코페롤, 다이펩타이드다이아미노부티로일벤질아마이드다이아세테이트(0.5 ppm), 아세틸헥사펩타이드-1(0.1 ppm), 아세틸헵타펩타이드-4(0.0457 ppm), 판테놀, 베타인, 이노시톨, 아세틸헥사펩타이드-8(0.004 ppm), 소듐하이드록사이드, 프로판다이올, 합성왁스, 소듐하이알루로네이트, 아세틸옥타펩타이드-3(0.0003 ppm), 폴리글리세릴-10스테아레이트, 하이드롤라이즈드하이알루로닉애씨드, 베타-글루칸, 소듐하이알루로네이트크로스폴리머, 세라마이드엔피, 하이알루로닉애씨드, 콜레스테롤, 하이드롤라이즈드콜라겐, 소듐아세틸레이티드하이알루로네이트"
A000000172040,[수분진정] 메이크프렘 인테카 수딩크림 50ml 기획(+크림 31ml),"정제수, 프로판다이올, 글리세린, 글리세릴글루코사이드, 1,2-헥산다이올, 카프릴릭/카프릭트라이글리세라이드, 하이드로제네이티드폴리데센, 나이아신아마이드, 부틸렌글라이콜, 솔비톨, 세테아릴올리베이트, 비닐다이메티콘, 솔비탄올리베이트, 카보머, 칸디다 봄비콜라/글루코오스/메틸레이프씨데이트발효물*, 해바라기씨오일*, 아시아티코사이드*, 아시아틱애씨드*, 마데카식애씨드*, 하이알루로닉애씨드, 하이드롤라이즈드하이알루로닉애씨드, 소듐하이알루로네이트, 다이프로필렌글라이콜*, 글리세릴스테아레이트에스이, 하이드로제네이티드레시틴, 트로메타민, 에틸헥실글리세린, 아데노신, 다이소듐이디티에이, 에톡시다이글라이콜* *Inteca™ 10,000ppm 함유"
A000000183713,[단독기획] 토리든 밸런스풀 시카 진정 크림 80ml 기획 (+세럼 10ml),"[벨런스풀 크림] 정제수, 부틸렌글라이콜, 글리세린, 헵틸운데실레네이트, 1,2-헥산다이올, 판테놀(2,000ppm), 병풀추출물, 마데카식애씨드, 아시아티코사이드, 아시아틱애씨드, 마데카소사이드, 알란토인, 하이드롤라이즈드하이알루로닉애씨드, 쓴풀추출물, 푸른연꽃추출물, 락토바실러스발효물, 접시꽃추출물, 잇꽃꽃추출물, 베타인, 카프릴릭/카프릭트라이글리세라이드, 세테아릴알코올, 프로판다이올, C14-22알코올, 다이펩타이드-2, 아크릴레이트/C10-30알킬아크릴레이트크로스폴리머, 하이드록시에틸아크릴레이트/소듐아크릴로일다이메틸타우레이트코폴리머, 소듐폴리아크릴레이트, 글리세릴아크릴레이트/아크릴릭애씨드코폴리머, 피브이엠/엠에이코폴리머, 솔비탄아이소스테아레이트, 폴리글리세릴-3폴리리시놀리에이트, 아이소펜틸다이올, 카프릴로일살리실릭애씨드, C12-20알킬글루코사이드, 폴리글리세릴-4올리에이트, 소듐스테아로일글루타메이트, 소듐서팩틴, 카프로익애씨드, 잔탄검, 트로메타민, 소듐아세테이트, 다이소듐이디티에이, 에틸헥실글리세린, 치자추출물 [밸런스풀 시카 컨트롤 세럼] 정제수, 글리세린, 프로판다이올, 다이프로필렌글라이콜, 나이아신아마이드, 1,2-헥산다이올, 판테놀(11,000ppm), 병풀추출물, 마데카식애씨드, 아시아티코사이드(3,610ppb), 아시아틱애씨드, 마데카소사이드, 알란토인, 쓴풀추출물, 푸른연꽃추출물, 락토바실러스발효물, 접시꽃추출물, 소듐하이알루로네이트, 하이드롤라이즈드하이알루로닉애씨드, 하이알루로닉애씨드, 하이드록시프로필트라이모늄하이알루로네이트, 포타슘하이알루로네이트, 소듐하이알루로네이트크로스폴리머, 소듐아세틸레이티드하이알루로네이트, 징크하이드롤라이즈드하이알루로네이트, 칼슘판토테네이트, 석시닉애씨드, 글루코닉애씨드, 카프릴로일살리실릭애씨드, 징크피씨에이, 팔미토일다이펩타이드-7, 다이펩타이드-2, 다이포타슘글리시리제이트, 펜틸렌글라이콜, 소듐스테아로일글루타메이트, 아세틸글루코사민, 글리세릴글루코사이드, 아이소펜틸다이올, 2,3-부탄다이올, 옥틸도데칸올, 글리세릴아크릴레이트/아크릴릭애씨드코폴리머, 피브이엠/엠에이코폴리머, 카프로익애씨드, 폴리글리세릴-4올리에이트, 솔비탄스테아레이트, 폴리글리세린-3, 피토스테롤, 소듐서팩틴, 카보머, 잔탄검, 트로메타민, 소듐아세테이트, 에틸헥실글리세린, 콥티스뿌리추출물, 말라카이트추출물"
A000000210600,넘버즈인 5번 글루타치온씨 흔적 토닝 레이저 크림 50ml,"정제수, 다이프로필렌글라이콜, 글리세린, 나이아신아마이드, 옥틸도데칸올, 해바라기씨오일, 부틸렌글라이콜, 트레할로오스, 펜틸렌글라이콜, 1,2-헥산다이올, 비파나무잎추출물, 황련뿌리추출물, 스피어민트추출물, 소듐하이알루로네이트, 카카오추출물, 병풀잎추출물, 아르간커넬오일, 참깨오일, 키토산, 사발팜열매추출물, 카프릴릴메티콘, 판테놀, 폴리메틸실세스퀴옥세인, 프로판다이올, 하이드록시에틸아크릴레이트/소듐아크릴로일다이메틸타우레이트코폴리머, 세테아릴올리베이트, 폴리글리세릴-10베헤네이트/에이코사디오에이트, 암모늄아크릴로일다이메틸타우레이트/브이피코폴리머, 솔비탄올리베이트, 아크릴레이트/C10-30알킬아크릴레이트크로스폴리머, 트로메타민, 에틸헥실글리세린, 솔비탄아이소스테아레이트, 아데노신, 팔미틱애씨드, 하이드로제네이티드레시틴, 글루타티온, 포스파티딜콜린, 폴리글리세릴-10라우레이트, 다이라우릴티오다이프로피오네이트, 펜타에리스리틸테트라-다이-t-부틸하이드록시하이드로신나메이트, 소듐파이테이트, 알란토인, 마데카소사이드, 레시틴, 셀룰로오스, 소듐포스페이트, 폴리글루타믹애씨드, 덱스트린, 아시아티코사이드, 시스테인, 토코페롤, 3-O-에틸아스코빅애씨드, 알부틴, 비사보롤, 에스에이치-올리고펩타이드-1, 에스에이치-올리고펩타이드-2, 에스에이치-폴리펩타이드-1, 에스에이치-폴리펩타이드-10, 에스에이치-폴리펩타이드-11, 에스에이치-폴리펩타이드-3, 에스에이치-폴리펩타이드-59, 에스에이치-폴리펩타이드-9, 콜레스테롤, 아스코빅애씨드, 베타-시토스테롤, 아스코빌글루코사이드, 세라마이드엔피, 잔탄검, C12-16알코올"
A000000163687,[수분진정] 비플레인 시카테롤 크림 60ml,"정제수, 프로판다이올, 글리세린, 부틸렌글라이콜, 병풀추출물(3.5%), 펜타에리스리틸테트라아이소스테아레이트, 나이아신아마이드, 코코-카프릴레이트/카프레이트, 1,2-헥산다이올, 아이소노닐아이소노나노에이트, 암모늄아크릴로일다이메틸타우레이트/브이피코폴리머, 세테아릴올리베이트, 솔비탄올리베이트, 카보머, 트로메타민, 판테놀, 에틸헥실글리세린, 다이카프릴릴카보네이트, 알란토인, 글리세릴아크릴레이트/아크릴릭애씨드코폴리머, 아데노신, 베타-시토스테롤, 글루코오스, 하이드로제네이티드레시틴, 펜틸렌글라이콜, 마데카소사이드, 백미꽃추출물, 소듐하이알루로네이트, 마데카식애씨드, 아시아티코사이드, 아시아틱애씨드"
A000000248363,[퀸승용 PICK] 지피덤 셀트리온EGF 스킨베리어 인텐시브 크림 80ml 기획 (+크림15ml+앰플1ml*3ea),"[지피덤 이지에프 스킨 베리어 인텐시브 크림] 정제수, 글리세린, 망고씨버터, 세테아릴알코올, 세틸알코올, 하이드로제네이티드폴리데센, 다이카프릴릴카보네이트, 카카오씨버터, 폴리글리세릴-3메틸글루코오스다이스테아레이트, 나이아신아마이드, 세틸에틸헥사노에이트, 부틸렌글라이콜, 글리세릴스테아레이트, 프로판다이올, C12-16알코올, 1,2-헥산다이올, 판테놀, 라피노오스, 팔미틱애씨드, 하이드로제네이티드레시틴, 암모늄아크릴로일다이메틸타우레이트/브이피코폴리머, 글리세릴카프릴레이트, 토코페롤, 해바라기씨오일, 카프릴릭/카프릭트라이글리세라이드, 잔탄검, 아데노신, 캐모마일꽃오일, 다이소듐이디티에이, 폴리쿼터늄-51, 세라마이드엔피, 측백나무추출물, 옥틸도데칸올, 비터오렌지꽃추출물, 글리세릴아크릴레이트/아크릴릭애씨드코폴리머, 유채스테롤, 소듐피씨에이, 스테아릭애씨드, 올리브오일, 벤토나이트, 양까막까치밥나무씨오일, 사이클로헥실글리세린, 리날릴아세테이트, 해바라기씨오일불검화물, 다이프로필렌글라이콜, 올리브오일데실에스터, 하이드록시아세토페논, 피토스핑고신, 시트릭애씨드, 다이올레오일피지-트라이모늄클로라이드, 풍선덩굴꽃/잎/덩굴추출물, 에스에이치-올리고펩타이드-1(1 ppm), 폴리락틱애씨드, 폴리글리세릴-10다이아이소스테아레이트, 스쿠알란, 세라마이드엔에스, 콜레스테롤, 클로렐라 불가리스추출물, 세라마이드에이에스, 세라마이드에이피, 소듐디엔에이, 로즈마리잎추출물, 메나다이온, 씨솔트, 세라마이드이오피 [지피덤 이지에프 스킨 베리어 하이드로 앰플] 정제수, 프로판다이올, 글리세린, 나이아신아마이드, 비닐다이메티콘, 1,2-헥산다이올, 암모늄아크릴로일다이메틸타우레이트/브이피코폴리머, 다이프로필렌글라이콜, 알란토인, 폴리글리세릴-4카프레이트, 하이드록시아세토페논, 잔탄검, 카프릴릭/카프릭트라이글리세라이드, 폴리글리세릴-10라우레이트, 하이드로제네이티드레시틴, 카보머, 다이포타슘글리시리제이트, 트로메타민, 아데노신, 다이소듐이디티에이, 세라마이드엔피, 옥틸도데칸올, 유채스테롤, 폴리글리세릴-3메틸글루코오스다이스테아레이트, 소듐피씨에이, 세테아릴알코올, 스테아릭애씨드, 올리브오일, 벤토나이트, 양까막까치밥나무씨오일, 해바라기씨오일불검화물, 올리브오일데실에스터, 피토스핑고신, 시트릭애씨드, 사이클로헥실글리세린, 토코페롤, 풍선덩굴꽃/잎/덩굴추출물, 해바라기씨오일, 하이드롤라이즈드익스텐신, 부틸렌글라이콜, 폴리락틱애씨드, 스쿠알란, 세라마이드엔에스, 알로에베라잎추출물, 콜레스테롤, 다이올레오일피지-트라이모늄클로라이드, 소듐디엔에이, 클로렐라 불가리스추출물, 세라마이드에이피, 세라마이드에이에스, 로즈마리잎추출물, 에스에이치-올리고펩타이드-1(0.1 ppm), 씨솔트, 세라마이드이오피"
A000000257828,아비브 히알루로닉 붐 크림 워터튜브 75ml,"정제수, 글리세린, 메틸프로판다이올, 부틸렌글라이콜, 1,2-헥산다이올, 펜틸렌글라이콜, 다이글리세린, 글리세릴글루코사이드, 트레할로오스, 에틸헥실아이소노나노에이트, 카보머, 알지닌, 옥수수전분, 암모늄아크릴로일다이메틸타우레이트/브이피코폴리머, 소듐하이알루로네이트(1,145 ppm), 하이드록시에틸아크릴레이트/소듐아크릴로일다이메틸타우레이트코폴리머, 세라마이드엔피, 에리스리톨, 스테아릭애씨드, 에틸헥실글리세린, 잔탄검, 셀룰로오스, 하이드로제네이티드레시틴, 글루코오스, 소듐파이테이트, 피브이엠/엠에이코폴리머, 알란토인, 덱스트린, 하이알루로닉애씨드/폴리아이소프로필아크릴아마이드코폴리머(20 ppm), 치자추출물, 아세틸글루코사민, 엑토인, 판테놀, 자일로글루칸, 토코페롤, 수용성콜라겐"
A000000173180,[100시간10층보습]비욘드 엔젤아쿠아 보습장벽크림 더블기획(150mlX2입)(비건),"[본품 / 증정] 정제수, 글리세린, 부틸렌글라이콜, 카프릴릭/카프릭트라이글리세라이드, 하이드로제네이티드폴리데센, 판테놀, 펜타에리스리틸테트라에틸헥사노에이트, 글리세릴스테아레이트, 1,2-헥산다이올, 다이카프릴릴에터, 세테아릴알코올, 시어버터, 나이아신아마이드, 올리브오일, 알란토인, 트레할로오스, 병풀추출물, 녹차추출물, 호장근뿌리추출물, 황금추출물, 개똥쑥추출물, 님잎추출물, 전호추출물, 스페인감초뿌리추출물, 마데카소사이드, 포도덩굴수액, 토코페롤, 마트리카리아꽃추출물, 로즈마리잎추출물, 가시대나무수액, 자작나무수액, 하늘타리뿌리추출물, 하이드롤라이즈드소듐하이알루로네이트, 하이드롤라이즈드하이알루로닉애씨드, 하이드록시프로필트라이모늄하이알루로네이트, 소듐하이알루로네이트크로스폴리머, 소듐하이알루로네이트, 수용성프로테오글리칸, 세테아릴올리베이트, 다이메티콘, 솔비탄올리베이트, 암모늄아크릴로일다이메틸타우레이트/브이피코폴리머, 스테아릭애씨드, 아크릴레이트/C10-30알킬아크릴레이트크로스폴리머, 세틸알코올, 트로메타민, 수크로오스스테아레이트, 수크로오스트라이스테아레이트, 트라이소듐이디티에이, 폴리쿼터늄-51, 펜틸렌글라이콜, 에틸헥실글리세린"
A000000250106,이지듀 EGFx 다운타임 오인트 겔 15ml 기획(+크림 7ml),"정제수, 글리세린, 다이프로필렌글라이콜, 비닐다이메티콘, 다이카프릴릴에터, 다이메티콘, 세틸알코올, 나이아신아마이드, 스트렙토코쿠스 테르모필루스발효추출여과물, 메틸프로판다이올, 백미꽃추출물, 접시꽃추출물, 하이드롤라이즈드콜라겐, 하이드롤라이즈드하이알루로닉애씨드, 판테놀, 펜틸렌글라이콜, 암모늄아크릴로일다이메틸타우레이트/브이피코폴리머, 글리세릴스테아레이트, 피이지-100스테아레이트, 다이메티콘올, 다이펜타에리스리틸헥사하이드록시스테아레이트/헥사스테아레이트/헥사로지네이트, 실리카, 카프릴릭/카프릭트라이글리세라이드,세테아릴올리베이트, 하이드록시아세토페논, 팔미틱애씨드, 스테아릭애씨드, 솔비탄올리베이트,1,2-헥산다이올, C12-20알킬글루코사이드, 하이드로제네이티드레시틴, 에틸헥실글리세린, 아데노신, 시트릭애씨드, 부틸렌글라이콜, 소듐스테아로일글루타메이트, 소듐아스코빌포스페이트,토코페롤, 에스에이치-올리고펩타이드-1(10ppm)*, 니코틴아마이드아데닌다이뉴클레오타이드, 소듐클로라이드, 소듐락테이트 , 하이드롤라이즈드엘라스틴, 프로판다이올, 포타슘클로라이드, 칼슘클로라이드, 마그네슘클로라이드, 폴리글리세릴-10올리에이트, 라우로일라이신,세라마이드엔피, 니코틴아마이드모노뉴클레오타이드, 콜레스테롤, 아데노신트라이포스페이트,메틸글루카민, 에탄올, C14-22알코올, 잔탄검, 다이소듐이디티에이"
A000000206212,메디큐브 제로 모공 원데이 크림 50ml,"정제수, 판테놀, 부틸렌글라이콜, 프로판다이올, 세틸에틸헥사노에이트, 옥틸도데칸올, 나이아신아마이드, 아이소헥사데칸, 아이소도데케인, 글리세릴스테아레이트, 폴리글리세릴-3다이스테아레이트, 1,2-헥산다이올, 하이드로제네이티드폴리(C6-14올레핀), 다이메티콘, 사이클로펜타실록세인, 세테아릴올리베이트, 솔비탄올리베이트, 스테아릴알코올, 다이메틸설폰, 세틸알코올, 폴리아크릴레이트-13, 소듐폴리아크릴로일다이메틸타우레이트, 소듐스테아로일글루타메이트, 하이드로제네이티드폴리아이소부텐, 글리세릴스테아레이트시트레이트, 살리실릭애씨드, 에틸헥실글리세린, 알란토인, 폴리글리세릴-10라우레이트, 에틸헥실팔미테이트, 아데노신, 덱스트린, 솔비탄아이소스테아레이트, 트로메타민, 베타-글루칸, 소듐하이알루로네이트, 글리세린, 소듐시트레이트, 치자추출물, 미리스틸알코올, 트라이소듐포스페이트, 하이알루로닉애씨드, 풀루란, 라우릴알코올, 포도추출물, 당느릅나무뿌리추출물, 칡뿌리추출물, 대왕송잎추출물, 달맞이꽃추출물, 감추출물, 밤껍질추출물, 녹차추출물, 소듐하이알루로네이트크로스폴리머, 하이드롤라이즈드소듐하이알루로네이트, 하이드롤라이즈드하이알루로닉애씨드, 팔미토일트라이펩타이드-5, 소듐아세틸레이티드하이알루로네이트, 하이드록시프로필트라이모늄하이알루로네이트, 하이드록시신나믹애씨드, 루틴, 향료"
A000000236996,[단독기획/화잘먹 대란템] 샤이샤이샤이 리포좀 리페어 밀키 크림 50ml 기획 (+15ml),"정제수, 사이클로펜타실록세인, 프로필렌글라이콜다이카프릴레이트/다이카프레이트, 카프릴릭/카프릭트라이글리세라이드, 우레아, 다이-C12-13알킬말레이트, 다이아이소스테아릴말레이트, 글리세린, 다이프로필렌글라이콜, 부틸렌글라이콜, 다이메티콘, 폴리글리세릴-6폴리리시놀리에이트, 피이지-10다이메티콘, 사이클로헥사실록세인, 아데노신, 아세틸헥사펩타이드-8, 카퍼트라이펩타이드-1, 세라마이드엔피, 판테놀, 포도세포추출물, 트루로즈오브예리코추출물, 페룰릭애씨드, 녹두씨추출물, 베타-글루칸, 토코페롤, 글리세릴글루코사이드, 글루코오스, 에틸헥실글리세린, 소리쟁이뿌리추출물, 시어버터, 자작나무껍질추출물, 자몽추출물, 소듐클로라이드, 트라이-C14-15알킬시트레이트, 프로필렌카보네이트, 하이드로제네이티드레시틴, 레시틴, 다이소듐이디티에이, 1,2-헥산다이올, 카프릴하이드록사믹애씨드, 다이스테아다이모늄헥토라이트, 향료, 벤질벤조에이트, 헥실신남알, 부틸페닐메틸프로피오날, 리날룰"
A000000217355,[올영단독/장벽회복] 스킨앤랩 베리어덤 인텐시브 크림 2세대 50ml 1+1 기획,"정제수, 글리세린, 부틸렌글라이콜, 세틸에틸헥사노에이트, 사이클로펜타실록세인, 하이드로제네이티드폴리(C6-14올레핀), 펜타에리스리틸테트라에틸헥사노에이트, 다이메티콘, 스쿠알란, 1,2-헥산다이올, 폴리글리세릴-3메틸글루코오스다이스테아레이트, 펜틸렌글라이콜, 하이드로제네이티드식물성오일, 카나우바왁스, 하이드로제네이티드올리브오일라우릴에스터, 라벤더오일, 로즈마리잎오일, 소듐하이알루로네이트, 글리세릴스테아레이트, 덱스판테놀, 폴리메틸실세스퀴옥세인, 하이드록시에틸아크릴레이트/소듐아크릴로일다이메틸타우레이트코폴리머, 만니톨, 글리세릴아라키도네이트, 글리세릴리놀리에이트, 글리세릴리놀리네이트, 아라키딜글루코사이드, 세테아릴글루코사이드, 에틸헥실글리세린, 다이포타슘글리시리제이트, 세린, 글라이신, 레시틴, 소듐파이테이트, 알지닌, 히스티딘, 하이드로제네이티드레시틴, 카프릴릴글라이콜, 글루코오스, 베타-글루칸, 카프릴릭/카프릭트라이글리세라이드, 소듐폴리아크릴레이트, 아이소트라이데실아이소노나노에이트, 세라마이드엔피, 다이프로필렌글라이콜, 토코페롤, 트라이데세스-6, 카프릴릴/카프릴글루코사이드, 스테아릴알코올, 아라키딜알코올, 세틸알코올, 세테아릴알코올, 베헤닐알코올, 잔탄검, 미리스틸알코올, 라우릴알코올"
A000000163496,[수분진정] 라운드랩 포 맨 자작나무 수분 크림 75ml,"정제수, 부틸렌글라이콜, 다이프로필렌글라이콜, 글리세린, 페닐트라이메티콘, 1,2-헥산다이올, 자작나무수액(11,964ppm), 다이카프릴릴카보네이트, 폴리글리세릴-3메틸글루코오스다이스테아레이트, 글리세릴글루코사이드, 다이포타슘글리시리제이트, 알란토인, 쇠비름추출물, 소듐하이알루로네이트, 하이알루로닉애씨드, 아스코빅애씨드, 포도추출물, 감나무잎추출물, 호장근뿌리추출물, 잇꽃꽃추출물, 커피콩추출물, 녹차추출물, 초피나무열매추출물, 밤껍질추출물, 베타인, 토코페롤. 카프릴릴메티콘. 에틸헥실글리세린. 암모늄아크릴로일다이메틸타우레이트/브이피코폴리머. 하이드록시에틸아크릴레이트/소듐아크릴로일다이메틸타우레이트코폴리머, 하이드로제네이티드레시틴. C30-45알킬세테아릴다이메티콘크로스폴리머. 소듐폴리아크릴레이트. 폴리쿼터늄-51. 솔비탄아이소스테아레이트. 덱스트린. 글리세릴카프릴레이트. 치자추출물. C12-16알코올. 팔미틱애씨드, 다이소듐이디티에이"
A000000149717,바이오더마 세비엄 센서티브 30ml,"정제수, 글리세린, 메틸메타크릴레이트크로스폴리머, 다이프로필렌글라이콜, 징크글루코네이트, 코코-카프릴레이트/카프레이트, 비닐다이메티콘/메티콘실세스퀴옥세인크로스폴리머, 카프릴릭/카프릭트라이글리세라이드, 아라키딜알코올, 베헤닐알코올, 폴리아크릴레이트크로스폴리머-6, 소듐폴리아크릴레이트, 글리시레티닉애씨드, 프로필렌글라이콜, 아라키딜글루코사이드, 바쿠치올, 라미나리아 오크롤레우카추출물, 만니톨, 자일리톨, 소듐메타바이설파이트, 람노오스, 은행나무잎추출물, 토코페롤, 프룩토올리고사카라이드, 향료"
A000000241952,[붉은기완화] 세타필 시카 세라 장벽 크림 45ml ,"정제수, 카프릴릭/카프릭 트리글리세라이드, 글리세린, 프로판디올, 해바라기씨오일, 펜틸렌글라이콜, 다이메티콘, 시어버터, 세테아릴알콜, 베헤닐알콜, 글리세릴스테아레이트, 토코페릴아세테이트, 세틸알콜, 나이아신아마이드, 글리세릴스테아레이트시트레이트, 다이소듐에틸렌다이코카마이드피이지-15다이설페이트, 카프릴릴글라이콜, 카페인, 세테아레스-20, 판테놀, 알란토인, 병풀잎추출물0.2%, 아크릴레이트/C10-30알킬아크릴레이트크로스폴리머, 다이소듐이디티에이, 잔탄검, 세라마이드엔피, 소듐하이알루로네이트, 소듐하이드록사이드, 판토락톤, 시트릭애씨드"
A000000255828,[쿨링/진정] 센텔리안24 마데카 수분크림 하이드라 카밍 기획(50ml+15ml) ,"병풀잎수, 다이프로필렌글라이콜, 글리세린, 정제수, 카프릴릭/카프릭트라이글리세라이드, 나이아신아마이드, 1,2-헥산다이올, 세틸에틸헥사노에이트, 에리스리톨, 판테놀, 자일리톨, 글리세릴스테아레이트에스이, 비닐다이메티콘, 폴리글리세릴-3메틸글루코오스다이스테아레이트, 하이드록시아세토페논, 소듐폴리아크릴로일다이메틸타우레이트, 폴리글리세릴-10라우레이트, 카보머, 알지닌, 트레할로오스, 옥수수전분, 실리카, 부틸렌글라이콜, 다이페닐실록시페닐트라이메티콘, 시어버터, 락토바실러스/병풀추출발효여과물, 스테아릭애씨드, 자일리틸글루코사이드, 아시아티코사이드, 마데카식애씨드(400 ppm), 아데노신, 카프릴릴글라이콜, 안하이드로자일리톨, 베헤닐알코올, 다이메티콘/페닐비닐다이메티콘크로스폴리머, 소듐하이알루로네이트, 아시아틱애씨드, 다이소듐이디티에이, 하이드로제네이티드레시틴, 글리세릴아크릴레이트/아크릴릭애씨드코폴리머, 카페인, 엑토인, 프로판다이올, 아라키딜알코올, 스테아릴알코올, 녹차추출물, 세테아릴알코올, 펜틸렌글라이콜, 레몬머틀잎추출물, 병풀꽃추출물, 병풀캘러스배양액, 에틸헥산다이올, 두충나무껍질추출물, 당호박추출물, 타임추출물, 짚신나물추출물, 수용성콜라겐, 에틸헥실글리세린, 세라마이드엔피, 하이알루로닉애씨드/폴리아이소프로필아크릴아마이드코폴리머, 아세틸헥사펩타이드-8, 에톡시다이글라이콜, 병풀잎추출물, 병풀추출물, 병풀뿌리추출물, 하이드롤라이즈드하이알루로닉애씨드, 하이드롤라이즈드소듐하이알루로네이트, 다이메틸실란올하이알루로네이트, 하이알루로닉애씨드, 피토스핑고신, 콜레스테롤, 포타슘하이알루로네이트, 하이드록시프로필트라이모늄하이알루로네이트, 소듐하이알루로네이트크로스폴리머, 세라마이드엔지, 세라마이드엔에스, 세라마이드에이에스, 세라마이드에이피, 소듐하이알루로네이트다이메틸실란올, 소듐아세틸레이티드하이알루로네이트, 하이드롤라이즈드병풀단백질, 세라마이드이오피, 레몬껍질오일, 로즈마리잎오일, 분비나무오일, 페퍼민트오일, 카멜그라스오일, 시트랄, 리모넨"
A000000203831,[쫀득물착크림] 스킨푸드 블루 캐모마일 히알루로닉 수분크림 기획(70ml+30ml),"정제수, 글리세린, 프로판다이올, 아이소노닐아이소노나노에이트, 나이아신아마이드, 아이소헥사데칸, 캐모마일꽃수 (10,780ppm), 1,2-헥산다이올, 호호바에스터, 세테아릴올리베이트, 판테놀, 하이드로제네이티드폴리(C6-14올레핀), 베타인, 솔비탄올리베이트, 암모늄아크릴로일다이메틸타우레이트/브이피코폴리머, 소듐폴리아크릴레이트, 아크릴레이트/C10-30알킬아크릴레이트크로스폴리머, 트로메타민, 에틸헥실글리세린, C18-21알케인, 알란토인, 글리세릴아크릴레이트/아크릴릭애씨드코폴리머, 아데노신, 폴리글리세릴-10올리에이트, 다이소듐이디티에이, 소듐하이알루로네이트 (105ppm), 토코페롤, 하이알루로닉애씨드 (2ppm), 소듐하이알루로네이트크로스폴리머 (1ppm), 소듐구아이아줄렌설포네이트, 하이드롤라이즈드소듐하이알루로네이트 (1ppm), 하이드롤라이즈드하이알루로닉애씨드 (1ppm), 소듐아세틸레이티드하이알루로네이트 (0.1ppm), 하이드록시프로필트라이모늄하이알루로네이트 (0.1ppm)"
A000000238408,[수부지 올인원 크림] 믹순 히알레배 포어 블러링 크림 50ml,"정제수, 부틸렌글라이콜, 글리세린, 하이드로제네이티드폴리데센, 1,2-헥산다이올, 나이아신아마이드, 스쿠알란, 세테아릴올리베이트, 솔비탄올리베이트, 카프릴릭/카프릭트라이글리세라이드, 프로판다이올, 알지닌, 아크릴레이트/C10-30알킬아크릴레이트크로스폴리머, 암모늄아크릴로일다이메틸타우레이트/브이피코폴리머, 트레할로오스, 폴리글루타믹애씨드, 에틸헥실글리세린, 알란토인, 토코페롤, 아데노신, 다이포타슘글리시리제이트, 소듐파이테이트, 덱스트린, 마트리카리아꽃추출물, 치자추출물, 병풀캘러스세포외소포, 로즈힙열매추출물, 마조람잎추출물, 타임잎추출물, 페퍼민트잎추출물, 소듐하이알루로네이트(1,000ppb), 메틸프로판다이올, 폴리글리세릴-4카프레이트, 글라이신, 글루코노락톤, 카프릴로일살리실릭애씨드, 트로메타민, 글루타믹애씨드, 벤질글라이콜, 세틸에틸헥사노에이트, 소듐하이알루로네이트크로스폴리머(1ppb)"
A000000206312,[트러블부위 진정케어] 피캄 센텔라 트러블 스팟 15ml,"정제수, 부틸렌글라이콜, 판테놀, 글리세린, 나이아신아마이드, 1,2-헥산다이올, 마데카식애씨드(2970ppm), 아시아티코사이드(4510ppm), 아시아틱애씨드(3520ppm), 병풀추출물 (601ppm), 다이포타슘글리시리제이트, 카프릴로일살리실릭애씨드, 마그네슘알루미늄실리케이트, 셀룰로오스검, 아데노신, 파파야열매추출물, 양파추출물, 티트리추출물, 락토바실러스/히비스커스꽃발효여과물, 달맞이꽃꽃추출물, 당느릅나무뿌리추출물, 대왕소나무잎추출물, 칡뿌리추출물, 글라이코리피드, 글루코노락톤, 락틱애씨드, 살리실릭애씨드, 솔비탄올리에이트, 카프릴릴/카프릴글루코사이드, 알란토인, 글리세릴아크릴레이트/아크릴릭애씨드코폴리머, 암모늄아크릴로일다이메틸타우레이트/브이피코폴리머, 소듐아크릴레이트/소듐아크릴로일다이메틸타우레이트코폴리머, 폴리아이소부텐, 다이소듐이디티에이, 시트릭애씨드, 프로판다이올, 카프릴릴글라이콜, 펜틸렌글라이콜, 하이드록시아세토페논, 실리카, 트로메타민"
A000000209906,제로이드 더마뉴얼 리페어 크림 15ml,"정제수, 사이클로펜타실록세인, 글리세린, 프로판다이올, C30-45알킬세테아릴다이메티콘크로스폴리머, 판테놀, 카프릴릴메티콘, 카프릴릭/카프릭트라이글리세라이드, 미리스토일/팔미토일옥소스테아라마이드/아라카마이드엠이에이, 나이아신아마이드, 암모늄아크릴로일다이메틸타우레이트/브이피코폴리머, 1,2-헥산다이올, 폴리글리세릴-4카프레이트, 솔비탄스테아레이트, 세테아릴알코올, 글리세릴스테아레이트, 카프릴릴글라이콜, 피토스테롤, 마데카소사이드, 스테아릭애씨드, 소듐하이알루로네이트, 코코글리세라이즈, 잔탄검, 메틸카프로오일타이로지네이트"
A000000149138,이즈앤트리 히아루론산 아쿠아 젤 크림 100ml,"정제수,메틸프로판다이올,코코-카프릴레이트/카프레이트,1,2-헥산다이올,글리세린,바이오사카라이드검-1,베타인,암모늄아크릴로일다이메틸타우레이트/브이피코폴리머,트레할로오스,소듐하이알루로네이트,하이드롤라이즈드하이알루로닉애씨드,병풀추출물,호장근뿌리추출물,황금추출물,녹차추출물,쇠비름추출물,스페인감초뿌리추출물,약모밀추출물,로즈마리잎추출물,마트리카리아꽃추출물,소듐하이알루로네이트크로스폴리머,소듐피씨에이,식물성스쿠알란,아이소스테아릴알코올,부틸렌글라이콜코코에이트,세테아릴올리베이트,솔비탄올리베이트,하이알루로닉애씨드,하이드롤라이즈드호호바에스터,하이드로제네이티드올리브오일불검화물,부틸렌글라이콜,하이드롤라이즈드소듐하이알루로네이트,알란토인,잔탄검,에틸셀룰로오스,프로판다이올,페닐트라이메티콘,펜틸렌글라이콜,에틸헥실글리세린"
A000000246323,[100시간 보습 대용량]프리메이 진정한 수분 크림 100ml (+30ml+30ml),"정제수,다이프로필렌글라이콜,글리세린,카프릴릭/카프릭트라이글리세라이드,메틸트라이메티콘 ,세틸에틸헥사노에이트,폴리글리세릴-3메틸글루코오스다이스테아레이트,메도우폼씨오일,밤부사 불가리스추출물,베타인,하이드로제네이티드폴리아이소부텐,세테아릴알코올,폴리글리세릴-3스테아레이트,글리세릴스테아레이트,1,2-헥산다이올,트레할로오스,판테놀,알지닌,카보머,카프릴릴글라이콜,하이드록시아세토페논,하이드로제네이티드식물성글리세라이즈,폴리글리세릴-10라우레이트,아미노부티릭애씨드,폴리글리세릴-4라우레이트,소듐스테아로일락틸레이트,에틸헥실글리세린,부틸렌글라이콜,약모밀추출물,판토락톤,아데노신,서양배추출물,트라이소듐에틸렌다이아민다이석시네이트,다마스크장미꽃수,글리세릴글루코사이드,살비아오일,오리스뿌리추출물,멜론추출물,서양송악잎/줄기추출물,흰목이버섯폴리사카라이드,향부자추출물,판토테닉애씨드,서양민들레뿌리줄기/뿌리추출물,소엽잎추출물,소듐하이알루로네이트,마그네슘피씨에이,소듐피씨에이,칼슘피씨에이"
A000000149064,휘게 릴리프 캐모마일 크림 85g,"마트리카리아꽃추출물, 글리세린, 프로판다이올, 피씨에이다이메티콘, 부틸렌글라이콜, 폴리글리세린-3, 1,2-헥산다이올, 스쿠알란, 소듐구아이아줄렌설포네이트, 소듐하이알루로네이트, 하이드롤라이즈드하이알루로닉애씨드, 병풀추출물, 마데카소사이드, 마데카식애씨드, 아시아티코사이드, 아시아틱애씨드, 쇠비름추출물, 다이포타슘글리시리제이트, 베타인, 글리세릴글루코사이드, 다이카프릴릴카보네이트, 올리브오일, 글루코오스, 정제수, 황련뿌리추출물, 암모늄아크릴로일다이메틸타우레이트/브이피코폴리머, 하이드록시에틸우레아, 암모늄아크릴로일다이메틸타우레이트/베헤네스-25메타크라일레이트크로스폴리머, 트라이에틸헥사노인, 에틸헥실글리세린, 소듐파이테이트, 토코페롤, 카프릴릴글라이콜"
A000000232731,[화잘먹 엑소좀수분크림] 리브엠 워터핏 8중 수분착붙 크림 100ml,"빙하수(599,000ppm), 글리세린, 카프릴릭/카프릭트라이글리세라이드, 부틸렌글라이콜, 세틸에틸헥사노에이트, 정제수, 1,2-헥산다이올, 시어버터, 프로판다이올, 세테아릴올리베이트, 세테아릴알코올, 하이드로제네이티드폴리데센, 합성비즈왁스, 솔비탄올리베이트, 아크릴레이트/C10-30알킬아크릴레이트크로스폴리머, 트로메타민, 비닐다이메티콘, 판테놀, 에틸헥실글리세린, 사카라이드아이소머레이트, 하이드롤라이즈드치자추출물, 하이드롤라이즈드맥아추출물, 아데노신, 하이드롤라이즈드삼색제비꽃추출물, 소듐하이알루로네이트, 하이알루로닉애씨드, 하이드롤라이즈드하이알루로닉애씨드, 다이소듐이디티에이, 알란토인, 스쿠알란, 세라마이드엔피, 시트릭애씨드, 소듐시트레이트, 하이드로제네이티드레시틴, 로즈마리잎추출물, 하이드록시프로필트라이모늄하이알루로네이트, 하이드롤라이즈드소듐하이알루로네이트, 포타슘하이알루로네이트, 소듐하이알루로네이트크로스폴리머, 펜틸렌글라이콜, 소듐아세틸레이티드하이알루로네이트"
A000000150817,[긴급스팟진정] 아크네스 스팟 클리어 크림 패치 18g,"정제수*, 하이드록시프로필스타치, 설퍼콜로이드, 부틸렌글라이콜*, 변성알코올, 소듐카복시메틸스타치, 칼라민, 1,2-헥산다이올*, 아라비아고무나무검, 메틸프로판다이올, 시트릭애씨드, 에틸헥실글리세린, 잔탄검, 쇠비름추출물, 레시틴, 글리세린*, 판테놀, 스쿠알란*, 퀸즈랜드넛오일*, 티트리잎추출물, 펜틸렌글라이콜, 알루미늄수크로오스옥타설페이트*, 유채스테롤*, 콜레스테롤*, 폴리글리세릴-10올리에이트*, 피토스테릴/베헤닐/옥틸도데실라우로일글루타메이트*, 소듐서팩틴*, 병풀추출물, 셀룰로오스*, 약모밀추출물, 프로판다이올, 소듐하이알루로네이트크로스폴리머, 하이드로제네이티드레시틴*, 하이드롤라이즈드글라이코사미노글리칸, 소듐하이알루로네이트, 소듐하이드록사이드, 토코페롤, 벤질글라이콜, 하이드롤라이즈드하이알루로닉애씨드, 다이소듐이디티에이*, 징크옥사이드*, 하이알루로닉애씨드, 라즈베리케톤"
A000000254760,[온라인단독/대용량] 에스트라 아토베리어365 크림 80mlX3 한정기획,"정제수, 부틸렌글라이콜, 글리세린, 부틸렌글라이콜다이카프릴레이트/다이카프레이트, 세틸에틸헥사노에이트, 스쿠알란, 펜타에리스리틸테트라아이소스테아레이트, 다이카프릴릴카보네이트, 베헤닐알코올, 다이메티콘, 하이드록시프로필비스팔미타마이드엠이에이, 스테아릭애씨드, 베타인, 만니톨, C14-22알코올, 팔미틱애씨드, 하이드록시프로필비스라우라마이드엠이에이, 아라키딜알코올, 콜레스테롤, 폴리아크릴레이트-13, C12-20알킬글루코사이드, 알란토인, 아라키딜글루코사이드, 나이아신아마이드, 세라마이드엔피, 글리세릴카프릴레이트, 에틸헥실글리세린, 하이드로제네이티드폴리아이소부텐, 카보머, 트로메타민, 다이메티콘올, 폴리글리세릴-10라우레이트, 하이드로제네이티드레시틴, 에틸헥실팔미테이트, 아크릴레이트/암모늄메타크릴레이트코폴리머, 솔비탄아이소스테아레이트, 실리카, 피토스핑고신, 스핑고리피드, 아라키딕애씨드, 토코페롤, 올레익애씨드"
A000000235267,키엘 울트라 훼이셜 오일-프리 젤 크림 리필 파우치 150ml,"정제수, 글리세린, 프로판다이올, 다이메티콘, 아이소노닐아이소노나노에이트, 하이드록시에틸피페라진에탄설포닉애씨드, 페녹시에탄올, 카보머, 부틸렌글라이콜, 클로페네신, 카프릴릴글라이콜, 다이메티콘올, 소듐하이드록사이드, 잔탄검, 펜틸렌글라이콜, 테트라소듐이디티에이, 토코페릴아세테이트, 멘톡시프로판다이올, 슈도알테로모나스발효추출물, 바이오사카라이드검-1, 사코신, 살리실릭애씨드"
A000000189587,헤라 하이드로 리플렉팅 마이크로 크림 50ml,"정제수, 프로판다이올, 글리세린, 메도우폼씨오일, 1,2-헥산다이올, 베타인, 베헤닐알코올, 카보머, 트로메타민, 호호바에스터, 아라키딜알코올, 에틸헥실글리세린, 글리세릴카프릴레이트, 덱스트린, 다이소듐이디티에이, 향료, 아데노신, 아라키딜글루코사이드, 부틸렌글라이콜, 토코페롤, 마데카소사이드, 나이아신아마이드, 피토스테롤, 말라카이트추출물, 아크릴레이트/스테아릴메타크릴레이트코폴리머, 흰목이버섯포자낭과추출물, 하이알루로닉애씨드, 락토바실러스발효용해물, 병풀꽃/잎/줄기추출물, 잔탄검, 아스코빌테트라이소팔미테이트, 라이신, 알지닌, 히스티딘, 세라마이드엔피, 모란추출물, 글루코오스, 자일로오스, 복사나무잎추출물, 만노오스, 소듐클로라이드, 레시틴, 소듐포스페이트, 카퍼트라이펩타이드-1, 푸코오스, 포타슘클로라이드, 포타슘포스페이트, 마그네슘클로라이드, 하이드 롤라이즈드기장, 칼슘클로라이드"
A000000250781,더마픽스 리얼콜라겐 텐션업 앰플크림 50g,"하이드롤라이즈드콜라겐(537,000ppm), 글리세린, 부틸렌글라이콜, 글리세레스-26, 1,2-헥산다이올, 베타글루칸, 소이아미노아미드, 사과씨오일, 카카오추출물, 암모늄아크릴로일다이메틸타우레이트/브이피코폴리머, 판테놀, 소듐하이알루로네이트, 하이드롤라이즈드엘라스틴, 팔미틱애씨드, 아크릴레이트/C10-30알킬아크릴레이트크로스폴리머, 에틸헥실글리세린, 아데노신, 정제수, 덱스트린, 시트릭애씨드, 솔비탄라우레이트, 하이드록시에틸셀룰로오스, 글라이신, 아세틸다이펩타이드-1세틸에스터, 세린, 글루타믹애씨드, 아스파틱애씨드, 류신, 알라닌, 라이신, 프롤린, 발린, 아이소류신, 트레오닌, 페닐알라닌, 히스티딘, 시스테인, 메티오닌, C12-16알코올, 잔탄검, 다이소듐이디티에이, 페녹시에탄올, 향료, 리모넨, 시트로넬올, 알파-아이소메틸아이오논, 벤질벤조에이트"
A000000246877,[리뉴얼/10겹장벽크림] 닥터자르트 세라마이딘 울트라 모이스처라이징 크림 50ml 1+1 기획,"*7 Cera Complex 페이셜 보습 장벽 케어를 위해 개발된 닥터자르트 독자 세라마이드 복합체 함유 [전성분] 정제수*, 프로판다이올, 글리세린*, 카프릴릭/카프릭트라이글리세라이드, 다이카프릴릴에터, 메틸트라이메티콘, 비닐다이메티콘, 세테아릴알코올, 폴리글리세린-3, 세테아릴올리베이트, 세라마이드엔피*, 베헤닐알코올, 판테놀, 폴리글리세릴-10스테아레이트,다이펜타에리스리틸헥사하이드록시스테아레이트/헥사스테아레이트/헥사로지네이트, 1,2-헥산다이올, 베르가모트오일, 로즈힙열매추출물, 카카오씨추출물, 소듐하이알루로네이트, 알란토인, 토코페롤*, 아스코빌팔미테이트*, 에틸헥실글리세린*, 부틸렌글라이콜, 사이아노코발아민, 엑토인, 아데노신, 세라마이드에이피*, 세라마이드에이에스*, 세라마이드엔에스*, 세라마이드엔지*, 세라마이드이오에스*, 세라마이드이오피*, 글리세릴카프릴레이트, 세테아릴글루코사이드, 콜레스테롤*, 글라이코스핑고리피드, 글라이코리피드, 카프로오일스핑고신*, 카프로오일피토스핑고신*, 글리세릴올리에이트*, 덱스트린, 솔비탄올리베이트, 글리세릴스테아레이트*, 세테아레스-25*, 세틸알코올*, 하이드로제네이티드레시틴*, 스테아릭애씨드, 팔미틱애씨드, 글리세릴스테 아레이트에스이, 베헤닉애씨드*, 레시틴*, 시트릭애씨드*, 소듐폴리아크릴레이트, 암모늄아크릴로일다이 메틸타우레이트/브이피코폴리머, 다이프로필렌글라이콜*, 잔탄검, 센티드제라늄꽃오일, 살비아오일, 광곽향오일, 페녹시에탄올*, 황색4호 (CI 19140) *7 세라 콤플렉스 11,000 ppm"
A000000208491,이지듀 EGF 글루타치온 기미잡티 크림 105ml,"정제수,글리세린,나이아신아마이드,다이프로필렌글라이콜,비닐다이메티콘,카프릴릭/카프릭트라이글리세라이드,코코넛야자오일,메도우폼씨오일,펜타에리스리틸테트라에틸헥사노에이트,메틸프로판다이올,폴리글리세릴-3다이스테아레이트,해바라기씨오일,1,2-헥산다이올,마조람잎오일,베르가모트오일,효모발효추출물,칸디다 봄비콜라/글루코오스/메틸레이프씨데이트발효물,편백잎추출물,오레가노잎추출물,흰버드나무껍질추출물,캐모마일꽃오일,육계나무껍질추출물,하이드롤라이즈드하이알루로닉애씨드,락토바실러스/콩발효추출물,쇠비름추출물,황금추출물,멕시칸주니퍼오일,하이드롤라이즈드콜라겐,왕귤껍질오일,펜틸렌글라이콜,피토스테릴/이소스테아릴/세틸/스테아릴/베헤닐다이머디리놀리에이트,부틸렌글라이콜,폴리메틸실세스퀴옥세인,다이메티콘올,암모늄아크릴로일다이메틸타우레이트/브이피코폴리머,아크릴레이트/C10-30알킬아크릴레이트크로스폴리머,소듐스테아로일글루타메이트,하이드록시아세토페논,트로메타민,하이드록시에틸아크릴레이트/소듐아크릴로일다이메틸타우레이트코폴리머,폴리글리세릴-2스테아레이트,글리세릴스테아레이트,판테놀,글리세릴스테아레이트시트레이트,아데노신,하이드로제네이티드레시틴,소듐파이테이트,솔비탄아이소스테아레이트,세라마이드엔피,베타-글루칸,하이드롤라이즈드엘라스틴,소듐아스코빌포스페이트,에스에이치-올리고펩타이드-1,팔미토일에스에이치-트라이펩타이드-3아마이드,카프릴릴글라이콜,니코티노일다이펩타이드-23,트라넥사믹애씨드,글루타티온,비사보롤,헤스페리딘메틸칼콘,시트릭애씨드,다이펩타이드-2,팔미토일테트라펩타이드-7,소듐시트레이트,스테아레스-20,세테아릴알코올,스테아릴알코올,잔탄검,에탄올,다이소듐이디티에이,클로헥시딘디글루코네이트,포타슘솔베이트,리모넨,리날룰"
A000000200725,[손상/장벽 리페어] 아벤느 시칼파트 플러스 SOS 리페어 크림 100ml 기획 (+40ml) ,"온천수 (아벤느 온천수), 카프릴릭/카프릭트라이글리세라이드, 미네랄오일, 글리세린, 하이드로제네이티드식물성오일, 징크옥사이드, 프로필렌글라이콜, 폴리글리세릴-2세스퀴이소스테아레이트, 피이지-22/도데실글라이콜코폴리머, 아쿠아필루스 돌로미아이발효여과물, 마그네슘스테아레이트, 비즈왁스, 마이크로크리스탈린왁스, 알루미늄스테아레이트, 카퍼설페이트, 마그네슘설페이트, 징크설페이트, 알지닌, 트로메타민"
A000000257713,[26년 신형] 달바 비타 캡슐 크림 나이아신아마이드 5퍼센트 55g 기획 (+10g),"비타민나무수(308,886ppm), 정제수, 글리세린, 부틸렌글라이콜, 메틸하이드로제네이티드로지네이트, 나이아신아마이드(50,000ppm), 다이프로필렌글라이콜, 메틸프로판다이올, 1,2-헥산다이올, 페닐프로필디메틸실록시실리케이트, 카프릴릭/카프릭트라이글리세라이드, 세테아릴올리베이트, 글리세릴스테아레이트, 아이소노닐아이소노나노에이트, 프로판다이올, 솔비탄올리베이트, 다이펩타이드-15, 하이드로제네이티드레시틴, 세테아릴알코올, 비닐다이메티콘, 폴리아크릴레이트-13, 합성비즈왁스, 소듐폴리아크릴레이트, 흰서양송로추출물, 하이드로제네이티드폴리아이소부텐, 캐스터오일/아이피디아이코폴리머, 당근추출물, 카놀라오일, 에틸헥실글리세린, 잔탄검, 아데노신, 폴리글리세릴-10라우레이트, 에틸헥실팔미테이트, 다이소듐이디티에이, 레시틴, 솔비탄아이소스테아레이트, 하이알루로닉애씨드, 하이드롤라이즈드하이알루로닉애씨드, 소듐하이알루로네이트, 다이포타슘글리시리제이트, 당근씨오일, 판테놀(75ppm), 알지닌, 카보머, 병풀추출물, 해바라기꽃추출물, 연꽃꽃추출물, 해바라기씨오일, 아모다이메티콘, 베타-카로틴, 토코페릴아세테이트(15ppm), 아스코빅애씨드(10,000ppb), 글루타티온, 콜레스테롤, 버지니아풍년화추출물, 세라마이드엔피, 약모밀추출물, 멕시칸치아씨추출물, 티트리잎추출물, 토코페롤(0.503ppm), 동백나무씨오일, 돌콩오일, 비타민나무열매오일(0.5ppm), 퀸즈랜드넛오일, 달맞이꽃오일, 올리브오일, 아보카도오일, 마시멜로뿌리추출물, 캐모마일꽃추출물, 아티초크잎추출물, 유칼립투스잎추출물, 히비스커스꽃추출물, 서양고추나물추출물, 라벤더꽃추출물, 레몬밤잎추출물, 오레가노잎추출물, 센티드제라늄추출물, 살비아잎추출물, 보검선인장줄기추출물, 트루로즈오브예리코추출물, 칸디다 봄비콜라/글루코오스/메틸레이프씨데이트발효물, 폴리글리세릴-10다이아이소스테아레이트, 메나다이온(0.00005ppm), 향료, 리모넨, 리날룰, 헥실신남알, 시트랄, 시트로넬올"
A000000173140,[간편하게 쓱] 달바 더블 세럼 올인원 멀티밤 10g,"해바라기씨오일, 합성왁스, 시어버터, 옥틸도데칸올, 폴리에틸렌, 폴리글리세릴-2아이소스테아레이트/다이머다이리놀리에이트코폴리머, 카프릴릭/카프릭트라이글리세라이드, 토코페릴아세테이트, 퀸즈랜드넛오일, 호호바씨오일, 스위트아몬드오일, 모나스커스추출물, 당근추출물, 들깨잎추출물, 병풀추출물, 보리지추출물, 사탕무뿌리추출물, 참당귀추출물, 캐모마일꽃추출물, 포트마리골드꽃추출물, 풍선덩굴꽃/잎/덩굴추출물, 흰서양송로추출물, 연꽃꽃추출물, 장미추출물, 커먼자스민추출물, 지모뿌리추출물, 나팔수선화추출물, 마돈나백합비늘줄기추출물, 블루플래그아이리스추출물, 프리지어추출물, 콜라겐추출물, 동백나무씨오일, 올리브오일, 녹차씨오일, 아르간커넬오일, 비타민나무열매오일, 에키움 플란타기네움씨오일, 돌콩오일, 아보카도오일, 달맞이꽃오일, 마카다미아씨오일, 마이크로크리스탈린왁스, 알파-비사보롤, 솔비탄세스퀴올리에이트, 토코페롤, 정제수, 해바라기씨오일불검화물, 세라마이드엔피, 하이드롤라이즈드하이알루로닉애씨드, 하이드로제네이티드폴리아이소부텐, 부틸렌글라이콜, 글루타티온, 아스코빅애씨드, 1,2-헥산다이올, 글루코오스, 만노오스, 향료, 데하이드로아세틱애씨드, 시트랄, 리날룰, 시트로넬올, 헥실신남알, 리모넨"
A000000211478,[보습탄력] 아비브 부활초 크림 뉴트리션 튜브 75ml 더블 기획 ,"정제수, 부틸렌글라이콜, 글리세린, 카프릴릭/카프릭트라이글리세라이드, 다이아이소스테아릴말레이트, 코코넛야자오일, 시어버터, 세테아릴알코올, 다이글리세린, 펜틸렌글라이콜, 1,2-헥산다이올, 비스-다이글리세릴폴리아실아디페이트-2, 카프릴릭/카프릭/미리스틱/스테아릭트라이글리세라이드, 아이소트라이데실아이소노나노에이트, 아라키딜알코올, 판테놀, 합성비즈왁스, 비닐다이메티콘, 트루로즈오브예리코추출물(1,240 ppm), 호호바에스터, 베헤닐알코올, 글리세릴스테아레이트, 아라키딜글루코사이드, 하이드록시에틸아크릴레이트/소듐아크릴로일다이메틸타우레이트코폴리머, C12-16알코올, 아크릴레이트/C10-30알킬아크릴레이트크로스폴리머, 팔미틱애씨드, 트로메타민, 카나우바왁스, 하이드로제네이티드레시틴, 락토바실러스발효물, 다이포타슘글리시리제이트, 잔탄검, 에틸헥실글리세린, 아데노신, 트라이소듐에틸렌다이아민다이석시네이트, 토코페롤, 차가버섯추출물, 메틸프로판다이올, 블루아가베잎추출물"
A000000229621,제나벨 PDRN 인리치드 리커버리 밤 50ml,"정제수, 다이프로필렌글라이콜, 글리세린, 네오펜틸글라이콜다이에틸헥사노에이트, 카프릴릭/카프릭트라이글리세라이드, 세테아릴알코올, 세틸에틸헥사노에이트, 나이아신아마이드, 하이드로제네이티드폴리데센, 1,2-헥산다이올, 부틸렌글라이콜, 글리세릴스테아레이트, 판테놀, 다이메티콘, C12-16알코올, 마이크로크리스탈린셀룰로오스, 소듐디엔에이(5,000ppm), 스위트아몬드오일, 아이소노닐아이소노나노에이트, 하이드록시에틸아크릴레이트/소듐아크릴로일다이메틸타우레이트코폴리머, 세테아릴올리베이트, 피이지-100스테아레이트, 하이드로제네이티드레시틴, 글라이코실트레할로오스, 세테아릴글루코사이드, 팔미틱애씨드, 솔비탄올리베이트, 셀룰로오스검, 글라이콜스테아레이트에스이, 하이드로제네이티드스타치하이드롤리세이트, 스테아릭애씨드, 시어버터, 스쿠알란, 에틸헥실글리세린, 프로판다이올, 아데노신, 수크로오스스테아레이트, 소듐스테아로일글루타메이트, 하이드롤라이즈드옥수수전분, 다이소듐이디티에이, 솔비탄아이소스테아레이트, 폴리솔베이트60, 수크로오스, 소듐하이알루로네이트, 바이오사카라이드검-1, 펜틸렌글라이콜, 하이알루로닉애씨드, 하이드로제네이티드포스파티딜콜린, 하이드롤라이즈드소듐디엔에이(10ppm), 베타-글루칸, 병풀추출물, 트라이펩타이드-1, 아시아티코사이드, 마데카식애씨드, 마데카소사이드, 아시아틱애씨드, 아세틸헥사펩타이드-8"
A000000214302,[고현정 PICK] 코이 플로우 셀코드 크라이오 크림 50ml,"정제수, 부틸렌글라이콜, 글리세린, 다이카프릴릴카보네이트, 베타인, 1,2-헥산다이올, 나이아신아마이드, 하이드로제네이티드폴리데센, 비닐다이메티콘, 카프릴릴메티콘, 폴리메틸실세스퀴옥세인, 황련뿌리추출물, 유자추출물, 히비스커스꽃추출물, 하이드로제네이티드레시틴, 소듐하이알루로네이트, 판테놀, 아크릴레이트/C10-30알킬아크릴레이트크로스폴리머, 하이드록시에틸아크릴레이트/소듐아크릴로일다이메틸타우레이트코폴리머, 트로메타민, 다이메티콘올, 세테아릴올리베이트, 솔비탄올리베이트, 글리세릴아크릴레이트/아크릴릭애씨드코폴리머, 글리세릴글루코사이드, 아데노신, 솔비탄아이소스테아레이트, 잔탄검, 다이소듐이디티에이, 옥타데케인, 락틱애씨드/글라이콜릭애씨드코폴리머, 다이프로필렌글라이콜, 카프릴릭/카프릭트라이글리세라이드, 폴리글리세릴-10다이아이소스테아레이트, 글루코오스, 메나다이온, 사이아노코발아민, 다이메틸실란올하이알루로네이트, 하이드롤라이즈드소듐하이알루로네이트, 하이드롤라이즈드하이알루로닉애씨드, 록샘파이어캘러스배양여과물, 포타슘하이알루로네이트, 하이알루로닉애씨드, 소듐하이알루로네이트크로스폴리머, 하이드록시프로필트라이모늄하이알루로네이트, 소듐하이알루로네이트다이메틸실란올, 소듐아세틸레이티드하이알루로네이트, 산소, 향료, 에틸헥실글리세린, 카프릴릴글라이콜, 쿠마린, 유제놀, 리모넨, 리날룰"
A000000145360,[진정영양/장벽크림] 유리아쥬 제모스 페이스 2입 기획 (40ml+40ml+제모스토너 50ml 증정),수집실패
A000000248509,[장벽리페어] 퍼셀 픽셀바이옴 5 플러스 프로바이오틱스 리부팅 크림 50ml,수집실패
A000000258055,[OMVP 캡슐크림]LBB 퓨어 래디언스 크림 50ml,"정제수, 글리세린, 프로판다이올, 나이아신아마이드, 카프릴릭/카프릭트라이글리세라이드, 세틸에틸헥사노에이트, 1,2-헥산다이올, 글리세릴스테아레이트, 판테놀, 페닐트라이메티콘, C14-22알코올, 알지닌, 아크릴레이트/C10-30알킬아크릴레이트크로스폴리머, 아이소노닐아이소노나노에이트, 하이드록시아세토페논, 폴리글리세릴-10라우레이트, 마데카소사이드, 베르가모트오일, 에틸헥실글리세린, C12-20알킬글루코사이드, 부틸렌글라이콜, 변성알코올, 아데노신, 캐스터오일/아이피디아이코폴리머, 하이드로제네이티드레시틴, 맥아추출물, 병풀추출물, 무화과추출물, 황벽나무껍질추출물, 세라마이드엔피, 카보머, 아모다이메티콘, 락토바실러스/소이밀크발효여과물, 락토바실러스/호밀가루발효물, 바실러스/소이빈발효추출물, 토코페롤, 해마토코쿠스 플루비알리스오일, 아스코빅애씨드, 리놀레익애씨드, 폴리글리세릴-10다이아이소스테아레이트, 마그네슘클로라이드, 아스타잔틴, 올레익애씨드, 글루타티온, 메나다이온, 팔미틱애씨드, 스테아릭애씨드, 판토테닉애씨드, 폴릭애씨드, 피리독신, 티아민에이치씨엘, 리놀레닉애씨드, 리보플라빈, 사이아노코발아민, 리모넨, 리날룰"
A000000189056,[PDRN]에스트라 리제덤365 밀도탄력 캡슐크림 50ml,"정제수, 락토바실러스발효용해물, 부틸렌글라이콜, 글리세린, 다이메티콘, 프로판다이올, 세틸에틸헥사노에이트, 나이아신아마이드, 하이드로제네이티드폴리(C6-14올레핀), 다이카프릴릴카보네이트, 비스-하이드록시에톡시프로필다이메티콘, 1,2-헥산다이올, C14-22알코올, 암모늄아크릴로일다이메틸타우레이트/브이피코폴리머, 세테아릴올리베이트, 스테아릭애씨드, 아라키딜알코올, 글리세릴스테아레이트, 세테아릴알코올, 솔비탄올리베이트, 폴리아크릴레이트-13, 하이드록시프로필비스팔미타마이드엠이에이, 베헤닐알코올, 만니톨, 팔미틱애씨드, C12-20알킬글루코사이드, 아라키딜글루코사이드, 소듐스테아로일글루타메이트, 하이드로제네이티드폴리아이소부텐, 글리세릴카프릴레이트, 에틸헥실글리세린, 다이소듐이디티에이, 아데노신, 아크릴레이트/암모늄메타크릴레이트코폴리머, 폴리글리세릴-10라우레이트, 에틸헥실팔미테이트, 카보머, 솔비탄아이소스테아레이트, 덱스트린, 카카오추출물, 티몰트라이메톡시신나메이트, 콜레스테롤, 실리카, 올레아놀릭애씨드, 3-O-에틸아스코빅애씨드, 토코페롤, 하이드롤라이즈드익스텐신, 호호바씨오일, 하이드로제네이티드레시틴"
A000000199257,로우퀘스트 베리어 리커버리 크림 80ml,"정제수, 글리세린, 판테놀, 스쿠알란, 1,2-헥산다이올, 세테아릴올리베이트, 메도우폼씨오일, 마카다미아씨오일, 부틸렌글라이콜, 솔비탄올리베이트, 하이드로제네이티드폴리데센, 시어버터, 세테아릴알코올, 합성비즈왁스, 프로판다이올, 카프릴릭/카프릭트라이글리세라이드, 폴리글리세릴-2스테아레이트, 폴리글리세릴-3메틸글루코오스다이스테아레이트, 비닐다이메티콘, 글리세릴스테아레이트, 하이드롤라이즈드호호바에스터, 글리세레스-26, 스테아릴알코올, 폴리글리세릴-3다이스테아레이트, 세라마이드엔피, 카보머, 호호바씨오일, 소듐폴리아크릴로일다이메틸타우레이트, 하이드로제네이티드레시틴, 트로메타민, 토코페롤, 글리세릴스테아레이트시트레이트, 쑥잎추출물, 해바라기씨오일, 베타-시토스테롤, 다이포타슘글리시리제이트, 에틸헥실글리세린, 폴리글리세릴-10스테아레이트, 다이소듐이디티에이, 베타-글루칸,다이포타슘포스페이트,아세틸글루타민,하이알루로닉애씨드,하이드롤라이즈드하이알루로닉애씨드,소듐하이알루로네이트,트라이데세스-10,바나나추출물,서양송악잎/줄기추출물,카카오추출물,암모늄폴리아크릴로일다이메틸타우레이트,코코넛야자오일,비치스트로베리추출물,치자꽃추출물,발삼아미리스껍질오일,목서꽃추출물,자주천인국추출물,셀룰로오스검"
A000000224880,[리뉴얼/단독] 브이앤에이뷰티 안티옥시던트 시너지 크림 50ml 기획 (+앰플 50ml),"정제수, 글리세린, 나이아신아마이드, 프로판다이올, 다이카프릴릴에터, 부틸렌글라이콜, 메틸트라이메티콘, 1,2-헥산다이올, 하이드로제네이티드폴리데센, 에틸헥실스테아레이트, 하이드록시에틸아크릴레이트/소듐아크릴로일다이메틸타우레이트코폴리머, 피토스테릴/이소스테아릴/세틸/스테아릴/베헤닐다이머디리놀리에이트, 아크릴레이트/C10-30알킬아크릴레이트크로스폴리머, 트로메타민, 스쿠알란, 판테놀, 토코페롤, 마트리카리아추출물, 오레가노추출물, 살비아추출물, 비피다발효용해물, 에틸헥실글리세린, 펜틸렌글라이콜, C18-36애씨드트라이글리세라이드, 솔비탄아이소스테아레이트, 아데노신, 폴리솔베이트60, 센티드제라늄꽃오일, 호호바에스터, 베르가모트오일, 아세틸글루코사민, 3-O-에틸아스코빅애씨드, 다이소듐이디티에이, 에탄올, 글리세릴아크릴레이트/아크릴릭애씨드코폴리머, C12-18애씨드트라이글리세라이드, 스쿠알렌, 페룰릭애씨드, 엑토인, 트리스(테트라메틸하이드록시피페리딘올)시트레이트, 맥아추출물, 소듐하이알루로네이트, 오렌지껍질오일, 베타-글루칸, 세라마이드엔피, 2,3-부탄다이올, 유칼립투스잎오일, 프렌치로즈꽃추출물, 베타인, 피토스테릴마카다미에이트, 말토덱스트린, 하이드로제네이티드레시틴, 카카두플럼추출물, 글루타티온, 피토스테롤, 글리세릴스테아레이트, 소듐벤조에이트, 포타슘솔베이트, 락틱애씨드, 치자추출물, 마데카소사이드, 세라마이드엔에스, 세라마이드에이에스, 세라마이드에이피, 콜레스테롤, 알란토인, 푸마릭애씨드, 카르노신, 다이펩타이드-4, 노나펩타이드-1, 세라마이드이오피, 제라니올, 리날룰, 시트로넬올, 리모넨"
A000000010471,라로슈포제 에빠끌라 MAT 세보 컨트롤링 모이스춰라이저,"정제수, 글리세린, 디메치콘, 이소세틸스테아레이트, 변성알코올, 실리카, 디메치콘/비닐디메치콘크로스폴리머 아크릴아마이드/소듐아크릴로일디메칠타우레이트코폴리머, 메칠메타크릴레이트크로스폴리머, 부틸렌글라이콜, 피이지-100스테아레이트, 코카마이드엠이에이, 사코신, 글리세릴스테아레이트, 트리에탄올아민, 이소헥사데칸, 펄라이트, 카프릴로일살리실릭애씨드, 테트라소듐이디티에이, 펜틸렌글라이콜, 폴리소르베이트80, 아크릴레이트/C10-30알킬아크릴레이트크로스폴리머, 살리실릭애씨드, 향료"
A000000244994,제로이드 인텐시브 크림 80ml 기획 (+크림 토너 25ml),"● 인텐시브 크림 : 정제수, 프로판다이올, 카프릴릭/카프릭트라이글리세라이드, 글리세린, 식물성스쿠알란, 세테아릴알코올, 폴리글리세릴-10다이스테아레이트, 글리세릴스테아레이트, 스테아릭애씨드, 다이메티콘, 1,2-헥산다이올, 미리스토일/팔미토일옥소스테아라마이드/아라카마이드엠이에이, 피토스테롤, 토코페릴아세테이트, 카놀라오일, 올리브오일, 세틸팔미테이트, 솔비탄팔미테이트, 솔비탄올리베이트, 비사보롤, 메틸카프로오일타이로지네이트, 잔탄검, 소듐하이알루로네이트, 카보머, 알지닌, 카프릴릴글라이콜 ● 인텐시브 크림 토너 : 정제수, 부틸렌글라이콜, 글리세린, 시어버터, 1,2-헥산다이올, 하이드로제네이티드레시틴, 폴리글리세릴-10스테아레이트, 폴리글리세릴-10베헤네이트/에이코사디오에이트, 다이프로필렌글라이콜, 판테놀, 다이포타슘글리시리제이트, 세테아릴올리베이트, 솔비탄올리베이트, 메틸카프로오일타이로지네이트, 징크글루코네이트, 미리스토일/팔미토일옥소스테아라마이드/아라카마이드엠이에이, 하이드록시아세토페논, 식물성스쿠알란, 카프릴릭/카프릭트라이글리세라이드, 솔비탄스테아레이트, 세테아릴알코올, 글리세릴스테아레이트, 카프릴릴글라이콜, 피토스테롤, 스테아릭애씨드, 잔탄검"
A000000150145,[장벽UP] 더랩바이블랑두 저분자 히알루론산 카밍+ 크림 80ml 대용량 기획(+20ml),"정제수, 부틸렌글라이콜, 카프릴릭/카프릭트라이글리세라이드, 글리세린, 세테아릴알코올, 세테아릴올리베이트, 메도우폼씨오일, 망고씨버터, 솔비탄올리베이트, 백미꽃추출물, 소듐하이알루로네이트(3010ppm), 동백나무잎추출물, 베타-글루칸, 호호바씨오일, 베타인, 하이드롤라이즈드하이알루로닉애씨드(5ppm), 소듐아세틸레이티드하이알루로네이트(0.5ppm), 아이소도데케인, 소듐폴리아크릴로일다이메틸타우레이트, 잔탄검, 트라이데세스-10, 칸데릴라왁스, 보스웰리아수지추출물, 1,2-헥산다이올, 하이드로제네이티드폴리데센, 다이메티콘/비닐다이메티콘크로스폴리머, 다이소듐이디티에이, 에틸헥실글리세린, 다이메티콘"
A000000224243,[모공축소] 풀리 그린 토마토 크림 90ml,"토마토수(64.43%), 글리세린, 다이카프릴릴카보네이트, 베타인, 하이드로제네이티드폴리데센, 정제수, 부틸렌글라이콜, 나이아신아마이드, 1,2-헥산다이올, 비닐다이메티콘, 판테놀, 폴리메틸실세스퀴옥세인, 카프릴릴메티콘, 토마토즙(0.68%), 하이드록시에틸아크릴레이트/소듐아크릴로일다이메틸타우레이트코폴리머, 아크릴레이트/C10-30알킬아크릴레이트크로스폴리머, 트로메타민, 하이드록시아세토페논, 다이메티콘올, 세테아릴올리베이트, 에틸헥실글리세린, 글리세릴아크릴레이트/아크릴릭애씨드코폴리머, 황련뿌리추출물, 솔비탄올리베이트, 아데노신, 솔비탄아이소스테아레이트, 잔탄검, 다이소듐이디티에이, 하이드로제네이티드레시틴, 토코페롤, 무화과추출물, 병풀추출물, 포도추출물, 당느릅나무뿌리추출물, 달맞이꽃꽃추출물, 감나무잎추출물, 대왕소나무잎추출물, 칡뿌리추출물, 말토덱스트린, 커피콩추출물, 호장근뿌리추출물, 잇꽃꽃추출물, 밤껍질추출물, 녹차추출물, 초피나무열매추출물, 세라마이드엔피, 하이드롤라이즈드치자추출물"
A000000251445,[태극제약]도미나스 크림 Rx 30ml,"정제수, 다이프로필렌글라이콜, 나이아신아마이드, 하이드로제네이티드폴리아이소부텐, 헥실데실에틸헥사노에이트, 판테놀, 프로판다이올, 트라넥사믹애씨드, 글리세린, 트라이에틸헥사노인, 1,2-헥산다이올, 세테아릴알코올, C14-22알코올, 글리세릴스테아레이트, 펜타에리스리틸테트라에틸헥사노에이트, 만델릭애씨드, 글루타믹애씨드, 유비퀴논, 하이드록시데실유비퀴논, 바쿠치올, 비사보롤, 크리신, 에피갈로카테킨갈레이트, 헥실레조시놀, 하이드록시에틸우레아, 폴리다틴, 다이메티콘, 아스코빌글루코사이드, 세테아릴올리베이트, 피이지-100스테아레이트, 세린, 솔비탄올리베이트, C12-20알킬글루코사이드, 실리카, 암모늄아크릴로일다이메틸타우레이트/브이피코폴리머, 아라키딜알코올, 베헤닐알코올, 포타슘하이드록사이드, 알란토인, 폴리메틸실세스퀴옥세인, 소듐파이루베이트, 트레할로오스, 아라키딜글루코사이드, 다이메티콘올, 카보머, 알지닌, 소듐메타바이설파이트, 잔탄검, 아데노신, 토코페롤, 카프릴릭/카프릭트라이글리세라이드, 트라이소듐이디티에이, 부틸렌글라이콜, 돌콩오일, 티타늄디옥사이드(CI 77891), 마이카, 하이드로제네이티드레시틴, 적색산화철, 폴리글리세릴-10올리에이트, 시스테인에이치씨엘, 베타-글루칸, 만니톨, 수크로오스, 왜당귀뿌리추출물, 삽주뿌리줄기추출물, 스페인감초뿌리추출물, 작약뿌리추출물, 모란뿌리추출물, 피씨에이, 질경이추출물, 복숭아씨추출물, 황금추출물, 시트룰린, 글라이코젠, 히스티딘에이치씨엘, 알라닌, 트레오닌, 라이신에이치씨엘, 향료, 벤질벤조에이트, 리날룰, 하이드록시시트로넬알, 리모넨, 헥실신남알, 시트로넬올"
A000000117624,엠브리올리스 레 크렘 콘센트레 75ml,"정제수, 미네랄오일, 스테아릭애씨드, 팔미틱애씨드, 글리세릴스테아레이트에스이, 트라이에탄올아민, 비즈왁스, 세틸팔미테이트, 시어버터, 1,2-헥산다이올, 카프릴릴글라이콜, 스테아레스-10, 폴리아크릴아마이드, C13-14아이소파라핀, 향료, 라우레스-7, 프로필렌글라이콜, 트로폴론, 하이드롤라이즈드콩단백질, 알로에베라잎추출물"
A000000216580,[민감피부진정/쿨링수분크림] 셀퓨전씨 포스트 알파 시카 카밍 다운 크림 50ml 기획 (+50ml 리필),"정제수, 글리세린, 메틸프로판다이올, 메틸트라이메티콘, 1,2-헥산다이올, 아이소데실네오펜타노에이트, 하이드로제네이티드폴리아이소부텐, 암모늄아크릴로일다이메틸타우레이트/브이피코폴리머, 트레할로오스, 인도멀구슬나무꽃추출물, 인도멀구슬나무잎추출물, 홀리바질잎추출물, 울금뿌리추출물, 아이비고드열매추출물, 카카오씨추출물, 참산호말추출물, 가지열매추출물, 알로에베라꽃추출물, 병풀추출물, 병풀꽃/잎/줄기추출물, 병풀뿌리추출물, 병풀잎추출물, 다발방패버섯추출물, 마트리카리아추출물, 피버퓨추출물, 프랑스해안송껍질추출물, 호호바씨오일, 소듐하이알루로네이트, 하이드로제네이티드레시틴, 티타늄디옥사이드, 세테아릴올리베이트, 다이메티콘올, 솔비탄올리베이트, 폴리글리세릴-10라우레이트, 아라키딜알코올, 하이드록시아세토페논, 베헤닐알코올, 알란토인, 에틸헥실글리세린, 폴리글리세릴-2카프레이트, 부틸렌글라이콜, 아라키딜글루코사이드, 수크로오스스테아레이트, 다이소듐이디티에이, 스테아릭애씨드, 알루미나, 덱스트린, 글리세릴카프릴레이트, 메틸다이아이소프로필프로피온아마이드, *알루미늄수크로오스옥타설페이트, 효모발효여과물, 스쿠알란, 효모발효물, 말토덱스트린, 사카라이드하이드롤리세이트, 세라마이드엔피, 아시아티코사이드, 마데카소사이드, 콜레스테롤, 콜레스테릴마카다미에이트, 팔미틱애씨드, 사카라이드아이소머레이트, 하이드롤라이즈드루핀단백질, 구아이아줄렌, 글라이신, 글루타믹애씨드, 마데카식애씨드, 아시아틱애씨드, 알지닌, 향료"
A000000244812, [장벽크림] 디마프 크림스컴트루 스쿠알란 베리어 리페어 크림 50ml,"브로콜리수, 스쿠알란, 부틸렌글라이콜, 글리세린, 글리세레스-26, 1,2-헥산다이올, 정제수, 프로 판다이올, 폴리글리세릴-10올리에이트, 솔비톨, 소듐폴리아크릴로일다이메틸타우레이트, 베타 인, 덱스판테놀, 하이드로제네이티드레시틴, 하이드로제네이티드폴리데센, 카보머, 트로메타민, 카프릴릴글라이콜, 글리세레스-25피씨에이아이소스테아레이트, 세라마이드엔피, 마데카소사이 드, 알란토인, 트레할로오스, 에틸헥실글리세린, 트라이데세스-10, 다이소듐이디티에이, 글리세릴 글루코사이드, 서양배추출물, 다마스크장미꽃수, 오리스뿌리추출물, 멜론추출물, 트루로즈오브예 리코추출물, 서양송악잎/줄기추출물, 카프릴릭/카프릭트라이글리세라이드, 포스포리피드, 다이에 톡시에틸석시네이트, 베타-글루칸"
A000000161805,라로슈포제 똘러리앙 덤알레르고 크림 40ml,정제수@아이소세틸스테아레이트@스쿠알란@시어버터@다이메티콘@글리세린@옥수수전분@펜틸렌글라이콜@부틸렌글라이콜@글리세릴스테아레이트@피이지-100스테아레이트@세틸알코올@단삼뿌리추출물@다이메티콘올@소듐하이드록사이드@스핑고모나스발효추출물@카프릴릴글라이콜@시트릭애씨드@아세틸다이펩타이드-1세틸에스터@아크릴레이트/C10-30알킬아크릴레이트크로스폴리머
A000000215507,이지듀 멜라 글루타치온 크림 50ml,"정제수, 글리세린, 나이아신아마이드, 다이프로필렌글라이콜, 비닐다이메티콘, 카프릴릭/카프릭트라이글리세라이드, 코코넛야자오일, 메도우폼씨오일, 펜타에리스리틸테트라에틸헥사노에이트, 메틸프로판다이올, 폴리글리세릴-3다이스테아레이트, 해바라기씨오일, 1,2-헥산다이올, 마조람잎오일, 베르가모트오일, 효모발효추출물, 칸디다봄비콜라/글루코오스/메틸레이프씨데이트발효물, 편백잎추출물, 오레가노잎추출물, 흰버드나무껍질추출물, 캐모마일꽃오일, 육계나무껍질추출물, 하이드롤라이즈드하이알루로닉애씨드, 락토바실러스/콩발효추출물, 쇠비름추출물, 황금추출물, 멕시칸주니퍼오일, 하이드롤라이즈드콜라겐, 왕귤껍질오일, 펜틸렌글라이콜, 피토스테릴/이소스테아릴/세틸/스테아릴/베헤닐다이머디리놀리에이트, 부틸렌글라이콜, 폴리메틸실세스퀴옥세인, 다이메티콘올, 암모늄아크릴로일다이메틸타우레이트/브이피코폴리머, 아크릴레이트/C10-30알킬아크릴레이트크로스폴리머, 소듐스테아로일글루타메이트, 하이드록시아세토페논, 트로메타민, 하이드록시에틸아크릴레이트/소듐아크릴로일다이메틸타우레이트코폴리머, 폴리글리세릴-2스테아레이트, 글리세릴스테아레이트, 판테놀, 글리세릴스테아레이트시트레이트, 아데노신, 하이드로제네이티드레시틴, 소듐파이테이트, 솔비탄아이소스테아레이트, 세라마이드엔피, 베타-글루칸, 하이드롤라이즈드엘라스틴, 소듐아스코빌포스페이트, 에스에이치-올리고펩타이드-1, 팔미토일에스에이치-트라이펩타이드-3아마이드, 카프릴릴글라이콜, 니코티노일다이펩타이드-23, 트라넥사믹애씨드, 글루타티온(0.01ppm), 비사보롤, 헤스페리딘메틸칼콘, 시트릭애씨드, 다이펩타이드-2, 팔미토일테트라펩타이드-7, 소듐시트레이트, 스테아레스-20, 세테아릴알코올, 스테아릴알코올, 잔탄검, 에탄올, 다이소듐이디티에이, 클로헥시딘디글루코네이트, 포타슘솔베이트, 리모넨, 리날룰"
A000000229093,[총75ml/수분탄력크림] 퍼셀 픽셀바이옴 히알 콜라겐 유산균 크림 50ml 기획 (+25ml),"정제수, 비닐다이메티콘, 글리세린, 부틸렌글라이콜, 비피다발효용해물(2.25%), 락토바실러스발효용해물(2.25%), 효모발효용해여과물, 다이프로필렌글라이콜, 나이아신아마이드, 펜틸렌글라이콜, 1,2-헥산다이올, 카프릴릴메티콘, 에틸헥실팔미테이트, 하이드롤라이즈드하이알루로닉애씨드(300ppm), 효모발효여과물, 하이드롤라이즈드콜라겐(100ppm), 소듐하이알루로네이트(2ppm), 자일리톨, 흑효모발효물, 하이드롤라이즈드글라이코사미노글리칸, 클로렐라 불가리스추출물, 에리스리톨, 판테놀, 알란토인, 스쿠알란, 암모늄아크릴로일다이메틸타우레이트/브이피코폴리머, 트로메타민, 아크릴레이트/C10-30알킬아크릴레이트크로스폴리머, 솔비톨, 카프릴릭/카프릭트라이글리세라이드, 프로판다이올, 에틸헥실글리세린, 아데노신, 하이드롤라이즈드엘라스틴, 세라마이드엔피, 베타-글루칸, 하이드로제네이티드레시틴, 소듐파이테이트, 바이오사카라이드검-1, 다발방패버섯추출물, 셀룰로오스, 폴리글루타믹애씨드, 토코페롤, 다이포타슘포스페이트, 아세틸글루타민, 4-터피네올, 글루코오스, 프룩토올리고사카라이드, 프룩토오스, 셀룰로오스검, 카보머"
A000000189000,[보습장벽] 라운드랩 약콩 판테놀 크림 80ml 1+1 기획,"정제수, 글리세린, 메틸프로판다이올, 스쿠알란, 베타인, 세테아릴알코올, 비닐다이메티콘, 세틸에틸헥사노에이트, 프로필헵틸카프릴레이트, 검정콩추출물(10,000ppm), 퀸즈랜드넛오일, 판테놀(2,550ppm), 콜레스테롤, 세라마이드엔피, 글라이코스핑고리피드, 세라마이드에이피, 스테아릭애씨드, 테트라아세틸피토스핑고신, 하이드로제네이티드레시틴, 다이프로필렌글라이콜, 폴리글리세릴-2스테아레이트, 글리세릴스테아레이트, 하이드록시에틸아크릴레이트/소듐아크릴로일다이메틸타우레이트코폴리머, 스테아릴알코올, 글리세릴스테아레이트에스이, 아크릴레이트/C10-30알킬아크릴레이트크로스폴리머, 베헤닐알코올, 트로메타민, 세테아릴올리베이트, 솔비탄올리베이트, 잔탄검, 아데노신, 다이소듐이디티에이, 시트릭애씨드, 솔비탄아이소스테아레이트, 카프릴릭/카프릭트라이글리세라이드, 1,2-헥산다이올, 하이드록시아세토페논, 에틸헥실글리세린"
A000000221649,[주름탄력]테라로직 레티날 주름탄력 크림 12g+앰플4ml 기획,"정제수, 글리세린, 프로판다이올, 부틸렌글라이콜, 나이아신아마이드, 페닐트라이메티콘, 암모늄아크릴로일다이메틸타우레이트/브이피코폴리머 , 1,2-헥산다이올, 다이프로필렌글라이콜, 덱스판테놀, 녹차추출물, 초피나무열매추출물, 커피콩추출물, 스테비아잎/줄기추출물, 폴리글리세릴-10라우레이트, 폴리글리세릴-10미리스테이트, 밤껍질추출물, 잇꽃꽃추출물, 레틴알(3,000ppm), 하이드롤라이즈드콜라겐, 포도추출물, 알란토인, 하이드록시에틸아크릴레이트/소듐아크릴로일다이메틸타우레이트코폴리머, 감나무잎추출물, 호장근뿌리추출물, 팔미토일펜타펩타이드-4, 아데노신, 솔비탄아이소스테아레이트, 팔미토일트라이펩타이드-1, 트라이펩타이드-1, 헥사펩타이드-9, 아세틸헥사펩타이드-8, 카퍼트라이펩타이드-1, 다이소듐이디티에이, 글리세릴카프릴레이트, 에틸헥실글리세린"
A000000145285,[레티날입문0.05%] 닥터디퍼런트 비타리프트-A 크림 20g,"정제수, 세틸에틸헥사노에이트, 글리세린, 스쿠알란, 잇꽃씨오일, 시어버터, 유채스테롤, 콜레스테롤, 피토스테릴/베헤닐/옥틸도데실라우로일글루타메이트, 1,2-헥산다이올, 폴리글리세릴-10올리에이트, 소듐하이알루로네이트, 하이드로제네이티드레시틴, 폴리글루타믹애씨드, 세라마이드엔피, 스테아릭애씨드, 레틴알(0.05%), 올레익애씨드, 토코페롤, 아데노신, 다이소듐이디티에이"
A000000235560,[손상탄력크림] 유리아쥬 시카 데일리 리페어 콘센트레 탄력 크림 50ml,"정제수, 온천수*, 스쿠알란, 다이카프릴릴에터, 카프릴릭/카프릭트라이글리세라이드, 시어버터, 폴리글리세릴-3메틸글루코오스다이스테아레이트, 글리세린, 글리세릴스테아레이트, 1,2-헥산다이올, 펜타에리스리틸다이스테아레이트, 글리세릴베헤네이트, 하이드록시아세토페논, 이눌린, 포타슘세틸포스페이트, 판테놀, 소듐폴리아크릴레이트, 아크릴레이트/C10-30알킬아크릴레이트크로스폴리머, 토코페릴아세테이트, 잔탄검, 사플라워오일/팜오일아미노프로판다이올에스터, 소듐하이알루로네이트, 소듐하이드록사이드, 병풀잎추출물, 시트릭애씨드, 토코페롤 *100,000ppm"
A000000002848,[SNS 대란템]바이오더마 세비엄 포어 리파이너,"정제수, 메틸메타크릴레이트크로스폴리머, 다이프로필렌글라이콜, 사이클로펜타실록세인, 사이클로헥사실록세인, 다이메티콘, 글리세린, 부틸렌글라이콜, 말굽잔나비버섯추출물, 소듐폴리아크릴레이트, 미네랄오일, 실리카, 펜틸렌글라이콜, 트라이데세스-6, C30-45알킬세테아릴다이메티콘크로스폴리머, 1,2-헥산다이올, 카프릴릴글라이콜, 라우릴피이지/피피지-18/18메티콘, 살리실릭애씨드, 다이소듐이디티에이, 자일리톨, 프로필렌글라이콜, 소듐하이드록사이드, 피이지/피피지-18/18다이메티콘, 프룩토올리고사카라이드, 만니톨, 카프릴릭/카프릭트라이글리세라이드, 은행나무잎추출물, 도데실갈레이트, 람노오스, 라미나리아 오크롤레우카추출물, 시트릭애씨드, 향료"
A000000254006,쥬베룩 PDLLA 프로텍팅 크림 50ml,"정제수, 글리세린, 프로판다이올, 판테놀, 펜틸렌글라이콜, 카프릴릭/카프릭트라이글리세라이드, 나이아신아마이드, 1,2-헥산다이올, 세테아릴알코올, 트라이메틸펜타페닐트라이실록세인, 세테아릴올리베이트, 하이드롤라이즈드콜라겐(1ppb), 하이드롤라이즈드하이알루로닉애씨드, 해마토코쿠스 플루비알리스오일, 칸디다 봄비콜라/글루코오스/메틸레이프씨데이트발효물, 살구씨오일, 아텔로콜라겐(0.01ppb), 다이메티콘, 솔비탄올리베이트, 글리세릴스테아레이트, 트로메타민, 팔미틱애씨드, 스테아릭애씨드, 에틸헥실글리세린, 아데노신, 폴리락틱애씨드(10,000ppb), 토코페롤, 암모늄아크릴로일다이메틸타우레이트/브이피코폴리머, 에피갈로카테킨갈레이트, 레스베라트롤, 부틸렌글라이콜, 아스타잔틴, 쿼세틴, 아세틸헥사펩타이드-8, 아스코빅애씨드폴리펩타이드, 아세틸옥타펩타이드-3, 아세틸테트라펩타이드-2, 아세틸테트라펩타이드-3, 아세틸테트라펩타이드-5, 아세틸테트라펩타이드-9, 카르노신, 카퍼트라이펩타이드-1, 노나펩타이드-1, 팔미토일펜타펩타이드-4, 팔미토일트라이펩타이드-1, 팔미토일트라이펩타이드-5, 카보머, 잔탄검"
A000000257834,[잡티저격/TXA] 퍼셀 80억/mL 글루타치온 TXA 캡슐 크림 80ml,"정제수, 프로판다이올, 트라넥사믹애씨드(5%), 나이아신아마이드, 글리세린, 카프릴릭/카프릭트라이글리세라이드, 페닐트라이메티콘, 퀸즈랜드넛오일, 하이드로제네이티드폴리(C6-14올레핀), 다이카프릴릴에터, 비닐다이메티콘, 세테아릴알코올, 1,2-헥산다이올, 하이드로제네이티드폴리데센, 글루타티온(0.5%), 아이소노닐아이소노나노에이트, 세테아릴올리베이트, 글리세릴스테아레이트에스이, 하이드록시에틸아크릴레이트/소듐아크릴로일다이메틸타우레이트코폴리머, 솔비탄올리베이트, 다이프로필렌글라이콜, 베헤닐알코올, 다이메티콘올, 세테아릴글루코사이드, 하이드로제네이티드레시틴, 하이드록시아세토페논, 에틸헥실글리세린, 황련뿌리추출물, 토코페롤, 판테놀, 세라마이드엔피, 하이드롤라이즈드하이알루로닉애씨드, 잔탄검, 부틸렌글라이콜, 아데노신, 유비퀴논, 프룩토올리고사카라이드, 캐스터오일/아이피디아이코폴리머, 다이소듐이디티에이, 솔비탄아이소스테아레이트, 콜레스테롤, 하이드로제네이티드폴리(C6-20올레핀), 베타-글루칸, 에이치디아이/트라이메틸올헥실락톤크로스폴리머, 녹차수, 아크릴레이트/C10-30알킬아크릴레이트크로스폴리머, 소듐스테아로일글루타메이트, 트로메타민, 한련초잎추출물, 다시마추출물, 다이포타슘글리시리제이트, 글라이신, 소듐코코일이세티오네이트, 시스테인"
A000000198166,[100시간 속보습] 라네즈 워터뱅크 모이스춰 크림 45ml 기획 (+25ml),"정제수, 글리세린, 부틸렌글라이콜, 스쿠알란, 다이카프릴릴에터, 폴리글리세릴-3메틸글루코오스다이스테아레이트, 메틸트라이메티콘, 글리세릴스테아레이트, 펜타에리스리틸테트라에틸헥사노에이트, 1,2-헥산다이올, 스테아릴다이메티콘, 비스-하이드록시에톡시프로필다이메티콘, 세틸알코올, 락토바실러스발효용해물, 카프릴릭/카프릭/미리스틱/스테아릭트라이글리세라이드, 팔미틱애씨드, 스테아릭애씨드, 판테놀, 하이드록시에틸아크릴레이트/소듐아크릴로일다이메틸타우레이트코폴리머, 프로판다이올, 아크릴레이트/C10-30알킬아크릴레이트크로스폴리머, 잔탄검, 글리세릴카프릴레이트, 덱스트린, 트로메타민, 에틸헥실글리세린, 다이소듐이디티에이, 솔비탄아이소스테아레이트, 알란토인, 하이드롤라이즈드하이알루로닉애씨드 (0.02%), 세라마이드엔피, 향료, 베타-글루칸, 콜레스테롤, 만니톨, 토코페롤, 아세틸테트라펩타이드-11, 미역추출물"
A000000229620,제나벨 PDRN 리쥬비네이팅 크림 70ml 기획 (+20ml),"정제수,다이프로필렌글라이콜,글리세린,페닐트라이메티콘, 달맞이꽃오일,세테아릴알코올, 글리세릴글루코사이드,나이아신아마이드,비즈왁스,알지닌,피이지-100스테아레이트,하이드록시아세토페논,1,2-헥산다이올,글리세릴스테아레이트,소듐폴리아크릴레이트,카보머,다이메티콘,하이드로제네이티드폴리데센,라우릴피이지-9폴리다이메틸실록시에틸다이메티콘, 소듐디엔에이(1,010ppm),다이메티콘/비닐다이메티콘크로스폴리머,향료,부틸렌글라이콜,아데노신,트라이데세스-6,다이소듐이디티에이,판테놀,소듐하이알루로네이트,펜틸렌글라이콜,하이드롤라이즈드소듐디엔에이,하이알루로닉애씨드,트라이펩타이드-1,토코페롤, 우라실,티민,아데닌,하이드로제네이티드레시틴,쇠비름추출물,아세틸헥사타이드-8,사이토신,구아닌,병풀추출물,마트리카리아꽃추출물, 체이스트트리추출물,세라마이드엔피"
A000000215363,[안티에이징/밀착보습막] 셀퓨전씨 레이저 리쥬버네이션 크림 50ml 더블 기획,"정제수, 글리세린, 퀸즈랜드넛오일, 카프릴릭/카프릭트라이글리세라이드, 세테아릴알코올, 나이아신아마이드, 스쿠알란, 하이드로제네이티드폴리(C6-14올레핀), 1,2-헥산다이올, 글리세릴스테아레이트, 세테아릴올리베이트, 글리세레스-26, 피이지-100스테아레이트, 솔비탄올리베이트, 사이클로펜타실록세인, 다이메티콘, 사이클로헥사실록세인, 소듐아크릴레이트/소듐아크릴로일다이메틸타우레이트코폴리머, 아이소헥사데칸, 바쿠치올, 소듐폴리아크릴레이트, 에틸헥실글리세린, 폴리솔베이트80, 잔탄검, 아데노신, 다이소듐이디티에이, 솔비탄올리에이트, 알란토인, 세라마이드엔피, 판테놀, 포트마리골드꽃오일, 프로판다이올, 팔미틱애씨드, 스테아릭애씨드, 토코페롤, 쇠비름추출물, 부틸렌글라이콜, 올레라케아아크멜라추출물, 헬리크리숨스토에카스추출물, 병풀추출물, 에델바이스캘러스배양추출물, 카프릴릴글라이콜, 카퍼트라이펩타이드-1, 다이펩타이드-2, 올리고펩타이드-1, 팔미토일펜타펩타이드-4, 트라이펩타이드-1, 레티놀"
A000000226527,[수분/진정] 셀인샷 EGF 알란테놀 트러블 크림 70ml  ,"정제수, 다이프로필렌글라이콜, 글리세린, 세틸에틸헥사노에이트, 부틸렌글라이콜, 하이드로제네이티드폴리아이소부텐, 세틸알코올, 나이아신아마이드, 글리세릴스테아레이트, 스테아릴알코올, 1,2-헥산다이올, 암모늄아크릴로일다이메틸타우레이트/브이피코폴리머, 미리스틸알코올, 향료, 동백나무씨오일, 아보카도오일, 해바라기씨오일, 라우릴알코올, 아크릴레이트/C10-30알킬아크릴레이트크로스폴리머, 판테놀(1,000ppm), 알란토인(500ppm), 아데노신, 프로필렌글라이콜, 잇꽃꽃추출물, 치자추출물, 폴스애플민트잎추출물, 녹차추출물, 타임잎추출물, 덱스트린, 하이드로제네이티드레시틴, 소듐피씨에이, 소듐락테이트, 레시틴, 알지닌, 하이드록시에틸우레아, 아스파틱애씨드, 피씨에이, 글라이신, 알라닌, 세린, 발린, 다이포타슘글리시리제이트, 토코페릴아세테이트, 아이소류신, 트레오닌, 프롤린, 페닐알라닌, 히스티딘, 세라마이드엔피, 에스에이치-올리고펩타이드-32에스피, 에스에이치-올리고펩타이드-1, 다이소듐이디티에이, 에틸헥실글리세린"
A000000251275,[밀도보습] 아벤느 이드랑스 리치 하이드레이팅 크림 40ml 3입 기획,"온천수(아벤느온천수),미네랄오일,글리세린,아이소헥사데칸,다이메티콘,세테아릴알코올,잇꽃씨오일,아이소세틸스테아로일스테아레이트,트라이에틸헥사노인,글리세릴스테아레이트,피이지-100스테아레이트,1,2-헥산다이올,시어버터,세테아릴글루코사이드,벤조익애씨드,향료,피토스테롤,폴리아크릴레이트-13,폴리아이소부텐,폴리솔베이트20,소듐하이드록사이드,솔비탄아이소스테아레이트,정제수,잔탄검"
A000000145331,[NEW/세라마이드3배] 닥터디퍼런트 세콜지 311 보습 장벽 크림 100g,"정제수, 카프릴릭/카프릭트라이글리세라이드, 메틸프로판다이올, 글리세린, 세틸알코올, 1,2-헥산다이올, 글리세릴스테아레이트에스이, 세테아릴올리베이트, 스테아릴알코올, 올리브오일, 스테아릴알코올, 올리브오일, 솔비탄세스퀴올리에이트, 솔비탄올리베이트, 하이드록시프로필비스팔미타마이드엠이에이, 세라마이드엔피, 미리스틸알코올, 알지닌, 카보머, 에틸헥실글리세린, 콜레스테롤, 스테아릭애씨드, 아이소머라이즈드리놀레익애씨드, 라우릴알코올, 카프릴릴글라이콜, 데실렌글라이콜, 잔탄검, 올레익애씨드, 팔미틱애씨드, 토코페롤, 부틸렌글라이콜, 하이드로제네이티드포스파티딜콜린, 리노레익애씨드, 소듐피씨에이, 세린, 글라이신, 흰목이버섯폴리사카라이드, 알라닌, 로즈힙열매추출물, 글루타믹애씨드, 콜레스테릴마카다미에이트, 피토스광고신, 수크로오스스테아레이트, 글라이코스핑고리피드"
A000000228346,토리든 솔리드인 세라마이드 크림 70ml,"정제수, 프로판다이올, 글리세린, 호호바씨오일, 카프릴릭/카프릭트라이글리세라이드, 에틸헥실팔미테이트, 판테놀, 1,2-헥산다이올, 글리세릴스테아레이트, 세테아릴올리베이트, 솔비탄올리베이트, 하이드로제네이티드폴리(C6-14올레핀), 세라마이드엔피(1,086ppm), 세라마이드엔에스, 세라마이드에이에스, 세라마이드이오피, 세라마이드에이피, 콜레스테롤, 알란토인, 글루코오스, 베타인, 소듐하이알루로네이트, 피토스테롤, 스테아릭애씨드, 부틸렌글라이콜, 소듐폴리아크릴레이트, 미리스틸글루코사이드, 폴리글리세린-3, C13-16아이소알케인, 헵틸운데실레네이트, 비닐다이메티콘, 카보머, 트로메타민, 아라키딜알코올, 하이드로제네이티드레시틴, 폴리글리세릴-6다이스테아레이트, 칸데릴라/호호바/쌀겨폴리글리세릴-3에스터, 에틸헥실글리세린, 베헤닐알코올, 라우릴글루코사이드, 폴리글리세릴-6라우레이트, 다이소듐이디티에이, 다이프로필렌글라이콜, 아라키딜글루코사이드, 토코페롤, 바오밥나무씨오일, 하이드로제네이티드쌀겨오일, 황련뿌리추출물"
A000000224247,[레이PICK/보습광채] 풀리 쌀 세라 캡슐 크림 90ml,"쌀겨수(84%),글리세린,부틸렌글라이콜,1,2-헥산다이올,정제수,실버위드추출물,귀리커넬추출물,아티초크잎추출물,병풀추출물,향부자추출물,쌀추출물(0.005PPM),쌀지게미추출물(0.001PPM),소듐하이알루로네이트,하이드로제네이티드레시틴,녹차수,쌀겨오일(0.017PPM),다이페닐다이메티콘,트라이에틸헥사노인,베타인,폴리글리세릴-10미리스테이트,알지닌,하이드록시아세토페논,아크릴레이트/C10-30알킬아크릴레이트크로스폴리머,판테놀,다이포타슘글리시리제이트,에틸헥실글리세린,글리세릴폴리메타크릴레이트,다이소듐이디티에이,카보머,메틸프로판다이올,폴리쿼터늄-51,베타-글루칸,락토코쿠스발효용해물,토코페롤,프룩토올리고사카라이드,엑토인,하이드롤라이즈드하이알루로닉애씨드,만니톨,파파인,세라마이드엔피(0.004PPM),소듐클로라이드,피토스핑고신,브로멜라인,프로판다이올,락토바실러스/쌀발효물(0.001ppm),소듐파이테이트,수크로오스다이스테아레이트,카프릴릭/카프릭트라이글리세라이드,프로테아제,하이드록시프로필사이클로덱스트린,소듐디엔에이,리파아제,오리자놀,코직다이팔미테이트"
A000000237442,[톤업크림] 이니스프리 비타민C 캡슐 크림 50ml 더블 기획,"정제수, 부틸렌글라이콜, 프로판다이올, 글리세린, 나이아신아마이드(40,000 ppm), 아이소펜틸다이올, 1,2-헥산다이올, 하이드로제네이티드폴리(C6-14올레핀), 카프릴릭/카프릭트라이글리세라이드, 아이소노닐아이소노나노에이트, 스쿠알란, 암모늄아크릴로일다이메틸타우레이트/브이피코폴리머, 아크릴레이트/C10-30알킬아크릴레이트크로스폴리머, 알지닌, 트레할로오스, 하이드록시에틸아크릴레이트/소듐아크릴로일다이메틸타우레이트코폴리머, 소듐아크릴릭애씨드/엠에이코폴리머, 덱스트린, 잔탄검, 3-O-에틸아스코빅애씨드(1,000 ppm), 세테아릴올리베이트, 만다린껍질추출물, 캐스터오일/아이피디아이코폴리머, 황련뿌리추출물, 에틸헥실글리세린, 당근추출물, 솔비탄올리베이트, 카놀라오일, 사이클로덱스트린, 소듐파이테이트, 글리세릴아크릴레이트/아크릴릭애씨드코폴리머, 솔비탄아이소스테아레이트, 프로테아제(100 ppm)*, 카프릴릴글라이콜, 피브이엠/엠에이코폴리머, 당근씨오일, 카보머, 아스코빌테트라이소팔미테이트(10.3 ppm), 토코페릴아세테이트, 베타-카로틴, 해바라기씨오일, 아모다이메티콘, 글루코오스, 소듐하이알루로네이트, 판테놀, 아이리쉬모스 추출물, 하이드록시프로필트라이모늄하이알루로네이트, 소듐아스코빌포스페이트(0.1001 ppm), 토코페롤, 마그네슘아스코빌포스페이트(0.1 ppm), 글루타티온, 페룰릭애씨드, 아마씨오일, 하이드롤라이즈드하이알루로닉애씨드, 소듐아세틸레이티드하이알루로네이트, 사이아노코발아민, 글루코노락톤, 하이알루로닉애씨드, 소듐하이알루로네이트크로스폴리머, 하이드롤라이즈드소듐하이알루로네이트, 포타슘하이알루로네이트, 리놀레닉애씨드, 리놀레익애씨드, 아스코빅애씨드(0.001 ppb), 바이오틴, 폴릭애씨드, 리보플라빈, 피리독신, 티아민에이치씨엘"
A000000219096,바이오던스 스킨 글로우 에센스 크림 50ml,"정제수, 하이드로제네이티드폴리데센, 부틸렌글라이콜, 아이소노닐아이소노나노에이트, 폴리글리세릴-4올리에이트, 나이아신아마이드 , 폴리글리세릴-6올리에이트, 폴리하이드록시스테아릭애씨드, 마그네슘설페이트, 솔비탄세스퀴올리에이트 , 다이프로필렌글라이콜, 판테놀, 베타인, 비피다발효여과물, 하이드로제네이티드레시틴, 세테아릴알코올, 1,2-헥산다이올, 스테아릭애씨드, 소듐하이알루로네이트, 세라마이드엔피, 세라마이드엔에스, 하이드록시프로필트라이모늄하이알루로네이트, 피토스핑고신, 콜레스테롤, 세라마이드에이에스, 세라마이드에이피, 소듐아세틸레이티드하이알루로네이트, 하이드롤라이즈드하이알루로닉애씨드, 락토바실러스발효물, 락토바실러스발효용해물, 하이알루로닉애씨드, 소듐하이알루로네이트크로스폴리머, 하이드롤라이즈드소듐하이알루로네이트, 포타슘하이알루로네이트, 세라마이드이오피, 오리스뿌리추출물, 멜론추출물, 다마스크장미꽃수, 서양배추출물, 서양송악잎/줄기추출물, 아데노신, 다이포타슘글리시리제이트, 하이드록시아세토페논, 카프릴릴글라이콜, 토코페롤, 에틸헥실글리세린, 다이소듐이디티에이"
